symbol,market,concentration_pct,top20_concentration_pct,holder_hhi,largest_holder_pct,ranked_holder_count,concentration_gap_pct,has_data_anomaly,ownership_structure,evidence_count,data_confidence
0001.HK,hk,56.2090000000001,46.7911,0.09439109441699994,30.3634,20,9.417900000000103,False,dominant_holder,4,high
0002.HK,hk,42.2922000000001,38.4324,0.042103452050000004,16.2491,20,3.8598000000000994,False,fragmented_or_mixed,4,high
0003.HK,hk,54.8270000000001,51.7103,0.173452953293,41.526,20,3.116700000000101,False,dominant_holder,4,high
0004.HK,hk,72.9156000000001,72.2411,0.4683131555350001,68.4193,20,0.6745000000000942,False,dominant_holder,4,high
0005.HK,hk,52.6140000000002,40.2195,0.022401701129,9.2317,20,12.394500000000207,False,broad_institutional,4,high
0006.HK,hk,55.8745,51.3713,0.13217331891900005,36.0142,20,4.5032,False,dominant_holder,4,high
0007.HK,hk,36.7284,36.7284,0.07403002532,24.1006,2,0.0,False,dominant_holder,4,high
0008.HK,hk,60.8368,59.1404,0.13594255670799998,31.8045,20,1.696399999999997,False,dominant_holder,4,high
0010.HK,hk,64.6207000000001,63.2936,0.15974224445200003,38.3678,20,1.327100000000101,False,dominant_holder,4,high
0011.HK,hk,101.4786,101.3946,1.0000303783339999,100.0,20,0.08400000000000318,True,data_anomaly,1,low
0012.HK,hk,82.3843000000002,79.7138,0.5259851371019999,72.4954,20,2.670500000000189,False,dominant_holder,4,high
0013.HK,hk,58.1769,53.8552,0.14715206206000003,38.1137,20,4.3217,False,dominant_holder,4,high
0014.HK,hk,55.1999,51.7042,0.178898357782,42.174,20,3.4956999999999994,False,dominant_holder,4,high
0016.HK,hk,71.3989000000001,62.9916,0.11047251954999998,31.0388,20,8.407300000000099,False,dominant_holder,4,high
0017.HK,hk,52.2469,51.1504,0.20513969367,45.2362,20,1.096499999999999,False,dominant_holder,4,high
0018.HK,hk,74.8324,74.8324,0.2839667416,51.0001,8,0.0,False,dominant_holder,4,high
0019.HK,hk,74.7669000000001,69.375,0.32456845897000003,56.8532,20,5.391900000000106,False,dominant_holder,4,high
0020.HK,hk,44.4241,39.644,0.03186267477400001,16.5587,20,4.7801000000000045,False,fragmented_or_mixed,4,high
0021.HK,hk,63.332,63.332,0.24062855072600003,46.4919,3,0.0,False,dominant_holder,4,high
0022.HK,hk,15.6042,15.6042,0.024349105764000005,15.6042,2,0.0,False,fragmented_or_mixed,4,high
0023.HK,hk,69.8593000000001,68.4773,0.10666634340700001,19.7308,20,1.3820000000001045,False,dominant_holder,4,high
0025.HK,hk,68.5345,68.5345,0.39796423991700003,62.8975,8,0.0,False,dominant_holder,4,high
0026.HK,hk,51.4647,51.4647,0.06723423227299997,15.8637,19,0.0,False,broad_institutional,4,high
0027.HK,hk,74.4330000000001,65.6675,0.074557502399,22.2249,20,8.765500000000102,False,dominant_holder,4,high
0028.HK,hk,94.6815,94.6815,0.398573025915,59.2954,12,0.0,False,dominant_holder,4,high
0029.HK,hk,41.2926,41.2926,0.14145606384800005,37.5767,13,0.0,False,dominant_holder,4,high
0030.HK,hk,74.2888,74.2888,0.5431624247080001,73.6948,3,0.0,False,dominant_holder,4,high
0031.HK,hk,39.3852,39.3852,0.147290570514,38.366,5,0.0,False,dominant_holder,4,high
0032.HK,hk,73.6212,73.6212,0.5362417920799999,73.2281,5,0.0,False,dominant_holder,4,high
0033.HK,hk,1.4497,1.4497,0.000210163009,1.4497,1,0.0,False,fragmented_or_mixed,4,high
0034.HK,hk,74.6464,74.6464,0.53973951479,73.4638,11,0.0,False,dominant_holder,4,high
0035.HK,hk,65.0038,65.0038,0.319976914972,56.3139,20,0.0,False,dominant_holder,4,high
0037.HK,hk,42.9729,42.9729,0.08981130321299997,25.8404,8,0.0,False,dominant_holder,4,high
0038.HK,hk,39.3484,37.3668,0.013292652538,7.0041,20,1.9816000000000003,False,fragmented_or_mixed,4,high
0039.HK,hk,29.6622,29.6622,0.028763294948000003,11.057,9,0.0,False,fragmented_or_mixed,4,high
0040.HK,hk,58.119,58.119,0.096429179042,26.9191,9,0.0,False,dominant_holder,4,high
0041.HK,hk,78.3357,78.1442,0.4126344927800001,63.756,20,0.1915000000000049,False,dominant_holder,4,high
0045.HK,hk,78.9739,78.9739,0.296674752721,51.5691,15,0.0,False,dominant_holder,4,high
0046.HK,hk,73.9377,73.9377,0.24730313989500002,46.9087,9,0.0,False,dominant_holder,4,high
0048.HK,hk,3.825,3.825,0.0012064456499999998,3.464,3,0.0,False,fragmented_or_mixed,4,high
0050.HK,hk,36.4189,36.4189,0.11663739747100002,34.1313,12,0.0,False,dominant_holder,4,high
0051.HK,hk,80.0045,80.0045,0.5180977848169999,71.5268,6,0.0,False,dominant_holder,4,high
0052.HK,hk,53.2278,53.2278,0.14677411452399997,37.649,17,0.0,False,dominant_holder,4,high
0053.HK,hk,82.8357,82.8357,0.5474112426369999,73.5472,12,0.0,False,dominant_holder,4,high
0055.HK,hk,28.2962,28.2962,0.032509877608000004,15.7373,6,0.0,False,fragmented_or_mixed,4,high
0057.HK,hk,76.29,76.29,0.40895020927599995,63.3787,14,0.0,False,dominant_holder,4,high
0058.HK,hk,74.6424,74.6424,0.5577723386169999,74.6424,4,0.0,False,dominant_holder,4,high
0060.HK,hk,35.7324,35.7324,0.05815257310799999,20.6949,4,0.0,False,dominant_holder,4,high
0061.HK,hk,17.919,17.919,0.032103680849999996,17.9175,2,0.0,False,fragmented_or_mixed,4,high
0062.HK,hk,65.8794,65.8782,0.21557701859199996,45.2439,20,0.0011999999999972033,False,dominant_holder,4,high
0063.HK,hk,60.0122,60.0122,0.36014641488400007,60.0122,1,0.0,False,dominant_holder,4,high
0064.HK,hk,51.9524,51.9524,0.26697571071799997,51.6693,4,0.0,False,dominant_holder,4,high
0065.HK,hk,18.9473,18.9473,0.011940117127000003,6.4526,5,0.0,False,fragmented_or_mixed,4,high
0066.HK,hk,81.1214000000001,79.0499,0.5544419724330001,74.4467,20,2.0715000000001,False,dominant_holder,4,high
0068.HK,hk,90.658,90.658,0.080749253078,13.7875,20,0.0,False,broad_institutional,4,high
0069.HK,hk,76.336,76.0438,0.26292982642400003,50.1108,20,0.292199999999994,False,dominant_holder,4,high
0070.HK,hk,76.4641,76.4641,0.49461960726100007,70.1038,3,0.0,False,dominant_holder,4,high
0071.HK,hk,65.8962,65.8962,0.2615262034419999,50.0753,13,0.0,False,dominant_holder,4,high
0072.HK,hk,74.821,74.821,0.5594427286820001,74.7959,2,0.0,False,dominant_holder,4,high
0073.HK,hk,45.1459,45.1459,0.10138029468500001,29.8613,5,0.0,False,dominant_holder,4,high
0075.HK,hk,27.0785,27.0785,0.047744438677,20.9831,4,0.0,False,dominant_holder,4,high
0076.HK,hk,4.2754,4.2754,0.001827904516,4.2754,1,0.0,False,fragmented_or_mixed,4,high
0077.HK,hk,76.8865,76.8865,0.222244809653,43.2774,9,0.0,False,dominant_holder,4,high
0078.HK,hk,74.9425,74.9425,0.448006967131,66.6486,12,0.0,False,dominant_holder,4,high
0079.HK,hk,54.5996,54.5996,0.23918535175400002,48.6391,4,0.0,False,dominant_holder,4,high
0080.HK,hk,62.5555,62.5555,0.37319065333300006,61.0713,6,0.0,False,dominant_holder,4,high
0081.HK,hk,78.0971,76.4404,0.171783822446,39.635,20,1.6567000000000007,False,dominant_holder,4,high
0082.HK,hk,24.3139,24.3139,0.044728613147,21.0488,6,0.0,False,dominant_holder,4,high
0083.HK,hk,72.3140000000001,68.3409,0.32331915831499997,56.7295,20,3.9731000000001018,False,dominant_holder,4,high
0084.HK,hk,52.8957,52.8957,0.27979550784900004,52.8957,1,0.0,False,dominant_holder,4,high
0085.HK,hk,60.1882,60.1882,0.35311586214,59.4215,13,0.0,False,dominant_holder,4,high
0086.HK,hk,77.0486,77.0368,0.5426931474520001,73.6513,20,0.011799999999993815,False,dominant_holder,4,high
0087.HK,hk,79.7733,79.6071,0.5607838817910001,74.834,20,0.16620000000000346,False,dominant_holder,4,high
0088.HK,hk,51.2569,51.2569,0.15285666707300005,38.3562,15,0.0,False,dominant_holder,4,high
0089.HK,hk,60.6889,60.6889,0.24005458977299998,48.3187,8,0.0,False,dominant_holder,4,high
0090.HK,hk,73.075,73.075,0.43379710945,65.4165,2,0.0,False,dominant_holder,4,high
0092.HK,hk,10.1209,10.1209,0.010151776141,10.0755,2,0.0,False,fragmented_or_mixed,4,high
0093.HK,hk,83.3883,83.3883,0.296093113909,46.961,5,0.0,False,dominant_holder,4,high
0094.HK,hk,68.3924,68.3924,0.368978916342,60.4858,3,0.0,False,dominant_holder,4,high
0095.HK,hk,87.8137,87.8137,0.394809220077,59.2874,17,0.0,False,dominant_holder,4,high
0096.HK,hk,82.3732,82.3732,0.20476432470599998,36.6534,6,0.0,False,dominant_holder,4,high
0097.HK,hk,69.2695,69.2695,0.4798263630249999,69.2695,1,0.0,False,dominant_holder,4,high
0098.HK,hk,74.5047,74.5047,0.182901894293,31.4709,9,0.0,False,dominant_holder,4,high
0099.HK,hk,78.6588,78.6588,0.153292305658,28.5963,10,0.0,False,dominant_holder,4,high
0100.HK,hk,80.4791,66.9417,0.045214813269,14.7922,20,13.537400000000005,False,broad_institutional,4,high
0101.HK,hk,79.4169000000002,75.89,0.4368611784159999,66.0341,20,3.5269000000001967,False,dominant_holder,4,high
0103.HK,hk,72.2725,72.2725,0.19919249190900004,40.6647,11,0.0,False,dominant_holder,4,high
0104.HK,hk,68.7972,68.7972,0.221385488578,45.058,6,0.0,False,dominant_holder,4,high
0105.HK,hk,62.2758,62.2758,0.25595338076400004,50.0085,10,0.0,False,dominant_holder,4,high
0106.HK,hk,59.4588,59.4588,0.07017045931600001,20.0,11,0.0,False,dominant_holder,4,high
0107.HK,hk,52.8554,52.356,0.06070104722599998,20.4468,20,0.4994000000000014,False,dominant_holder,4,high
0108.HK,hk,59.0894,59.0894,0.201426010378,43.1876,9,0.0,False,dominant_holder,4,high
0110.HK,hk,47.5112,47.5112,0.099746307766,28.2476,4,0.0,False,dominant_holder,4,high
0111.HK,hk,63.1173,63.1173,0.39690263358500005,63.0001,2,0.0,False,dominant_holder,4,high
0113.HK,hk,62.3498,62.3498,0.365868536764,60.4781,10,0.0,False,dominant_holder,4,high
0114.HK,hk,48.1049,48.1049,0.050715929139000006,17.6413,6,0.0,False,fragmented_or_mixed,4,high
0115.HK,hk,73.6912,73.6912,0.27391165805799994,40.9732,6,0.0,False,dominant_holder,4,high
0116.HK,hk,57.3809,56.028,0.042871465944,10.4384,20,1.3528999999999982,False,broad_institutional,4,high
0117.HK,hk,20.8707,20.8707,0.022365216749,12.547,3,0.0,False,fragmented_or_mixed,4,high
0118.HK,hk,71.5995,71.5995,0.2623180211569999,47.0928,5,0.0,False,dominant_holder,4,high
0119.HK,hk,56.4094,56.2825,0.117916643105,32.2403,20,0.12689999999999912,False,dominant_holder,4,high
0120.HK,hk,71.5165,71.5165,0.3827572355250001,61.4076,12,0.0,False,dominant_holder,4,high
0122.HK,hk,65.96,65.96,0.26951063193400004,51.3174,7,0.0,False,dominant_holder,4,high
0123.HK,hk,75.3426000000001,74.1875,0.22957096598900004,43.3926,20,1.155100000000104,False,dominant_holder,4,high
0124.HK,hk,43.5936,43.5936,0.184518314396,42.9545,20,0.0,False,dominant_holder,4,high
0125.HK,hk,79.1971,79.1971,0.30842613127499996,53.8605,11,0.0,False,dominant_holder,4,high
0126.HK,hk,58.7184,58.7184,0.088810952872,22.9918,10,0.0,False,dominant_holder,4,high
0127.HK,hk,75.2602,75.2602,0.56249511361,74.9993,5,0.0,False,dominant_holder,4,high
0128.HK,hk,45.2161,45.2161,0.19618682087900002,44.2838,4,0.0,False,dominant_holder,4,high
0129.HK,hk,51.8558,51.8558,0.25121926368,50.1101,8,0.0,False,dominant_holder,4,high
0130.HK,hk,70.0968,70.0968,0.435981402716,65.9883,6,0.0,False,dominant_holder,4,high
0131.HK,hk,72.2185,72.2185,0.509761261187,71.3954,5,0.0,False,dominant_holder,4,high
0132.HK,hk,71.4907,71.4907,0.5098895331889999,71.4065,2,0.0,False,dominant_holder,4,high
0133.HK,hk,58.7578,58.7578,0.126126261036,27.5856,14,0.0,False,dominant_holder,4,high
0135.HK,hk,72.5703000000001,67.5342,0.29862964929,54.5086,20,5.036100000000104,False,dominant_holder,4,high
0136.HK,hk,64.0619,61.4476,0.061234004740000014,15.6386,20,2.614299999999993,False,broad_institutional,4,high
0137.HK,hk,80.0809,80.0809,0.22817664011299996,38.7195,10,0.0,False,dominant_holder,4,high
0138.HK,hk,74.9866,74.9866,0.19105328461799997,29.2824,4,0.0,False,dominant_holder,4,high
0139.HK,hk,17.3018,17.3018,0.006097642438,4.1377,9,0.0,False,fragmented_or_mixed,4,high
0142.HK,hk,67.6533,63.7895,0.079340371351,18.5408,20,3.863800000000005,False,broad_institutional,4,high
0144.HK,hk,83.7592000000001,80.1022,0.295146333316,49.6735,20,3.65700000000011,False,dominant_holder,4,high
0145.HK,hk,14.6455,14.6455,0.012368488243,10.6783,4,0.0,False,fragmented_or_mixed,4,high
0146.HK,hk,71.6786,71.6786,0.19322461227,36.6066,5,0.0,False,dominant_holder,4,high
0147.HK,hk,59.0377,59.0377,0.3484906916769999,59.0331,3,0.0,False,dominant_holder,4,high
0148.HK,hk,50.3535,46.8234,0.102321395442,31.5417,20,3.5300999999999974,False,dominant_holder,4,high
0149.HK,hk,57.0931,57.0931,0.177008725885,36.9214,3,0.0,False,dominant_holder,4,high
0150.HK,hk,73.8156,73.8156,0.544601231066,73.7971,5,0.0,False,dominant_holder,4,high
0151.HK,hk,74.8213000000001,72.0605,0.2914986256349999,53.5978,20,2.7608000000000885,False,dominant_holder,4,high
0152.HK,hk,69.2168,67.567,0.19431238565200004,43.2091,20,1.6498000000000133,False,dominant_holder,4,high
0154.HK,hk,74.2164,74.2164,0.3075121702939999,50.3959,3,0.0,False,dominant_holder,4,high
0156.HK,hk,82.4842,82.4842,0.30371208995599996,48.4524,10,0.0,False,dominant_holder,4,high
0157.HK,hk,75.0,75.0,0.168993039656,30.0,4,0.0,False,dominant_holder,4,high
0158.HK,hk,75.0925,75.0925,0.302917264925,48.002,4,0.0,False,dominant_holder,4,high
0159.HK,hk,77.8297,77.8297,0.10848907068900002,26.1519,15,0.0,False,dominant_holder,4,high
0160.HK,hk,76.9932,76.9932,0.46594455263800005,68.0853,11,0.0,False,dominant_holder,4,high
0162.HK,hk,58.1993,58.1993,0.16436899320299997,29.2396,4,0.0,False,dominant_holder,4,high
0163.HK,hk,74.9987,74.9987,0.558214376449,74.7132,5,0.0,False,dominant_holder,4,high
0164.HK,hk,36.0738,36.0738,0.01865432269,8.956,18,0.0,False,fragmented_or_mixed,4,high
0165.HK,hk,68.4742,68.1105,0.257312722371,49.7436,20,0.36369999999999436,False,dominant_holder,4,high
0166.HK,hk,75.3018,75.3018,0.43901533022600003,65.6289,5,0.0,False,dominant_holder,4,high
0167.HK,hk,60.1179,60.1179,0.361416190041,60.1179,5,0.0,False,dominant_holder,4,high
0168.HK,hk,52.9658,44.932,0.017994891254,8.004,20,8.0338,False,broad_institutional,4,high
0169.HK,hk,71.4794,71.4794,0.42651921364199996,65.0376,9,0.0,False,dominant_holder,4,high
0171.HK,hk,49.0784,49.0784,0.12518431651,29.4982,8,0.0,False,dominant_holder,4,high
0173.HK,hk,71.9261,71.9158,0.233127809476,45.8845,20,0.010300000000000864,False,dominant_holder,4,high
0174.HK,hk,79.8957,79.8957,0.20738578247300002,36.3249,4,0.0,False,dominant_holder,4,high
0175.HK,hk,63.9770000000001,52.7879,0.06466214767499999,23.5745,20,11.189100000000103,False,dominant_holder,4,high
0177.HK,hk,40.34,35.2559,0.024214914011,14.0245,20,5.0841000000000065,False,fragmented_or_mixed,4,high
0178.HK,hk,64.6975,64.6975,0.25613956499499996,48.5606,16,0.0,False,dominant_holder,4,high
0179.HK,hk,77.3084,73.3694,0.32890182743399987,57.0293,20,3.939000000000007,False,dominant_holder,4,high
0180.HK,hk,65.4746,65.4746,0.177879142526,35.655,10,0.0,False,dominant_holder,4,high
0181.HK,hk,75.0666,75.0666,0.47593099421,68.6964,3,0.0,False,dominant_holder,4,high
0182.HK,hk,42.0101,41.879,0.039540334713999994,12.7534,20,0.13110000000000355,False,fragmented_or_mixed,4,high
0183.HK,hk,68.547,68.547,0.46745700613199986,68.3706,2,0.0,False,dominant_holder,4,high
0184.HK,hk,80.9421,80.9421,0.19753663982300002,29.817,17,0.0,False,dominant_holder,4,high
0185.HK,hk,71.9896,71.9896,0.518250250816,71.9896,5,0.0,False,dominant_holder,4,high
0186.HK,hk,81.2274,81.2274,0.44228365845999995,65.8514,4,0.0,False,dominant_holder,4,high
0187.HK,hk,3.106,3.106,0.000888858,2.98,5,0.0,False,fragmented_or_mixed,4,high
0188.HK,hk,67.6763,67.6763,0.151290638865,27.9904,4,0.0,False,dominant_holder,4,high
0189.HK,hk,36.3204,33.8767,0.026517003441,14.9447,20,2.4436999999999998,False,fragmented_or_mixed,4,high
0191.HK,hk,73.6268,73.6268,0.17263823032800005,29.2252,8,0.0,False,dominant_holder,4,high
0193.HK,hk,61.1396,61.1396,0.279807985768,52.2774,3,0.0,False,dominant_holder,4,high
0194.HK,hk,60.6827,60.6827,0.17934037057299998,34.9531,8,0.0,False,dominant_holder,4,high
0195.HK,hk,0.0006,0.0006,3.599999999999999e-11,0.0006,4,0.0,False,fragmented_or_mixed,4,high
0196.HK,hk,64.2145,64.2145,0.3439185047790001,58.52,8,0.0,False,dominant_holder,4,high
0197.HK,hk,43.4935,43.4935,0.050283771335,14.6294,4,0.0,False,fragmented_or_mixed,4,high
0199.HK,hk,48.3694,48.3694,0.077241312106,23.9908,10,0.0,False,dominant_holder,4,high
0200.HK,hk,65.6975,65.5128,0.12463541009600003,20.6522,20,0.18470000000000653,False,dominant_holder,4,high
0201.HK,hk,85.6759,85.6759,0.5161511545609998,71.0914,8,0.0,False,dominant_holder,4,high
0202.HK,hk,43.1737,43.1737,0.061952812228999996,15.5366,5,0.0,False,fragmented_or_mixed,4,high
0204.HK,hk,28.6426,28.6426,0.025090508448000006,14.2659,10,0.0,False,fragmented_or_mixed,4,high
0205.HK,hk,35.3928,35.3928,0.054987644034000006,17.3432,3,0.0,False,fragmented_or_mixed,4,high
0206.HK,hk,75.8848,75.8848,0.25424689301,47.1837,7,0.0,False,dominant_holder,4,high
0209.HK,hk,2.0123,2.0123,0.00010617173500000001,0.669,9,0.0,False,fragmented_or_mixed,4,high
0210.HK,hk,48.0083,48.0083,0.08736803233099999,26.6574,7,0.0,False,dominant_holder,4,high
0211.HK,hk,59.902,59.902,0.29077333037799996,53.5477,2,0.0,False,dominant_holder,4,high
0212.HK,hk,56.1998,56.1998,0.067515420682,16.1918,7,0.0,False,broad_institutional,4,high
0213.HK,hk,70.1025,70.1025,0.35125685217900005,58.7875,12,0.0,False,dominant_holder,4,high
0214.HK,hk,75.0966,75.0966,0.43502976595400006,65.607,4,0.0,False,dominant_holder,4,high
0215.HK,hk,77.0459,76.9992,0.4423129622780001,66.0909,20,0.046700000000001296,False,dominant_holder,4,high
0216.HK,hk,61.9418,61.9418,0.383480496164,61.9258,4,0.0,False,dominant_holder,4,high
0217.HK,hk,53.1789,53.1789,0.28239450986700004,53.1408,5,0.0,False,dominant_holder,4,high
0218.HK,hk,70.458,70.458,0.423818358782,64.897,9,0.0,False,dominant_holder,4,high
0219.HK,hk,77.4081,77.4081,0.265579111993,48.6249,8,0.0,False,dominant_holder,4,high
0220.HK,hk,83.3267,81.3641,0.526724196451,72.5395,20,1.962600000000009,False,dominant_holder,4,high
0222.HK,hk,73.5334,73.5334,0.19911058941600002,35.2726,9,0.0,False,dominant_holder,4,high
0223.HK,hk,44.2661,44.2661,0.051537771407000006,16.5577,12,0.0,False,fragmented_or_mixed,4,high
0224.HK,hk,77.1335,77.1335,0.133393623791,24.5399,8,0.0,False,dominant_holder,4,high
0225.HK,hk,74.1241,74.1241,0.5416255553529999,73.5933,4,0.0,False,dominant_holder,4,high
0227.HK,hk,61.0942,61.0942,0.18513424534200001,40.5668,9,0.0,False,dominant_holder,4,high
0228.HK,hk,69.3474,69.3474,0.27869359652400005,51.1807,7,0.0,False,dominant_holder,4,high
0229.HK,hk,56.5321,56.5321,0.071793718399,19.3884,8,0.0,False,broad_institutional,4,high
0230.HK,hk,62.0411,62.0411,0.38292532603899987,61.8809,9,0.0,False,dominant_holder,4,high
0232.HK,hk,52.1056,52.1056,0.21794644636000002,46.4014,8,0.0,False,dominant_holder,4,high
0234.HK,hk,73.8792,73.8792,0.385560858716,61.5209,6,0.0,False,dominant_holder,4,high
0235.HK,hk,25.7959,25.7959,0.034620114780999994,16.6667,6,0.0,False,fragmented_or_mixed,4,high
0236.HK,hk,75.5842,75.5842,0.43787723431000014,65.7763,3,0.0,False,dominant_holder,4,high
0237.HK,hk,71.1508,71.1508,0.16241445252400002,36.447,12,0.0,False,dominant_holder,4,high
0239.HK,hk,66.3506,66.3506,0.10053900131599999,20.9612,8,0.0,False,dominant_holder,4,high
0240.HK,hk,69.1323,69.1323,0.3500756953149998,58.3338,18,0.0,False,dominant_holder,4,high
0241.HK,hk,78.6141000000001,74.9712,0.23429694904200002,44.3128,20,3.642900000000097,False,dominant_holder,4,high
0242.HK,hk,62.2726,62.2726,0.07506628295,18.5391,20,0.0,False,broad_institutional,4,high
0243.HK,hk,1.5585,1.5585,8.096407499999999e-05,0.5195,3,0.0,False,fragmented_or_mixed,4,high
0244.HK,hk,75.0,75.0,0.5625,75.0,2,0.0,False,dominant_holder,4,high
0245.HK,hk,66.1797,66.1797,0.111594090477,27.0104,11,0.0,False,dominant_holder,4,high
0247.HK,hk,71.5898,71.5898,0.5119318068940001,71.5494,5,0.0,False,dominant_holder,4,high
0248.HK,hk,65.9027,65.9027,0.3486930040430001,58.8095,8,0.0,False,dominant_holder,4,high
0251.HK,hk,75.4114,75.4114,0.34854761469199996,56.2642,8,0.0,False,dominant_holder,4,high
0252.HK,hk,64.366,64.366,0.22889635088200003,47.0247,8,0.0,False,dominant_holder,4,high
0253.HK,hk,74.4014,74.4014,0.332107757956,53.8334,2,0.0,False,dominant_holder,4,high
0254.HK,hk,54.9815,54.9815,0.045396538200999995,14.3911,16,0.0,False,broad_institutional,4,high
0255.HK,hk,75.085,75.085,0.34179527837199997,57.7613,16,0.0,False,dominant_holder,4,high
0256.HK,hk,80.578,80.578,0.2862498527939999,39.2861,20,0.0,False,dominant_holder,4,high
0257.HK,hk,64.4923999999999,60.3148,0.19010086267999998,43.0774,20,4.177599999999906,False,dominant_holder,4,high
0258.HK,hk,75.0007,75.0007,0.18807808941300003,36.6931,12,0.0,False,dominant_holder,4,high
0259.HK,hk,73.1124,73.1124,0.3863081725259999,61.0562,9,0.0,False,dominant_holder,4,high
0261.HK,hk,11.5089,11.5089,0.005979092194999999,6.8213,3,0.0,False,fragmented_or_mixed,4,high
0262.HK,hk,65.448,65.448,0.16808160618399995,35.7851,7,0.0,False,dominant_holder,4,high
0264.HK,hk,45.7731,45.7731,0.17656721709700002,41.9808,6,0.0,False,dominant_holder,4,high
0265.HK,hk,62.108,62.108,0.373338277902,61.0931,3,0.0,False,dominant_holder,4,high
0266.HK,hk,67.6498,67.6498,0.26288467648600006,50.0009,9,0.0,False,dominant_holder,4,high
0267.HK,hk,86.9181000000001,85.8085,0.33203186679499996,53.12,20,1.1096000000000998,False,dominant_holder,4,high
0268.HK,hk,71.3935000000001,54.3704,0.04879727099000001,20.0088,20,17.023100000000106,False,dominant_holder,4,high
0269.HK,hk,2.3213,2.3213,0.0003583057849999999,1.8652,3,0.0,False,fragmented_or_mixed,4,high
0270.HK,hk,70.6317000000001,66.6909,0.340048957193,58.2646,20,3.9408000000000953,False,dominant_holder,4,high
0271.HK,hk,74.9899,74.9899,0.5623485102010002,74.9899,1,0.0,False,dominant_holder,4,high
0272.HK,hk,60.5826,60.5742,0.31227375065599994,55.8336,20,0.00840000000000174,False,dominant_holder,4,high
0274.HK,hk,40.3087,40.3087,0.041128797157,13.0025,7,0.0,False,fragmented_or_mixed,4,high
0276.HK,hk,32.4201,32.4201,0.035125041670999994,16.0935,9,0.0,False,fragmented_or_mixed,4,high
0277.HK,hk,79.6524,79.6524,0.54971987782,73.9481,4,0.0,False,dominant_holder,4,high
0279.HK,hk,64.6406,64.6406,0.18119762289799998,39.4884,4,0.0,False,dominant_holder,4,high
0280.HK,hk,66.6702,66.6702,0.4157514302839999,64.4661,4,0.0,False,dominant_holder,4,high
0285.HK,hk,78.6375,75.1326,0.4330585147259999,65.7597,20,3.5049000000000063,False,dominant_holder,4,high
0286.HK,hk,28.0146,28.0146,0.020196037318,8.3937,8,0.0,False,fragmented_or_mixed,4,high
0287.HK,hk,74.1938,74.1938,0.11240561796000001,23.5748,7,0.0,False,dominant_holder,4,high
0288.HK,hk,71.3297,55.046,0.080524980852,27.0753,20,16.283700000000003,False,dominant_holder,4,high
0289.HK,hk,64.7084,64.7084,0.39221751849200004,62.6201,15,0.0,False,dominant_holder,4,high
0290.HK,hk,54.2176,54.2176,0.08580831856999996,26.0215,20,0.0,False,dominant_holder,4,high
0291.HK,hk,74.2496,67.5106,0.27160672655800006,51.9108,20,6.739000000000004,False,dominant_holder,4,high
0293.HK,hk,79.7705,78.7746,0.25905489068000004,45.1182,20,0.9958999999999918,False,dominant_holder,4,high
0294.HK,hk,56.9217,56.9217,0.061314436391,19.734,8,0.0,False,broad_institutional,4,high
0295.HK,hk,5.1051,5.1051,0.0025580572010000004,5.0575,4,0.0,False,fragmented_or_mixed,4,high
0296.HK,hk,53.7435,53.7435,0.28643897807700003,53.5196,7,0.0,False,dominant_holder,4,high
0297.HK,hk,58.9692,58.5704,0.2777457944200001,52.6541,20,0.3988000000000014,False,dominant_holder,4,high
0298.HK,hk,61.1688,61.1688,0.373986074304,61.1544,7,0.0,False,dominant_holder,4,high
0299.HK,hk,51.7849,51.7849,0.113487950345,27.2318,4,0.0,False,dominant_holder,4,high
0300.HK,hk,57.5606,45.5342,0.03712499334,17.3129,20,12.026400000000002,False,broad_institutional,4,high
0301.HK,hk,62.2238,62.2238,0.3871801286439999,62.2238,1,0.0,False,dominant_holder,4,high
0302.HK,hk,55.322,55.322,0.07086187048600001,22.2331,20,0.0,False,dominant_holder,4,high
0303.HK,hk,65.8249,58.5333,0.138738625899,36.7575,20,7.2916000000000025,False,dominant_holder,4,high
0305.HK,hk,67.9126,67.9126,0.331814266116,56.5375,10,0.0,False,dominant_holder,4,high
0306.HK,hk,74.9996,74.9996,0.309529378494,50.6601,9,0.0,False,dominant_holder,4,high
0308.HK,hk,72.0892,72.0669,0.212296787157,40.6246,20,0.02230000000000132,False,dominant_holder,4,high
0309.HK,hk,61.7728,61.7728,0.07938856448800001,21.826,10,0.0,False,dominant_holder,4,high
0310.HK,hk,5.1566,5.1566,0.002659052356,5.1566,1,0.0,False,fragmented_or_mixed,4,high
0311.HK,hk,84.727,84.727,0.5097653654340001,70.6366,4,0.0,False,dominant_holder,4,high
0312.HK,hk,70.5103,70.5103,0.3258586162610001,55.0769,4,0.0,False,dominant_holder,4,high
0313.HK,hk,70.1865,70.1865,0.262744542771,49.0181,3,0.0,False,dominant_holder,4,high
0314.HK,hk,69.524,69.524,0.10619601182399997,28.7548,20,0.0,False,dominant_holder,4,high
0315.HK,hk,76.7107,76.5591,0.48223167143100004,69.3218,20,0.15160000000000196,False,dominant_holder,4,high
0316.HK,hk,87.7334000000001,85.2102,0.513540791494,71.0727,20,2.5232000000001022,False,dominant_holder,4,high
0317.HK,hk,55.0567,55.0567,0.29723510332100006,54.5189,20,0.0,False,dominant_holder,4,high
0318.HK,hk,76.9286,76.9286,0.2819893680499999,50.7129,4,0.0,False,dominant_holder,4,high
0320.HK,hk,68.6395,68.6395,0.20917637794700003,41.8378,8,0.0,False,dominant_holder,4,high
0321.HK,hk,64.5721,64.5711,0.26120109027499994,50.5777,20,0.0010000000000047748,False,dominant_holder,4,high
0322.HK,hk,83.0733000000001,77.8293,0.224085449729,33.4007,20,5.244000000000099,False,dominant_holder,4,high
0323.HK,hk,27.176,26.8291,0.043738605703000005,20.7135,20,0.346899999999998,False,dominant_holder,4,high
0325.HK,hk,72.6274,72.4299,0.21499027835300002,44.7111,20,0.1974999999999909,False,dominant_holder,4,high
0326.HK,hk,65.0412,65.0412,0.412225229836,64.2007,7,0.0,False,dominant_holder,4,high
0327.HK,hk,64.5137,63.075,0.14197882115,34.2788,20,1.4386999999999972,False,dominant_holder,4,high
0328.HK,hk,15.6144,15.6144,0.023607699788,15.3635,6,0.0,False,fragmented_or_mixed,4,high
0329.HK,hk,65.3417,65.3417,0.14723390627700003,29.3382,7,0.0,False,dominant_holder,4,high
0330.HK,hk,28.65,28.65,0.07800757294400001,27.9212,8,0.0,False,dominant_holder,4,high
0331.HK,hk,75.3826,75.3826,0.5625102741060001,75.0,8,0.0,False,dominant_holder,4,high
0332.HK,hk,65.4457,65.4457,0.311009026787,55.0341,4,0.0,False,dominant_holder,4,high
0333.HK,hk,64.327,64.327,0.13481495384600004,25.6628,7,0.0,False,dominant_holder,4,high
0334.HK,hk,64.2026,64.2026,0.41219894217999997,64.2026,4,0.0,False,dominant_holder,4,high
0335.HK,hk,74.4764,74.4764,0.55191955836,74.2911,5,0.0,False,dominant_holder,4,high
0336.HK,hk,73.005,73.0044,0.46389547394200004,68.0365,20,0.0005999999999914962,False,dominant_holder,4,high
0337.HK,hk,65.0023,65.0023,0.35157220807899997,59.1086,11,0.0,False,dominant_holder,4,high
0338.HK,hk,19.2547,18.6902,0.006281716755999999,6.2238,20,0.5644999999999989,False,fragmented_or_mixed,4,high
0339.HK,hk,52.1712,52.1712,0.09033468997400002,25.111,9,0.0,False,dominant_holder,4,high
0340.HK,hk,59.4083,59.3185,0.08982841345499999,22.3727,20,0.08979999999999677,False,dominant_holder,4,high
0341.HK,hk,54.4638,54.1414,0.051687092024,17.2637,20,0.3224000000000018,False,broad_institutional,4,high
0343.HK,hk,30.8867,30.8867,0.019457035828999998,10.3091,8,0.0,False,fragmented_or_mixed,4,high
0345.HK,hk,65.2557,63.0589,0.045942939381,14.4338,20,2.196800000000003,False,broad_institutional,4,high
0346.HK,hk,74.33,74.33,0.360236224278,57.6592,4,0.0,False,dominant_holder,4,high
0347.HK,hk,14.1997,13.8692,0.00377764562,4.7771,20,0.3305000000000007,False,fragmented_or_mixed,4,high
0348.HK,hk,29.2942,29.2942,0.05115513733000001,21.9399,3,0.0,False,dominant_holder,4,high
0351.HK,hk,70.1763,70.1763,0.266336380589,45.1133,2,0.0,False,dominant_holder,4,high
0352.HK,hk,70.9689,70.9689,0.176793983673,36.7833,7,0.0,False,dominant_holder,4,high
0353.HK,hk,77.6129,77.6129,0.4491702233750001,66.6693,8,0.0,False,dominant_holder,4,high
0354.HK,hk,32.1635,31.6355,0.025110533457,11.6392,20,0.5279999999999987,False,fragmented_or_mixed,4,high
0355.HK,hk,67.4522,67.4522,0.454809972738,67.4396,8,0.0,False,dominant_holder,4,high
0356.HK,hk,58.9811,58.9811,0.080832872053,16.7216,5,0.0,False,broad_institutional,4,high
0357.HK,hk,49.7117,49.7117,0.098157529835,23.8726,20,0.0,False,dominant_holder,4,high
0358.HK,hk,55.4132,47.8957,0.07775351232100002,27.2207,20,7.517500000000005,False,dominant_holder,4,high
0360.HK,hk,77.0398,77.0398,0.382003195548,60.692,7,0.0,False,dominant_holder,4,high
0361.HK,hk,65.3805,65.3805,0.31373035620899986,55.5772,3,0.0,False,dominant_holder,4,high
0362.HK,hk,6.1485,6.1485,0.020706350166000004,11.4654,3,0.0,False,fragmented_or_mixed,4,high
0363.HK,hk,67.9085,67.553,0.39921248700800005,63.1574,20,0.35550000000000637,False,dominant_holder,4,high
0365.HK,hk,80.4192,80.4192,0.4679840746940001,67.8233,3,0.0,False,dominant_holder,4,high
0366.HK,hk,73.9132,73.9132,0.31198332250800004,54.3886,9,0.0,False,dominant_holder,4,high
0367.HK,hk,57.9726,57.9726,0.322398805698,56.7744,6,0.0,False,dominant_holder,4,high
0368.HK,hk,75.0,75.0,0.5625,75.0,1,0.0,False,dominant_holder,4,high
0369.HK,hk,74.5959,74.5959,0.107478792147,23.3308,19,0.0,False,dominant_holder,4,high
0370.HK,hk,37.31,37.31,0.09115564218799997,29.7946,12,0.0,False,dominant_holder,4,high
0371.HK,hk,73.0331,70.6033,0.18459199923499997,41.4965,20,2.4298,False,dominant_holder,4,high
0372.HK,hk,61.2466,61.2466,0.26925501322,50.8344,5,0.0,False,dominant_holder,4,high
0373.HK,hk,85.9804,85.9804,0.29641591181800003,43.1858,16,0.0,False,dominant_holder,4,high
0374.HK,hk,70.9228,70.9228,0.13666375800000002,29.7026,8,0.0,False,dominant_holder,4,high
0375.HK,hk,57.2435,57.2435,0.08952557738499997,25.5018,7,0.0,False,dominant_holder,4,high
0376.HK,hk,68.854,68.854,0.258644427408,45.0237,10,0.0,False,dominant_holder,4,high
0377.HK,hk,86.5124,86.5124,0.28938835276,48.4739,5,0.0,False,dominant_holder,4,high
0379.HK,hk,45.2065,45.2065,0.06632978924699999,21.1843,5,0.0,False,dominant_holder,4,high
0380.HK,hk,69.1355,69.1355,0.18355849387299997,32.9327,3,0.0,False,dominant_holder,4,high
0381.HK,hk,32.2093,32.2093,0.039568457067,15.0719,5,0.0,False,fragmented_or_mixed,4,high
0382.HK,hk,72.159,72.159,0.5063507943280001,71.1567,20,0.0,False,dominant_holder,4,high
0383.HK,hk,94.3674,94.3674,0.361107584028,55.0302,4,0.0,False,dominant_holder,4,high
0384.HK,hk,65.0358,60.5937,0.081667067781,23.5375,20,4.442099999999996,False,dominant_holder,4,high
0385.HK,hk,73.6821,73.6821,0.28344882353299994,44.5858,2,0.0,False,dominant_holder,4,high
0386.HK,hk,39.6328,31.6741,0.008662585987,5.654,20,7.958700000000004,False,fragmented_or_mixed,4,high
0387.HK,hk,74.9404,74.9404,0.553749729672,74.4128,3,0.0,False,dominant_holder,4,high
0388.HK,hk,39.3157000000002,26.6551,0.007272730556999999,6.1658,20,12.660600000000198,False,fragmented_or_mixed,4,high
0389.HK,hk,64.0725,64.0725,0.072633127633,16.4205,8,0.0,False,broad_institutional,4,high
0390.HK,hk,29.6191,23.4687,0.003936335247,3.3455,20,6.150400000000001,False,fragmented_or_mixed,4,high
0391.HK,hk,69.3086,69.3086,0.3024075841800001,54.2537,6,0.0,False,dominant_holder,4,high
0392.HK,hk,82.3126000000001,80.1539,0.22021018727699992,41.1913,20,2.1587000000001098,False,dominant_holder,4,high
0393.HK,hk,70.8901,70.8901,0.20151181574899996,41.4842,13,0.0,False,dominant_holder,4,high
0396.HK,hk,58.4726,58.4726,0.14465207719599998,35.7132,5,0.0,False,dominant_holder,4,high
0397.HK,hk,18.4717,18.4717,0.011759041288999999,7.7565,3,0.0,False,fragmented_or_mixed,4,high
0398.HK,hk,46.3402,46.3402,0.07714593575,26.2181,20,0.0,False,dominant_holder,4,high
0399.HK,hk,40.4205,40.4205,0.07230217563700002,21.6624,8,0.0,False,dominant_holder,4,high
0400.HK,hk,66.6789,66.6789,0.19275009995299996,39.653,13,0.0,False,dominant_holder,4,high
0401.HK,hk,37.8818,37.8818,0.086007698656,27.7973,5,0.0,False,dominant_holder,4,high
0403.HK,hk,56.7301,56.7301,0.19049063784900003,40.5412,3,0.0,False,dominant_holder,4,high
0406.HK,hk,61.0981,61.0981,0.373297782361,61.0981,1,0.0,False,dominant_holder,4,high
0408.HK,hk,58.6306,58.6306,0.113062178746,30.5298,11,0.0,False,dominant_holder,4,high
0410.HK,hk,65.3178,65.3178,0.408797496302,63.9309,20,0.0,False,dominant_holder,4,high
0411.HK,hk,81.4495,81.4495,0.4368532975370001,65.0117,8,0.0,False,dominant_holder,4,high
0412.HK,hk,63.9081,63.9081,0.22989839594700004,43.3988,20,0.0,False,dominant_holder,4,high
0413.HK,hk,68.8865,68.8865,0.174791517351,36.9707,10,0.0,False,dominant_holder,4,high
0417.HK,hk,72.5685,72.5685,0.5258587504969999,72.5161,2,0.0,False,dominant_holder,4,high
0418.HK,hk,48.6729,48.6729,0.11729866919100002,31.8354,8,0.0,False,dominant_holder,4,high
0419.HK,hk,49.8052,49.8052,0.04689962417,14.0842,10,0.0,False,fragmented_or_mixed,4,high
0420.HK,hk,66.0921,66.0921,0.19348338821700006,39.5985,10,0.0,False,dominant_holder,4,high
0422.HK,hk,67.0741,67.0741,0.449893489081,67.0741,1,0.0,False,dominant_holder,4,high
0423.HK,hk,66.7537,66.7537,0.095555785899,20.2583,8,0.0,False,dominant_holder,4,high
0425.HK,hk,72.4837,62.1733,0.15263324674499998,38.4206,20,10.310400000000001,False,dominant_holder,4,high
0426.HK,hk,73.7655,73.7655,0.533112230963,73.0107,3,0.0,False,dominant_holder,4,high
0428.HK,hk,23.4318,23.4318,0.04972585224200001,22.2856,5,0.0,False,dominant_holder,4,high
0430.HK,hk,75.0,75.0,0.5625,75.0,2,0.0,False,dominant_holder,4,high
0431.HK,hk,12.0322,12.0322,0.01088903041,10.2883,2,0.0,False,fragmented_or_mixed,4,high
0432.HK,hk,59.9738,59.9738,0.123529923984,30.0679,10,0.0,False,dominant_holder,4,high
0433.HK,hk,72.5533,72.5533,0.08582027142300001,17.1674,11,0.0,False,broad_institutional,4,high
0434.HK,hk,49.9238,49.9238,0.07184656056199999,23.6633,20,0.0,False,dominant_holder,4,high
0436.HK,hk,69.5624,69.5624,0.20742565329000004,36.542,3,0.0,False,dominant_holder,4,high
0438.HK,hk,63.0128,63.0128,0.12278450109399999,26.197,4,0.0,False,dominant_holder,4,high
0439.HK,hk,62.3949,62.3949,0.10934111248699999,29.0,9,0.0,False,dominant_holder,4,high
0440.HK,hk,70.3716,69.0895,0.19890526522899996,42.9769,20,1.2820999999999998,False,dominant_holder,4,high
0442.HK,hk,74.9582,74.9582,0.5596796986120001,74.8116,2,0.0,False,dominant_holder,4,high
0450.HK,hk,70.7435,70.7435,0.152369760737,29.9111,9,0.0,False,dominant_holder,4,high
0451.HK,hk,28.738,28.738,0.017165161754,8.6517,17,0.0,False,fragmented_or_mixed,4,high
0455.HK,hk,79.427,79.427,0.348102833162,56.7235,3,0.0,False,dominant_holder,4,high
0456.HK,hk,71.015,71.015,0.19554275380999997,40.3707,4,0.0,False,dominant_holder,4,high
0458.HK,hk,66.64,66.64,0.44408896,66.64,1,0.0,False,dominant_holder,4,high
0459.HK,hk,62.7355,62.7355,0.393574296025,62.7355,1,0.0,False,dominant_holder,4,high
0460.HK,hk,63.0872,62.4297,0.12033502592699999,31.5853,20,0.657500000000006,False,dominant_holder,4,high
0464.HK,hk,42.0214,42.0214,0.088515301834,28.8194,6,0.0,False,dominant_holder,4,high
0465.HK,hk,75.3736,75.3736,0.29951845951000006,53.217,5,0.0,False,dominant_holder,4,high
0467.HK,hk,51.7269,51.1554,0.07783736422799999,23.2641,20,0.5715000000000003,False,dominant_holder,4,high
0468.HK,hk,97.7647,97.7647,0.9557936566090001,97.7647,20,0.0,False,dominant_holder,4,high
0470.HK,hk,75.8929,75.6461,0.078145256037,24.1309,20,0.24679999999999325,False,dominant_holder,4,high
0471.HK,hk,10.0972,10.0972,0.002968595597999999,4.9171,10,0.0,False,fragmented_or_mixed,4,high
0472.HK,hk,60.9372,60.9372,0.11689918197599998,23.75,4,0.0,False,dominant_holder,4,high
0474.HK,hk,77.2976,77.2976,0.25428690363000006,46.5187,11,0.0,False,dominant_holder,4,high
0475.HK,hk,63.9754,63.9754,0.20175681866,40.9779,6,0.0,False,dominant_holder,4,high
0476.HK,hk,39.483,39.483,0.04376194151600001,18.4815,6,0.0,False,fragmented_or_mixed,4,high
0480.HK,hk,62.5828,62.5828,0.239107006718,48.18,13,0.0,False,dominant_holder,4,high
0482.HK,hk,60.3357,60.3357,0.070885448503,19.3108,8,0.0,False,broad_institutional,4,high
0483.HK,hk,68.2079,68.2079,0.25637500788300005,48.9956,4,0.0,False,dominant_holder,4,high
0484.HK,hk,45.6841,45.6841,0.041456633386999994,13.4949,6,0.0,False,fragmented_or_mixed,4,high
0485.HK,hk,69.1944,69.1944,0.34235115456600007,57.3142,6,0.0,False,dominant_holder,4,high
0486.HK,hk,80.5414,80.5354,0.3755730401039998,56.88,20,0.006000000000000227,False,dominant_holder,4,high
0487.HK,hk,71.6127,71.6127,0.5128378801290001,71.6127,1,0.0,False,dominant_holder,4,high
0488.HK,hk,90.4381,90.4381,0.37734873782500006,55.6023,9,0.0,False,dominant_holder,4,high
0489.HK,hk,31.6575,31.413,0.027420062112,13.3484,20,0.2444999999999986,False,fragmented_or_mixed,4,high
0491.HK,hk,73.7959,73.7959,0.544583485681,73.7959,1,0.0,False,dominant_holder,4,high
0493.HK,hk,44.1092,44.1092,0.08728805375800001,28.286,14,0.0,False,dominant_holder,4,high
0495.HK,hk,70.0667,70.0667,0.20574053134899997,32.7056,4,0.0,False,dominant_holder,4,high
0496.HK,hk,65.6648,65.6648,0.290443571318,52.3486,5,0.0,False,dominant_holder,4,high
0497.HK,hk,70.2912,70.2912,0.392873945148,62.4421,8,0.0,False,dominant_holder,4,high
0498.HK,hk,48.6887,48.6887,0.08043396189100001,24.4969,6,0.0,False,dominant_holder,4,high
0499.HK,hk,69.0242,69.0242,0.47643401856399986,69.0242,1,0.0,False,dominant_holder,4,high
0500.HK,hk,41.8083,41.8083,0.079705945049,25.2807,3,0.0,False,dominant_holder,4,high
0501.HK,hk,69.3322,69.3075,0.05373441520500001,14.4352,20,0.024699999999995725,False,broad_institutional,4,high
0505.HK,hk,57.5955,57.5955,0.14317041161500005,32.7509,13,0.0,False,dominant_holder,4,high
0506.HK,hk,84.8429,84.0589,0.550984697007,74.0981,20,0.784000000000006,False,dominant_holder,4,high
0508.HK,hk,52.4736,52.4736,0.16711187157600002,39.4378,4,0.0,False,dominant_holder,4,high
0510.HK,hk,74.404,74.404,0.43209741471000007,65.3827,4,0.0,False,dominant_holder,4,high
0511.HK,hk,34.0588,34.0588,0.06594138949400001,25.0165,15,0.0,False,dominant_holder,4,high
0512.HK,hk,84.6095,83.2162,0.30111432165799995,53.4161,20,1.3932999999999964,False,dominant_holder,4,high
0513.HK,hk,74.1993,74.1993,0.549404403591,74.1218,4,0.0,False,dominant_holder,4,high
0515.HK,hk,42.1603,42.1603,0.031214885791,8.834,10,0.0,False,fragmented_or_mixed,4,high
0517.HK,hk,74.1833,74.1689,0.514310774789,71.7056,20,0.014400000000009072,False,dominant_holder,4,high
0518.HK,hk,49.3564,49.3564,0.13075463883000002,33.2676,6,0.0,False,dominant_holder,4,high
0519.HK,hk,36.3539,36.3539,0.08219198883900003,27.1655,5,0.0,False,dominant_holder,4,high
0520.HK,hk,45.3121,45.3121,0.15680630414699998,39.3769,20,0.0,False,dominant_holder,4,high
0521.HK,hk,51.5779,51.5779,0.181921290849,41.5264,7,0.0,False,dominant_holder,4,high
0522.HK,hk,72.4064,62.3706,0.079366496784,24.5591,20,10.035800000000002,False,dominant_holder,4,high
0524.HK,hk,53.238,53.238,0.150765007082,33.3461,2,0.0,False,dominant_holder,4,high
0525.HK,hk,39.9528,38.3553,0.018306840111000006,9.0699,20,1.5975000000000037,False,fragmented_or_mixed,4,high
0526.HK,hk,61.1096,61.1096,0.14895895947,31.1525,4,0.0,False,dominant_holder,4,high
0527.HK,hk,29.6206,29.6206,0.030183102368000002,11.7817,11,0.0,False,fragmented_or_mixed,4,high
0528.HK,hk,67.2588,67.2588,0.31071043298400003,54.7378,3,0.0,False,dominant_holder,4,high
0529.HK,hk,77.4284,77.4284,0.41665455634399995,64.2667,10,0.0,False,dominant_holder,4,high
0532.HK,hk,66.1254,66.1254,0.117187963676,28.4697,15,0.0,False,dominant_holder,4,high
0533.HK,hk,76.5885,76.5885,0.24952472566699996,46.457,14,0.0,False,dominant_holder,4,high
0535.HK,hk,72.1907,72.1907,0.24680942202699999,40.2663,20,0.0,False,dominant_holder,4,high
0536.HK,hk,27.1334,27.1334,0.030785046766,12.7032,9,0.0,False,fragmented_or_mixed,4,high
0537.HK,hk,45.5496,45.5496,0.05787554596799999,20.6171,7,0.0,False,dominant_holder,4,high
0538.HK,hk,55.9951,55.9951,0.19586210732300002,43.9859,20,0.0,False,dominant_holder,4,high
0540.HK,hk,65.095,65.095,0.30303049503400004,54.5404,4,0.0,False,dominant_holder,4,high
0542.HK,hk,65.196,65.196,0.181332151646,37.6304,7,0.0,False,dominant_holder,4,high
0543.HK,hk,63.7484,63.7484,0.15550142202,28.2504,14,0.0,False,dominant_holder,4,high
0544.HK,hk,53.9671,53.9671,0.042963588340999996,11.4633,12,0.0,False,broad_institutional,4,high
0546.HK,hk,62.5395,61.2807,0.16827385297899997,39.8915,20,1.2587999999999937,False,dominant_holder,4,high
0547.HK,hk,60.2771,60.2771,0.06202622142200001,19.3996,15,0.0,False,broad_institutional,4,high
0548.HK,hk,60.0812,59.22,0.07223727197,21.0058,20,0.8612000000000037,False,dominant_holder,4,high
0550.HK,hk,49.8945,49.8945,0.10374969524299998,27.0095,3,0.0,False,dominant_holder,4,high
0551.HK,hk,82.4869000000001,76.5518,0.27123732991000005,51.3627,20,5.935100000000105,False,dominant_holder,4,high
0552.HK,hk,44.1078,35.6016,0.013959594095999998,9.0624,20,8.5062,False,fragmented_or_mixed,4,high
0553.HK,hk,17.0174,17.0174,0.016069398409999998,11.3281,3,0.0,False,fragmented_or_mixed,4,high
0554.HK,hk,75.1884,75.1884,0.4494664132559999,66.4734,2,0.0,False,dominant_holder,4,high
0556.HK,hk,68.3274,68.3274,0.194164135506,35.4857,3,0.0,False,dominant_holder,4,high
0557.HK,hk,66.6875,66.6875,0.444722265625,66.6875,1,0.0,False,dominant_holder,4,high
0558.HK,hk,64.9918,64.9918,0.38748275285,62.2313,20,0.0,False,dominant_holder,4,high
0559.HK,hk,28.0631,28.0631,0.07875375816099998,28.0631,1,0.0,False,dominant_holder,4,high
0560.HK,hk,71.0769,71.0769,0.504108757215,71.0006,4,0.0,False,dominant_holder,4,high
0563.HK,hk,70.9575,70.9575,0.26409703881099994,44.1641,11,0.0,False,dominant_holder,4,high
0564.HK,hk,25.6503,23.9288,0.0073010441980000005,5.0578,20,1.7215000000000025,False,fragmented_or_mixed,4,high
0565.HK,hk,36.3825,36.3825,0.04053138273500001,13.7273,14,0.0,False,fragmented_or_mixed,4,high
0567.HK,hk,32.8438,32.8438,0.042457696222,17.3559,4,0.0,False,fragmented_or_mixed,4,high
0568.HK,hk,8.7613,8.7613,0.004171889709,5.8955,6,0.0,False,fragmented_or_mixed,4,high
0570.HK,hk,51.4295,51.0451,0.127015878847,33.4615,20,0.3843999999999994,False,dominant_holder,4,high
0571.HK,hk,72.096,72.096,0.409267246142,63.4019,3,0.0,False,dominant_holder,4,high
0572.HK,hk,74.794,74.794,0.08052764645,16.6883,10,0.0,False,broad_institutional,4,high
0573.HK,hk,72.2259,72.2259,0.229527797887,45.2494,11,0.0,False,dominant_holder,4,high
0574.HK,hk,57.4263,57.4263,0.32977799316899997,57.4263,1,0.0,False,dominant_holder,4,high
0575.HK,hk,68.4647,68.4647,0.43586000163700006,65.9768,5,0.0,False,dominant_holder,4,high
0576.HK,hk,38.6454,36.0143,0.036090086917000004,17.9859,20,2.6311000000000035,False,fragmented_or_mixed,4,high
0579.HK,hk,52.5191,52.0065,0.086814044137,23.1841,20,0.5125999999999991,False,dominant_holder,4,high
0580.HK,hk,31.6743,31.6743,0.06116927979299999,24.4092,17,0.0,False,dominant_holder,4,high
0581.HK,hk,75.9405,75.9377,0.18933033259099996,33.9963,20,0.0027999999999934744,False,dominant_holder,4,high
0582.HK,hk,49.226,49.226,0.10347560169199999,27.3134,4,0.0,False,dominant_holder,4,high
0583.HK,hk,84.7726,84.7726,0.570563185588,74.8858,2,0.0,False,dominant_holder,4,high
0585.HK,hk,31.6507,31.6507,0.04112501002900001,17.0955,7,0.0,False,fragmented_or_mixed,4,high
0586.HK,hk,42.3207,39.3948,0.032079935831999994,15.7145,20,2.9259000000000057,False,fragmented_or_mixed,4,high
0587.HK,hk,34.3709,34.3686,0.04945815398199999,21.2136,20,0.0022999999999981924,False,dominant_holder,4,high
0588.HK,hk,1.5045,1.5045,0.000175450307,1.3176,7,0.0,False,fragmented_or_mixed,4,high
0590.HK,hk,73.2089,68.2722,0.181611516662,40.3913,20,4.936700000000002,False,dominant_holder,4,high
0591.HK,hk,37.2225,37.2225,0.11139886100100001,33.1546,6,0.0,False,dominant_holder,4,high
0595.HK,hk,66.9333,66.9333,0.446096282261,66.7903,3,0.0,False,dominant_holder,4,high
0596.HK,hk,55.171,55.171,0.261462417012,51.0815,20,0.0,False,dominant_holder,4,high
0598.HK,hk,55.5388,51.8735,0.034975211624999995,15.0425,20,3.665300000000002,False,broad_institutional,4,high
0599.HK,hk,51.9696,51.9696,0.064112471256,18.8329,7,0.0,False,broad_institutional,4,high
0600.HK,hk,84.0214,75.7476,0.06423862860000001,18.6641,20,8.273799999999994,False,broad_institutional,4,high
0601.HK,hk,49.9054,49.9054,0.16580539850600004,40.002,3,0.0,False,dominant_holder,4,high
0602.HK,hk,73.2997,73.2997,0.22337404706299996,45.107,5,0.0,False,dominant_holder,4,high
0603.HK,hk,29.4213,29.4213,0.07993871584699999,28.2542,6,0.0,False,dominant_holder,4,high
0604.HK,hk,77.5063,77.4571,0.4116154775369999,63.1883,20,0.04919999999999902,False,dominant_holder,4,high
0605.HK,hk,55.2959,55.2959,0.184105424209,41.1072,5,0.0,False,dominant_holder,4,high
0606.HK,hk,72.7243,72.7243,0.21739414898700002,38.475,8,0.0,False,dominant_holder,4,high
0607.HK,hk,48.3935,48.3935,0.08810969542100001,26.8052,9,0.0,False,dominant_holder,4,high
0608.HK,hk,73.4248,73.4248,0.3426601601339999,56.0854,3,0.0,False,dominant_holder,4,high
0609.HK,hk,58.639,58.639,0.10305328688,26.4749,11,0.0,False,dominant_holder,4,high
0610.HK,hk,74.812,74.812,0.21415385344399998,34.1536,10,0.0,False,dominant_holder,4,high
0611.HK,hk,52.4812,52.4812,0.13161182655,29.1,6,0.0,False,dominant_holder,4,high
0612.HK,hk,23.9965,23.9965,0.025398478457,12.6826,5,0.0,False,fragmented_or_mixed,4,high
0613.HK,hk,79.7952,79.7952,0.338078140422,55.1076,5,0.0,False,dominant_holder,4,high
0616.HK,hk,64.3289,64.3289,0.04265360739699999,9.3717,11,0.0,False,broad_institutional,4,high
0617.HK,hk,74.8779,74.8779,0.3961333831170001,62.2765,13,0.0,False,dominant_holder,4,high
0618.HK,hk,58.0334,58.0334,0.065813677738,17.5165,12,0.0,False,broad_institutional,4,high
0619.HK,hk,39.472,39.472,0.094413748896,29.9836,3,0.0,False,dominant_holder,4,high
0620.HK,hk,65.9289,65.9289,0.285794235443,51.6245,4,0.0,False,dominant_holder,4,high
0621.HK,hk,18.8581,18.8581,0.015814259493,11.0259,8,0.0,False,fragmented_or_mixed,4,high
0622.HK,hk,39.4444,39.4444,0.044250321266,15.5408,13,0.0,False,fragmented_or_mixed,4,high
0623.HK,hk,68.1202,68.1202,0.22062985741000005,45.7256,15,0.0,False,dominant_holder,4,high
0626.HK,hk,74.1352,74.1352,0.5363181042959999,73.2312,8,0.0,False,dominant_holder,4,high
0627.HK,hk,69.9682,69.9682,0.4895549011239999,69.9682,1,0.0,False,dominant_holder,4,high
0628.HK,hk,86.3769,86.3769,0.28546971715900005,42.0157,4,0.0,False,dominant_holder,4,high
0629.HK,hk,70.2731,70.2731,0.30294629779700005,52.0541,6,0.0,False,dominant_holder,4,high
0631.HK,hk,77.1699,74.6807,0.404302419713,63.502,20,2.4891999999999967,False,dominant_holder,4,high
0632.HK,hk,58.7593,58.7593,0.333469076277,57.7423,7,0.0,False,dominant_holder,4,high
0635.HK,hk,74.6442,74.6442,0.4483748091640001,66.7505,9,0.0,False,dominant_holder,4,high
0636.HK,hk,88.5722,88.0359,0.32343941333900006,51.5212,20,0.5362999999999971,False,dominant_holder,4,high
0637.HK,hk,72.4042,72.4042,0.5241499399239999,72.3982,2,0.0,False,dominant_holder,4,high
0638.HK,hk,23.9724,23.9724,0.036441549157,18.5562,16,0.0,False,fragmented_or_mixed,4,high
0639.HK,hk,71.6292,70.5193,0.14914283210499998,29.0298,20,1.1098999999999961,False,dominant_holder,4,high
0640.HK,hk,67.9009,67.9009,0.46105322208099997,67.9009,1,0.0,False,dominant_holder,4,high
0641.HK,hk,73.9502,73.9502,0.3442661307060001,55.9352,3,0.0,False,dominant_holder,4,high
0643.HK,hk,45.7069,45.7069,0.208910242493,45.7067,3,0.0,False,dominant_holder,4,high
0645.HK,hk,65.7602,65.7602,0.432440390404,65.7602,1,0.0,False,dominant_holder,4,high
0646.HK,hk,53.859,53.859,0.103608768688,25.8478,6,0.0,False,dominant_holder,4,high
0648.HK,hk,10.4232,10.4232,0.0047312355900000005,4.9945,3,0.0,False,fragmented_or_mixed,4,high
0650.HK,hk,60.8436,60.8436,0.15762309315400003,33.8282,9,0.0,False,dominant_holder,4,high
0653.HK,hk,49.4868,49.4868,0.10658387818199999,30.1091,6,0.0,False,dominant_holder,4,high
0655.HK,hk,59.5864,59.5864,0.220815252882,44.7843,9,0.0,False,dominant_holder,4,high
0656.HK,hk,75.7358,75.2261,0.5298432942869999,72.7834,20,0.5096999999999952,False,dominant_holder,4,high
0657.HK,hk,74.8562,74.8562,0.43849719698999995,65.6198,3,0.0,False,dominant_holder,4,high
0658.HK,hk,71.4955,71.4955,0.505285786769,71.0828,17,0.0,False,dominant_holder,4,high
0659.HK,hk,76.582,76.247,0.497426750674,70.4794,20,0.33499999999999375,False,dominant_holder,4,high
0660.HK,hk,76.8787,76.8787,0.45487187174100013,67.2086,5,0.0,False,dominant_holder,4,high
0661.HK,hk,71.4116,71.4116,0.4485617437,66.8489,9,0.0,False,dominant_holder,4,high
0662.HK,hk,89.9971,89.9971,0.39810305998500006,61.2535,11,0.0,False,dominant_holder,4,high
0664.HK,hk,81.6579,80.6145,0.091193201577,24.0588,20,1.0433999999999912,False,dominant_holder,4,high
0666.HK,hk,63.8509,62.1723,0.09482410904499998,28.2528,20,1.678600000000003,False,dominant_holder,4,high
0667.HK,hk,78.1737999999999,76.5884,0.18104530924599999,32.5383,20,1.5853999999999075,False,dominant_holder,4,high
0668.HK,hk,83.0916,83.0916,0.071397196166,14.4793,19,0.0,False,broad_institutional,4,high
0669.HK,hk,74.7576000000001,56.3498,0.04993054466600001,19.7447,20,18.407800000000094,False,broad_institutional,4,high
0670.HK,hk,87.1408,86.2473,0.32327129692299994,54.879,20,0.8935000000000031,False,dominant_holder,4,high
0672.HK,hk,58.223,58.223,0.3351013538280001,57.8872,3,0.0,False,dominant_holder,4,high
0673.HK,hk,68.5911,68.5911,0.169267236303,37.5648,7,0.0,False,dominant_holder,4,high
0674.HK,hk,74.9972,74.9972,0.364608761914,57.9167,2,0.0,False,dominant_holder,4,high
0675.HK,hk,59.4934,59.4934,0.25932549695,50.2725,4,0.0,False,dominant_holder,4,high
0676.HK,hk,65.3862,65.3862,0.411700458698,64.1544,3,0.0,False,dominant_holder,4,high
0677.HK,hk,59.4586,59.4586,0.13132460444400001,32.2876,12,0.0,False,dominant_holder,4,high
0679.HK,hk,73.0332,73.0332,0.30329692477799997,53.3346,6,0.0,False,dominant_holder,4,high
0681.HK,hk,47.401,47.401,0.11092783821400003,30.5532,6,0.0,False,dominant_holder,4,high
0682.HK,hk,16.4615,16.4615,0.026444033158999992,16.2613,7,0.0,False,fragmented_or_mixed,4,high
0683.HK,hk,74.4076,71.3808,0.36364948094800004,60.2279,20,3.0268000000000086,False,dominant_holder,4,high
0684.HK,hk,74.4542,74.4542,0.20457808002800007,40.4804,7,0.0,False,dominant_holder,4,high
0685.HK,hk,74.3155,74.3155,0.094630825051,23.373,19,0.0,False,dominant_holder,4,high
0686.HK,hk,74.0475,74.0475,0.145779099887,32.6393,14,0.0,False,dominant_holder,4,high
0687.HK,hk,87.0649,87.0649,0.49992954767099995,69.9977,4,0.0,False,dominant_holder,4,high
0688.HK,hk,85.1042,79.4502,0.3277522091740001,56.1007,20,5.654000000000011,False,dominant_holder,4,high
0689.HK,hk,52.0714,52.0714,0.07452358048600001,18.088,6,0.0,False,broad_institutional,4,high
0690.HK,hk,47.956,47.956,0.085031031474,26.4765,12,0.0,False,dominant_holder,4,high
0691.HK,hk,84.6396,84.6396,0.131323982544,21.8528,10,0.0,False,dominant_holder,4,high
0693.HK,hk,69.7824,69.7824,0.15200147137799996,35.0577,19,0.0,False,dominant_holder,4,high
0694.HK,hk,72.9732000000001,70.0424,0.037800297485999994,9.0292,20,2.9308000000001044,False,broad_institutional,4,high
0695.HK,hk,64.4264,64.4264,0.301007834195,53.8949,4,0.0,False,dominant_holder,4,high
0696.HK,hk,45.4029,37.8143,0.012226391851,6.0122,20,7.5886,False,fragmented_or_mixed,4,high
0697.HK,hk,59.5711,59.0413,0.050818255209,13.0672,20,0.5298000000000016,False,broad_institutional,4,high
0698.HK,hk,42.4245,42.4245,0.15202293822700003,38.9515,17,0.0,False,dominant_holder,4,high
0699.HK,hk,26.5382,26.5128,0.014748544387999999,9.9259,20,0.0254000000000012,False,fragmented_or_mixed,4,high
0700.HK,hk,57.3254000000005,43.8669,0.061486707603000006,22.8706,20,13.458500000000498,False,dominant_holder,4,high
0701.HK,hk,58.1181,58.1181,0.25646384771700004,50.3112,5,0.0,False,dominant_holder,4,high
0702.HK,hk,4.7379,4.7379,0.002244769641,4.7379,1,0.0,False,fragmented_or_mixed,4,high
0703.HK,hk,54.5366,54.5366,0.18038036254800002,40.362,5,0.0,False,dominant_holder,4,high
0704.HK,hk,56.7846,56.7846,0.25843228419799996,50.5701,4,0.0,False,dominant_holder,4,high
0707.HK,hk,37.2892,37.2892,0.027704877007,10.5773,7,0.0,False,fragmented_or_mixed,4,high
0708.HK,hk,58.0046,58.0046,0.33596184266000007,57.9622,5,0.0,False,dominant_holder,4,high
0709.HK,hk,33.9502,33.9501,0.061126283202999995,24.0154,20,0.00010000000000331966,False,dominant_holder,4,high
0710.HK,hk,57.5367,57.3363,0.281474202875,53.0247,20,0.2004000000000019,False,dominant_holder,4,high
0711.HK,hk,74.4133,74.4133,0.31432022580300006,54.9246,8,0.0,False,dominant_holder,4,high
0712.HK,hk,49.7673,49.7673,0.04372357603100001,11.6019,6,0.0,False,fragmented_or_mixed,4,high
0713.HK,hk,56.2581,56.2581,0.13758771503499997,35.4614,11,0.0,False,dominant_holder,4,high
0716.HK,hk,53.8904,53.8736,0.17888913956799996,41.7187,20,0.016799999999996373,False,dominant_holder,4,high
0717.HK,hk,48.4906,48.4906,0.18498784048400002,42.7175,9,0.0,False,dominant_holder,4,high
0718.HK,hk,75.0008,75.0008,0.5624205065299999,74.9947,2,0.0,False,dominant_holder,4,high
0719.HK,hk,18.9819,18.9819,0.015450251242999999,10.6809,19,0.0,False,fragmented_or_mixed,4,high
0720.HK,hk,34.7135,34.7135,0.049356849631,20.6134,6,0.0,False,dominant_holder,4,high
0721.HK,hk,49.9523,49.9523,0.037689028803,9.1169,8,0.0,False,fragmented_or_mixed,4,high
0722.HK,hk,72.8436,72.8436,0.13771479641000003,30.92,13,0.0,False,dominant_holder,4,high
0723.HK,hk,22.3466,22.3466,0.049937053156,22.3466,2,0.0,False,dominant_holder,4,high
0724.HK,hk,27.7161,27.7161,0.07681821992099999,27.7161,1,0.0,False,dominant_holder,4,high
0725.HK,hk,74.3615,74.3615,0.551932093877,74.2921,2,0.0,False,dominant_holder,4,high
0726.HK,hk,75.0737,75.0737,0.43583643532899996,65.3052,3,0.0,False,dominant_holder,4,high
0727.HK,hk,78.1451,78.1451,0.16149827427299998,29.0398,8,0.0,False,dominant_holder,4,high
0728.HK,hk,21.2263,20.669,0.011506220182000001,8.7738,20,0.5572999999999979,False,fragmented_or_mixed,4,high
0730.HK,hk,73.2291,73.2291,0.38343973129700004,61.3499,5,0.0,False,dominant_holder,4,high
0731.HK,hk,76.0728,76.0728,0.49368788998399993,70.0,2,0.0,False,dominant_holder,4,high
0732.HK,hk,61.4438,61.4358,0.30858413000999996,55.4634,20,0.008000000000002672,False,dominant_holder,4,high
0733.HK,hk,44.2584,44.2584,0.080539934678,23.5536,5,0.0,False,dominant_holder,4,high
0736.HK,hk,16.6665,16.6665,0.0048609222569999996,3.3331,6,0.0,False,fragmented_or_mixed,4,high
0737.HK,hk,91.8498,91.8498,0.563209552114,73.9762,11,0.0,False,dominant_holder,4,high
0738.HK,hk,61.2188,61.2188,0.12370895349800001,32.4577,9,0.0,False,dominant_holder,4,high
0743.HK,hk,75.4909,75.4894,0.46062274064200015,67.7288,20,0.0014999999999929514,False,dominant_holder,4,high
0745.HK,hk,0.0,0.0,0.0,0.0,1,0.0,False,fragmented_or_mixed,4,high
0746.HK,hk,75.4887,75.4887,0.4325151377290001,65.0,10,0.0,False,dominant_holder,4,high
0750.HK,hk,75.0026,75.0026,0.454311388518,66.9161,6,0.0,False,dominant_holder,4,high
0751.HK,hk,73.9101,73.5233,0.4113335258209999,64.0231,20,0.3867999999999938,False,dominant_holder,4,high
0752.HK,hk,73.6753,73.6282,0.15390962159000002,36.1842,20,0.04709999999998615,False,dominant_holder,4,high
0753.HK,hk,76.2825,74.8711,0.29871372402499996,53.1463,20,1.4114000000000004,False,dominant_holder,4,high
0754.HK,hk,76.4427,76.3591,0.32287937343900003,53.7546,20,0.08360000000000412,False,dominant_holder,4,high
0755.HK,hk,69.4294,69.4294,0.12911247152600003,24.9917,4,0.0,False,dominant_holder,4,high
0756.HK,hk,71.4527,71.4527,0.5105488337289998,71.4527,1,0.0,False,dominant_holder,4,high
0757.HK,hk,32.9092,32.9092,0.050928167161999986,21.4288,10,0.0,False,dominant_holder,4,high
0759.HK,hk,76.0188,76.0188,0.44486912698,66.3917,5,0.0,False,dominant_holder,4,high
0760.HK,hk,64.1998,64.1998,0.41214217251400015,64.1983,2,0.0,False,dominant_holder,4,high
0762.HK,hk,81.2556,81.1103,0.3562197694169999,53.5198,20,0.14530000000000598,False,dominant_holder,4,high
0763.HK,hk,31.2817,26.6592,0.006700961315999999,5.084,20,4.622500000000002,False,fragmented_or_mixed,4,high
0764.HK,hk,24.6557,24.6557,0.031296837805000005,14.4923,6,0.0,False,fragmented_or_mixed,4,high
0765.HK,hk,62.0132,62.0132,0.119844501374,27.606,7,0.0,False,dominant_holder,4,high
0767.HK,hk,53.3509,53.3509,0.046188577409,14.8676,11,0.0,False,broad_institutional,4,high
0768.HK,hk,73.8363,73.8363,0.293328454025,47.1011,3,0.0,False,dominant_holder,4,high
0769.HK,hk,42.8689,42.8689,0.08517357215499999,25.3428,11,0.0,False,dominant_holder,4,high
0770.HK,hk,61.7865,61.7865,0.063854918001,15.8274,9,0.0,False,broad_institutional,4,high
0771.HK,hk,67.306,67.306,0.45160719384399994,67.2017,5,0.0,False,dominant_holder,4,high
0772.HK,hk,76.299,73.676,0.329489776244,57.1417,20,2.6230000000000047,False,dominant_holder,4,high
0775.HK,hk,75.699,75.699,0.29245617929000006,45.3189,20,0.0,False,dominant_holder,4,high
0776.HK,hk,16.6979,16.6979,0.026501325733000007,16.2737,4,0.0,False,fragmented_or_mixed,4,high
0777.HK,hk,64.9722,62.4001,0.138899647653,36.3197,20,2.572099999999999,False,dominant_holder,4,high
0780.HK,hk,82.4302,72.0407,0.10484873658699999,23.7961,20,10.389499999999998,False,dominant_holder,4,high
0784.HK,hk,77.1538,77.1538,0.495337708394,70.0175,5,0.0,False,dominant_holder,4,high
0788.HK,hk,34.0225,25.8383,0.006303002399,4.956,20,8.1842,False,fragmented_or_mixed,4,high
0789.HK,hk,63.4888,63.4888,0.301027040194,54.0475,2,0.0,False,dominant_holder,4,high
0794.HK,hk,70.3749,70.3749,0.4952626550009999,70.3749,1,0.0,False,dominant_holder,4,high
0797.HK,hk,70.3225,70.3225,0.088566033463,19.2469,8,0.0,False,broad_institutional,4,high
0798.HK,hk,72.8062,72.8062,0.19138357221799998,34.4196,9,0.0,False,dominant_holder,4,high
0799.HK,hk,44.8156,44.177,0.048260820988,16.9191,20,0.6386000000000038,False,fragmented_or_mixed,4,high
0800.HK,hk,31.5997,31.576,0.01300689922,6.8322,20,0.023699999999998056,False,fragmented_or_mixed,4,high
0802.HK,hk,33.5116,33.5116,0.051817982054000004,20.8667,3,0.0,False,dominant_holder,4,high
0804.HK,hk,7.9491,7.9491,0.006318819080999999,7.9491,2,0.0,False,fragmented_or_mixed,4,high
0805.HK,hk,69.8989,69.8989,0.254320498035,48.6948,5,0.0,False,dominant_holder,4,high
0806.HK,hk,45.7479,45.7472,0.05971034849000001,20.036,20,0.0007000000000019213,False,dominant_holder,4,high
0807.HK,hk,70.0208,70.0208,0.2670038627079999,50.1169,10,0.0,False,dominant_holder,4,high
0809.HK,hk,80.8293,80.8293,0.28068050325500005,49.4887,6,0.0,False,dominant_holder,4,high
0810.HK,hk,50.4265,50.4265,0.25428319022499996,50.4265,1,0.0,False,dominant_holder,4,high
0811.HK,hk,45.3135,44.2551,0.06065959320899999,20.5414,20,1.058399999999999,False,dominant_holder,4,high
0813.HK,hk,34.7012,34.7012,0.06489150522599998,24.6895,20,0.0,False,dominant_holder,4,high
0814.HK,hk,13.7077,13.7077,0.018790103929,13.7077,1,0.0,False,fragmented_or_mixed,4,high
0815.HK,hk,47.2791,47.2728,0.021171423875999996,7.8103,20,0.006300000000003081,False,fragmented_or_mixed,4,high
0816.HK,hk,75.0715,75.0715,0.4582333751570001,67.278,15,0.0,False,dominant_holder,4,high
0817.HK,hk,71.2545,70.0972,0.17409157293,38.3626,20,1.1572999999999922,False,dominant_holder,4,high
0818.HK,hk,47.3687,47.3687,0.06969968295100001,22.2226,20,0.0,False,dominant_holder,4,high
0819.HK,hk,53.4072,51.7268,0.135338808356,36.5284,20,1.680400000000006,False,dominant_holder,4,high
0821.HK,hk,9.6989,9.6989,0.008394733621000001,9.1464,4,0.0,False,fragmented_or_mixed,4,high
0822.HK,hk,65.0282,65.0282,0.40400759045600004,63.5494,5,0.0,False,dominant_holder,4,high
0825.HK,hk,74.9983,74.9983,0.562314026403,74.9876,6,0.0,False,dominant_holder,4,high
0826.HK,hk,63.8974,63.2085,0.14772479044700007,28.7801,20,0.6888999999999967,False,dominant_holder,4,high
0827.HK,hk,23.7591,23.7591,0.032766072545000004,16.6447,5,0.0,False,fragmented_or_mixed,4,high
0828.HK,hk,74.9242,74.9242,0.247000694022,42.8012,4,0.0,False,dominant_holder,4,high
0829.HK,hk,73.0465,73.0465,0.19402680498499997,39.7099,13,0.0,False,dominant_holder,4,high
0830.HK,hk,88.9868,88.9868,0.513433786334,70.8052,20,0.0,False,dominant_holder,4,high
0831.HK,hk,64.3895,64.3895,0.17429398454300002,39.8641,18,0.0,False,dominant_holder,4,high
0832.HK,hk,71.0,71.0,0.260079841784,41.8666,3,0.0,False,dominant_holder,4,high
0833.HK,hk,68.5476,68.5476,0.23616734872200001,46.4784,6,0.0,False,dominant_holder,4,high
0834.HK,hk,71.9566,71.9566,0.5177752283559999,71.9566,2,0.0,False,dominant_holder,4,high
0836.HK,hk,70.1264,68.2613,0.38150357085699993,61.7343,20,1.8650999999999982,False,dominant_holder,4,high
0837.HK,hk,67.4693,67.4693,0.45463741097199994,67.4268,6,0.0,False,dominant_holder,4,high
0838.HK,hk,46.4225,46.4225,0.15602602762899997,39.282,17,0.0,False,dominant_holder,4,high
0839.HK,hk,77.1137,76.6664,0.20330351380200004,31.4209,20,0.4472999999999985,False,dominant_holder,4,high
0840.HK,hk,7.1181,7.1181,0.005066734760999999,7.1181,1,0.0,False,fragmented_or_mixed,4,high
0841.HK,hk,61.6563,61.6563,0.201783597849,38.4795,2,0.0,False,dominant_holder,4,high
0842.HK,hk,74.3239,74.3239,0.543999822445,73.7559,17,0.0,False,dominant_holder,4,high
0844.HK,hk,52.7297,52.7297,0.27804212620900004,52.7297,1,0.0,False,dominant_holder,4,high
0845.HK,hk,34.6351,34.6351,0.11892709823300002,34.4855,6,0.0,False,dominant_holder,4,high
0846.HK,hk,83.5568,83.5568,0.6968064010740002,83.4749,8,0.0,False,dominant_holder,4,high
0848.HK,hk,82.6932,82.6932,0.6835916351519999,82.6796,4,0.0,False,dominant_holder,4,high
0851.HK,hk,68.3716,68.3716,0.467467568656,68.3716,1,0.0,False,dominant_holder,4,high
0852.HK,hk,73.9821,73.9821,0.27246335630300006,49.0611,4,0.0,False,dominant_holder,4,high
0853.HK,hk,52.9821,51.4923,0.07378580825299999,24.906,20,1.4898000000000025,False,dominant_holder,4,high
0854.HK,hk,87.8295,87.8295,0.5627725163570001,74.7223,9,0.0,False,dominant_holder,4,high
0855.HK,hk,73.4749,72.5442,0.15576487001,27.4979,20,0.9307000000000016,False,dominant_holder,4,high
0856.HK,hk,75.6742,73.5489,0.07426948973099999,14.2895,20,2.1252999999999957,False,broad_institutional,4,high
0857.HK,hk,33.5724000000001,22.1949,0.004202246537,3.8777,20,11.3775000000001,False,fragmented_or_mixed,4,high
0858.HK,hk,34.5464,34.5464,0.030514585932,12.069,8,0.0,False,fragmented_or_mixed,4,high
0859.HK,hk,84.9071,84.9071,0.5721016121209999,74.9836,2,0.0,False,dominant_holder,4,high
0860.HK,hk,50.2406,50.2406,0.08187866112400001,21.5307,9,0.0,False,dominant_holder,4,high
0861.HK,hk,82.7439,82.7352,0.09864332663800002,17.911,20,0.008699999999990382,False,broad_institutional,4,high
0862.HK,hk,32.4501,32.4501,0.101134058733,31.7979,5,0.0,False,dominant_holder,4,high
0863.HK,hk,42.2206,41.3671,0.08543770218100002,28.888,20,0.8534999999999968,False,dominant_holder,4,high
0864.HK,hk,74.065,74.065,0.54852539125,74.0625,2,0.0,False,dominant_holder,4,high
0865.HK,hk,56.5005,56.5005,0.160627780013,30.5002,2,0.0,False,dominant_holder,4,high
0866.HK,hk,68.3179,68.3179,0.38275019171900004,61.7314,13,0.0,False,dominant_holder,4,high
0867.HK,hk,74.1048,69.4454,0.235006139576,47.9861,20,4.659399999999991,False,dominant_holder,4,high
0868.HK,hk,77.0345,72.9791,0.081137915679,22.1915,20,4.055399999999992,False,dominant_holder,4,high
0869.HK,hk,65.5964,65.5964,0.285549066676,52.8089,13,0.0,False,dominant_holder,4,high
0871.HK,hk,49.7232,49.7232,0.21871666918400004,46.6672,2,0.0,False,dominant_holder,4,high
0873.HK,hk,56.9497,56.9497,0.3016862259490001,54.8983,18,0.0,False,dominant_holder,4,high
0874.HK,hk,24.7318,23.5149,0.007956202031,6.0342,20,1.216899999999999,False,fragmented_or_mixed,4,high
0875.HK,hk,43.3587,43.3587,0.147779437221,38.0826,4,0.0,False,dominant_holder,4,high
0876.HK,hk,59.6258,59.6258,0.21199135155400003,44.5245,4,0.0,False,dominant_holder,4,high
0878.HK,hk,75.3046,75.3046,0.562084795462,74.9718,6,0.0,False,dominant_holder,4,high
0880.HK,hk,69.4487999999999,69.0156,0.3076051033279999,54.8116,20,0.4331999999998999,False,dominant_holder,4,high
0881.HK,hk,80.8426000000001,78.0914,0.115096791534,20.5602,20,2.751200000000111,False,dominant_holder,4,high
0882.HK,hk,64.7564,64.7564,0.39468294080800004,62.8055,12,0.0,False,dominant_holder,4,high
0883.HK,hk,69.3272000000001,68.8791,0.439651068155,66.301,20,0.4481000000001103,False,dominant_holder,4,high
0884.HK,hk,49.0647,49.0615,0.050654614136999995,15.1595,20,0.0031999999999996476,False,fragmented_or_mixed,4,high
0887.HK,hk,68.9352,68.9352,0.37028558396999994,60.6298,20,0.0,False,dominant_holder,4,high
0888.HK,hk,73.2816,73.2816,0.26224684447,47.8611,6,0.0,False,dominant_holder,4,high
0889.HK,hk,72.3166,72.3166,0.522964724578,72.3163,2,0.0,False,dominant_holder,4,high
0893.HK,hk,53.7856,53.7856,0.20852192596000005,44.7642,2,0.0,False,dominant_holder,4,high
0894.HK,hk,59.8885,59.8885,0.20953719557699998,44.2953,5,0.0,False,dominant_holder,4,high
0895.HK,hk,26.1315,26.1315,0.024818838761,12.581,8,0.0,False,fragmented_or_mixed,4,high
0896.HK,hk,60.9552,60.9552,0.14415517389799998,35.7346,13,0.0,False,dominant_holder,4,high
0897.HK,hk,72.7149,72.7149,0.5287456682010001,72.7149,1,0.0,False,dominant_holder,4,high
0898.HK,hk,66.9101,66.9101,0.4476854427130001,66.9093,2,0.0,False,dominant_holder,4,high
0899.HK,hk,48.9439,48.9439,0.05875283350300001,16.0947,10,0.0,False,fragmented_or_mixed,4,high
0900.HK,hk,82.7213,82.7213,0.342969653089,56.5396,16,0.0,False,dominant_holder,4,high
0901.HK,hk,72.277,68.2011,0.07585087791100002,24.0154,20,4.075900000000004,False,dominant_holder,4,high
0902.HK,hk,51.3285,46.1144,0.03312367353400001,12.8414,20,5.214099999999995,False,broad_institutional,4,high
0905.HK,hk,64.444,64.444,0.31731786865800005,55.6405,3,0.0,False,dominant_holder,4,high
0907.HK,hk,5.616,5.616,0.020585512320999998,11.9489,4,0.0,False,fragmented_or_mixed,4,high
0909.HK,hk,60.6551,60.541,0.07136569582000002,19.8808,20,0.11410000000000053,False,broad_institutional,4,high
0910.HK,hk,57.0234,57.0234,0.325166814756,57.0234,1,0.0,False,dominant_holder,4,high
0911.HK,hk,52.6711,52.6711,0.277424477521,52.6711,2,0.0,False,dominant_holder,4,high
0912.HK,hk,65.9219,65.9219,0.187731195359,38.625,8,0.0,False,dominant_holder,4,high
0913.HK,hk,0.2114,0.2114,4.468996e-06,0.2114,1,0.0,False,fragmented_or_mixed,4,high
0914.HK,hk,74.0242,62.2563,0.032983229532999994,9.0381,20,11.76789999999999,False,broad_institutional,4,high
0915.HK,hk,56.091,56.091,0.20758851524,43.9934,4,0.0,False,dominant_holder,4,high
0916.HK,hk,60.1593,53.7864,0.04659614568200001,17.0009,20,6.372900000000001,False,broad_institutional,4,high
0917.HK,hk,68.4763000000001,68.1702,0.09230605910599998,27.2913,20,0.3061000000001002,False,dominant_holder,4,high
0918.HK,hk,61.335,61.335,0.243261903782,47.3255,3,0.0,False,dominant_holder,4,high
0919.HK,hk,74.9881,74.9881,0.560652615375,74.8767,4,0.0,False,dominant_holder,4,high
0921.HK,hk,52.3269,50.5623,0.08808589122299999,27.0789,20,1.7646000000000015,False,dominant_holder,4,high
0922.HK,hk,68.533,68.533,0.34983633115799995,58.4923,4,0.0,False,dominant_holder,4,high
0923.HK,hk,73.0357,73.0357,0.25622066258700005,46.9241,3,0.0,False,dominant_holder,4,high
0924.HK,hk,55.0,55.0,0.30250000000000005,55.0,1,0.0,False,dominant_holder,4,high
0926.HK,hk,59.7984,59.7984,0.25790763768200003,50.0709,5,0.0,False,dominant_holder,4,high
0927.HK,hk,63.0084,63.0084,0.072371868046,15.645,9,0.0,False,broad_institutional,4,high
0928.HK,hk,48.499,48.499,0.12036165737799998,27.9603,3,0.0,False,dominant_holder,4,high
0929.HK,hk,70.679,70.679,0.31288232104999997,54.9032,7,0.0,False,dominant_holder,4,high
0931.HK,hk,58.976,58.976,0.3012986259739999,54.8413,7,0.0,False,dominant_holder,4,high
0932.HK,hk,51.5597,51.5597,0.255435108217,50.5301,2,0.0,False,dominant_holder,4,high
0933.HK,hk,70.3036,70.1477,0.09598010291899997,21.4129,20,0.1559000000000026,False,dominant_holder,4,high
0934.HK,hk,74.8428,74.651,0.37110892703599996,60.334,20,0.19180000000000064,False,dominant_holder,4,high
0936.HK,hk,68.8699,68.8699,0.176311947413,30.6057,3,0.0,False,dominant_holder,4,high
0938.HK,hk,73.7529,73.7529,0.543949025841,73.7529,1,0.0,False,dominant_holder,4,high
0939.HK,hk,78.6546000000003,74.4533,0.394590818385,62.581,20,4.201300000000302,False,dominant_holder,4,high
0941.HK,hk,73.0489000000001,72.8324,0.513437407764,71.6528,20,0.21650000000009584,False,dominant_holder,4,high
0943.HK,hk,84.2238,84.2238,0.19523161392199997,33.9116,6,0.0,False,dominant_holder,4,high
0945.HK,hk,55.3048000000004,28.4671,0.005046223575,3.371,20,26.8377000000004,False,broad_institutional,4,high
0947.HK,hk,39.6927,39.6927,0.08977059719700001,28.94,5,0.0,False,dominant_holder,4,high
0948.HK,hk,63.7917,63.7917,0.26194967586499995,50.215,4,0.0,False,dominant_holder,4,high
0950.HK,hk,55.2888,55.2888,0.06577714640000001,19.3604,20,0.0,False,broad_institutional,4,high
0951.HK,hk,54.8158,54.8158,0.09106017186400002,26.1892,20,0.0,False,dominant_holder,4,high
0952.HK,hk,75.205,75.205,0.4533277328859999,67.002,4,0.0,False,dominant_holder,4,high
0953.HK,hk,36.1403,36.1403,0.09347428750899998,29.9378,2,0.0,False,dominant_holder,4,high
0954.HK,hk,16.4257,16.4257,0.010766301116999999,7.7104,4,0.0,False,fragmented_or_mixed,4,high
0956.HK,hk,66.3012,64.7546,0.057394612706000006,14.7899,20,1.546599999999998,False,broad_institutional,4,high
0959.HK,hk,47.0393,47.0393,0.046813980890999994,13.0458,11,0.0,False,fragmented_or_mixed,4,high
0960.HK,hk,78.3376,75.4632,0.22422980191599998,43.016,20,2.8743999999999943,False,dominant_holder,4,high
0966.HK,hk,73.8901999999999,70.5023,0.37607206093699996,61.255,20,3.3878999999998882,False,dominant_holder,4,high
0968.HK,hk,82.7204000000001,68.8739,0.075679502335,23.8193,20,13.846500000000091,False,dominant_holder,4,high
0969.HK,hk,60.0564,60.0564,0.16175547917,36.51,3,0.0,False,dominant_holder,4,high
0970.HK,hk,72.2003,72.2003,0.057645919079,13.7618,16,0.0,False,broad_institutional,4,high
0974.HK,hk,79.9287,79.9287,0.505017152225,70.4264,2,0.0,False,dominant_holder,4,high
0975.HK,hk,60.5142,60.4741,0.11362862223700002,31.2754,20,0.04010000000000247,False,dominant_holder,4,high
0976.HK,hk,61.3582,61.3582,0.233678044682,45.9527,5,0.0,False,dominant_holder,4,high
0978.HK,hk,75.3212,75.3212,0.5527907311140001,74.3465,6,0.0,False,dominant_holder,4,high
0979.HK,hk,32.2544,32.2544,0.047066427886,19.7469,4,0.0,False,fragmented_or_mixed,4,high
0980.HK,hk,41.8889,41.8889,0.050990336460999985,14.3202,6,0.0,False,fragmented_or_mixed,4,high
0981.HK,hk,36.4033,33.054,0.03477707530600001,18.0085,20,3.3492999999999995,False,fragmented_or_mixed,4,high
0983.HK,hk,68.4928,68.4928,0.403265556134,63.2949,4,0.0,False,dominant_holder,4,high
0984.HK,hk,60.6069,60.6069,0.367124519805,60.5908,3,0.0,False,dominant_holder,4,high
0987.HK,hk,74.9122,74.9122,0.5599535607699999,74.83,7,0.0,False,dominant_holder,4,high
0989.HK,hk,59.0868,59.0868,0.09661539413799998,24.9149,8,0.0,False,dominant_holder,4,high
0990.HK,hk,64.4346999999999,64.3383,0.34743733201699994,58.8869,20,0.09639999999990323,False,dominant_holder,4,high
0991.HK,hk,59.231,59.0371,0.2878489233590001,53.6054,20,0.1938999999999993,False,dominant_holder,4,high
0992.HK,hk,72.2264,58.9692,0.11390713401,32.9507,20,13.257199999999997,False,dominant_holder,4,high
0993.HK,hk,71.3385,71.3385,0.27887667463700005,50.9962,6,0.0,False,dominant_holder,4,high
0994.HK,hk,48.8551,48.8551,0.07317849186,19.4995,6,0.0,False,fragmented_or_mixed,4,high
0995.HK,hk,45.8333,43.6922,0.04236632450000001,17.0161,20,2.1411000000000016,False,fragmented_or_mixed,4,high
0997.HK,hk,59.965,59.965,0.35958012250000004,59.965,1,0.0,False,dominant_holder,4,high
0998.HK,hk,58.0782,51.5678,0.061583258833999996,18.5696,20,6.510400000000004,False,broad_institutional,4,high
0999.HK,hk,92.4643,92.4119,0.3540674812469999,48.9505,20,0.052399999999991564,False,dominant_holder,4,high
1000.HK,hk,43.3571,43.3571,0.132634184021,35.5786,2,0.0,False,dominant_holder,4,high
1001.HK,hk,52.4478,52.4478,0.11606202734599999,29.917,4,0.0,False,dominant_holder,4,high
1002.HK,hk,67.7606,67.7606,0.131819441898,30.4208,13,0.0,False,dominant_holder,4,high
1003.HK,hk,63.5905,63.5905,0.065915266763,16.5972,14,0.0,False,broad_institutional,4,high
1004.HK,hk,73.9076,73.9076,0.21366827229,43.6519,5,0.0,False,dominant_holder,4,high
1005.HK,hk,74.2027,74.2027,0.5080940747549999,71.2207,6,0.0,False,dominant_holder,4,high
1007.HK,hk,27.8715,27.8715,0.07768205122499999,27.8715,1,0.0,False,dominant_holder,4,high
1008.HK,hk,80.2568,80.2568,0.360469649244,57.4951,5,0.0,False,dominant_holder,4,high
1009.HK,hk,28.6162,28.6162,0.0453280081,18.9898,2,0.0,False,fragmented_or_mixed,4,high
1010.HK,hk,34.4571,34.4571,0.042913843396999996,15.4177,3,0.0,False,fragmented_or_mixed,4,high
1011.HK,hk,84.786,84.786,0.151634503044,32.026,11,0.0,False,dominant_holder,4,high
1013.HK,hk,83.1814,83.1814,0.5616992330580002,74.4616,3,0.0,False,dominant_holder,4,high
1020.HK,hk,44.7275,44.7275,0.10564387292499998,27.663,3,0.0,False,dominant_holder,4,high
1021.HK,hk,87.0446,81.705,0.07862952155600002,20.9832,20,5.339600000000004,False,dominant_holder,4,high
1022.HK,hk,62.4177,62.4177,0.11309501069899999,28.1298,9,0.0,False,dominant_holder,4,high
1023.HK,hk,71.0665,71.0665,0.265478381141,45.3394,5,0.0,False,dominant_holder,4,high
1024.HK,hk,51.6518,37.5054,0.016770929533999997,11.0339,20,14.1464,False,broad_institutional,4,high
1025.HK,hk,6.0676,6.0676,0.001508518786,2.9175,4,0.0,False,fragmented_or_mixed,4,high
1026.HK,hk,38.3253,38.3253,0.05219257812900001,17.4341,4,0.0,False,fragmented_or_mixed,4,high
1027.HK,hk,32.2069,32.2069,0.089766138101,29.9439,8,0.0,False,dominant_holder,4,high
1028.HK,hk,35.121,35.121,0.053730472364,19.8746,3,0.0,False,fragmented_or_mixed,4,high
1029.HK,hk,73.9468,73.9468,0.546812923024,73.9468,2,0.0,False,dominant_holder,4,high
1030.HK,hk,70.3838,69.7923,0.39746176537300004,63.0132,20,0.5914999999999964,False,dominant_holder,4,high
1033.HK,hk,58.6549,58.5904,0.23247587216200002,47.981,20,0.06449999999999534,False,dominant_holder,4,high
1036.HK,hk,82.8182,82.8182,0.5684641588839999,75.0,3,0.0,False,dominant_holder,4,high
1037.HK,hk,40.5006,40.5006,0.07079554197599999,23.6821,5,0.0,False,dominant_holder,4,high
1038.HK,hk,83.5012000000001,81.8356,0.5730991572799999,75.6737,20,1.6656000000000972,False,dominant_holder,4,high
1039.HK,hk,84.6873,84.6873,0.192389088701,38.999,8,0.0,False,dominant_holder,4,high
1044.HK,hk,67.8130999999999,61.3082,0.10033442613799999,23.534,20,6.504899999999907,False,dominant_holder,4,high
1045.HK,hk,61.4593,61.4593,0.27289039569900003,51.9022,20,0.0,False,dominant_holder,4,high
1046.HK,hk,73.9492,73.9492,0.48577211050400004,69.596,3,0.0,False,dominant_holder,4,high
1047.HK,hk,71.6041,71.6041,0.29497385205299986,53.2832,6,0.0,False,dominant_holder,4,high
1049.HK,hk,67.5571,67.5571,0.248295796473,49.0706,8,0.0,False,dominant_holder,4,high
1050.HK,hk,75.8916,75.8916,0.201993053582,39.8266,20,0.0,False,dominant_holder,4,high
1051.HK,hk,48.6761,48.6761,0.11375790142099998,28.3796,13,0.0,False,dominant_holder,4,high
1052.HK,hk,65.8355,65.5945,0.21838231851499998,44.1993,20,0.24099999999999966,False,dominant_holder,4,high
1053.HK,hk,0.0591,0.0591,2.67363e-07,0.0513,4,0.0,False,fragmented_or_mixed,4,high
1055.HK,hk,74.3856,73.3212,0.33007011504599987,57.0378,20,1.064399999999992,False,dominant_holder,4,high
1057.HK,hk,12.0348,12.0348,0.004269943428000001,4.4763,14,0.0,False,fragmented_or_mixed,4,high
1058.HK,hk,71.3395,71.3395,0.30780162602500005,52.0,2,0.0,False,dominant_holder,4,high
1059.HK,hk,36.431,36.431,0.05043626929799999,18.2993,3,0.0,False,fragmented_or_mixed,4,high
1060.HK,hk,72.0721,70.7263,0.29059303713900003,53.3783,20,1.3458000000000112,False,dominant_holder,4,high
1061.HK,hk,55.4016,55.4016,0.13411009760599998,26.0371,18,0.0,False,dominant_holder,4,high
1062.HK,hk,71.797,71.797,0.44084856293200003,66.1564,3,0.0,False,dominant_holder,4,high
1063.HK,hk,0.0,0.0,0.0,0.0,2,0.0,False,fragmented_or_mixed,4,high
1064.HK,hk,43.1164,43.1164,0.050383601458,14.0512,6,0.0,False,fragmented_or_mixed,4,high
1065.HK,hk,58.8956,58.8956,0.219270046648,46.1635,18,0.0,False,dominant_holder,4,high
1066.HK,hk,72.6622,68.1762,0.23193556226199996,47.6643,20,4.486000000000004,False,dominant_holder,4,high
1068.HK,hk,25.8235,25.8235,0.066685315225,25.8235,1,0.0,False,dominant_holder,4,high
1069.HK,hk,4.9781,4.9781,0.0019301386450000003,4.3479,3,0.0,False,fragmented_or_mixed,4,high
1070.HK,hk,75.3101,71.7597,0.3012045960749999,54.5376,20,3.5504000000000104,False,dominant_holder,4,high
1071.HK,hk,26.5315,24.6226,0.00927130356,7.02,20,1.9089000000000027,False,fragmented_or_mixed,4,high
1072.HK,hk,26.0156,21.8021,0.006001628562999999,6.318,20,4.2135,False,fragmented_or_mixed,4,high
1073.HK,hk,86.1403,86.1403,0.19735730311700003,29.8596,7,0.0,False,dominant_holder,4,high
1079.HK,hk,50.1126,50.1126,0.251127267876,50.1126,3,0.0,False,dominant_holder,4,high
1080.HK,hk,38.3883,38.3883,0.050174160837,16.0026,6,0.0,False,fragmented_or_mixed,4,high
1081.HK,hk,70.4636,70.4636,0.04972129798599999,13.8285,20,0.0,False,broad_institutional,4,high
1082.HK,hk,28.9241,28.9241,0.08366035608099999,28.9241,1,0.0,False,dominant_holder,4,high
1083.HK,hk,84.9513,84.5413,0.49856487501500013,70.105,20,0.4099999999999966,False,dominant_holder,4,high
1084.HK,hk,71.9873,71.9873,0.09548385066299998,18.4986,9,0.0,False,broad_institutional,4,high
1085.HK,hk,26.7962,26.7962,0.05583906602,23.3824,2,0.0,False,dominant_holder,4,high
1086.HK,hk,54.5818,54.5583,0.07959429622699998,24.4732,20,0.023499999999998522,False,dominant_holder,4,high
1087.HK,hk,41.0084,41.0084,0.071464583894,24.6805,4,0.0,False,dominant_holder,4,high
1088.HK,hk,29.4291,24.5978,0.007086035892,6.0253,20,4.831299999999999,False,fragmented_or_mixed,4,high
1090.HK,hk,74.8501,74.8501,0.348951844957,57.9379,11,0.0,False,dominant_holder,4,high
1091.HK,hk,70.2049,70.2049,0.11312399065299998,20.139,12,0.0,False,dominant_holder,4,high
1093.HK,hk,67.4776000000001,57.4887,0.04496659844899999,15.5804,20,9.988900000000093,False,broad_institutional,4,high
1094.HK,hk,48.6895,48.6895,0.15973795785399997,38.6982,4,0.0,False,dominant_holder,4,high
1097.HK,hk,58.0496,58.0496,0.19464907786799995,43.2219,8,0.0,False,dominant_holder,4,high
1098.HK,hk,75.2291,75.2291,0.27578047921900006,44.9209,9,0.0,False,dominant_holder,4,high
1099.HK,hk,76.1944,59.5262,0.039148078158000005,13.13,20,16.6682,False,broad_institutional,4,high
1100.HK,hk,73.6698,73.6698,0.248484361262,44.9443,6,0.0,False,dominant_holder,4,high
1101.HK,hk,0.0,0.0,0.0,0.0,1,0.0,False,fragmented_or_mixed,4,high
1102.HK,hk,71.8233,71.8233,0.495700407125,70.3982,5,0.0,False,dominant_holder,4,high
1104.HK,hk,70.0936,70.0936,0.24900577030400003,47.4643,10,0.0,False,dominant_holder,4,high
1105.HK,hk,43.1136,43.1136,0.051899017776,14.1958,4,0.0,False,fragmented_or_mixed,4,high
1107.HK,hk,73.3662,73.3662,0.4320986288260001,65.3773,8,0.0,False,dominant_holder,4,high
1108.HK,hk,3.684,3.684,0.000517771968,2.0,15,0.0,False,fragmented_or_mixed,4,high
1109.HK,hk,78.6141,71.0606,0.35562442383000015,59.552,20,7.5535,False,dominant_holder,4,high
1110.HK,hk,66.8801,66.8801,0.2895828605469999,51.8124,6,0.0,False,dominant_holder,4,high
1111.HK,hk,75.8256,75.8256,0.42047062964,64.4046,4,0.0,False,dominant_holder,4,high
1112.HK,hk,79.9167,78.9593,0.4508664277829999,66.9185,20,0.9574000000000069,False,dominant_holder,4,high
1113.HK,hk,69.8843000000001,61.9868,0.111218454838,30.9967,20,7.897500000000093,False,dominant_holder,4,high
1114.HK,hk,61.838,60.336,0.10860386213,29.986,20,1.5020000000000024,False,dominant_holder,4,high
1115.HK,hk,29.5738,29.5738,0.021927452325999994,8.2157,9,0.0,False,fragmented_or_mixed,4,high
1116.HK,hk,71.4198,71.4198,0.12100321951399999,24.0352,7,0.0,False,dominant_holder,4,high
1117.HK,hk,74.89,74.0292,0.25431117103199996,49.3886,20,0.8607999999999976,False,dominant_holder,4,high
1118.HK,hk,63.6508,63.6508,0.405138615034,63.6505,2,0.0,False,dominant_holder,4,high
1119.HK,hk,40.8947,40.8947,0.042059827363,13.1308,20,0.0,False,fragmented_or_mixed,4,high
1120.HK,hk,73.6488,73.6488,0.198472750502,39.7656,6,0.0,False,dominant_holder,4,high
1121.HK,hk,47.3901,47.3901,0.04813659157499999,13.0495,19,0.0,False,fragmented_or_mixed,4,high
1122.HK,hk,41.8918,41.8918,0.160800850412,40.0802,8,0.0,False,dominant_holder,4,high
1123.HK,hk,65.9972,65.9972,0.266956604968,50.6222,5,0.0,False,dominant_holder,4,high
1124.HK,hk,52.2457,52.2457,0.15957768468700004,36.9333,4,0.0,False,dominant_holder,4,high
1125.HK,hk,92.0901,92.0901,0.356902174965,55.0755,4,0.0,False,dominant_holder,4,high
1126.HK,hk,76.1851,76.171,0.34361591714600004,57.502,20,0.014099999999999113,False,dominant_holder,4,high
1127.HK,hk,71.1106,71.1106,0.14711930095199993,33.5241,15,0.0,False,dominant_holder,4,high
1128.HK,hk,80.4105,79.5808,0.5081725252499998,71.2204,20,0.8297000000000025,False,dominant_holder,4,high
1129.HK,hk,22.4101,22.4101,0.05014243660099999,22.3925,4,0.0,False,dominant_holder,4,high
1130.HK,hk,33.6259,33.6259,0.04565472478500001,18.1654,5,0.0,False,fragmented_or_mixed,4,high
1132.HK,hk,73.0467,73.0467,0.3030355601710001,51.1796,7,0.0,False,dominant_holder,4,high
1133.HK,hk,31.5144,22.2366,0.0033226274280000003,3.3203,20,9.2778,False,fragmented_or_mixed,4,high
1134.HK,hk,60.5232,60.5232,0.1361528128,29.5904,5,0.0,False,dominant_holder,4,high
1137.HK,hk,55.9279,55.9279,0.203919530655,44.8595,20,0.0,False,dominant_holder,4,high
1138.HK,hk,44.5325,38.379,0.014105805219999998,7.0935,20,6.153500000000001,False,fragmented_or_mixed,4,high
1140.HK,hk,54.8356,54.8356,0.08223070416199998,24.2291,10,0.0,False,dominant_holder,4,high
1141.HK,hk,69.4968,69.4968,0.48074210650399996,69.3355,5,0.0,False,dominant_holder,4,high
1142.HK,hk,63.9239,63.9239,0.123081660611,29.334,12,0.0,False,dominant_holder,4,high
1143.HK,hk,62.0609,62.0609,0.132667501889,23.6302,4,0.0,False,dominant_holder,4,high
1145.HK,hk,51.8144,51.8144,0.26847320473599995,51.8144,2,0.0,False,dominant_holder,4,high
1146.HK,hk,44.716,44.716,0.08282501161799997,24.3727,9,0.0,False,dominant_holder,4,high
1147.HK,hk,66.7499,66.7499,0.248630336161,44.7444,2,0.0,False,dominant_holder,4,high
1148.HK,hk,65.2769,65.2769,0.19534766941099999,31.1961,5,0.0,False,dominant_holder,4,high
1150.HK,hk,0.4182,0.4182,8.744562e-06,0.2091,2,0.0,False,fragmented_or_mixed,4,high
1152.HK,hk,49.3404,49.3404,0.046355689912,14.3331,13,0.0,False,fragmented_or_mixed,4,high
1153.HK,hk,71.7465,71.7465,0.45074973349700004,66.9676,4,0.0,False,dominant_holder,4,high
1156.HK,hk,36.7832,36.7832,0.033602154248000005,14.4243,6,0.0,False,fragmented_or_mixed,4,high
1157.HK,hk,38.7793,33.781,0.019358799508,12.4803,20,4.9983,False,fragmented_or_mixed,4,high
1159.HK,hk,13.8128,13.8128,0.016465369696000005,12.7956,4,0.0,False,fragmented_or_mixed,4,high
1160.HK,hk,58.6603,58.6603,0.112517020109,28.7136,5,0.0,False,dominant_holder,4,high
1161.HK,hk,70.5725,70.5725,0.126664268681,24.4087,11,0.0,False,dominant_holder,4,high
1162.HK,hk,66.4167,66.4167,0.44111780388900007,66.4167,1,0.0,False,dominant_holder,4,high
1163.HK,hk,59.3624,59.3624,0.14611525013399998,27.2339,4,0.0,False,dominant_holder,4,high
1164.HK,hk,78.0667000000001,76.3265,0.322360690723,56.2936,20,1.740200000000101,False,dominant_holder,4,high
1165.HK,hk,31.4227,31.4227,0.06944579253699999,25.909,4,0.0,False,dominant_holder,4,high
1166.HK,hk,11.2341,11.2341,0.005015694968999999,4.9836,5,0.0,False,fragmented_or_mixed,4,high
1167.HK,hk,46.1751,45.9775,0.026226145250999998,10.1558,20,0.19760000000000133,False,fragmented_or_mixed,4,high
1168.HK,hk,64.8823,64.8823,0.41549737338099996,64.4584,7,0.0,False,dominant_holder,4,high
1170.HK,hk,68.0786,68.0786,0.16906125998600002,39.3027,15,0.0,False,dominant_holder,4,high
1171.HK,hk,39.8563,36.935,0.05163267082599999,22.298,20,2.921299999999995,False,dominant_holder,4,high
1172.HK,hk,60.9727,60.9727,0.18712039184899998,32.9732,2,0.0,False,dominant_holder,4,high
1173.HK,hk,73.5299,73.5299,0.32336006038500004,55.3355,3,0.0,False,dominant_holder,4,high
1176.HK,hk,66.5118,66.5118,0.3207394932100001,56.246,11,0.0,False,dominant_holder,4,high
1177.HK,hk,72.4158,63.4844,0.082923132364,21.7043,20,8.931400000000004,False,dominant_holder,4,high
1179.HK,hk,69.4139,65.9048,0.080510792116,22.5561,20,3.5091000000000037,False,dominant_holder,4,high
1180.HK,hk,76.4325,76.4325,0.44220268778300004,66.1611,10,0.0,False,dominant_holder,4,high
1181.HK,hk,73.2868,73.2868,0.17945465843399996,33.9631,11,0.0,False,dominant_holder,4,high
1182.HK,hk,75.3136,75.3136,0.541526901448,73.5678,2,0.0,False,dominant_holder,4,high
1183.HK,hk,65.0433,65.0433,0.281593616549,51.2672,6,0.0,False,dominant_holder,4,high
1184.HK,hk,75.5043,75.5043,0.33880104718700005,54.7278,11,0.0,False,dominant_holder,4,high
1186.HK,hk,8.7609,8.6633,0.000816623629,1.5465,20,0.09759999999999991,False,fragmented_or_mixed,4,high
1187.HK,hk,30.9565,30.9565,0.012683742243,7.3737,11,0.0,False,fragmented_or_mixed,4,high
1188.HK,hk,13.1336,13.1336,0.017450787009000004,13.1336,4,0.0,False,fragmented_or_mixed,4,high
1191.HK,hk,89.1706,79.7879,0.040946277927,9.2318,20,9.3827,False,broad_institutional,4,high
1193.HK,hk,73.2147000000001,71.1576,0.379025259018,61.4646,20,2.0571000000000907,False,dominant_holder,4,high
1195.HK,hk,28.9669,28.9669,0.08390812956100001,28.9669,1,0.0,False,dominant_holder,4,high
1196.HK,hk,64.5716,64.5426,0.39225122546599994,62.619,20,0.029000000000010573,False,dominant_holder,4,high
1198.HK,hk,74.9795,74.9795,0.300590387577,47.521,3,0.0,False,dominant_holder,4,high
1199.HK,hk,80.8201,79.6726,0.5084084023019999,71.2529,20,1.1474999999999937,False,dominant_holder,4,high
1200.HK,hk,57.0574,57.0467,0.14571782385899998,37.0383,20,0.010699999999999932,False,dominant_holder,4,high
1201.HK,hk,85.8247,85.8247,0.335575200559,57.0165,10,0.0,False,dominant_holder,4,high
1202.HK,hk,0.4113,0.4113,1.6916769000000002e-05,0.4113,1,0.0,False,fragmented_or_mixed,4,high
1203.HK,hk,59.2055,59.2055,0.35033852193700005,59.1894,3,0.0,False,dominant_holder,4,high
1204.HK,hk,77.5516,77.5516,0.40833239236000013,63.0234,3,0.0,False,dominant_holder,4,high
1205.HK,hk,81.2946,81.2946,0.374248526518,59.5033,20,0.0,False,dominant_holder,4,high
1206.HK,hk,37.7219,37.7219,0.13412515668499997,36.6061,2,0.0,False,dominant_holder,4,high
1208.HK,hk,80.6703,76.6907,0.4077389517769999,63.7223,20,3.9795999999999907,False,dominant_holder,4,high
1209.HK,hk,86.0394000000001,81.7184,0.49302542013200007,70.1205,20,4.321000000000097,False,dominant_holder,4,high
1211.HK,hk,42.9230000000001,27.0675,0.005420994053,3.578,20,15.855500000000102,False,fragmented_or_mixed,4,high
1213.HK,hk,73.495,73.495,0.2432115025,45.0,3,0.0,False,dominant_holder,4,high
1215.HK,hk,48.5593,48.5593,0.05410201479699999,15.6482,8,0.0,False,fragmented_or_mixed,4,high
1216.HK,hk,27.9415,27.9415,0.029814795625000005,14.3964,6,0.0,False,fragmented_or_mixed,4,high
1217.HK,hk,29.8229,29.8229,0.08894053644100001,29.8229,1,0.0,False,dominant_holder,4,high
1218.HK,hk,52.8585,52.8585,0.17354604607699997,39.4379,2,0.0,False,dominant_holder,4,high
1220.HK,hk,4.8077,4.8077,0.0023113979289999995,4.8077,1,0.0,False,fragmented_or_mixed,4,high
1221.HK,hk,47.1705,47.1705,0.22122010217100002,47.0339,3,0.0,False,dominant_holder,4,high
1222.HK,hk,43.0332,43.0332,0.12952369849,35.223,6,0.0,False,dominant_holder,4,high
1223.HK,hk,71.7735,71.7735,0.221899803227,44.2505,11,0.0,False,dominant_holder,4,high
1224.HK,hk,74.9217,74.9217,0.547035612335,73.9563,5,0.0,False,dominant_holder,4,high
1225.HK,hk,7.9114,7.9114,0.006107890374,7.8151,4,0.0,False,fragmented_or_mixed,4,high
1226.HK,hk,0.0,0.0,0.0,0.0,1,0.0,False,fragmented_or_mixed,4,high
1228.HK,hk,49.3735,49.3735,0.065350268219,17.0713,8,0.0,False,fragmented_or_mixed,4,high
1229.HK,hk,74.4233,74.4233,0.5538827582889999,74.4233,1,0.0,False,dominant_holder,4,high
1231.HK,hk,71.7079,71.7079,0.18207323154500002,28.7436,3,0.0,False,dominant_holder,4,high
1232.HK,hk,49.6054,49.6054,0.11878185341399998,33.6489,7,0.0,False,dominant_holder,4,high
1233.HK,hk,50.8948,50.8904,0.174491707266,41.6018,20,0.004399999999996851,False,dominant_holder,4,high
1234.HK,hk,75.2805,75.1952,0.355263690596,59.1511,20,0.0853000000000037,False,dominant_holder,4,high
1235.HK,hk,78.2147,78.2147,0.49152062183100004,69.9635,5,0.0,False,dominant_holder,4,high
1236.HK,hk,92.3035,92.3035,0.090231659391,18.4913,20,0.0,False,broad_institutional,4,high
1237.HK,hk,52.7657,52.7657,0.079759870827,21.2965,7,0.0,False,dominant_holder,4,high
1238.HK,hk,71.6046,71.6046,0.22420097237999997,44.1472,20,0.0,False,dominant_holder,4,high
1239.HK,hk,57.7738,57.7738,0.04832560670799999,9.3422,7,0.0,False,broad_institutional,4,high
1240.HK,hk,84.4485,84.4485,0.312996624319,52.7303,7,0.0,False,dominant_holder,4,high
1241.HK,hk,71.0853,71.0853,0.231678321125,43.5,3,0.0,False,dominant_holder,4,high
1243.HK,hk,75.0,75.0,0.5625,75.0,1,0.0,False,dominant_holder,4,high
1244.HK,hk,43.2008,43.2008,0.038781593143999996,14.0455,20,0.0,False,fragmented_or_mixed,4,high
1245.HK,hk,52.958,52.958,0.07148855471000001,18.9004,8,0.0,False,broad_institutional,4,high
1246.HK,hk,54.7305,54.7305,0.06210346296500001,19.1458,8,0.0,False,broad_institutional,4,high
1247.HK,hk,22.4805,22.4805,0.021745344760999995,11.2976,3,0.0,False,fragmented_or_mixed,4,high
1250.HK,hk,75.0166,75.0166,0.3570654178960001,56.9699,13,0.0,False,dominant_holder,4,high
1251.HK,hk,43.0743,43.0743,0.060425170075000006,20.1885,9,0.0,False,dominant_holder,4,high
1252.HK,hk,57.5838,57.5838,0.2741705513,52.0702,6,0.0,False,dominant_holder,4,high
1253.HK,hk,62.8485,62.8485,0.248117677797,49.168,6,0.0,False,dominant_holder,4,high
1255.HK,hk,67.8794,67.8794,0.38523233726799994,61.7652,2,0.0,False,dominant_holder,4,high
1257.HK,hk,80.7226,80.7226,0.5108800540239998,70.8063,12,0.0,False,dominant_holder,4,high
1258.HK,hk,77.2837,75.012,0.44462531572400005,66.6319,20,2.2716999999999956,False,dominant_holder,4,high
1259.HK,hk,5.7412,5.7412,0.0024916056099999993,4.9243,2,0.0,False,fragmented_or_mixed,4,high
1260.HK,hk,70.8335,70.8335,0.4275041127250001,65.135,2,0.0,False,dominant_holder,4,high
1262.HK,hk,75.0,75.0,0.22810981613599995,35.1414,3,0.0,False,dominant_holder,4,high
1263.HK,hk,53.6676,53.6594,0.04784104582399999,14.2841,20,0.008200000000002206,False,broad_institutional,4,high
1265.HK,hk,8.8989,8.8989,0.007919042121,8.8989,1,0.0,False,fragmented_or_mixed,4,high
1268.HK,hk,73.609,73.3803,0.28073361587100004,52.2873,20,0.22869999999998925,False,dominant_holder,4,high
1269.HK,hk,16.1072,16.1072,0.013059423439999999,8.8618,5,0.0,False,fragmented_or_mixed,4,high
1270.HK,hk,74.5647,74.5647,0.4842783842409999,69.4607,20,0.0,False,dominant_holder,4,high
1271.HK,hk,72.4903,72.4903,0.42672973958700006,64.8943,4,0.0,False,dominant_holder,4,high
1272.HK,hk,93.4415,93.4415,0.105858298921,19.3081,10,0.0,False,dominant_holder,4,high
1273.HK,hk,78.6911,78.6911,0.22951827272300002,40.9639,4,0.0,False,dominant_holder,4,high
1274.HK,hk,68.5369,68.3861,0.07503871760300002,23.2314,20,0.15080000000000382,False,dominant_holder,4,high
1276.HK,hk,68.9882,60.3251,0.03986834259099999,14.2627,20,8.663100000000007,False,broad_institutional,4,high
1277.HK,hk,74.8136,74.7969,0.39331098214699994,61.7181,20,0.01670000000000016,False,dominant_holder,4,high
1278.HK,hk,70.0841,70.0841,0.175204652201,29.991,4,0.0,False,dominant_holder,4,high
1280.HK,hk,56.4723,56.4723,0.05778005353299999,16.9427,18,0.0,False,broad_institutional,4,high
1281.HK,hk,65.3733,65.3733,0.427366835289,65.3733,1,0.0,False,dominant_holder,4,high
1282.HK,hk,44.656,44.656,0.0790299618,22.193,4,0.0,False,dominant_holder,4,high
1283.HK,hk,72.2912,72.2912,0.522601759744,72.2912,1,0.0,False,dominant_holder,4,high
1284.HK,hk,75.0,75.0,0.30375,52.5,3,0.0,False,dominant_holder,4,high
1285.HK,hk,79.8595,79.8595,0.452223562725,66.5465,3,0.0,False,dominant_holder,4,high
1286.HK,hk,83.4382,82.9123,0.48893185563299996,69.7051,20,0.5258999999999929,False,dominant_holder,4,high
1288.HK,hk,59.9665,53.9717,0.099797539649,30.0337,20,5.994800000000005,False,dominant_holder,4,high
1290.HK,hk,50.6324,50.6324,0.102848937,29.8074,10,0.0,False,dominant_holder,4,high
1292.HK,hk,61.7082,61.7082,0.16557334613,31.7499,4,0.0,False,dominant_holder,4,high
1293.HK,hk,68.7446,68.7446,0.470019017634,68.5578,9,0.0,False,dominant_holder,4,high
1298.HK,hk,73.0465,73.0465,0.5335791162249999,73.0465,1,0.0,False,dominant_holder,4,high
1299.HK,hk,56.7857000000002,29.9601,0.0067119958810000005,4.6478,20,26.825600000000197,False,broad_institutional,4,high
1300.HK,hk,60.7037,60.7037,0.135004003879,29.611,6,0.0,False,dominant_holder,4,high
1301.HK,hk,70.1118,70.1118,0.31335691633199997,55.1363,11,0.0,False,dominant_holder,4,high
1302.HK,hk,29.4953,29.2671,0.018766490741000008,10.0221,20,0.22820000000000107,False,fragmented_or_mixed,4,high
1303.HK,hk,75.9847,75.9847,0.112822747705,24.7725,7,0.0,False,dominant_holder,4,high
1304.HK,hk,75.5462,72.7367,0.03383575870500001,9.492,20,2.8095,False,broad_institutional,4,high
1305.HK,hk,59.1251,59.1251,0.3495777450010001,59.1251,1,0.0,False,dominant_holder,4,high
1308.HK,hk,69.6896000000001,60.8375,0.172525454359,40.4862,20,8.8521000000001,False,dominant_holder,4,high
1310.HK,hk,84.3006,84.2578,0.564173192802,74.8374,20,0.04279999999999973,False,dominant_holder,4,high
1312.HK,hk,65.9698,65.9698,0.33077165985999996,56.7726,3,0.0,False,dominant_holder,4,high
1313.HK,hk,73.8042,73.5499,0.4714086913369999,68.6271,20,0.25430000000000064,False,dominant_holder,4,high
1314.HK,hk,69.9137,69.9137,0.30590931967300006,54.569,9,0.0,False,dominant_holder,4,high
1315.HK,hk,38.895,38.895,0.08570133373000002,28.1081,5,0.0,False,dominant_holder,4,high
1316.HK,hk,76.1084,73.6398,0.21433976518599998,44.027,20,2.4686000000000092,False,dominant_holder,4,high
1317.HK,hk,55.5151,55.5151,0.300602971233,54.8241,8,0.0,False,dominant_holder,4,high
1318.HK,hk,85.9956000000001,81.8409,0.15328615132099999,35.5564,20,4.154700000000091,False,dominant_holder,4,high
1319.HK,hk,82.8183,82.8183,0.501683537297,70.0694,3,0.0,False,dominant_holder,4,high
1321.HK,hk,73.69,73.69,0.518578750352,71.9924,3,0.0,False,dominant_holder,4,high
1323.HK,hk,50.2575,50.2575,0.09695869098499998,25.0007,4,0.0,False,dominant_holder,4,high
1328.HK,hk,78.9071,78.9071,0.38257541281499996,61.0184,5,0.0,False,dominant_holder,4,high
1330.HK,hk,49.8325,49.679,0.09328846038,28.99,20,0.15350000000000108,False,dominant_holder,4,high
1332.HK,hk,39.5992,39.5992,0.05894050914999999,22.0068,6,0.0,False,dominant_holder,4,high
1333.HK,hk,56.0767,56.0767,0.05081587861100001,17.8047,20,0.0,False,broad_institutional,4,high
1334.HK,hk,73.8958,73.8958,0.22094075897000004,33.1083,5,0.0,False,dominant_holder,4,high
1335.HK,hk,62.0974,62.0974,0.16645740840599998,37.2241,4,0.0,False,dominant_holder,4,high
1336.HK,hk,37.1306,28.8215,0.008034972851000001,5.8508,20,8.3091,False,fragmented_or_mixed,4,high
1338.HK,hk,60.1067,60.1067,0.361281979385,60.1067,2,0.0,False,dominant_holder,4,high
1339.HK,hk,42.1645000000001,30.6319,0.007913894773,4.8405,20,11.532600000000102,False,fragmented_or_mixed,4,high
1341.HK,hk,1.2972,1.2972,4.973574e-05,0.6046,20,0.0,False,fragmented_or_mixed,4,high
1343.HK,hk,59.0226,59.0226,0.266536211076,51.0,2,0.0,False,dominant_holder,4,high
1345.HK,hk,75.4174,75.4174,0.44546777595099996,66.2765,9,0.0,False,dominant_holder,4,high
1346.HK,hk,66.9109,66.9109,0.29401477419299993,53.6429,8,0.0,False,dominant_holder,4,high
1347.HK,hk,72.8825,62.4317,0.09367094323899998,26.1362,20,10.450799999999994,False,dominant_holder,4,high
1348.HK,hk,76.6485,76.6485,0.559650221117,74.7866,9,0.0,False,dominant_holder,4,high
1349.HK,hk,28.3806,28.3806,0.04799080638,21.6454,15,0.0,False,dominant_holder,4,high
1351.HK,hk,66.2386,66.2386,0.302471060954,53.705,8,0.0,False,dominant_holder,4,high
1354.HK,hk,72.3521,72.3521,0.135397460783,26.3464,6,0.0,False,dominant_holder,4,high
1355.HK,hk,42.4076,42.4076,0.09333850568799999,28.995,5,0.0,False,dominant_holder,4,high
1357.HK,hk,59.6082,52.4003,0.034582386303,12.8736,20,7.207899999999995,False,broad_institutional,4,high
1358.HK,hk,69.92,69.92,0.24446462675,40.1232,10,0.0,False,dominant_holder,4,high
1359.HK,hk,44.4535,44.1212,0.05592262344199999,17.9222,20,0.3322999999999965,False,fragmented_or_mixed,4,high
1361.HK,hk,68.4722,67.7012,0.08533485086999998,16.2399,20,0.7710000000000008,False,broad_institutional,4,high
1362.HK,hk,74.9242,74.9242,0.315373058082,52.301,8,0.0,False,dominant_holder,4,high
1364.HK,hk,83.4473,82.5227,0.20979426471300003,39.7896,20,0.9245999999999981,False,dominant_holder,4,high
1368.HK,hk,73.5389000000001,69.3408,0.202795573846,44.4598,20,4.198100000000096,False,dominant_holder,4,high
1370.HK,hk,72.3702,72.3702,0.5219671304340002,72.2472,4,0.0,False,dominant_holder,4,high
1371.HK,hk,2.1474,2.1474,0.00022008621199999997,1.4056,5,0.0,False,fragmented_or_mixed,4,high
1372.HK,hk,58.0255,58.0255,0.056182770834999986,16.5644,14,0.0,False,broad_institutional,4,high
1373.HK,hk,65.1433,65.1433,0.21921021271699997,45.4257,19,0.0,False,dominant_holder,4,high
1375.HK,hk,33.5872,33.3713,0.03887098251299999,16.7792,20,0.21590000000000487,False,fragmented_or_mixed,4,high
1376.HK,hk,51.0,51.0,0.2601,51.0,2,0.0,False,dominant_holder,4,high
1377.HK,hk,44.3913,44.3913,0.016740786582999996,6.3656,16,0.0,False,fragmented_or_mixed,4,high
1378.HK,hk,80.3043000000002,75.0941,0.394549829713,62.5194,20,5.210200000000199,False,dominant_holder,4,high
1379.HK,hk,71.2444,71.2444,0.13231144576999998,29.9,6,0.0,False,dominant_holder,4,high
1380.HK,hk,34.5672,34.5672,0.03052060134,15.5722,18,0.0,False,fragmented_or_mixed,4,high
1382.HK,hk,55.1067,55.1067,0.097734313085,29.2414,20,0.0,False,dominant_holder,4,high
1384.HK,hk,61.6809,61.6809,0.05747971052399998,14.7854,20,0.0,False,broad_institutional,4,high
1385.HK,hk,22.4977,18.9472,0.0030877627119999997,3.2121,20,3.5504999999999995,False,fragmented_or_mixed,4,high
1388.HK,hk,79.689,79.689,0.10868460778200001,24.7114,15,0.0,False,dominant_holder,4,high
1389.HK,hk,79.0872,79.0872,0.31055512507399996,53.775,4,0.0,False,dominant_holder,4,high
1392.HK,hk,88.2779,88.2779,0.15880825627899994,34.934,15,0.0,False,dominant_holder,4,high
1393.HK,hk,35.2823,35.2823,0.058521144819000004,22.5975,6,0.0,False,dominant_holder,4,high
1395.HK,hk,68.3926,68.3926,0.21930432308,44.4776,6,0.0,False,dominant_holder,4,high
1396.HK,hk,50.0425,50.0425,0.108094003535,26.1833,17,0.0,False,dominant_holder,4,high
1397.HK,hk,79.9096,79.9096,0.46054709919,67.2906,4,0.0,False,dominant_holder,4,high
1398.HK,hk,49.0831000000001,42.3468,0.04521747902200001,19.023,20,6.736300000000099,False,fragmented_or_mixed,4,high
1399.HK,hk,53.9004,53.9004,0.29004061341599996,53.8554,2,0.0,False,dominant_holder,4,high
1400.HK,hk,0.0,0.0,0.0,0.0,2,0.0,False,fragmented_or_mixed,4,high
1401.HK,hk,40.6925,40.6925,0.065285315813,20.4967,6,0.0,False,dominant_holder,4,high
1402.HK,hk,71.5945,71.5945,0.340711866197,57.3156,4,0.0,False,dominant_holder,4,high
1405.HK,hk,59.8205,57.9973,0.12185003186099999,33.997,20,1.8232,False,dominant_holder,4,high
1406.HK,hk,71.3857,71.3857,0.131873298175,28.4171,8,0.0,False,dominant_holder,4,high
1407.HK,hk,74.5,74.5,0.308487674729,49.5,4,0.0,False,dominant_holder,4,high
1408.HK,hk,75.0,75.0,0.20124384213599997,39.69,4,0.0,False,dominant_holder,4,high
1410.HK,hk,58.9472,58.9472,0.319087495134,56.4515,4,0.0,False,dominant_holder,4,high
1412.HK,hk,75.0117,75.0117,0.356578774457,58.3372,5,0.0,False,dominant_holder,4,high
1413.HK,hk,13.3835,13.3835,0.004535703873,4.1155,8,0.0,False,fragmented_or_mixed,4,high
1415.HK,hk,83.8175,81.575,0.489368739822,69.8195,20,2.2424999999999926,False,dominant_holder,4,high
1416.HK,hk,75.0,75.0,0.5625,75.0,1,0.0,False,dominant_holder,4,high
1417.HK,hk,78.3981,78.3981,0.341124636341,55.0346,5,0.0,False,dominant_holder,4,high
1418.HK,hk,72.9088,72.9088,0.5315693117439999,72.9088,1,0.0,False,dominant_holder,4,high
1419.HK,hk,68.4181,68.4181,0.4423568803129999,66.4853,3,0.0,False,dominant_holder,4,high
1420.HK,hk,59.9929,59.9929,0.199710196063,41.0013,4,0.0,False,dominant_holder,4,high
1421.HK,hk,9.073,9.073,0.004032888900000001,5.549,3,0.0,False,fragmented_or_mixed,4,high
1425.HK,hk,67.1125,67.1125,0.44951839341699995,67.0461,5,0.0,False,dominant_holder,4,high
1427.HK,hk,75.4588,75.4588,0.4662952750339999,67.6587,3,0.0,False,dominant_holder,4,high
1428.HK,hk,55.4983,55.3474,0.25595651685199994,50.5498,20,0.15090000000000003,False,dominant_holder,4,high
1429.HK,hk,60.0148,60.0148,0.286977358154,53.3273,4,0.0,False,dominant_holder,4,high
1431.HK,hk,71.3593,71.3593,0.5077608707429999,71.2573,6,0.0,False,dominant_holder,4,high
1432.HK,hk,41.5103,41.5103,0.094664882519,29.9856,17,0.0,False,dominant_holder,4,high
1433.HK,hk,66.2827,66.2827,0.43142386627699997,65.6801,2,0.0,False,dominant_holder,4,high
1440.HK,hk,35.1621,35.1621,0.096710034371,30.839,9,0.0,False,dominant_holder,4,high
1442.HK,hk,71.6249,71.6249,0.19951613473099997,40.8763,5,0.0,False,dominant_holder,4,high
1443.HK,hk,75.0,75.0,0.18743525000000003,34.775,4,0.0,False,dominant_holder,4,high
1446.HK,hk,65.6469,65.6469,0.14744153783900002,32.238,6,0.0,False,dominant_holder,4,high
1447.HK,hk,80.5,80.5,0.565525,75.0,2,0.0,False,dominant_holder,4,high
1448.HK,hk,58.5289,58.1542,0.071404062626,20.8202,20,0.37469999999999715,False,dominant_holder,4,high
1449.HK,hk,75.486,75.486,0.28962849292200005,45.0,3,0.0,False,dominant_holder,4,high
1450.HK,hk,27.4589,27.4589,0.05466092333799999,23.0306,7,0.0,False,dominant_holder,4,high
1451.HK,hk,72.8826,72.8826,0.5156537249859998,71.8063,5,0.0,False,dominant_holder,4,high
1452.HK,hk,55.7463,55.7463,0.22489588370900002,46.6314,3,0.0,False,dominant_holder,4,high
1455.HK,hk,74.2213,74.2213,0.270466778085,36.8824,4,0.0,False,dominant_holder,4,high
1456.HK,hk,16.7574,16.7574,0.012377595018000002,9.7986,20,0.0,False,fragmented_or_mixed,4,high
1458.HK,hk,67.8427,67.8407,0.356409391763,59.39,20,0.001999999999995339,False,dominant_holder,4,high
1459.HK,hk,7.1086,7.1086,0.005053219396,7.1086,1,0.0,False,fragmented_or_mixed,4,high
1460.HK,hk,43.1189,43.1189,0.07196045151500002,21.3667,4,0.0,False,dominant_holder,4,high
1461.HK,hk,13.1679,13.1679,0.008669707133,6.5957,2,0.0,False,fragmented_or_mixed,4,high
1463.HK,hk,58.162,58.162,0.068855551274,18.1613,6,0.0,False,broad_institutional,4,high
1466.HK,hk,32.6856,32.6856,0.03894724939600001,17.1431,5,0.0,False,fragmented_or_mixed,4,high
1468.HK,hk,3.7778,3.7778,0.0013354140519999998,3.6522,10,0.0,False,fragmented_or_mixed,4,high
1470.HK,hk,75.0,75.0,0.5625,75.0,1,0.0,False,dominant_holder,4,high
1471.HK,hk,24.8796,24.8796,0.061899449615999996,24.8796,4,0.0,False,dominant_holder,4,high
1472.HK,hk,60.0,60.0,0.36,60.0,1,0.0,False,dominant_holder,4,high
1473.HK,hk,60.3417,60.3417,0.30779358768700005,55.2601,4,0.0,False,dominant_holder,4,high
1475.HK,hk,84.6658,84.6658,0.5294942536159998,72.0542,20,0.0,False,dominant_holder,4,high
1476.HK,hk,70.9978,70.9978,0.176830464714,27.6644,3,0.0,False,dominant_holder,4,high
1477.HK,hk,61.7383,61.7342,0.078908976368,17.0668,20,0.004100000000001103,False,broad_institutional,4,high
1478.HK,hk,73.8625,72.7763,0.39888236516900005,63.0745,20,1.086199999999991,False,dominant_holder,4,high
1480.HK,hk,75.0,75.0,0.5625,75.0,1,0.0,False,dominant_holder,4,high
1481.HK,hk,73.5294,73.5294,0.540657266436,73.5294,1,0.0,False,dominant_holder,4,high
1483.HK,hk,47.3712,47.3712,0.09077090704999997,26.0628,5,0.0,False,dominant_holder,4,high
1486.HK,hk,74.8129,74.8129,0.17329338959100002,27.7249,5,0.0,False,dominant_holder,4,high
1488.HK,hk,75.5753,75.5753,0.562566194018,75.0,3,0.0,False,dominant_holder,4,high
1489.HK,hk,72.955,72.955,0.5312665033,72.888,3,0.0,False,dominant_holder,4,high
1490.HK,hk,71.4806,71.4806,0.426709180868,65.0008,2,0.0,False,dominant_holder,4,high
1496.HK,hk,82.5,82.5,0.29106061650200005,42.075,3,0.0,False,dominant_holder,4,high
1497.HK,hk,79.2711,79.2711,0.08871552025299999,19.8802,15,0.0,False,broad_institutional,4,high
1498.HK,hk,65.264,65.264,0.11904285508200001,24.6526,10,0.0,False,dominant_holder,4,high
1499.HK,hk,72.731,72.731,0.52868172305,72.7105,2,0.0,False,dominant_holder,4,high
1500.HK,hk,74.6289,74.6289,0.227571644383,33.4361,4,0.0,False,dominant_holder,4,high
1501.HK,hk,85.2235,85.2038,0.07490688010999999,20.2922,20,0.019700000000000273,False,dominant_holder,4,high
1502.HK,hk,45.1681,45.1681,0.037009662803000005,12.4899,10,0.0,False,fragmented_or_mixed,4,high
1508.HK,hk,24.6994,23.3934,0.009821200572000003,6.5288,20,1.306000000000001,False,fragmented_or_mixed,4,high
1511.HK,hk,88.0056000000001,75.0532,0.041306254202,11.1352,20,12.952400000000097,False,broad_institutional,4,high
1513.HK,hk,67.9951,65.6059,0.29800807392500006,54.4899,20,2.389199999999988,False,dominant_holder,4,high
1515.HK,hk,47.4463,47.3612,0.13652482582,36.5796,20,0.08510000000000417,False,dominant_holder,4,high
1516.HK,hk,41.1472,41.1265,0.130391819841,36.019,20,0.020699999999997942,False,dominant_holder,4,high
1518.HK,hk,57.3282,57.3282,0.12851724158400002,32.6139,7,0.0,False,dominant_holder,4,high
1519.HK,hk,47.8882,43.7731,0.024341836055,11.2022,20,4.115099999999998,False,fragmented_or_mixed,4,high
1520.HK,hk,13.5941,13.5941,0.016746833419000004,12.9092,6,0.0,False,fragmented_or_mixed,4,high
1521.HK,hk,73.4241,73.4241,0.4158223875070001,63.9391,20,0.0,False,dominant_holder,4,high
1522.HK,hk,66.963,66.963,0.3183204696379999,55.2005,3,0.0,False,dominant_holder,4,high
1523.HK,hk,73.1084,73.0079,0.46726170354900004,68.3387,20,0.1004999999999967,False,dominant_holder,4,high
1525.HK,hk,39.2176,39.2176,0.06524365644599998,24.0964,9,0.0,False,dominant_holder,4,high
1526.HK,hk,61.2267,61.2267,0.37438539439800006,61.187,3,0.0,False,dominant_holder,4,high
1527.HK,hk,32.8698,32.8698,0.054121440401999996,17.1429,2,0.0,False,fragmented_or_mixed,4,high
1528.HK,hk,29.9337,29.9337,0.032071585369000004,14.1721,20,0.0,False,fragmented_or_mixed,4,high
1530.HK,hk,67.0074,50.6143,0.04436113735499999,18.8481,20,16.393100000000004,False,broad_institutional,4,high
1532.HK,hk,33.2503,33.2503,0.06320738115500002,23.3424,5,0.0,False,dominant_holder,4,high
1536.HK,hk,50.4614,50.4614,0.174576910934,41.2702,3,0.0,False,dominant_holder,4,high
1538.HK,hk,74.2947,74.2947,0.34424470501700005,55.6216,2,0.0,False,dominant_holder,4,high
1539.HK,hk,56.8968,56.8968,0.3148623398359999,56.1097,9,0.0,False,dominant_holder,4,high
1540.HK,hk,74.464,74.464,0.38584940419400005,61.6848,6,0.0,False,dominant_holder,4,high
1541.HK,hk,40.9115,40.9115,0.050635350999,20.5105,20,0.0,False,dominant_holder,4,high
1542.HK,hk,72.922,72.922,0.1396293012,25.0,5,0.0,False,dominant_holder,4,high
1543.HK,hk,51.6881,51.6881,0.10728189047499999,29.6131,5,0.0,False,dominant_holder,4,high
1545.HK,hk,75.0,75.0,0.2475,45.0,3,0.0,False,dominant_holder,4,high
1546.HK,hk,72.5,72.5,0.401677,62.6,2,0.0,False,dominant_holder,4,high
1547.HK,hk,75.0,75.0,0.32330000000000003,52.0,2,0.0,False,dominant_holder,4,high
1548.HK,hk,66.3834,61.3324,0.142170504238,36.5539,20,5.050999999999995,False,dominant_holder,4,high
1549.HK,hk,74.8517,74.8517,0.4576063155190001,67.4741,4,0.0,False,dominant_holder,4,high
1551.HK,hk,61.7504,61.7504,0.07746305424800001,20.6324,6,0.0,False,dominant_holder,4,high
1552.HK,hk,73.1,73.1,0.29291463568799997,51.1312,3,0.0,False,dominant_holder,4,high
1553.HK,hk,73.0895,73.0895,0.201184523737,39.7879,4,0.0,False,dominant_holder,4,high
1555.HK,hk,52.596,52.596,0.192486436814,43.3955,6,0.0,False,dominant_holder,4,high
1556.HK,hk,75.0,75.0,0.555044219778,74.5,3,0.0,False,dominant_holder,4,high
1557.HK,hk,62.5,62.5,0.390625,62.5,1,0.0,False,dominant_holder,4,high
1559.HK,hk,67.3821,67.3821,0.37754151024500004,61.1252,4,0.0,False,dominant_holder,4,high
1560.HK,hk,74.9521,74.9521,0.47579350533100007,68.7003,4,0.0,False,dominant_holder,4,high
1561.HK,hk,30.3951,30.3951,0.034721217701,16.4249,4,0.0,False,fragmented_or_mixed,4,high
1563.HK,hk,53.6441,53.6441,0.21292433917099995,45.4473,13,0.0,False,dominant_holder,4,high
1565.HK,hk,51.601,51.601,0.19193357127,43.3394,4,0.0,False,dominant_holder,4,high
1566.HK,hk,13.8128,13.8128,0.013545513224,11.3818,3,0.0,False,fragmented_or_mixed,4,high
1568.HK,hk,75.0311,75.0311,0.3717396515989999,58.7795,6,0.0,False,dominant_holder,4,high
1569.HK,hk,79.5902,79.5902,0.5204544392039998,71.7118,5,0.0,False,dominant_holder,4,high
1570.HK,hk,74.9808,74.9808,0.33872663782400003,54.464,2,0.0,False,dominant_holder,4,high
1571.HK,hk,79.4434,79.4434,0.5579369704999999,74.5478,20,0.0,False,dominant_holder,4,high
1572.HK,hk,59.1995,59.1995,0.35045808002500006,59.1995,1,0.0,False,dominant_holder,4,high
1575.HK,hk,58.0709,58.0709,0.14832216496899997,33.6797,3,0.0,False,dominant_holder,4,high
1576.HK,hk,88.8835,88.8835,0.25545918222499997,38.925,6,0.0,False,dominant_holder,4,high
1577.HK,hk,99.4445,99.4445,0.170922305179,20.8076,8,0.0,False,dominant_holder,4,high
1578.HK,hk,70.6009,70.6009,0.205656505701,41.1223,11,0.0,False,dominant_holder,4,high
1579.HK,hk,64.9065,63.4137,0.12051410785700002,31.4263,20,1.4927999999999955,False,dominant_holder,4,high
1580.HK,hk,72.4097,72.4097,0.33511544817100003,56.8173,5,0.0,False,dominant_holder,4,high
1581.HK,hk,58.8911,58.8911,0.34681616592099995,58.8911,1,0.0,False,dominant_holder,4,high
1582.HK,hk,78.266,78.266,0.5242836756,72.23,6,0.0,False,dominant_holder,4,high
1583.HK,hk,62.5606,62.5606,0.32277567315399996,56.4897,3,0.0,False,dominant_holder,4,high
1585.HK,hk,85.7864000000001,78.4654,0.398182465874,62.9615,20,7.321000000000097,False,dominant_holder,4,high
1586.HK,hk,72.682,72.682,0.17934363615899995,37.6605,10,0.0,False,dominant_holder,4,high
1587.HK,hk,80.5324,80.5324,0.565560744976,75.0,2,0.0,False,dominant_holder,4,high
1588.HK,hk,51.7893,51.7893,0.062242527615,16.8823,16,0.0,False,broad_institutional,4,high
1591.HK,hk,64.0037,64.0037,0.3636058416049999,60.1783,3,0.0,False,dominant_holder,4,high
1592.HK,hk,21.3605,21.3605,0.023961516511000005,14.7247,5,0.0,False,fragmented_or_mixed,4,high
1593.HK,hk,59.7649,59.7649,0.321690609503,56.6766,8,0.0,False,dominant_holder,4,high
1596.HK,hk,38.3289,38.3289,0.04956448239900001,16.975,4,0.0,False,fragmented_or_mixed,4,high
1597.HK,hk,75.0,75.0,0.5625,75.0,1,0.0,False,dominant_holder,4,high
1598.HK,hk,73.2129,73.2129,0.5328215618450001,72.9943,2,0.0,False,dominant_holder,4,high
1599.HK,hk,46.1847,46.1847,0.080690310253,21.4393,10,0.0,False,dominant_holder,4,high
1600.HK,hk,80.3093,80.3093,0.26242571007899995,48.4016,20,0.0,False,dominant_holder,4,high
1601.HK,hk,56.6355,56.6355,0.07592699721900001,20.25,6,0.0,False,dominant_holder,4,high
1606.HK,hk,69.7092,69.7092,0.103274796902,22.367,18,0.0,False,dominant_holder,4,high
1608.HK,hk,76.6078,76.6078,0.26910410795000006,49.2351,8,0.0,False,dominant_holder,4,high
1609.HK,hk,86.9732,86.9732,0.11904689897600002,28.054,16,0.0,False,dominant_holder,4,high
1610.HK,hk,59.6906,59.5901,0.17366184386900002,40.303,20,0.10050000000000381,False,dominant_holder,4,high
1611.HK,hk,63.2717,63.2717,0.115666172191,29.7921,18,0.0,False,dominant_holder,4,high
1612.HK,hk,62.7392,62.7392,0.335866991656,57.8989,6,0.0,False,dominant_holder,4,high
1613.HK,hk,30.063,30.063,0.041409938033999984,19.2918,5,0.0,False,fragmented_or_mixed,4,high
1615.HK,hk,75.0,75.0,0.24125,42.5,3,0.0,False,dominant_holder,4,high
1616.HK,hk,68.0418,68.0418,0.10897394918600001,23.4862,7,0.0,False,dominant_holder,4,high
1617.HK,hk,56.9259,56.9259,0.2681610647070001,51.6529,4,0.0,False,dominant_holder,4,high
1618.HK,hk,11.0825,10.3981,0.002206819947,3.4677,20,0.6844000000000001,False,fragmented_or_mixed,4,high
1620.HK,hk,75.0,75.0,0.5625,75.0,1,0.0,False,dominant_holder,4,high
1621.HK,hk,73.0,73.0,0.5328999999999999,73.0,1,0.0,False,dominant_holder,4,high
1622.HK,hk,74.8926,74.8926,0.25213948382999996,40.0929,20,0.0,False,dominant_holder,4,high
1623.HK,hk,49.8063,49.8063,0.18448066319100004,42.7374,14,0.0,False,dominant_holder,4,high
1626.HK,hk,69.9421,69.9421,0.48702822274299995,69.7873,4,0.0,False,dominant_holder,4,high
1627.HK,hk,75.0164,75.0164,0.562500022696,75.0,3,0.0,False,dominant_holder,4,high
1628.HK,hk,40.996,40.9445,0.07504548643100001,19.4947,20,0.05150000000000432,False,fragmented_or_mixed,4,high
1629.HK,hk,72.461,72.461,0.4177791191380001,64.0917,2,0.0,False,dominant_holder,4,high
1630.HK,hk,75.0,75.0,0.5625,75.0,1,0.0,False,dominant_holder,4,high
1631.HK,hk,62.5,62.5,0.390625,62.5,1,0.0,False,dominant_holder,4,high
1632.HK,hk,64.7708,64.7708,0.34415333021000005,58.4767,4,0.0,False,dominant_holder,4,high
1633.HK,hk,73.3319,73.3319,0.522681565993,72.2892,2,0.0,False,dominant_holder,4,high
1635.HK,hk,8.2906,8.2906,0.006550094420000002,8.0912,5,0.0,False,fragmented_or_mixed,4,high
1636.HK,hk,66.8048,66.8048,0.076904073108,16.0211,8,0.0,False,broad_institutional,4,high
1637.HK,hk,75.0,75.0,0.39644999999999997,61.5,2,0.0,False,dominant_holder,4,high
1638.HK,hk,61.6271,61.575,0.057787011173999994,15.665,20,0.052099999999995816,False,broad_institutional,4,high
1640.HK,hk,38.965,38.965,0.06836593334999999,23.3633,6,0.0,False,dominant_holder,4,high
1641.HK,hk,69.1573,69.1573,0.09594435268099999,20.6949,6,0.0,False,dominant_holder,4,high
1643.HK,hk,72.5,72.5,0.339513627778,55.8333,2,0.0,False,dominant_holder,4,high
1645.HK,hk,61.9182,61.9182,0.38335167649999996,61.9154,2,0.0,False,dominant_holder,4,high
1647.HK,hk,36.2198,36.2198,0.09648935857000002,30.5576,3,0.0,False,dominant_holder,4,high
1650.HK,hk,75.0,75.0,0.5625,75.0,1,0.0,False,dominant_holder,4,high
1651.HK,hk,84.5855,83.246,0.45580041505399993,67.1515,20,1.339500000000001,False,dominant_holder,4,high
1652.HK,hk,73.8925,73.8925,0.181188226083,27.926,6,0.0,False,dominant_holder,4,high
1653.HK,hk,67.1878,67.1878,0.297813801244,53.6902,4,0.0,False,dominant_holder,4,high
1655.HK,hk,52.0834,52.0834,0.27126805555600003,52.0834,1,0.0,False,dominant_holder,4,high
1656.HK,hk,49.2891,49.2891,0.11467647252500002,32.5732,17,0.0,False,dominant_holder,4,high
1657.HK,hk,74.9376,74.9376,0.561095475938,74.9063,3,0.0,False,dominant_holder,4,high
1658.HK,hk,86.2293000000001,82.6857,0.120686406781,21.3279,20,3.5436000000000973,False,dominant_holder,4,high
1660.HK,hk,29.2181,29.2181,0.08529730213700001,29.2057,4,0.0,False,dominant_holder,4,high
1661.HK,hk,46.282,46.282,0.066836811462,21.0201,6,0.0,False,dominant_holder,4,high
1662.HK,hk,68.3578,68.3578,0.238113186804,39.3301,6,0.0,False,dominant_holder,4,high
1663.HK,hk,62.9728,62.9728,0.202625045538,41.0668,4,0.0,False,dominant_holder,4,high
1666.HK,hk,23.3194,23.2949,0.010839999869,7.5812,20,0.024500000000003297,False,fragmented_or_mixed,4,high
1667.HK,hk,84.9333,84.9333,0.2969026564169999,45.1042,4,0.0,False,dominant_holder,4,high
1668.HK,hk,57.8307,57.8307,0.130928283439,29.2784,16,0.0,False,dominant_holder,4,high
1669.HK,hk,75.0,75.0,0.5625,75.0,1,0.0,False,dominant_holder,4,high
1671.HK,hk,80.1602,80.1602,0.5287307468899999,72.2863,2,0.0,False,dominant_holder,4,high
1672.HK,hk,78.4933,78.397,0.238030114792,46.7658,20,0.09629999999999939,False,dominant_holder,4,high
1673.HK,hk,61.4913,61.4913,0.19568824771499999,41.4396,4,0.0,False,dominant_holder,4,high
1675.HK,hk,63.2335,63.0443,0.09322481491100001,20.2148,20,0.1891999999999996,False,dominant_holder,4,high
1676.HK,hk,14.2823,14.2823,0.010292640188999998,7.8922,3,0.0,False,fragmented_or_mixed,4,high
1679.HK,hk,65.8331,65.8331,0.07353569769500001,18.7785,12,0.0,False,broad_institutional,4,high
1680.HK,hk,51.6417,51.6417,0.08890818480500001,22.1264,8,0.0,False,dominant_holder,4,high
1681.HK,hk,68.4617,64.9074,0.099843972408,27.5129,20,3.554299999999998,False,dominant_holder,4,high
1682.HK,hk,29.8949,29.8949,0.07583807796100002,27.428,3,0.0,False,dominant_holder,4,high
1683.HK,hk,30.0884,30.0884,0.05219562725999999,20.9518,4,0.0,False,dominant_holder,4,high
1685.HK,hk,69.0466,69.0466,0.4538429575939999,67.3476,3,0.0,False,dominant_holder,4,high
1686.HK,hk,83.0465000000001,81.7231,0.537396009215,73.2415,20,1.3234000000000918,False,dominant_holder,4,high
1688.HK,hk,43.1258,43.1258,0.01365219551,6.9908,20,0.0,False,fragmented_or_mixed,4,high
1689.HK,hk,67.5771,67.5771,0.41260616087900015,64.1547,7,0.0,False,dominant_holder,4,high
1690.HK,hk,72.3726,72.3726,0.274959758052,45.1831,5,0.0,False,dominant_holder,4,high
1691.HK,hk,82.3615,82.0481,0.308422506081,52.8653,20,0.31340000000000146,False,dominant_holder,4,high
1692.HK,hk,82.6759,82.6759,0.365874496149,59.5097,9,0.0,False,dominant_holder,4,high
1693.HK,hk,50.9785,50.9785,0.04899581152300001,17.97,13,0.0,False,broad_institutional,4,high
1695.HK,hk,75.0001,75.0001,0.313261379923,51.8856,4,0.0,False,dominant_holder,4,high
1696.HK,hk,72.0378,72.0378,0.5101366118720001,71.423,13,0.0,False,dominant_holder,4,high
1697.HK,hk,64.4723,64.4723,0.10252365924699999,21.7015,6,0.0,False,dominant_holder,4,high
1698.HK,hk,25.1978,24.4431,0.036811239388999994,19.0733,20,0.7546999999999997,False,fragmented_or_mixed,4,high
1701.HK,hk,70.2312,70.2312,0.24703882034400002,46.875,3,0.0,False,dominant_holder,4,high
1702.HK,hk,79.0945,79.0945,0.289714205299,45.0411,3,0.0,False,dominant_holder,4,high
1703.HK,hk,13.7319,13.7319,0.018856507761,13.7319,2,0.0,False,fragmented_or_mixed,4,high
1705.HK,hk,75.0,75.0,0.1875,25.0,3,0.0,False,dominant_holder,4,high
1707.HK,hk,54.7905,54.7905,0.300199889025,54.7905,1,0.0,False,dominant_holder,4,high
1708.HK,hk,25.5569,25.5569,0.055424396921000006,23.4664,5,0.0,False,dominant_holder,4,high
1709.HK,hk,49.4183,49.4183,0.098296920875,29.3217,20,0.0,False,dominant_holder,4,high
1710.HK,hk,75.0,75.0,0.563979479296,75.0,2,0.0,False,dominant_holder,4,high
1711.HK,hk,75.0,75.0,0.5625,75.0,1,0.0,False,dominant_holder,4,high
1712.HK,hk,32.3579,32.3579,0.078772652667,27.6728,6,0.0,False,dominant_holder,4,high
1713.HK,hk,86.5707,86.5707,0.09223553818100001,13.6446,9,0.0,False,broad_institutional,4,high
1715.HK,hk,30.2695,30.2695,0.07748631125300001,27.7193,3,0.0,False,dominant_holder,4,high
1716.HK,hk,72.963,72.963,0.426769480862,65.0415,7,0.0,False,dominant_holder,4,high
1717.HK,hk,77.1275,77.1275,0.3729329287829999,60.1814,13,0.0,False,dominant_holder,4,high
1718.HK,hk,11.2534,11.2534,0.007129232890000001,7.6233,3,0.0,False,fragmented_or_mixed,4,high
1719.HK,hk,85.7357,85.7357,0.5679905722669999,74.9785,3,0.0,False,dominant_holder,4,high
1720.HK,hk,69.75,69.75,0.24426562500000001,37.125,2,0.0,False,dominant_holder,4,high
1721.HK,hk,60.234,60.234,0.3628134756,60.234,1,0.0,False,dominant_holder,4,high
1722.HK,hk,64.3636,64.3636,0.3721852033060001,60.9091,2,0.0,False,dominant_holder,4,high
1723.HK,hk,69.6628,69.6628,0.144034126056,25.3174,5,0.0,False,dominant_holder,4,high
1725.HK,hk,41.7216,41.7216,0.037691923326,12.2188,9,0.0,False,fragmented_or_mixed,4,high
1726.HK,hk,51.1497,51.1497,0.247685727485,49.7483,2,0.0,False,dominant_holder,4,high
1727.HK,hk,0.0409,0.0409,1.17181e-07,0.0334,7,0.0,False,fragmented_or_mixed,4,high
1728.HK,hk,90.7065,90.7065,0.8187327215369999,90.4833,8,0.0,False,dominant_holder,4,high
1729.HK,hk,69.4529000000001,67.9796,0.38265565104399996,61.8323,20,1.4733000000000942,False,dominant_holder,4,high
1730.HK,hk,64.9724,64.9724,0.3106557112320001,55.5448,20,0.0,False,dominant_holder,4,high
1731.HK,hk,75.0,75.0,0.32625000000000004,52.5,2,0.0,False,dominant_holder,4,high
1732.HK,hk,59.2993,59.2993,0.176004758049,30.2993,3,0.0,False,dominant_holder,4,high
1733.HK,hk,59.1294,59.1294,0.192438919792,41.2041,20,0.0,False,dominant_holder,4,high
1735.HK,hk,66.3094,66.3034,0.4334645816419999,65.8376,20,0.006000000000000227,False,dominant_holder,4,high
1736.HK,hk,52.5691,52.5691,0.03327993026900001,10.5769,10,0.0,False,broad_institutional,4,high
1737.HK,hk,75.0,75.0,0.5625,75.0,1,0.0,False,dominant_holder,4,high
1738.HK,hk,64.3678,64.3678,0.27712897336399994,51.7208,5,0.0,False,dominant_holder,4,high
1739.HK,hk,65.7355,65.7355,0.099151485421,25.7456,8,0.0,False,dominant_holder,4,high
1740.HK,hk,63.7599,63.7599,0.08809081202100001,23.0364,6,0.0,False,dominant_holder,4,high
1741.HK,hk,51.0,51.0,0.2601,51.0,1,0.0,False,dominant_holder,4,high
1742.HK,hk,75.0,75.0,0.2840625,41.25,2,0.0,False,dominant_holder,4,high
1745.HK,hk,71.7494,71.7494,0.125208467548,26.0548,8,0.0,False,dominant_holder,4,high
1746.HK,hk,75.0,75.0,0.5625,75.0,1,0.0,False,dominant_holder,4,high
1747.HK,hk,70.283,70.283,0.49170381439799987,70.1215,5,0.0,False,dominant_holder,4,high
1748.HK,hk,42.6593,42.6593,0.05629676146300001,20.7145,7,0.0,False,dominant_holder,4,high
1750.HK,hk,66.0,66.0,0.17899999999999996,30.0,3,0.0,False,dominant_holder,4,high
1751.HK,hk,32.8646,32.8646,0.037196445550000005,12.981,7,0.0,False,fragmented_or_mixed,4,high
1752.HK,hk,70.8385,70.8385,0.082650509469,16.3884,11,0.0,False,broad_institutional,4,high
1753.HK,hk,50.5612,50.5612,0.18829291612999996,42.8518,7,0.0,False,dominant_holder,4,high
1755.HK,hk,1.1872,1.1872,4.5755524e-05,0.4935,15,0.0,False,fragmented_or_mixed,4,high
1756.HK,hk,80.7738,80.7738,0.565743137274,75.0,3,0.0,False,dominant_holder,4,high
1757.HK,hk,75.0,75.0,0.5625,75.0,2,0.0,False,dominant_holder,4,high
1758.HK,hk,66.3049,66.3049,0.113013887347,25.9008,6,0.0,False,dominant_holder,4,high
1759.HK,hk,75.0,75.0,0.5625,75.0,1,0.0,False,dominant_holder,4,high
1760.HK,hk,69.853,69.853,0.244780888246,48.2608,16,0.0,False,dominant_holder,4,high
1762.HK,hk,33.7826,33.7826,0.05819990652799999,22.1135,8,0.0,False,dominant_holder,4,high
1763.HK,hk,40.261,40.261,0.06038471238999999,21.0204,11,0.0,False,dominant_holder,4,high
1765.HK,hk,49.1526,49.1526,0.216030943032,46.4305,18,0.0,False,dominant_holder,4,high
1766.HK,hk,33.2957,28.862,0.011157372246,8.1034,20,4.433699999999998,False,fragmented_or_mixed,4,high
1767.HK,hk,75.0,75.0,0.5625,75.0,1,0.0,False,dominant_holder,4,high
1769.HK,hk,50.7649,50.7649,0.11415814975700002,32.6008,20,0.0,False,dominant_holder,4,high
1770.HK,hk,88.2333,88.2333,0.08144365353300001,18.7141,20,0.0,False,broad_institutional,4,high
1771.HK,hk,77.4718,77.4718,0.525518160342,72.3638,6,0.0,False,dominant_holder,4,high
1772.HK,hk,57.6467,47.703,0.020493919383999998,7.2736,20,9.9437,False,broad_institutional,4,high
1773.HK,hk,72.7803,72.6175,0.23014918752699998,44.7003,20,0.16279999999999006,False,dominant_holder,4,high
1775.HK,hk,75.1165,75.1165,0.497248478857,70.3549,2,0.0,False,dominant_holder,4,high
1776.HK,hk,58.1634,55.3471,0.052630810843,14.4285,20,2.8163000000000054,False,broad_institutional,4,high
1777.HK,hk,74.9546,74.9546,0.36037769017000004,57.4107,2,0.0,False,dominant_holder,4,high
1778.HK,hk,69.8698,69.8698,0.268859254404,49.8898,3,0.0,False,dominant_holder,4,high
1779.HK,hk,86.4749,77.9283,0.06388745911699999,16.9656,20,8.546600000000012,False,broad_institutional,4,high
1780.HK,hk,33.3871,33.3871,0.11146984464099999,33.3871,3,0.0,False,dominant_holder,4,high
1782.HK,hk,59.8888,59.8888,0.3586668365440001,59.8888,1,0.0,False,dominant_holder,4,high
1783.HK,hk,57.8233,57.681,0.205137017212,45.0531,20,0.14230000000000587,False,dominant_holder,4,high
1785.HK,hk,90.722,90.722,0.11797473599200001,21.9249,9,0.0,False,dominant_holder,4,high
1786.HK,hk,8.3399,8.3399,0.006932080681000002,8.3259,4,0.0,False,fragmented_or_mixed,4,high
1787.HK,hk,38.8582,28.3061,0.006473442427000001,4.6925,20,10.552099999999996,False,fragmented_or_mixed,4,high
1788.HK,hk,8.1501,7.9616,0.0016262236759999995,3.7709,20,0.18850000000000033,False,fragmented_or_mixed,4,high
1789.HK,hk,69.1839,68.0745,0.220781931987,46.2447,20,1.1093999999999937,False,dominant_holder,4,high
1790.HK,hk,75.0,75.0,0.5625,75.0,1,0.0,False,dominant_holder,4,high
1792.HK,hk,58.0272,58.0272,0.07661753706800001,20.0777,8,0.0,False,dominant_holder,4,high
1793.HK,hk,75.0,75.0,0.5625,75.0,1,0.0,False,dominant_holder,4,high
1795.HK,hk,72.7255,72.7255,0.5288998350249999,72.7255,1,0.0,False,dominant_holder,4,high
1796.HK,hk,74.6142,74.6142,0.556727884164,74.6142,2,0.0,False,dominant_holder,4,high
1797.HK,hk,70.3122,69.5752,0.3158586455040001,55.978,20,0.737000000000009,False,dominant_holder,4,high
1798.HK,hk,60.8568,57.4281,0.048465132722999994,17.3925,20,3.428699999999999,False,broad_institutional,4,high
1799.HK,hk,21.6909,21.6883,0.020897680763,13.9572,20,0.002599999999997493,False,fragmented_or_mixed,4,high
1800.HK,hk,12.832,12.6406,0.005977880145999998,7.5693,20,0.19140000000000157,False,fragmented_or_mixed,4,high
1801.HK,hk,64.3846999999999,42.0247,0.012668418044999998,6.09,20,22.359999999999893,False,broad_institutional,4,high
1802.HK,hk,45.5632,45.5632,0.035574275557999996,11.9038,8,0.0,False,fragmented_or_mixed,4,high
1803.HK,hk,64.9213,64.9213,0.102805161885,20.8923,7,0.0,False,dominant_holder,4,high
1808.HK,hk,21.4428,21.4428,0.026840416874000003,15.1093,2,0.0,False,fragmented_or_mixed,4,high
1809.HK,hk,83.1277,83.1277,0.486627516561,69.0368,15,0.0,False,dominant_holder,4,high
1810.HK,hk,47.6005000000001,38.5666,0.020874001601999998,10.0476,20,9.033900000000102,False,fragmented_or_mixed,4,high
1811.HK,hk,77.9667,77.7905,0.5232195068850001,72.3043,20,0.17620000000000857,False,dominant_holder,4,high
1812.HK,hk,29.9214,29.9214,0.084358386308,29.0389,20,0.0,False,dominant_holder,4,high
1813.HK,hk,58.8344,58.8344,0.15919617459800003,37.9962,19,0.0,False,dominant_holder,4,high
1815.HK,hk,56.7417,56.7417,0.13889484947099998,36.0913,12,0.0,False,dominant_holder,4,high
1816.HK,hk,50.8361,46.1615,0.05156486935499999,20.932,20,4.674600000000005,False,dominant_holder,4,high
1817.HK,hk,74.9268,74.9268,0.21713350536,38.2716,6,0.0,False,dominant_holder,4,high
1818.HK,hk,60.5080000000001,55.6674,0.09302852091000001,22.377,20,4.8406000000001015,False,dominant_holder,4,high
1820.HK,hk,70.0804,70.0804,0.393358991406,62.4745,10,0.0,False,dominant_holder,4,high
1822.HK,hk,48.2632,48.2632,0.21054329508999997,45.8199,3,0.0,False,dominant_holder,4,high
1823.HK,hk,63.6797,63.6797,0.40551041920899994,63.6797,1,0.0,False,dominant_holder,4,high
1825.HK,hk,5.4633,5.4633,0.0029847646890000003,5.4633,1,0.0,False,fragmented_or_mixed,4,high
1826.HK,hk,64.8598,64.8598,0.15139316880599998,27.1559,4,0.0,False,dominant_holder,4,high
1827.HK,hk,73.75,73.75,0.47515625,68.75,2,0.0,False,dominant_holder,4,high
1828.HK,hk,84.0663,84.0608,0.44572233590000004,66.1657,20,0.00549999999999784,False,dominant_holder,4,high
1830.HK,hk,75.4377,75.4377,0.4419506885569999,65.847,14,0.0,False,dominant_holder,4,high
1831.HK,hk,48.0986,48.0986,0.070517480196,21.1259,4,0.0,False,dominant_holder,4,high
1832.HK,hk,75.0,75.0,0.5625,75.0,1,0.0,False,dominant_holder,4,high
1833.HK,hk,66.3598000000001,65.6967,0.2905713085550001,53.7139,20,0.6631000000000995,False,dominant_holder,4,high
1835.HK,hk,50.8044,50.8044,0.04556883474,10.7773,9,0.0,False,broad_institutional,4,high
1836.HK,hk,45.6465,43.2411,0.049277377967000005,20.5576,20,2.4054,False,dominant_holder,4,high
1837.HK,hk,68.7785,68.7785,0.249660053967,42.7384,15,0.0,False,dominant_holder,4,high
1839.HK,hk,0.0105,0.0105,1.0413000000000004e-08,0.0102,5,0.0,False,fragmented_or_mixed,4,high
1841.HK,hk,68.5775,68.5775,0.17503476312499996,29.145,5,0.0,False,dominant_holder,4,high
1842.HK,hk,38.3334,38.3334,0.10108497777799998,30.9167,2,0.0,False,dominant_holder,4,high
1843.HK,hk,75.0,75.0,0.5625,75.0,1,0.0,False,dominant_holder,4,high
1845.HK,hk,67.7098,67.7098,0.23638029984399997,39.8338,2,0.0,False,dominant_holder,4,high
1846.HK,hk,67.4946,67.4946,0.33711406868000005,57.7856,16,0.0,False,dominant_holder,4,high
1847.HK,hk,73.8706,73.8706,0.140654000186,29.9996,5,0.0,False,dominant_holder,4,high
1848.HK,hk,64.3349,64.3349,0.199551577531,37.8913,13,0.0,False,dominant_holder,4,high
1850.HK,hk,8.9861,8.9861,0.0041188574609999995,6.0706,4,0.0,False,fragmented_or_mixed,4,high
1851.HK,hk,75.0,75.0,0.5377570312500001,73.3125,3,0.0,False,dominant_holder,4,high
1853.HK,hk,41.6752,41.6752,0.09451225999999999,27.0308,3,0.0,False,dominant_holder,4,high
1854.HK,hk,58.3094,58.3094,0.263409447582,51.058,6,0.0,False,dominant_holder,4,high
1855.HK,hk,71.2338,71.2338,0.436786646146,65.8917,15,0.0,False,dominant_holder,4,high
1856.HK,hk,77.614,77.614,0.30615164366799996,52.9717,5,0.0,False,dominant_holder,4,high
1857.HK,hk,74.465,74.465,0.531039812086,72.8701,15,0.0,False,dominant_holder,4,high
1858.HK,hk,39.8956,38.6156,0.015209978536000002,6.0363,20,1.2800000000000011,False,fragmented_or_mixed,4,high
1860.HK,hk,47.8183,46.7261,0.053589540811,20.1745,20,1.0921999999999983,False,dominant_holder,4,high
1861.HK,hk,74.8885,74.8885,0.5583450870409997,74.7224,3,0.0,False,dominant_holder,4,high
1862.HK,hk,74.4173,74.4173,0.25222973939099996,42.2063,6,0.0,False,dominant_holder,4,high
1863.HK,hk,55.5493,55.5493,0.237047326009,48.1914,7,0.0,False,dominant_holder,4,high
1865.HK,hk,4.3622,4.3622,0.0019028788839999995,4.3622,1,0.0,False,fragmented_or_mixed,4,high
1866.HK,hk,58.625,58.5772,0.15086689359200003,33.1486,20,0.047800000000002285,False,dominant_holder,4,high
1867.HK,hk,74.8642,74.8642,0.5604543632740001,74.8635,2,0.0,False,dominant_holder,4,high
1868.HK,hk,73.288,73.288,0.42720533628600005,64.8109,4,0.0,False,dominant_holder,4,high
1869.HK,hk,64.8046,64.8046,0.09548037429200001,20.9218,7,0.0,False,dominant_holder,4,high
1870.HK,hk,34.9363,34.9363,0.053104091213,21.5505,8,0.0,False,dominant_holder,4,high
1871.HK,hk,62.9767,62.9767,0.23668558220500002,47.344,3,0.0,False,dominant_holder,4,high
1872.HK,hk,14.8074,14.8074,0.021691493784000006,14.7276,7,0.0,False,fragmented_or_mixed,4,high
1873.HK,hk,52.4151,52.4125,0.051599400059,17.0544,20,0.002600000000001046,False,broad_institutional,4,high
1875.HK,hk,79.6599,79.6599,0.37871557422300006,60.6704,8,0.0,False,dominant_holder,4,high
1876.HK,hk,92.3770000000001,91.2272,0.7608539082359999,87.2204,20,1.1498000000000985,False,dominant_holder,4,high
1877.HK,hk,39.2903,38.3552,0.04303012096199999,19.2609,20,0.9350999999999985,False,fragmented_or_mixed,4,high
1878.HK,hk,78.0132,78.0132,0.17644142242400002,28.8615,8,0.0,False,dominant_holder,4,high
1879.HK,hk,87.4247,67.2392,0.025641978492000003,5.6604,20,20.185500000000005,False,broad_institutional,4,high
1880.HK,hk,29.6297,28.0718,0.010007121814,5.9466,20,1.5579,False,fragmented_or_mixed,4,high
1882.HK,hk,82.9979,75.7176,0.130929895224,27.186,20,7.280299999999997,False,dominant_holder,4,high
1883.HK,hk,64.6004,64.11,0.196114824972,41.0214,20,0.49039999999999395,False,dominant_holder,4,high
1884.HK,hk,57.2198,57.2198,0.324131279524,56.9318,2,0.0,False,dominant_holder,4,high
1888.HK,hk,76.9081000000001,74.1885,0.38419227626299995,61.6913,20,2.7196000000000993,False,dominant_holder,4,high
1889.HK,hk,35.8929,35.8929,0.056069049875,21.8904,5,0.0,False,dominant_holder,4,high
1890.HK,hk,82.7746,82.7746,0.18092870627399998,33.6244,20,0.0,False,dominant_holder,4,high
1891.HK,hk,68.168,68.168,0.2066012224,44.168,6,0.0,False,dominant_holder,4,high
1894.HK,hk,10.7239,10.7239,0.011500203121,10.7239,1,0.0,False,fragmented_or_mixed,4,high
1895.HK,hk,52.6744,52.6744,0.18359206997799993,41.5609,4,0.0,False,dominant_holder,4,high
1896.HK,hk,74.0957999999999,73.8267999999999,0.11421741866400001,23.9185,20,0.26899999999999125,False,dominant_holder,4,high
1897.HK,hk,71.4386,71.4386,0.16876009440199993,38.0248,13,0.0,False,dominant_holder,4,high
1898.HK,hk,60.2939000000001,57.1978,0.13075212599600003,33.9292,20,3.0961000000000993,False,dominant_holder,4,high
1899.HK,hk,69.679,69.679,0.25439508264599997,48.9366,20,0.0,False,dominant_holder,4,high
1900.HK,hk,45.3821,45.3821,0.056591908049,20.6363,8,0.0,False,dominant_holder,4,high
1901.HK,hk,59.881,59.881,0.11158563858800001,29.957,11,0.0,False,dominant_holder,4,high
1903.HK,hk,53.5828,53.5828,0.16623719434599998,38.8497,4,0.0,False,dominant_holder,4,high
1905.HK,hk,78.9994,78.9994,0.61907945236,78.6813,16,0.0,False,dominant_holder,4,high
1906.HK,hk,54.5949,54.5949,0.29070659104099994,53.9129,3,0.0,False,dominant_holder,4,high
1907.HK,hk,78.8278,78.8152,0.5605602384839998,74.8449,20,0.012599999999991951,False,dominant_holder,4,high
1908.HK,hk,86.7469,83.6093,0.339760878067,57.0538,20,3.137599999999992,False,dominant_holder,4,high
1909.HK,hk,51.0001,51.0001,0.260100000001,51.0,5,0.0,False,dominant_holder,4,high
1910.HK,hk,52.799,46.0482,0.019825059022,7.6109,20,6.750799999999998,False,broad_institutional,4,high
1911.HK,hk,58.2865,58.2865,0.15366757201099998,38.0445,20,0.0,False,dominant_holder,4,high
1912.HK,hk,56.6685,56.6685,0.257012068625,50.294,2,0.0,False,dominant_holder,4,high
1913.HK,hk,88.6062000000001,87.138,0.6403002788020001,79.977,20,1.4682000000000954,False,dominant_holder,4,high
1915.HK,hk,8.392,8.392,0.0036219044980000006,4.9053,2,0.0,False,fragmented_or_mixed,4,high
1916.HK,hk,70.0563,70.0563,0.08006337674700001,20.2218,11,0.0,False,dominant_holder,4,high
1917.HK,hk,71.6582,71.6582,0.14387592150200001,32.077,7,0.0,False,dominant_holder,4,high
1918.HK,hk,37.8017,37.4728,0.05785504387,23.1602,20,0.3288999999999973,False,dominant_holder,4,high
1919.HK,hk,47.8873000000001,37.0265,0.02361109649099999,14.0139,20,10.860800000000104,False,fragmented_or_mixed,4,high
1920.HK,hk,54.2396,54.2396,0.287682183934,53.6343,4,0.0,False,dominant_holder,4,high
1921.HK,hk,72.6214,72.6214,0.27727447825599993,45.3209,20,0.0,False,dominant_holder,4,high
1925.HK,hk,71.3726,71.3726,0.48954538990000007,69.9582,3,0.0,False,dominant_holder,4,high
1927.HK,hk,72.75,72.75,0.17730084375,25.4625,3,0.0,False,dominant_holder,4,high
1928.HK,hk,85.6238,82.5888,0.560053541662,74.8,20,3.0349999999999966,False,dominant_holder,4,high
1929.HK,hk,89.9747000000001,87.2982,0.333965652896,53.9208,20,2.676500000000104,False,dominant_holder,4,high
1930.HK,hk,63.3599,63.3599,0.26037959555100004,49.125,5,0.0,False,dominant_holder,4,high
1931.HK,hk,65.7968,65.7968,0.158858210612,28.1048,13,0.0,False,dominant_holder,4,high
1932.HK,hk,75.0,75.0,0.5625,75.0,1,0.0,False,dominant_holder,4,high
1933.HK,hk,74.3805,74.3805,0.11788714631299999,24.6447,6,0.0,False,dominant_holder,4,high
1935.HK,hk,75.0357,75.0357,0.107972818807,23.6128,12,0.0,False,dominant_holder,4,high
1936.HK,hk,78.1945,78.1945,0.526292505373,72.3067,2,0.0,False,dominant_holder,4,high
1937.HK,hk,73.458,73.458,0.15494546299999998,27.2625,7,0.0,False,dominant_holder,4,high
1938.HK,hk,69.8479,69.8479,0.4878729134409999,69.8479,1,0.0,False,dominant_holder,4,high
1939.HK,hk,65.9822,65.9822,0.329657221348,57.191,7,0.0,False,dominant_holder,4,high
1940.HK,hk,75.0,75.0,0.28170481280000004,39.008,3,0.0,False,dominant_holder,4,high
1941.HK,hk,69.6134,69.6134,0.35615642102800005,58.6662,2,0.0,False,dominant_holder,4,high
1942.HK,hk,15.7016,15.7016,0.02389809761,15.4578,11,0.0,False,fragmented_or_mixed,4,high
1943.HK,hk,57.1232,57.1232,0.31521836776199996,56.1368,5,0.0,False,dominant_holder,4,high
1945.HK,hk,51.945,51.945,0.22183490330999997,46.9265,5,0.0,False,dominant_holder,4,high
1947.HK,hk,68.8981,68.8981,0.30744909005900006,54.5043,3,0.0,False,dominant_holder,4,high
1948.HK,hk,72.7125,72.7125,0.30488732325299994,50.6192,5,0.0,False,dominant_holder,4,high
1949.HK,hk,39.4098,39.4098,0.05490772897399999,16.6667,3,0.0,False,fragmented_or_mixed,4,high
1950.HK,hk,8.6112,8.6112,0.005316341975999999,7.2222,3,0.0,False,fragmented_or_mixed,4,high
1951.HK,hk,28.7965,28.2804,0.017041700032,11.8102,20,0.5161000000000016,False,fragmented_or_mixed,4,high
1952.HK,hk,46.4238,45.3858,0.068921666072,25.2731,20,1.0379999999999967,False,dominant_holder,4,high
1953.HK,hk,75.0,75.0,0.5625,75.0,2,0.0,False,dominant_holder,4,high
1955.HK,hk,84.0,84.0,0.27956249999999994,42.0,4,0.0,False,dominant_holder,4,high
1956.HK,hk,89.3841,79.0955,0.04904563461499999,15.1536,20,10.288600000000002,False,broad_institutional,4,high
1957.HK,hk,66.051,66.051,0.43627346010000007,66.051,1,0.0,False,dominant_holder,4,high
1958.HK,hk,41.3802,40.0766,0.09347097454799999,30.3813,20,1.303600000000003,False,dominant_holder,4,high
1959.HK,hk,71.682,71.682,0.5057805812,71.116,5,0.0,False,dominant_holder,4,high
1960.HK,hk,60.0,60.0,0.36,60.0,1,0.0,False,dominant_holder,4,high
1961.HK,hk,60.9988,60.9988,0.37208536014399995,60.9988,1,0.0,False,dominant_holder,4,high
1962.HK,hk,73.8193,73.8193,0.317085693735,55.1251,7,0.0,False,dominant_holder,4,high
1963.HK,hk,82.1695,81.4572,0.14676438964200006,30.9416,20,0.712299999999999,False,dominant_holder,4,high
1965.HK,hk,74.863,74.863,0.19872402938800007,39.1516,5,0.0,False,dominant_holder,4,high
1966.HK,hk,61.5905,61.5905,0.25862079852899994,50.2133,11,0.0,False,dominant_holder,4,high
1967.HK,hk,42.4751,42.4751,0.11927733881299997,33.2938,2,0.0,False,dominant_holder,4,high
1968.HK,hk,75.0,75.0,0.5625,75.0,1,0.0,False,dominant_holder,4,high
1969.HK,hk,75.2856,75.2856,0.562502612276,75.0,20,0.0,False,dominant_holder,4,high
1970.HK,hk,74.7928,74.7928,0.5124107323039999,71.5716,20,0.0,False,dominant_holder,4,high
1971.HK,hk,72.7696,72.7696,0.529541468416,72.7696,1,0.0,False,dominant_holder,4,high
1972.HK,hk,90.4313,87.564,0.6942544622219999,83.3136,20,2.8673,False,dominant_holder,4,high
1973.HK,hk,56.8913,56.8913,0.07164310995700002,21.5055,6,0.0,False,dominant_holder,4,high
1975.HK,hk,80.0,80.0,0.3432625,54.75,3,0.0,False,dominant_holder,4,high
1977.HK,hk,75.4961,75.4961,0.44952254457699997,66.5586,13,0.0,False,dominant_holder,4,high
1978.HK,hk,75.0223,75.0223,0.5625000283089999,75.0,3,0.0,False,dominant_holder,4,high
1979.HK,hk,82.6354,82.6354,0.4598756502780001,67.0622,17,0.0,False,dominant_holder,4,high
1980.HK,hk,86.2362,86.2362,0.19681767070000003,29.8529,10,0.0,False,dominant_holder,4,high
1981.HK,hk,73.1388,73.1388,0.5328092196280001,72.9937,10,0.0,False,dominant_holder,4,high
1982.HK,hk,75.0582,75.0582,0.44076665913000007,65.807,9,0.0,False,dominant_holder,4,high
1983.HK,hk,83.7034,83.7034,0.13150753539600002,18.0147,8,0.0,False,dominant_holder,4,high
1985.HK,hk,68.4538,68.4538,0.3207340341639999,56.1958,8,0.0,False,dominant_holder,4,high
1986.HK,hk,62.3834,62.3834,0.08110050867600001,13.7762,11,0.0,False,broad_institutional,4,high
1987.HK,hk,59.154,59.154,0.147355405808,34.17,4,0.0,False,dominant_holder,4,high
1988.HK,hk,51.1364,43.467,0.018653165168,8.5754,20,7.669400000000003,False,broad_institutional,4,high
1989.HK,hk,62.2694,61.8314,0.02733398889,7.0967,20,0.4379999999999953,False,broad_institutional,4,high
1991.HK,hk,62.9904,62.9904,0.22382203155600003,46.3282,11,0.0,False,dominant_holder,4,high
1993.HK,hk,67.9634,67.9634,0.28800813528399993,52.5708,4,0.0,False,dominant_holder,4,high
1995.HK,hk,46.4746,46.4711,0.082464478561,23.6167,20,0.003500000000002501,False,dominant_holder,4,high
1996.HK,hk,71.88,71.88,0.51667344,71.88,1,0.0,False,dominant_holder,4,high
1997.HK,hk,63.6517,59.5715,0.203531178631,44.8181,20,4.080199999999998,False,dominant_holder,4,high
1999.HK,hk,82.3709,80.0571,0.400884154739,63.1302,20,2.3138000000000005,False,dominant_holder,4,high
2000.HK,hk,59.3876,59.3876,0.175653328698,34.6787,7,0.0,False,dominant_holder,4,high
2001.HK,hk,60.3759,60.3759,0.133631846445,33.8832,20,0.0,False,dominant_holder,4,high
2002.HK,hk,48.7688,48.7688,0.11477691098,30.2013,12,0.0,False,dominant_holder,4,high
2003.HK,hk,84.8683,84.8683,0.283091691885,50.6355,14,0.0,False,dominant_holder,4,high
2005.HK,hk,81.6781,81.0375,0.168353580953,31.5276,20,0.6406000000000063,False,dominant_holder,4,high
2007.HK,hk,48.583,48.5736,0.16719290577799997,40.6919,20,0.009399999999999409,False,dominant_holder,4,high
2008.HK,hk,76.2772,76.2772,0.12375852216999998,21.0,8,0.0,False,dominant_holder,4,high
2009.HK,hk,7.3747,7.131,0.0013777956859999999,3.3018,20,0.24369999999999958,False,fragmented_or_mixed,4,high
2011.HK,hk,50.1856,50.1856,0.10635018535,24.2295,3,0.0,False,dominant_holder,4,high
2012.HK,hk,74.8044,74.8044,0.095756222754,24.0334,13,0.0,False,dominant_holder,4,high
2013.HK,hk,18.8984,18.7944,0.007239406744,5.9564,20,0.1039999999999992,False,fragmented_or_mixed,4,high
2015.HK,hk,60.3443,51.0161,0.035626429109,14.8607,20,9.328199999999995,False,broad_institutional,4,high
2016.HK,hk,75.7756,74.962,0.099371017802,23.2982,20,0.8135999999999939,False,dominant_holder,4,high
2017.HK,hk,73.2405,73.2405,0.536417084025,73.2405,1,0.0,False,dominant_holder,4,high
2018.HK,hk,63.9101,57.5369,0.07829943142500001,22.791,20,6.373199999999997,False,dominant_holder,4,high
2019.HK,hk,0.0,0.0,0.0,0.0,1,0.0,False,fragmented_or_mixed,4,high
2020.HK,hk,74.7533000000001,66.1787,0.282741623557,53.0161,20,8.574600000000089,False,dominant_holder,4,high
2022.HK,hk,69.1527,69.1527,0.120630226889,27.643,6,0.0,False,dominant_holder,4,high
2023.HK,hk,53.6079,53.6079,0.26032066296499995,50.9646,3,0.0,False,dominant_holder,4,high
2025.HK,hk,71.5879,71.5879,0.27805373762700003,51.3803,6,0.0,False,dominant_holder,4,high
2026.HK,hk,34.0275,32.8479,0.021596074705,12.0155,20,1.1796000000000006,False,fragmented_or_mixed,4,high
2028.HK,hk,55.4827,55.4827,0.270140686285,51.8478,2,0.0,False,dominant_holder,4,high
2030.HK,hk,69.2813,69.2813,0.27819400252099996,51.1721,11,0.0,False,dominant_holder,4,high
2031.HK,hk,70.7185,70.7185,0.35651090457699997,58.4304,2,0.0,False,dominant_holder,4,high
2033.HK,hk,87.042,87.042,0.5192141205420002,71.2741,7,0.0,False,dominant_holder,4,high
2038.HK,hk,70.01,69.9916,0.4232043291300001,65.0081,20,0.01839999999999975,False,dominant_holder,4,high
2039.HK,hk,90.0977,89.9999,0.3197747540389999,42.8246,20,0.09780000000000655,False,dominant_holder,4,high
2048.HK,hk,45.3436,45.3436,0.06964835319599999,22.6315,6,0.0,False,dominant_holder,4,high
2050.HK,hk,38.7044,35.6356,0.018203952368000008,9.0311,20,3.068800000000003,False,fragmented_or_mixed,4,high
2051.HK,hk,49.448,49.448,0.053170515596,16.9939,8,0.0,False,fragmented_or_mixed,4,high
2057.HK,hk,46.8095000000001,39.521,0.027665577111999993,12.7601,20,7.288500000000099,False,fragmented_or_mixed,4,high
2068.HK,hk,64.2201,64.2201,0.083931725011,17.2967,9,0.0,False,broad_institutional,4,high
2076.HK,hk,18.2492,18.0447,0.006143729809,6.7015,20,0.20449999999999946,False,fragmented_or_mixed,4,high
2078.HK,hk,75.0,75.0,0.5625,75.0,1,0.0,False,dominant_holder,4,high
2080.HK,hk,75.1241,75.1241,0.474255680645,68.5519,2,0.0,False,dominant_holder,4,high
2086.HK,hk,74.8329,74.8329,0.5588276689579998,74.7547,3,0.0,False,dominant_holder,4,high
2096.HK,hk,81.0221999999999,77.4398999999999,0.17985680648100003,34.7901,20,3.5823000000000036,False,dominant_holder,4,high
2097.HK,hk,77.003,76.4111,0.25546017496100004,35.7224,20,0.5918999999999954,False,dominant_holder,4,high
2098.HK,hk,76.6647,76.6647,0.496221566191,70.2217,12,0.0,False,dominant_holder,4,high
2099.HK,hk,64.5761000000001,59.7778,0.16301573370000005,40.0058,20,4.798300000000097,False,dominant_holder,4,high
2100.HK,hk,64.2163,64.2163,0.101462798993,24.6957,16,0.0,False,dominant_holder,4,high
2101.HK,hk,64.995,64.995,0.150790514888,34.7506,5,0.0,False,dominant_holder,4,high
2102.HK,hk,75.0,75.0,0.5625,75.0,1,0.0,False,dominant_holder,4,high
2105.HK,hk,43.7583,43.6723,0.028796653993000007,10.6153,20,0.08599999999999852,False,fragmented_or_mixed,4,high
2107.HK,hk,75.3967,75.3967,0.12032244115099999,26.4974,10,0.0,False,dominant_holder,4,high
2108.HK,hk,82.061,82.061,0.5674003721,75.0,3,0.0,False,dominant_holder,4,high
2110.HK,hk,10.7776,10.7776,0.006541584519999999,7.3042,2,0.0,False,fragmented_or_mixed,4,high
2111.HK,hk,89.4942,89.4942,0.39570152167800005,61.5979,20,0.0,False,dominant_holder,4,high
2112.HK,hk,62.955,62.955,0.260012547278,50.1833,4,0.0,False,dominant_holder,4,high
2113.HK,hk,28.0,28.0,0.07840000000000001,28.0,1,0.0,False,dominant_holder,4,high
2116.HK,hk,75.0,75.0,0.5625,75.0,1,0.0,False,dominant_holder,4,high
2119.HK,hk,71.6269,71.6269,0.298208627974,50.409,7,0.0,False,dominant_holder,4,high
2120.HK,hk,50.6652,50.6652,0.06957656819199999,18.3934,9,0.0,False,broad_institutional,4,high
2121.HK,hk,53.7325,53.6949,0.084805244329,24.411,20,0.03760000000000474,False,dominant_holder,4,high
2122.HK,hk,74.6449,74.6449,0.434944319155,65.3523,3,0.0,False,dominant_holder,4,high
2125.HK,hk,71.4823,71.4823,0.201443510549,41.1421,5,0.0,False,dominant_holder,4,high
2126.HK,hk,24.1435,24.1435,0.031712141247,16.8529,9,0.0,False,fragmented_or_mixed,4,high
2127.HK,hk,30.4161,30.4161,0.019388672650999996,8.0156,6,0.0,False,fragmented_or_mixed,4,high
2128.HK,hk,79.1134,77.0337,0.477378473337,69.0585,20,2.0797000000000025,False,dominant_holder,4,high
2129.HK,hk,75.0,75.0,0.5625,75.0,1,0.0,False,dominant_holder,4,high
2130.HK,hk,80.306,80.306,0.348782121026,57.8541,13,0.0,False,dominant_holder,4,high
2131.HK,hk,25.055,25.055,0.026932222949999998,14.3022,6,0.0,False,fragmented_or_mixed,4,high
2132.HK,hk,75.0,75.0,0.5625,75.0,1,0.0,False,dominant_holder,4,high
2135.HK,hk,61.3815,61.3815,0.288821116973,53.1002,2,0.0,False,dominant_holder,4,high
2136.HK,hk,75.0829,75.0829,0.280655487845,38.0375,7,0.0,False,dominant_holder,4,high
2137.HK,hk,17.864,17.864,0.017884998322000002,12.5248,20,0.0,False,fragmented_or_mixed,4,high
2138.HK,hk,61.7656,61.7656,0.367043822892,60.5819,20,0.0,False,dominant_holder,4,high
2139.HK,hk,77.541,77.541,0.16414476803800004,32.9485,9,0.0,False,dominant_holder,4,high
2142.HK,hk,44.2964,42.9194,0.026384647158000003,8.7836,20,1.3769999999999953,False,fragmented_or_mixed,4,high
2145.HK,hk,79.6065000000001,76.6886,0.22751147304,46.2361,20,2.9179000000001025,False,dominant_holder,4,high
2146.HK,hk,59.3829,59.3829,0.13393257467300002,29.1521,3,0.0,False,dominant_holder,4,high
2147.HK,hk,30.633,30.633,0.04777351260999999,21.078,5,0.0,False,dominant_holder,4,high
2149.HK,hk,24.585,24.585,0.035109588027999995,18.0561,11,0.0,False,fragmented_or_mixed,4,high
2150.HK,hk,59.9265,59.9265,0.337009678999,58.026,20,0.0,False,dominant_holder,4,high
2152.HK,hk,89.1766,89.1766,0.07022628144,10.3947,13,0.0,False,broad_institutional,4,high
2153.HK,hk,77.0341,77.0341,0.48926468757899994,69.7191,5,0.0,False,dominant_holder,4,high
2155.HK,hk,79.1521,78.2799,0.35577614576299993,58.9934,20,0.8722000000000065,False,dominant_holder,4,high
2156.HK,hk,82.6135,82.5985,0.20270912357899998,38.1273,20,0.015000000000000568,False,dominant_holder,4,high
2157.HK,hk,64.0576,63.3187,0.08354217169899998,24.0096,20,0.7388999999999939,False,dominant_holder,4,high
2158.HK,hk,46.6648,46.6316,0.153889587756,39.1101,20,0.033200000000000784,False,dominant_holder,4,high
2159.HK,hk,58.7031,58.7031,0.066169686695,15.2146,7,0.0,False,broad_institutional,4,high
2160.HK,hk,70.0133,70.0133,0.21549881916100003,44.447,20,0.0,False,dominant_holder,4,high
2161.HK,hk,73.6657,73.6657,0.5132525418370001,71.6208,17,0.0,False,dominant_holder,4,high
2162.HK,hk,55.4502,53.2532,0.06983308565400002,25.1565,20,2.1970000000000027,False,dominant_holder,4,high
2163.HK,hk,1.2511,1.2511,0.00015652512100000003,1.2511,8,0.0,False,fragmented_or_mixed,4,high
2165.HK,hk,82.5176,82.5176,0.19059679998800003,26.0261,6,0.0,False,dominant_holder,4,high
2166.HK,hk,66.5248,66.5248,0.21503666215199996,44.7634,7,0.0,False,dominant_holder,4,high
2167.HK,hk,71.101,71.101,0.162903113144,34.7444,6,0.0,False,dominant_holder,4,high
2168.HK,hk,72.0226,72.0226,0.4528300400739999,67.1793,6,0.0,False,dominant_holder,4,high
2169.HK,hk,70.9603,70.9603,0.24584763787299996,40.339,14,0.0,False,dominant_holder,4,high
2170.HK,hk,7.2612,7.2612,0.006588015443999999,7.2612,2,0.0,False,fragmented_or_mixed,4,high
2171.HK,hk,40.9044,40.8491,0.11201578043100001,33.344,20,0.05530000000000257,False,dominant_holder,4,high
2172.HK,hk,40.7716,40.762,0.15788354700999999,39.7326,20,0.009599999999998943,False,dominant_holder,4,high
2175.HK,hk,81.6082,81.6082,0.329177845978,52.6689,5,0.0,False,dominant_holder,4,high
2176.HK,hk,9.5694,9.5694,0.009157341636,9.5694,1,0.0,False,fragmented_or_mixed,4,high
2177.HK,hk,73.3337,73.3337,0.26981483120499994,38.8154,2,0.0,False,dominant_holder,4,high
2178.HK,hk,54.5133,54.5133,0.12243014014499999,28.3157,6,0.0,False,dominant_holder,4,high
2179.HK,hk,67.4867,67.4867,0.067090935833,21.162,19,0.0,False,dominant_holder,4,high
2180.HK,hk,80.138,80.138,0.22290194779400002,36.8663,20,0.0,False,dominant_holder,4,high
2181.HK,hk,77.1765,77.1765,0.286222297661,49.9499,4,0.0,False,dominant_holder,4,high
2182.HK,hk,66.4567,66.4567,0.4403804732569999,66.3611,2,0.0,False,dominant_holder,4,high
2185.HK,hk,58.1837,58.1837,0.06590114624299999,19.8706,12,0.0,False,broad_institutional,4,high
2186.HK,hk,59.3597,58.1467,0.11791715831299998,31.1955,20,1.2129999999999939,False,dominant_holder,4,high
2187.HK,hk,66.143,66.143,0.12792472606000002,30.6045,9,0.0,False,dominant_holder,4,high
2188.HK,hk,75.5831,75.5831,0.18418214981700004,38.0,6,0.0,False,dominant_holder,4,high
2189.HK,hk,71.1414,71.1414,0.396251295476,62.6096,3,0.0,False,dominant_holder,4,high
2190.HK,hk,80.1787,79.2657,0.06934441516300001,19.5602,20,0.9130000000000109,False,broad_institutional,4,high
2192.HK,hk,98.1279000000001,96.2186,0.269258153108,36.1485,20,1.9093000000001012,False,dominant_holder,4,high
2193.HK,hk,73.8723,73.8723,0.512659952023,71.5863,5,0.0,False,dominant_holder,4,high
2195.HK,hk,67.2512,67.2512,0.13989085017199998,30.7267,5,0.0,False,dominant_holder,4,high
2196.HK,hk,38.7602,36.4412,0.025205987948,14.3323,20,2.3189999999999955,False,fragmented_or_mixed,4,high
2197.HK,hk,48.6307,48.6307,0.05104119956700001,16.3294,19,0.0,False,fragmented_or_mixed,4,high
2198.HK,hk,48.7547,48.7547,0.20404284688299995,45.1207,14,0.0,False,dominant_holder,4,high
2199.HK,hk,76.7093,76.7093,0.47280262112699994,68.2886,11,0.0,False,dominant_holder,4,high
2202.HK,hk,23.2952,21.9951,0.010552961397000005,9.0097,20,1.3001000000000005,False,fragmented_or_mixed,4,high
2203.HK,hk,74.9573,74.9573,0.5618596823290001,74.9573,1,0.0,False,dominant_holder,4,high
2205.HK,hk,76.8591,76.8591,0.510802450281,71.25,2,0.0,False,dominant_holder,4,high
2208.HK,hk,56.8855,43.7125,0.012595531457,5.2956,20,13.173000000000002,False,broad_institutional,4,high
2209.HK,hk,61.6237,61.6237,0.11222332369499999,29.772,15,0.0,False,dominant_holder,4,high
2210.HK,hk,78.5324,78.5324,0.105013758308,20.2863,7,0.0,False,dominant_holder,4,high
2211.HK,hk,9.479,9.479,0.006808173244000002,8.2048,7,0.0,False,fragmented_or_mixed,4,high
2212.HK,hk,0.0,0.0,0.0,0.0,2,0.0,False,fragmented_or_mixed,4,high
2215.HK,hk,73.3437,73.3437,0.342949913473,57.6548,4,0.0,False,dominant_holder,4,high
2216.HK,hk,38.0807,38.0807,0.047502612338999994,16.6096,9,0.0,False,fragmented_or_mixed,4,high
2218.HK,hk,32.3791,32.3791,0.052200256388999985,18.4213,8,0.0,False,fragmented_or_mixed,4,high
2219.HK,hk,61.6529,61.6518,0.061459004206,14.0882,20,0.001100000000000989,False,broad_institutional,4,high
2221.HK,hk,37.5915,37.5915,0.019281477531,8.1452,14,0.0,False,fragmented_or_mixed,4,high
2222.HK,hk,70.7557,70.7557,0.135999045439,29.8483,7,0.0,False,dominant_holder,4,high
2223.HK,hk,62.7538,62.7538,0.33835272135000005,58.1053,4,0.0,False,dominant_holder,4,high
2225.HK,hk,48.6008,48.6008,0.228015080732,47.7449,6,0.0,False,dominant_holder,4,high
2226.HK,hk,77.3681,77.3681,0.31835252136899994,54.0897,4,0.0,False,dominant_holder,4,high
2227.HK,hk,78.605,78.605,0.3553751729979999,58.1407,5,0.0,False,dominant_holder,4,high
2228.HK,hk,28.9536,26.3207,0.008493701998999998,5.4394,20,2.632900000000003,False,fragmented_or_mixed,4,high
2230.HK,hk,73.75,73.75,0.5187062499999999,72.0,2,0.0,False,dominant_holder,4,high
2231.HK,hk,62.9999,62.9999,0.39689874000099995,62.9999,3,0.0,False,dominant_holder,4,high
2232.HK,hk,91.725,90.1563,0.4479676299670001,65.7476,20,1.5686999999999927,False,dominant_holder,4,high
2233.HK,hk,72.7112,72.6045,0.19101310353700002,32.2679,20,0.10670000000000357,False,dominant_holder,4,high
2235.HK,hk,58.9178,58.9178,0.09195437818199999,23.7165,13,0.0,False,dominant_holder,4,high
2236.HK,hk,76.0615,76.0615,0.5731832293970001,75.7086,8,0.0,False,dominant_holder,4,high
2237.HK,hk,75.0,75.0,0.5625,75.0,1,0.0,False,dominant_holder,4,high
2238.HK,hk,33.6086,33.1263,0.035481460873000005,15.1128,20,0.48230000000000217,False,fragmented_or_mixed,4,high
2239.HK,hk,68.3415,68.3415,0.350173242593,58.448,5,0.0,False,dominant_holder,4,high
2245.HK,hk,57.028,56.9897,0.21833879865899997,46.0539,20,0.03829999999999956,False,dominant_holder,4,high
2246.HK,hk,41.6543,41.6543,0.130780895361,35.9336,4,0.0,False,dominant_holder,4,high
2249.HK,hk,57.3255,57.3255,0.026288633406999995,7.1304,18,0.0,False,broad_institutional,4,high
2250.HK,hk,75.2204,75.2204,0.454329321955,66.8921,4,0.0,False,dominant_holder,4,high
2251.HK,hk,75.1703,73.8466,0.062800424866,18.221,20,1.3237000000000023,False,broad_institutional,4,high
2252.HK,hk,68.1711,67.4382,0.22029395504,45.6542,20,0.7329000000000008,False,dominant_holder,4,high
2255.HK,hk,78.3389,78.3364000000001,0.23603557379799997,38.5954,20,0.0024999999998982503,False,dominant_holder,4,high
2256.HK,hk,53.8849,52.2478,0.030158613166,11.1547,20,1.6371000000000038,False,broad_institutional,4,high
2257.HK,hk,24.1672,24.1672,0.027741201192,16.119,16,0.0,False,fragmented_or_mixed,4,high
2258.HK,hk,73.8044,73.8044,0.193761191034,38.22,6,0.0,False,dominant_holder,4,high
2259.HK,hk,91.3607000000001,89.1223,0.722684783633,85.0042,20,2.238400000000098,False,dominant_holder,4,high
2260.HK,hk,74.4551,74.4551,0.34647243361299995,55.8413,2,0.0,False,dominant_holder,4,high
2262.HK,hk,74.908,74.908,0.32545009091200006,52.4356,4,0.0,False,dominant_holder,4,high
2263.HK,hk,75.0,75.0,0.5625,75.0,1,0.0,False,dominant_holder,4,high
2265.HK,hk,62.623,62.623,0.3896650929,62.423,3,0.0,False,dominant_holder,4,high
2266.HK,hk,75.0,75.0,0.5625,75.0,1,0.0,False,dominant_holder,4,high
2268.HK,hk,86.3397000000001,80.4503,0.28658960069899997,50.1818,20,5.889400000000094,False,dominant_holder,4,high
2269.HK,hk,49.3222000000001,31.6807,0.010776246485,8.477,20,17.6415000000001,False,fragmented_or_mixed,4,high
2270.HK,hk,79.8791,79.8791,0.4144260391509999,63.7048,8,0.0,False,dominant_holder,4,high
2271.HK,hk,67.9352,67.9352,0.46151913990399995,67.9352,1,0.0,False,dominant_holder,4,high
2272.HK,hk,88.9784,88.9784,0.12578201605599998,24.4199,16,0.0,False,dominant_holder,4,high
2273.HK,hk,60.6252,59.252,0.12217878567799999,32.9603,20,1.373199999999997,False,dominant_holder,4,high
2276.HK,hk,72.7766000000001,70.8174,0.22028340868000001,42.6958,20,1.959200000000095,False,dominant_holder,4,high
2279.HK,hk,76.0186,76.0186,0.18305864614200001,34.5627,13,0.0,False,dominant_holder,4,high
2280.HK,hk,50.7114,50.7114,0.05950830705600001,19.3653,7,0.0,False,broad_institutional,4,high
2281.HK,hk,71.7512,71.7512,0.20279325728,33.688,3,0.0,False,dominant_holder,4,high
2282.HK,hk,85.9068,85.1821,0.36496491074500004,55.9485,20,0.7246999999999986,False,dominant_holder,4,high
2283.HK,hk,85.2683,85.1961,0.22125867785699999,44.1718,20,0.07219999999999516,False,dominant_holder,4,high
2285.HK,hk,89.7325,89.0667,0.303825006591,51.1046,20,0.6658000000000044,False,dominant_holder,4,high
2286.HK,hk,80.8128,80.8128,0.35713644627999996,57.824,4,0.0,False,dominant_holder,4,high
2288.HK,hk,53.5075,53.5075,0.16289671333700004,36.704,4,0.0,False,dominant_holder,4,high
2289.HK,hk,75.0,75.0,0.28736131456799996,43.0278,2,0.0,False,dominant_holder,4,high
2290.HK,hk,75.6521,75.6521,0.5625424192330001,75.0,3,0.0,False,dominant_holder,4,high
2291.HK,hk,77.9001,77.9001,0.601203048885,77.5371,20,0.0,False,dominant_holder,4,high
2293.HK,hk,75.2532,75.2532,0.459279265562,67.3021,2,0.0,False,dominant_holder,4,high
2295.HK,hk,75.0,75.0,0.5625,75.0,1,0.0,False,dominant_holder,4,high
2297.HK,hk,71.2448,71.2448,0.07993872311599999,16.6667,10,0.0,False,broad_institutional,4,high
2298.HK,hk,57.9724,57.9724,0.12449044722800003,32.6754,13,0.0,False,dominant_holder,4,high
2299.HK,hk,93.185,93.185,0.252406996096,36.9685,6,0.0,False,dominant_holder,4,high
2302.HK,hk,66.765,66.765,0.4451533447980001,66.7198,5,0.0,False,dominant_holder,4,high
2306.HK,hk,64.0662,64.0662,0.221233374596,45.3129,8,0.0,False,dominant_holder,4,high
2307.HK,hk,50.0967,50.0967,0.161522144705,38.5783,5,0.0,False,dominant_holder,4,high
2309.HK,hk,67.6084,67.6084,0.16341563704599996,29.6177,6,0.0,False,dominant_holder,4,high
2310.HK,hk,74.9999,74.9999,0.560442773005,74.8626,2,0.0,False,dominant_holder,4,high
2312.HK,hk,50.6138,50.6138,0.09751147882999998,26.5416,6,0.0,False,dominant_holder,4,high
2313.HK,hk,79.7603,66.946,0.18464653757599997,42.3737,20,12.814300000000003,False,dominant_holder,4,high
2314.HK,hk,77.8898,77.2587,0.20419568299500002,31.6412,20,0.6310999999999893,False,dominant_holder,4,high
2315.HK,hk,77.2016,75.741,0.06653417710000001,12.9312,20,1.4605999999999995,False,broad_institutional,4,high
2317.HK,hk,67.7483,67.7483,0.14251295880700002,33.629,11,0.0,False,dominant_holder,4,high
2318.HK,hk,53.2687000000001,33.9183,0.020298959714999995,12.9495,20,19.3504000000001,False,broad_institutional,4,high
2319.HK,hk,70.2546999999999,53.209,0.033053684172000004,14.2102,20,17.045699999999897,False,broad_institutional,4,high
2320.HK,hk,76.5726,76.5726,0.12341343030800002,20.8499,10,0.0,False,dominant_holder,4,high
2321.HK,hk,77.3999,77.3999,0.5251847691129999,72.2892,2,0.0,False,dominant_holder,4,high
2322.HK,hk,31.2087,31.2087,0.043560185651,18.8836,6,0.0,False,fragmented_or_mixed,4,high
2324.HK,hk,0.3055,0.3055,9.333025e-06,0.3055,1,0.0,False,fragmented_or_mixed,4,high
2325.HK,hk,76.6096,76.6096,0.254727410298,37.0621,6,0.0,False,dominant_holder,4,high
2326.HK,hk,39.1543,39.1543,0.080397805849,23.9043,3,0.0,False,dominant_holder,4,high
2327.HK,hk,69.108,69.108,0.212556553806,38.8876,8,0.0,False,dominant_holder,4,high
2328.HK,hk,46.9590000000001,32.1679,0.008863762167000001,6.1869,20,14.7911000000001,False,fragmented_or_mixed,4,high
2329.HK,hk,76.7127,76.7127,0.588483834129,76.7127,2,0.0,False,dominant_holder,4,high
2330.HK,hk,57.3094,57.3094,0.061939343328,15.8995,6,0.0,False,broad_institutional,4,high
2331.HK,hk,61.9617,44.7982,0.027492109188000005,14.2672,20,17.1635,False,broad_institutional,4,high
2333.HK,hk,36.1943,26.0072,0.005353050179999999,4.2966,20,10.187099999999997,False,fragmented_or_mixed,4,high
2335.HK,hk,85.7025,85.7025,0.08870098219899998,23.7797,19,0.0,False,dominant_holder,4,high
2336.HK,hk,66.4794,66.4794,0.441951062436,66.4794,1,0.0,False,dominant_holder,4,high
2337.HK,hk,73.6953,73.6953,0.3294978773670001,56.0289,7,0.0,False,dominant_holder,4,high
2338.HK,hk,66.8211,47.8556,0.03483982578400001,16.1764,20,18.9655,False,broad_institutional,4,high
2339.HK,hk,75.5167,75.5167,0.3615929166809999,59.5015,8,0.0,False,dominant_holder,4,high
2340.HK,hk,52.2159,52.2159,0.20198379759299995,44.2354,3,0.0,False,dominant_holder,4,high
2342.HK,hk,41.2135,41.1548,0.064616530476,22.2156,20,0.05870000000000175,False,dominant_holder,4,high
2343.HK,hk,71.2908000000001,67.3783,0.07296660341499998,20.0958,20,3.912500000000108,False,dominant_holder,4,high
2347.HK,hk,72.6163,72.6163,0.21506525798500006,35.3278,4,0.0,False,dominant_holder,4,high
2348.HK,hk,70.5925,70.5925,0.179763776901,40.0488,20,0.0,False,dominant_holder,4,high
2349.HK,hk,65.656,65.656,0.11668157542199999,23.3007,7,0.0,False,dominant_holder,4,high
2350.HK,hk,31.956,31.956,0.07212800433800001,26.2417,3,0.0,False,dominant_holder,4,high
2352.HK,hk,75.6629,75.6629,0.12439254946299998,20.0947,6,0.0,False,dominant_holder,4,high
2355.HK,hk,19.91,19.91,0.015904844696000002,10.0691,7,0.0,False,fragmented_or_mixed,4,high
2356.HK,hk,81.2764,80.0305,0.5533661832610001,74.3703,20,1.2458999999999918,False,dominant_holder,4,high
2357.HK,hk,63.2217,62.4923,0.31795536323699997,56.3472,20,0.7293999999999983,False,dominant_holder,4,high
2358.HK,hk,21.719,21.719,0.022055026781999998,10.9649,3,0.0,False,fragmented_or_mixed,4,high
2359.HK,hk,76.0956,51.8887,0.028108728493000005,13.1222,20,24.206900000000005,False,broad_institutional,4,high
2360.HK,hk,75.9381,75.9381,0.273946831957,49.0,8,0.0,False,dominant_holder,4,high
2361.HK,hk,89.589,89.589,0.21942828429799993,40.1172,7,0.0,False,dominant_holder,4,high
2362.HK,hk,77.5705,77.5587,0.3485247286090001,57.8203,20,0.011799999999993815,False,dominant_holder,4,high
2363.HK,hk,29.1533,29.1533,0.04836636476899999,19.9945,2,0.0,False,fragmented_or_mixed,4,high
2367.HK,hk,71.6921,68.6478,0.30784472158200005,55.2161,20,3.0442999999999927,False,dominant_holder,4,high
2368.HK,hk,63.9145,63.9145,0.13671349026100002,33.439,14,0.0,False,dominant_holder,4,high
2369.HK,hk,47.6343,47.6343,0.07021458093300001,23.5844,16,0.0,False,dominant_holder,4,high
2370.HK,hk,75.0,75.0,0.3177,51.0,2,0.0,False,dominant_holder,4,high
2371.HK,hk,43.9764,43.9764,0.063122785986,21.763,7,0.0,False,dominant_holder,4,high
2372.HK,hk,72.75,72.75,0.22775213,42.38,3,0.0,False,dominant_holder,4,high
2373.HK,hk,67.8092,67.7256,0.07861597081199999,17.1782,20,0.08360000000000412,False,broad_institutional,4,high
2376.HK,hk,65.7453,65.7453,0.100692979391,19.4811,5,0.0,False,dominant_holder,4,high
2377.HK,hk,73.2722,73.2722,0.14841913881,29.9107,7,0.0,False,dominant_holder,4,high
2378.HK,hk,65.9058000000002,37.3642,0.011727910192000004,6.9261,20,28.5416000000002,False,broad_institutional,4,high
2380.HK,hk,78.1856,77.0057,0.279667154875,50.4146,20,1.1798999999999893,False,dominant_holder,4,high
2381.HK,hk,84.0045,84.0045,0.570608102025,75.0,2,0.0,False,dominant_holder,4,high
2382.HK,hk,72.0343,59.5402,0.131374257766,35.6694,20,12.494100000000003,False,dominant_holder,4,high
2383.HK,hk,74.8362,74.8362,0.11085682050800001,24.0667,13,0.0,False,dominant_holder,4,high
2385.HK,hk,80.786,80.786,0.20917102356,34.2008,6,0.0,False,dominant_holder,4,high
2386.HK,hk,46.7577,40.9235,0.023212489119,13.358,20,5.834200000000003,False,fragmented_or_mixed,4,high
2388.HK,hk,76.8954000000002,73.2099,0.43679842776500005,66.0583,20,3.6855000000001894,False,dominant_holder,4,high
2389.HK,hk,57.6637,57.6637,0.074160573337,17.5319,9,0.0,False,broad_institutional,4,high
2390.HK,hk,52.9764,52.9764,0.048216996064000005,15.1716,20,0.0,False,broad_institutional,4,high
2391.HK,hk,47.7685,47.7685,0.054177360627,13.8708,18,0.0,False,fragmented_or_mixed,4,high
2392.HK,hk,72.5282,72.5282,0.07220143554399996,20.1969,13,0.0,False,dominant_holder,4,high
2393.HK,hk,64.6301,64.6301,0.093978608353,19.4986,6,0.0,False,broad_institutional,4,high
2396.HK,hk,78.742,78.742,0.09798269869599999,20.4523,10,0.0,False,dominant_holder,4,high
2399.HK,hk,47.4651,47.4651,0.038533758350999994,16.5085,15,0.0,False,fragmented_or_mixed,4,high
2400.HK,hk,60.4733,57.2328,0.11947455100599998,32.5329,20,3.2405000000000044,False,dominant_holder,4,high
2402.HK,hk,13.3587,13.3587,0.007535369371,8.1341,13,0.0,False,fragmented_or_mixed,4,high
2405.HK,hk,67.6125,67.6125,0.25539870002500004,45.497,5,0.0,False,dominant_holder,4,high
2407.HK,hk,63.2671,63.2671,0.092429317803,21.328,16,0.0,False,dominant_holder,4,high
2408.HK,hk,89.185,89.185,0.21093184806199997,42.3251,17,0.0,False,dominant_holder,4,high
2409.HK,hk,75.0,75.0,0.3562875,57.75,4,0.0,False,dominant_holder,4,high
2410.HK,hk,81.6782,75.3687,0.08494129605499996,26.2553,20,6.3095,False,dominant_holder,4,high
2411.HK,hk,54.9465,54.9465,0.061703931881,19.3884,20,0.0,False,broad_institutional,4,high
2415.HK,hk,79.7377,79.7377,0.15728134694899998,29.3047,12,0.0,False,dominant_holder,4,high
2416.HK,hk,75.1788,75.1788,0.13060683008599996,25.0376,12,0.0,False,dominant_holder,4,high
2418.HK,hk,89.948,89.948,0.13860655303400002,20.8293,7,0.0,False,dominant_holder,4,high
2419.HK,hk,55.9200000000001,54.8818,0.09537867263399998,28.6782,20,1.0382000000001028,False,dominant_holder,4,high
2420.HK,hk,71.7011,71.7011,0.23730478473,47.2112,9,0.0,False,dominant_holder,4,high
2421.HK,hk,73.1652,73.1652,0.12337905519000002,24.1216,13,0.0,False,dominant_holder,4,high
2422.HK,hk,57.3886,57.3886,0.09025848465200002,26.2048,7,0.0,False,dominant_holder,4,high
2423.HK,hk,63.2016,55.5692,0.07670902370800001,25.5405,20,7.632399999999997,False,dominant_holder,4,high
2425.HK,hk,78.5101,78.5101,0.11927400582899998,26.4693,20,0.0,False,dominant_holder,4,high
2427.HK,hk,73.5973,73.5973,0.541656256729,73.5973,2,0.0,False,dominant_holder,4,high
2429.HK,hk,40.8449,40.8449,0.035308369541,13.4721,16,0.0,False,fragmented_or_mixed,4,high
2431.HK,hk,61.3704,61.179,0.032395978996,10.0288,20,0.19139999999999446,False,broad_institutional,4,high
2432.HK,hk,46.0881,45.6295,0.045218350455,18.9802,20,0.458599999999997,False,fragmented_or_mixed,4,high
2433.HK,hk,32.2531,32.2531,0.08428167295500003,28.9333,5,0.0,False,dominant_holder,4,high
2436.HK,hk,44.8414,44.8414,0.06207990984,22.0943,9,0.0,False,dominant_holder,4,high
2438.HK,hk,65.5916,65.5916,0.095979328242,24.2673,11,0.0,False,dominant_holder,4,high
2439.HK,hk,42.6586,42.6586,0.09687914184999999,26.7567,3,0.0,False,dominant_holder,4,high
2440.HK,hk,56.7491,56.7491,0.32204603508099994,56.7491,10,0.0,False,dominant_holder,4,high
2442.HK,hk,64.5755,64.5755,0.4169995200250001,64.5755,2,0.0,False,dominant_holder,4,high
2443.HK,hk,42.3511,42.3511,0.034667352027,12.0097,17,0.0,False,fragmented_or_mixed,4,high
2450.HK,hk,5.5523,5.5523,0.0030828035289999995,5.5523,1,0.0,False,fragmented_or_mixed,4,high
2451.HK,hk,64.0453,64.0453,0.152929988617,27.3806,14,0.0,False,dominant_holder,4,high
2453.HK,hk,31.645,31.645,0.033738687876,11.3428,14,0.0,False,fragmented_or_mixed,4,high
2455.HK,hk,69.9666,69.9666,0.31010682028000003,54.9022,6,0.0,False,dominant_holder,4,high
2457.HK,hk,75.0,75.0,0.5625,75.0,1,0.0,False,dominant_holder,4,high
2458.HK,hk,56.9279,56.9279,0.088238475121,21.9382,8,0.0,False,dominant_holder,4,high
2459.HK,hk,7.6252,7.6252,0.005775305561999999,7.5995,20,0.0,False,fragmented_or_mixed,4,high
2460.HK,hk,85.2069,85.1529,0.361710982013,50.0376,20,0.054000000000002046,False,dominant_holder,4,high
2465.HK,hk,11.6295,11.6295,0.005289147349000001,6.6726,14,0.0,False,fragmented_or_mixed,4,high
2469.HK,hk,51.8094,51.5362,0.037066010438,11.7582,20,0.27319999999999567,False,broad_institutional,4,high
2473.HK,hk,26.6233,26.621,0.015680291776000003,10.4312,20,0.002300000000001745,False,fragmented_or_mixed,4,high
2475.HK,hk,54.6766,47.5727,0.021082873017,8.8799,20,7.103900000000003,False,broad_institutional,4,high
2476.HK,hk,37.3653,25.2116,0.0039644165660000005,2.6659,20,12.153699999999997,False,fragmented_or_mixed,4,high
2477.HK,hk,28.6785,28.6785,0.06275323775500001,24.9374,17,0.0,False,dominant_holder,4,high
2480.HK,hk,82.3795,82.3795,0.14669576599700002,29.3065,9,0.0,False,dominant_holder,4,high
2481.HK,hk,78.7411,78.7411,0.44965756598499995,66.6446,6,0.0,False,dominant_holder,4,high
2482.HK,hk,32.4006,32.4006,0.056965384278000006,22.1731,3,0.0,False,dominant_holder,4,high
2483.HK,hk,75.0,75.0,0.5625,75.0,1,0.0,False,dominant_holder,4,high
2486.HK,hk,81.91,81.91,0.24575753393199998,46.3396,6,0.0,False,dominant_holder,4,high
2487.HK,hk,81.0985,81.0985,0.19322319641099994,40.5911,17,0.0,False,dominant_holder,4,high
2488.HK,hk,58.437,58.437,0.06955034469799999,22.5746,20,0.0,False,dominant_holder,4,high
2489.HK,hk,67.7944,67.7944,0.352151078768,58.7638,8,0.0,False,dominant_holder,4,high
2490.HK,hk,52.6875,52.6875,0.10128777119299999,28.5093,8,0.0,False,dominant_holder,4,high
2493.HK,hk,31.8704,31.8704,0.026505406308,12.0267,6,0.0,False,fragmented_or_mixed,4,high
2495.HK,hk,70.4391,67.5821,0.037463020609,12.6596,20,2.8569999999999993,False,broad_institutional,4,high
2496.HK,hk,91.1826,91.1826,0.12670123864600003,28.5503,14,0.0,False,dominant_holder,4,high
2497.HK,hk,69.6829,69.6829,0.31673639606500004,54.7273,3,0.0,False,dominant_holder,4,high
2498.HK,hk,39.326,37.66,0.021602039438,10.4596,20,1.666000000000004,False,fragmented_or_mixed,4,high
2499.HK,hk,66.9206,66.9206,0.084069757138,18.9365,8,0.0,False,broad_institutional,4,high
2500.HK,hk,35.735,35.735,0.031790957721999996,12.936,20,0.0,False,fragmented_or_mixed,4,high
2501.HK,hk,74.8196,74.8196,0.38387057288,61.2,3,0.0,False,dominant_holder,4,high
2502.HK,hk,75.0,75.0,0.5625,75.0,1,0.0,False,dominant_holder,4,high
2503.HK,hk,68.894,68.894,0.131933595378,24.8341,11,0.0,False,dominant_holder,4,high
2505.HK,hk,74.9774,74.9774,0.166316224836,32.8707,12,0.0,False,dominant_holder,4,high
2506.HK,hk,88.2348,88.2343,0.23944399846500003,41.0097,20,0.0005000000000023874,False,dominant_holder,4,high
2507.HK,hk,82.7886,82.7798,0.6430994921980001,80.1837,20,0.008800000000007913,False,dominant_holder,4,high
2508.HK,hk,88.9683,87.1303,0.146468537235,34.2576,20,1.8379999999999939,False,dominant_holder,4,high
2509.HK,hk,69.6471,69.6444,0.07529197612,17.9076,20,0.0026999999999901547,False,broad_institutional,4,high
2510.HK,hk,83.9731,83.8444,0.2822855526679999,37.1706,20,0.12870000000000914,False,dominant_holder,4,high
2511.HK,hk,55.8896,55.8896,0.056760613980000006,14.1776,15,0.0,False,broad_institutional,4,high
2512.HK,hk,74.0205,74.0205,0.240929829725,36.8731,4,0.0,False,dominant_holder,4,high
2513.HK,hk,41.2493,33.505,0.008919832716,5.8221,20,7.7442999999999955,False,fragmented_or_mixed,4,high
2515.HK,hk,27.5175,27.5175,0.028621418757000004,12.5,4,0.0,False,fragmented_or_mixed,4,high
2516.HK,hk,47.7131,47.7131,0.06717955050300001,23.6339,9,0.0,False,dominant_holder,4,high
2517.HK,hk,67.6526,65.5893,0.13634688414699994,34.2797,20,2.0633000000000123,False,dominant_holder,4,high
2518.HK,hk,61.4521,61.451,0.19930188857800002,43.6056,20,0.001100000000000989,False,dominant_holder,4,high
2519.HK,hk,53.5807,53.5807,0.05537151966900001,17.0649,12,0.0,False,broad_institutional,4,high
2520.HK,hk,85.6851,85.6851,0.14784255753300002,26.4513,8,0.0,False,dominant_holder,4,high
2521.HK,hk,55.3817,55.3817,0.13056747814500003,30.0833,3,0.0,False,dominant_holder,4,high
2522.HK,hk,21.1507,21.1507,0.013084930589,7.2498,20,0.0,False,fragmented_or_mixed,4,high
2525.HK,hk,22.6519,18.2438,0.0028926997099999996,3.3171,20,4.408100000000001,False,fragmented_or_mixed,4,high
2526.HK,hk,90.1278,90.1278,0.10998570789599998,27.3332,18,0.0,False,dominant_holder,4,high
2528.HK,hk,75.0,75.0,0.5625,75.0,1,0.0,False,dominant_holder,4,high
2529.HK,hk,23.02,23.02,0.05299204,23.02,1,0.0,False,dominant_holder,4,high
2530.HK,hk,75.0,75.0,0.5625,75.0,1,0.0,False,dominant_holder,4,high
2531.HK,hk,80.0769,80.0769,0.09300848682299999,21.5962,13,0.0,False,dominant_holder,4,high
2533.HK,hk,37.9683,37.2668,0.016121905574,6.4539,20,0.7014999999999958,False,fragmented_or_mixed,4,high
2535.HK,hk,44.234,44.234,0.15483163585,39.0,3,0.0,False,dominant_holder,4,high
2536.HK,hk,71.6637,71.6637,0.5129741255090001,71.6222,5,0.0,False,dominant_holder,4,high
2539.HK,hk,64.3263,64.3263,0.07793313309600002,18.972,13,0.0,False,broad_institutional,4,high
2540.HK,hk,59.375,59.375,0.3525390625,59.375,1,0.0,False,dominant_holder,4,high
2543.HK,hk,16.7647,16.7647,0.025485784839,9.7533,6,0.0,False,fragmented_or_mixed,4,high
2545.HK,hk,67.6536,67.6536,0.3220667792,56.1632,3,0.0,False,dominant_holder,4,high
2546.HK,hk,85.1959,85.1959,0.28081322632299993,40.5899,5,0.0,False,dominant_holder,4,high
2549.HK,hk,75.9555,75.9555,0.5492045186089999,74.0966,9,0.0,False,dominant_holder,4,high
2550.HK,hk,38.2478,38.2478,0.061295772372,23.772,17,0.0,False,dominant_holder,4,high
2551.HK,hk,51.545,51.545,0.066316070304,20.6508,11,0.0,False,dominant_holder,4,high
2552.HK,hk,35.8632,35.8632,0.031251998808,11.8388,20,0.0,False,fragmented_or_mixed,4,high
2553.HK,hk,84.9932,84.9932,0.06519965805399999,12.8074,18,0.0,False,broad_institutional,4,high
2555.HK,hk,86.132,86.1237,0.401619505507,60.9082,20,0.008300000000005525,False,dominant_holder,4,high
2556.HK,hk,75.8443,74.8883,0.10460604209700003,22.2907,20,0.9560000000000031,False,dominant_holder,4,high
2558.HK,hk,55.8623,55.8623,0.048064744120999994,10.5496,9,0.0,False,broad_institutional,4,high
2559.HK,hk,66.9997,66.9997,0.135679974767,31.2337,9,0.0,False,dominant_holder,4,high
2560.HK,hk,76.4773,76.4773,0.064793053059,12.5921,12,0.0,False,broad_institutional,4,high
2561.HK,hk,71.913,71.913,0.24310810120499998,36.1628,16,0.0,False,dominant_holder,4,high
2562.HK,hk,26.646,26.6458,0.009910795162000002,5.8536,20,0.00019999999999953388,False,fragmented_or_mixed,4,high
2563.HK,hk,63.9167,63.9167,0.03754449153099999,10.3971,16,0.0,False,broad_institutional,4,high
2565.HK,hk,37.9288,37.9288,0.03923068711999999,15.047,20,0.0,False,fragmented_or_mixed,4,high
2566.HK,hk,84.8394,84.8394,0.088775149574,17.529,14,0.0,False,broad_institutional,4,high
2567.HK,hk,73.4879,73.4879,0.078113252823,16.4641,10,0.0,False,broad_institutional,4,high
2569.HK,hk,75.0,75.0,0.46125000000000005,67.5,2,0.0,False,dominant_holder,4,high
2570.HK,hk,44.3882,44.3594,0.026420143050000004,13.3356,20,0.028799999999996828,False,fragmented_or_mixed,4,high
2571.HK,hk,57.6689,57.6689,0.15235554469300003,34.2959,4,0.0,False,dominant_holder,4,high
2573.HK,hk,92.266,92.266,0.16042898844000003,36.536,18,0.0,False,dominant_holder,4,high
2575.HK,hk,80.8321,80.8321,0.26820542191800006,49.1268,16,0.0,False,dominant_holder,4,high
2576.HK,hk,60.3623,60.3623,0.05092654300899999,15.353,11,0.0,False,broad_institutional,4,high
2577.HK,hk,79.3531,74.7372,0.09122763461000001,26.0406,20,4.615899999999996,False,dominant_holder,4,high
2579.HK,hk,43.0773,43.0691,0.053258790458999984,21.2614,20,0.008200000000002206,False,dominant_holder,4,high
2580.HK,hk,87.6711,87.6711,0.6715190017529997,81.9099,20,0.0,False,dominant_holder,4,high
2581.HK,hk,87.1682,87.1682,0.5638259294700001,74.6083,8,0.0,False,dominant_holder,4,high
2582.HK,hk,60.8484,60.848,0.051670219096,17.5733,20,0.00039999999999906777,False,broad_institutional,4,high
2583.HK,hk,72.4406,72.4406,0.09615340615,16.831,15,0.0,False,broad_institutional,4,high
2585.HK,hk,77.2015,77.2015,0.13515613328599999,23.7196,18,0.0,False,dominant_holder,4,high
2586.HK,hk,65.409,65.4045,0.24963760478899996,48.8955,20,0.004500000000007276,False,dominant_holder,4,high
2587.HK,hk,61.5125,61.5125,0.134256084949,33.8471,20,0.0,False,dominant_holder,4,high
2588.HK,hk,83.0896000000001,78.3712,0.49049496971799994,70.0,20,4.718400000000102,False,dominant_holder,4,high
2589.HK,hk,59.4759,59.4759,0.090329652091,26.0863,18,0.0,False,dominant_holder,4,high
2590.HK,hk,44.5407,43.8488,0.022584497958,7.1361,20,0.691900000000004,False,fragmented_or_mixed,4,high
2591.HK,hk,89.4561,83.2587,0.050625179237,11.2247,20,6.197400000000002,False,broad_institutional,4,high
2592.HK,hk,52.928,52.928,0.05720876350399999,18.3346,10,0.0,False,broad_institutional,4,high
2593.HK,hk,74.9999,74.9999,0.461248650001,67.4999,2,0.0,False,dominant_holder,4,high
2595.HK,hk,34.9217,34.8415,0.026772444113,12.4349,20,0.08019999999999783,False,fragmented_or_mixed,4,high
2596.HK,hk,86.0759,86.0759,0.12159152282700003,22.0565,11,0.0,False,dominant_holder,4,high
2597.HK,hk,31.3945,31.3945,0.09856146302500002,31.3945,1,0.0,False,dominant_holder,4,high
2598.HK,hk,38.1631,38.1631,0.04295668406499999,16.3202,20,0.0,False,fragmented_or_mixed,4,high
2600.HK,hk,44.7973,34.6575,0.011776966029000002,6.9542,20,10.139800000000001,False,fragmented_or_mixed,4,high
2601.HK,hk,53.772,40.0823,0.019109955949,10.0039,20,13.689700000000002,False,broad_institutional,4,high
2602.HK,hk,81.8424,81.6577,0.35637397272299987,57.3942,20,0.18469999999999231,False,dominant_holder,4,high
2603.HK,hk,22.3061,22.3061,0.025550573641000003,13.095,4,0.0,False,fragmented_or_mixed,4,high
2605.HK,hk,81.8361,81.8361,0.064631312909,15.1429,18,0.0,False,broad_institutional,4,high
2607.HK,hk,53.6876,52.3532,0.16377660124999996,40.0575,20,1.3344000000000023,False,dominant_holder,4,high
2608.HK,hk,52.6467,52.6467,0.07067385519500001,19.3257,6,0.0,False,broad_institutional,4,high
2609.HK,hk,87.9631,87.9598,0.28366826706,51.7469,20,0.003299999999995862,False,dominant_holder,4,high
2610.HK,hk,86.4667,86.4544,0.3705789324599999,56.9688,20,0.012299999999996203,False,dominant_holder,4,high
2611.HK,hk,50.502,47.2309,0.034334154736999994,13.2497,20,3.271100000000004,False,broad_institutional,4,high
2613.HK,hk,89.4411,89.4411,0.152954367139,24.4688,12,0.0,False,dominant_holder,4,high
2616.HK,hk,35.4771,35.2223,0.023269939741000004,10.8313,20,0.254800000000003,False,fragmented_or_mixed,4,high
2617.HK,hk,61.2061,61.2015,0.08934489508099999,25.8351,20,0.004599999999996385,False,dominant_holder,4,high
2618.HK,hk,80.1435000000001,77.2589,0.4066376796009999,63.2918,20,2.8846000000001055,False,dominant_holder,4,high
2619.HK,hk,50.0133,50.0133,0.08226323078900001,21.9994,4,0.0,False,dominant_holder,4,high
2621.HK,hk,81.6317,81.6317,0.12069759416899997,26.5783,15,0.0,False,dominant_holder,4,high
2623.HK,hk,55.5897,55.5897,0.252964620849,50.0918,5,0.0,False,dominant_holder,4,high
2625.HK,hk,52.5679,52.5679,0.06272520885199999,20.2441,19,0.0,False,dominant_holder,4,high
2627.HK,hk,87.8292,82.8322,0.09512532644999998,26.6298,20,4.997,False,dominant_holder,4,high
2628.HK,hk,50.1194,40.3251,0.033891137350999995,17.0547,20,9.7943,False,broad_institutional,4,high
2629.HK,hk,80.6812,74.9318,0.059431903880000005,16.9695,20,5.7494000000000085,False,broad_institutional,4,high
2630.HK,hk,87.5733,86.9606,0.25882881509799993,49.4081,20,0.6127000000000038,False,dominant_holder,4,high
2631.HK,hk,32.4845,32.4167,0.032773563060999995,16.7015,20,0.0677999999999983,False,fragmented_or_mixed,4,high
2632.HK,hk,91.8556,78.5732,0.036032550951999996,6.9551,20,13.282399999999996,False,broad_institutional,4,high
2633.HK,hk,81.4109,81.4109,0.26449070538499997,42.5295,14,0.0,False,dominant_holder,4,high
2635.HK,hk,83.0632,83.0632,0.09751329225999998,22.0309,20,0.0,False,dominant_holder,4,high
2637.HK,hk,87.3456,87.3456,0.07828282386,16.2108,14,0.0,False,broad_institutional,4,high
2638.HK,hk,75.342,75.3211,0.19510249131299998,33.3737,20,0.020899999999997476,False,dominant_holder,4,high
2643.HK,hk,83.6069,83.6047,0.5149843762670002,71.3378,20,0.002200000000001978,False,dominant_holder,4,high
2648.HK,hk,42.2168,40.1127,0.016767866125000003,8.2878,20,2.1041000000000025,False,fragmented_or_mixed,4,high
2649.HK,hk,78.9863,78.9863,0.18563238103899998,41.1777,15,0.0,False,dominant_holder,4,high
2650.HK,hk,66.8694,66.8694,0.09560904125699998,23.6794,20,0.0,False,dominant_holder,4,high
2651.HK,hk,43.3605,43.3605,0.050192865717000004,15.0374,5,0.0,False,fragmented_or_mixed,4,high
2652.HK,hk,83.6904,72.4209,0.032946529903,8.6623,20,11.269499999999994,False,broad_institutional,4,high
2655.HK,hk,87.7419,87.7419,0.146060821719,29.7713,14,0.0,False,dominant_holder,4,high
2656.HK,hk,54.1106,54.1106,0.107604748059,29.6373,20,0.0,False,dominant_holder,4,high
2657.HK,hk,71.0839,71.0839,0.12812532653900002,26.9707,20,0.0,False,dominant_holder,4,high
2658.HK,hk,23.7327,23.7327,0.040640317349999996,16.9519,15,0.0,False,fragmented_or_mixed,4,high
2659.HK,hk,77.4629,72.064,0.047788191584,14.1828,20,5.398900000000012,False,broad_institutional,4,high
2660.HK,hk,67.7307,67.7307,0.118031806353,22.3618,20,0.0,False,dominant_holder,4,high
2661.HK,hk,76.1449,76.1449,0.09594487328300001,21.307,15,0.0,False,dominant_holder,4,high
2663.HK,hk,72.8996,72.8996,0.352824901814,58.5226,3,0.0,False,dominant_holder,4,high
2665.HK,hk,42.8323,42.8323,0.038239840023,14.2441,14,0.0,False,fragmented_or_mixed,4,high
2666.HK,hk,67.2535,65.4294,0.15601112002200002,37.6557,20,1.8241000000000014,False,dominant_holder,4,high
2667.HK,hk,72.8231,72.8231,0.111879228737,24.2475,10,0.0,False,dominant_holder,4,high
2668.HK,hk,34.4372,34.4372,0.045798902566000006,16.8739,6,0.0,False,fragmented_or_mixed,4,high
2669.HK,hk,70.5781,70.0191,0.375828805727,61.2383,20,0.5590000000000117,False,dominant_holder,4,high
2670.HK,hk,83.784,77.0337,0.04020505269699999,9.6735,20,6.75030000000001,False,broad_institutional,4,high
2671.HK,hk,72.5335,72.5335,0.336308776951,56.3807,13,0.0,False,dominant_holder,4,high
2672.HK,hk,77.8492,77.8492,0.10708416400399999,26.3998,11,0.0,False,dominant_holder,4,high
2675.HK,hk,88.9074,87.5287,0.10268683884100001,25.7419,20,1.378699999999995,False,dominant_holder,4,high
2676.HK,hk,33.6061,33.6061,0.09148135343500001,30.0607,15,0.0,False,dominant_holder,4,high
2677.HK,hk,93.5589,93.5589,0.108848282179,17.9095,20,0.0,False,dominant_holder,4,high
2678.HK,hk,81.4421,81.3875,0.224768019223,43.4347,20,0.05459999999999354,False,dominant_holder,4,high
2680.HK,hk,75.0,75.0,0.5625,75.0,2,0.0,False,dominant_holder,4,high
2682.HK,hk,56.0115,56.0115,0.312324959417,55.8859,2,0.0,False,dominant_holder,4,high
2683.HK,hk,75.3594,75.3594,0.5433766470900001,73.6953,2,0.0,False,dominant_holder,4,high
2685.HK,hk,78.2716,78.2716,0.136289889599,30.3473,18,0.0,False,dominant_holder,4,high
2687.HK,hk,88.2419,88.2419,0.11729879632900002,23.1677,20,0.0,False,dominant_holder,4,high
2688.HK,hk,69.076,60.6191,0.131013001991,34.9706,20,8.45689999999999,False,dominant_holder,4,high
2689.HK,hk,73.0502,72.3419,0.407393878021,63.7677,20,0.7083000000000084,False,dominant_holder,4,high
2691.HK,hk,65.206,65.206,0.20758416933399995,43.6748,6,0.0,False,dominant_holder,4,high
2692.HK,hk,44.6493,42.0613,0.014491215088999998,8.199,20,2.587999999999994,False,fragmented_or_mixed,4,high
2693.HK,hk,42.9671,42.9671,0.055021790967,16.7407,4,0.0,False,fragmented_or_mixed,4,high
2696.HK,hk,90.6329,89.6305,0.21654074502299994,43.8002,20,1.0024000000000086,False,dominant_holder,4,high
2697.HK,hk,89.0245,84.9834,0.048604591294,9.4258,20,4.0411,False,broad_institutional,4,high
2698.HK,hk,67.2828,67.249,0.2918364703659999,53.4362,20,0.033799999999999386,False,dominant_holder,4,high
2699.HK,hk,3.1213,3.1213,0.000481064229,2.0,4,0.0,False,fragmented_or_mixed,4,high
2700.HK,hk,59.891,59.891,0.22199233464399998,45.8292,3,0.0,False,dominant_holder,4,high
2701.HK,hk,13.6446,13.6446,0.0049395262080000005,4.8733,5,0.0,False,fragmented_or_mixed,4,high
2706.HK,hk,91.4926,82.4875,0.051285696823,12.6776,20,9.005099999999999,False,broad_institutional,4,high
2714.HK,hk,58.4393,56.9516,0.032934493993999996,12.8914,20,1.4877000000000038,False,broad_institutional,4,high
2715.HK,hk,35.2665,35.2665,0.024245398947,10.5158,8,0.0,False,fragmented_or_mixed,4,high
2718.HK,hk,44.0829,44.0829,0.08406870360799999,27.4309,20,0.0,False,dominant_holder,4,high
2720.HK,hk,86.098,86.098,0.4796802392700001,68.6887,5,0.0,False,dominant_holder,4,high
2722.HK,hk,18.0347,17.8549,0.008337730534999999,8.4231,20,0.17980000000000018,False,fragmented_or_mixed,4,high
2723.HK,hk,89.5066,89.5066,0.10675705855199999,18.8602,12,0.0,False,dominant_holder,4,high
2726.HK,hk,93.2578,91.3759,0.10270353455699997,25.0129,20,1.8819000000000017,False,dominant_holder,4,high
2727.HK,hk,17.7257,17.359,0.012534563446000001,10.7247,20,0.366699999999998,False,fragmented_or_mixed,4,high
2728.HK,hk,60.0434,60.0434,0.113768245836,20.8368,5,0.0,False,dominant_holder,4,high
2729.HK,hk,88.4568,81.9639,0.045396156147,9.2752,20,6.492900000000006,False,broad_institutional,4,high
2738.HK,hk,75.0,75.0,0.4339124999999999,65.25,3,0.0,False,dominant_holder,4,high
2768.HK,hk,29.5639,29.5639,0.019113965263,10.1847,8,0.0,False,fragmented_or_mixed,4,high
2772.HK,hk,70.5668,70.5668,0.40192466235799995,63.0841,6,0.0,False,dominant_holder,4,high
2777.HK,hk,54.0717,54.0717,0.11934475449900002,25.8795,20,0.0,False,dominant_holder,4,high
2779.HK,hk,71.8285,71.8285,0.5150690120769998,71.7683,8,0.0,False,dominant_holder,4,high
2788.HK,hk,79.2797,78.7203,0.522932022875,72.2892,20,0.5594000000000108,False,dominant_holder,4,high
2789.HK,hk,71.4303,71.4303,0.39772096114100003,62.4185,4,0.0,False,dominant_holder,4,high
2798.HK,hk,54.2697,54.2697,0.291603779057,54.0,13,0.0,False,dominant_holder,4,high
2799.HK,hk,68.4657000000001,68.1704,0.14624839232800005,34.9988,20,0.29530000000009693,False,dominant_holder,4,high
2858.HK,hk,66.676,66.5348,0.27014358722400006,51.6522,20,0.14119999999999777,False,dominant_holder,4,high
2863.HK,hk,47.7475,47.7475,0.07488521442699998,22.3193,5,0.0,False,dominant_holder,4,high
2865.HK,hk,22.8151,22.8151,0.012139455379,8.1971,15,0.0,False,fragmented_or_mixed,4,high
2866.HK,hk,12.7612,12.5449,0.002760318559,3.3815,20,0.21630000000000038,False,fragmented_or_mixed,4,high
2869.HK,hk,76.1522,73.4886,0.13848094770799996,32.6844,20,2.663599999999988,False,dominant_holder,4,high
2877.HK,hk,70.9653,70.7227,0.4374340177909999,66.1189,20,0.24259999999999593,False,dominant_holder,4,high
2878.HK,hk,29.5257,29.5257,0.079951919669,28.2681,10,0.0,False,dominant_holder,4,high
2880.HK,hk,83.3848,83.3848,0.324085756336,52.6243,14,0.0,False,dominant_holder,4,high
2881.HK,hk,67.1903,67.1903,0.3069881536450001,53.7522,3,0.0,False,dominant_holder,4,high
2882.HK,hk,84.3226,84.3226,0.5640957231720001,74.803,20,0.0,False,dominant_holder,4,high
2883.HK,hk,47.8941000000001,37.363,0.011668577354,6.1374,20,10.531100000000102,False,fragmented_or_mixed,4,high
2885.HK,hk,75.0,75.0,0.5625,75.0,1,0.0,False,dominant_holder,4,high
2886.HK,hk,72.3243,72.3243,0.23560995300499998,38.1673,6,0.0,False,dominant_holder,4,high
2888.HK,hk,73.5852,50.1462,0.044133021592000006,18.4981,20,23.439,False,broad_institutional,4,high
2889.HK,hk,75.2203,69.3513,0.040270480085000004,12.1575,20,5.869,False,broad_institutional,4,high
2892.HK,hk,75.0,75.0,0.5625,75.0,2,0.0,False,dominant_holder,4,high
2898.HK,hk,75.0,75.0,0.32537446419200006,56.1702,5,0.0,False,dominant_holder,4,high
2899.HK,hk,46.5239,27.4433,0.005435511497,4.0365,20,19.080599999999997,False,fragmented_or_mixed,4,high
2940.HK,hk,0.0148,0.0148,1.2303999999999999e-08,0.01,9,0.0,False,fragmented_or_mixed,4,high
2945.HK,hk,0.003,0.003,9e-10,0.003,18,0.0,False,fragmented_or_mixed,4,high
2969.HK,hk,0.0002,0.0002,4e-12,0.0002,1,0.0,False,fragmented_or_mixed,4,high
2979.HK,hk,0.0102,0.0102,1.0404000000000003e-08,0.0102,2,0.0,False,fragmented_or_mixed,4,high
3200.HK,hk,56.4601,56.288,0.04902227573199999,14.3807,20,0.17210000000000036,False,broad_institutional,4,high
3268.HK,hk,39.4717,39.4717,0.04359140458299999,19.1973,8,0.0,False,fragmented_or_mixed,4,high
3277.HK,hk,79.4882,79.48,0.11287724017199999,21.8624,20,0.008200000000002206,False,dominant_holder,4,high
3288.HK,hk,55.3544,55.0449,0.127403869797,33.8225,20,0.3094999999999999,False,dominant_holder,4,high
3296.HK,hk,61.7647,61.0987,0.04032758086499999,15.074,20,0.6659999999999968,False,broad_institutional,4,high
3300.HK,hk,44.4027,44.4027,0.07716374331099998,22.6784,9,0.0,False,dominant_holder,4,high
3301.HK,hk,65.1917,65.1917,0.4247481006510001,65.1727,3,0.0,False,dominant_holder,4,high
3302.HK,hk,68.735,68.735,0.19029863992400003,33.0929,7,0.0,False,dominant_holder,4,high
3303.HK,hk,54.1784,54.1784,0.115877385584,25.7778,10,0.0,False,dominant_holder,4,high
3306.HK,hk,76.3507,72.8119,0.17968979959299997,30.7492,20,3.538800000000009,False,dominant_holder,4,high
3309.HK,hk,60.6474,60.6474,0.31692528301199996,56.2619,20,0.0,False,dominant_holder,4,high
3310.HK,hk,85.9192,72.4724,0.031903200152,8.3094,20,13.44680000000001,False,broad_institutional,4,high
3311.HK,hk,84.0765,82.1203999999999,0.39142209908199993,61.8107,20,1.9561000000000917,False,dominant_holder,4,high
3313.HK,hk,29.7838,29.7838,0.046307725764,19.1969,4,0.0,False,fragmented_or_mixed,4,high
3315.HK,hk,64.8465,64.8465,0.18167224752099995,37.6643,19,0.0,False,dominant_holder,4,high
3316.HK,hk,74.4082,74.3523,0.24360444978299997,45.8454,20,0.055899999999994066,False,dominant_holder,4,high
3317.HK,hk,92.2077,88.531,0.054999442174,11.561,20,3.6766999999999967,False,broad_institutional,4,high
3318.HK,hk,68.9428,68.9428,0.22171861066699997,33.6075,6,0.0,False,dominant_holder,4,high
3319.HK,hk,49.565,49.5624,0.20627075470799996,45.3625,20,0.002600000000001046,False,dominant_holder,4,high
3320.HK,hk,76.1009,74.7819,0.31568763546500006,53.3988,20,1.3190000000000026,False,dominant_holder,4,high
3321.HK,hk,37.9659,37.9659,0.07957187093100002,27.5646,9,0.0,False,dominant_holder,4,high
3322.HK,hk,58.249,58.249,0.335344278906,57.908,4,0.0,False,dominant_holder,4,high
3323.HK,hk,32.6893,24.1579,0.005607851478999999,4.9501,20,8.531400000000001,False,fragmented_or_mixed,4,high
3328.HK,hk,84.9592000000002,83.3448,0.24682408608000006,40.3738,20,1.6144000000001881,False,dominant_holder,4,high
3329.HK,hk,73.2155,73.2155,0.534981602137,73.1424,9,0.0,False,dominant_holder,4,high
3330.HK,hk,47.8684,47.653,0.16779823142400002,40.8871,20,0.21540000000000248,False,dominant_holder,4,high
3332.HK,hk,78.1898,78.1898,0.31404286553200006,54.8386,8,0.0,False,dominant_holder,4,high
3336.HK,hk,60.183,60.183,0.15166865531799997,29.5286,14,0.0,False,dominant_holder,4,high
3337.HK,hk,41.5954,41.5538,0.06070762524599999,22.7559,20,0.04159999999999542,False,dominant_holder,4,high
3339.HK,hk,69.5811,67.3061,0.33355490134899995,57.6919,20,2.2750000000000057,False,dominant_holder,4,high
3347.HK,hk,91.1305000000001,79.397,0.048201901382,11.7111,20,11.733500000000092,False,broad_institutional,4,high
3348.HK,hk,83.374,83.374,0.29990340773400004,46.8047,3,0.0,False,dominant_holder,4,high
3355.HK,hk,84.8484,84.8484,0.31796416295000013,54.2699,17,0.0,False,dominant_holder,4,high
3360.HK,hk,72.7582999999999,65.1167,0.08261124945900002,19.1173,20,7.641599999999912,False,broad_institutional,4,high
3363.HK,hk,84.8456,84.8456,0.21391483744,38.25,6,0.0,False,dominant_holder,4,high
3366.HK,hk,71.074,71.074,0.5032558201119999,70.9404,3,0.0,False,dominant_holder,4,high
3368.HK,hk,76.8171,76.8171,0.32625117625300004,54.5941,6,0.0,False,dominant_holder,4,high
3369.HK,hk,50.6596,50.6596,0.13289530335000002,35.0001,20,0.0,False,dominant_holder,4,high
3377.HK,hk,37.7932,37.7932,0.06356127762800001,17.7913,20,0.0,False,fragmented_or_mixed,4,high
3378.HK,hk,78.3074,78.3074,0.208988849296,41.25,13,0.0,False,dominant_holder,4,high
3380.HK,hk,75.3062,75.3062,0.559560565776,74.8035,20,0.0,False,dominant_holder,4,high
3382.HK,hk,75.0081,75.0081,0.330341255811,53.5,14,0.0,False,dominant_holder,4,high
3383.HK,hk,57.1724,57.1724,0.22923837446000003,47.4166,20,0.0,False,dominant_holder,4,high
3388.HK,hk,86.8525,86.1399,0.06364698769100001,10.7983,20,0.712600000000009,False,broad_institutional,4,high
3389.HK,hk,80.6894,80.6894,0.326194518398,53.6091,11,0.0,False,dominant_holder,4,high
3390.HK,hk,69.802,69.802,0.18586201715,35.771,6,0.0,False,dominant_holder,4,high
3393.HK,hk,70.0103000000001,65.7906,0.26952492894799995,51.7774,20,4.219700000000103,False,dominant_holder,4,high
3395.HK,hk,78.7579,78.7579,0.140940872703,24.1576,8,0.0,False,dominant_holder,4,high
3396.HK,hk,61.3493,60.7919,0.151450943971,37.7402,20,0.5574000000000012,False,dominant_holder,4,high
3398.HK,hk,71.0941,71.0941,0.503511873201,70.9585,3,0.0,False,dominant_holder,4,high
3399.HK,hk,35.5364,35.5364,0.045140010376,16.2174,3,0.0,False,fragmented_or_mixed,4,high
3600.HK,hk,71.9028,71.88,0.2835996871,50.326,20,0.022800000000003706,False,dominant_holder,4,high
3601.HK,hk,51.5606,51.5606,0.088640618638,17.5773,3,0.0,False,broad_institutional,4,high
3603.HK,hk,58.2212,58.2212,0.064781364266,17.1808,9,0.0,False,broad_institutional,4,high
3606.HK,hk,56.6504000000001,41.7497,0.013635504919,6.0839,20,14.9007000000001,False,broad_institutional,4,high
3613.HK,hk,74.7597,74.7317,0.25803116691899997,38.0528,20,0.027999999999991587,False,dominant_holder,4,high
3616.HK,hk,75.026,75.026,0.562500020508,75.0,5,0.0,False,dominant_holder,4,high
3618.HK,hk,45.1425,37.7938,0.017677191475999998,10.9886,20,7.348700000000001,False,fragmented_or_mixed,4,high
3623.HK,hk,48.8292,48.8292,0.06860161918,19.9073,4,0.0,False,fragmented_or_mixed,4,high
3625.HK,hk,87.9161,79.2904,0.044456775829999996,11.3787,20,8.625699999999995,False,broad_institutional,4,high
3626.HK,hk,53.2837,53.2837,0.283915268569,53.2837,2,0.0,False,dominant_holder,4,high
3628.HK,hk,74.7264,74.7264,0.5569184103860001,74.6269,2,0.0,False,dominant_holder,4,high
3633.HK,hk,74.5674,74.5512,0.21633180416600004,36.0902,20,0.016200000000011983,False,dominant_holder,4,high
3636.HK,hk,56.5929,56.5929,0.062257455431,18.5178,10,0.0,False,broad_institutional,4,high
3638.HK,hk,64.4994,64.4994,0.32014571271,56.2738,4,0.0,False,dominant_holder,4,high
3639.HK,hk,75.8787,75.8787,0.38473892415699995,61.2037,4,0.0,False,dominant_holder,4,high
3650.HK,hk,72.2607,72.2607,0.077400712283,17.5372,20,0.0,False,broad_institutional,4,high
3658.HK,hk,71.8281,71.8281,0.449105120055,66.9184,7,0.0,False,dominant_holder,4,high
3660.HK,hk,27.1439,27.1439,0.031474936739,16.1763,20,0.0,False,fragmented_or_mixed,4,high
3661.HK,hk,71.5663,67.7812,0.05952979079,16.3648,20,3.7851,False,broad_institutional,4,high
3662.HK,hk,53.0801,53.0801,0.11010782467500001,29.9,6,0.0,False,dominant_holder,4,high
3666.HK,hk,29.3391,29.3391,0.018572858315,8.3316,6,0.0,False,fragmented_or_mixed,4,high
3668.HK,hk,78.6485,76.7922,0.3939608426959999,62.2639,20,1.8563000000000045,False,dominant_holder,4,high
3669.HK,hk,42.7213,42.5016,0.05653309990400002,21.5024,20,0.219699999999996,False,dominant_holder,4,high
3677.HK,hk,62.1653,62.1653,0.05293500604700001,15.9667,20,0.0,False,broad_institutional,4,high
3678.HK,hk,6.4126,6.4126,0.0023969592040000006,4.6817,5,0.0,False,fragmented_or_mixed,4,high
3680.HK,hk,35.2647,35.2647,0.024690821941,11.5658,9,0.0,False,fragmented_or_mixed,4,high
3681.HK,hk,37.0389,37.0389,0.031035966528999998,11.4581,11,0.0,False,fragmented_or_mixed,4,high
3683.HK,hk,76.5024,76.5024,0.38972323715000007,61.7939,6,0.0,False,dominant_holder,4,high
3686.HK,hk,72.889,72.889,0.5312806320999999,72.889,1,0.0,False,dominant_holder,4,high
3688.HK,hk,74.4781,74.4781,0.18520681417500004,28.3819,6,0.0,False,dominant_holder,4,high
3689.HK,hk,62.171,62.171,0.10111920928200001,26.6607,7,0.0,False,dominant_holder,4,high
3690.HK,hk,41.2335000000001,26.1937,0.004572100117,3.2583,20,15.039800000000099,False,fragmented_or_mixed,4,high
3692.HK,hk,91.2911000000001,87.5159,0.4372543961649999,64.3124,20,3.7752000000000976,False,dominant_holder,4,high
3696.HK,hk,82.4786,63.6351,0.024608776459,7.3561,20,18.8435,False,broad_institutional,4,high
3698.HK,hk,86.3053,86.2346,0.158863205058,27.9521,20,0.0707000000000022,False,dominant_holder,4,high
3699.HK,hk,74.9887,74.9887,0.5623305127689999,74.9887,1,0.0,False,dominant_holder,4,high
3700.HK,hk,42.4439,42.4439,0.05178662680700001,15.4326,20,0.0,False,fragmented_or_mixed,4,high
3708.HK,hk,46.9464,46.9464,0.04809893805399999,14.6032,5,0.0,False,fragmented_or_mixed,4,high
3709.HK,hk,65.2634,65.2542,0.203864121504,35.3792,20,0.00920000000000698,False,dominant_holder,4,high
3718.HK,hk,68.7185,68.7185,0.19589455830299995,41.5646,11,0.0,False,dominant_holder,4,high
3728.HK,hk,71.7473,71.7473,0.5147675057289999,71.7473,1,0.0,False,dominant_holder,4,high
3737.HK,hk,75.7646,75.7646,0.37319762375399995,60.4687,7,0.0,False,dominant_holder,4,high
3738.HK,hk,38.4281,36.918,0.020971457898,11.723,20,1.5101000000000013,False,fragmented_or_mixed,4,high
3750.HK,hk,44.9852,27.9385,0.008293443333,6.7507,20,17.046699999999998,False,fragmented_or_mixed,4,high
3752.HK,hk,90.9894,89.433,0.087218218258,22.8381,20,1.5563999999999965,False,dominant_holder,4,high
3759.HK,hk,39.465,36.5158,0.015003540727999998,6.8233,20,2.9492000000000047,False,fragmented_or_mixed,4,high
3768.HK,hk,62.1469,62.1469,0.09981194418299999,19.0487,4,0.0,False,broad_institutional,4,high
3773.HK,hk,67.4795,67.4795,0.133452388023,28.7711,5,0.0,False,dominant_holder,4,high
3774.HK,hk,56.9286,56.9286,0.3240865497960001,56.9286,1,0.0,False,dominant_holder,4,high
3778.HK,hk,59.0236,59.0236,0.20089472167999997,41.0672,2,0.0,False,dominant_holder,4,high
3788.HK,hk,69.5345,69.5016,0.31677441257799993,56.0627,20,0.03289999999999793,False,dominant_holder,4,high
3789.HK,hk,72.585,72.585,0.4480469658579999,66.8,4,0.0,False,dominant_holder,4,high
3798.HK,hk,75.4679,75.4679,0.11856260589700002,30.4134,16,0.0,False,dominant_holder,4,high
3800.HK,hk,50.3533,46.3285,0.050829446785,16.417,20,4.024799999999999,False,broad_institutional,4,high
3808.HK,hk,80.0297,76.8404,0.3003599259919999,51.0,20,3.189300000000003,False,dominant_holder,4,high
3813.HK,hk,67.5315,67.5315,0.393595435265,62.676,20,0.0,False,dominant_holder,4,high
3816.HK,hk,74.9998,74.9998,0.5624970000039999,74.9998,1,0.0,False,dominant_holder,4,high
3818.HK,hk,47.3354,47.3354,0.161829570436,40.0323,20,0.0,False,dominant_holder,4,high
3822.HK,hk,71.4286,71.4286,0.510204489796,71.4286,1,0.0,False,dominant_holder,4,high
3828.HK,hk,53.2127,53.2127,0.096214922499,25.7206,10,0.0,False,dominant_holder,4,high
3830.HK,hk,75.0,75.0,0.5625,75.0,1,0.0,False,dominant_holder,4,high
3833.HK,hk,17.8658,17.8658,0.011577228872,8.6042,13,0.0,False,fragmented_or_mixed,4,high
3836.HK,hk,55.6951,55.6951,0.22342153602300005,46.5031,18,0.0,False,dominant_holder,4,high
3838.HK,hk,62.9192,62.9192,0.38597145510999986,62.1241,11,0.0,False,dominant_holder,4,high
3839.HK,hk,73.3607,73.3607,0.291287561315,47.8307,9,0.0,False,dominant_holder,4,high
3848.HK,hk,65.764,65.764,0.42504814661400014,65.1937,4,0.0,False,dominant_holder,4,high
3858.HK,hk,86.4195,86.2495,0.205382210043,31.3467,20,0.1700000000000017,False,dominant_holder,4,high
3860.HK,hk,64.3854,64.3854,0.4145479733160001,64.3854,1,0.0,False,dominant_holder,4,high
3866.HK,hk,116.5432,116.4956,0.272697864562,44.4409,20,0.04760000000000275,True,data_anomaly,2,medium
3868.HK,hk,90.8996,89.8473,0.2774691014470001,50.7541,20,1.0523000000000025,False,dominant_holder,4,high
3869.HK,hk,76.7307,76.7307,0.496956961769,70.1912,2,0.0,False,dominant_holder,4,high
3877.HK,hk,84.0554,83.6277,0.552757916325,74.171,20,0.4277000000000015,False,dominant_holder,4,high
3878.HK,hk,33.1747,33.1747,0.11005607200900001,33.1747,1,0.0,False,dominant_holder,4,high
3880.HK,hk,84.2884,84.2884,0.219597449206,42.0084,13,0.0,False,dominant_holder,4,high
3881.HK,hk,57.6121,57.6121,0.10521123586199997,26.9607,20,0.0,False,dominant_holder,4,high
3882.HK,hk,42.4557,42.4557,0.11550369222899998,32.4927,2,0.0,False,dominant_holder,4,high
3883.HK,hk,28.7439,28.7439,0.028655978036999992,13.2208,20,0.0,False,fragmented_or_mixed,4,high
3886.HK,hk,67.0783,67.0783,0.133648620947,26.3541,9,0.0,False,dominant_holder,4,high
3887.HK,hk,92.6662,91.9801,0.21691111282899997,38.7627,20,0.6861000000000104,False,dominant_holder,4,high
3888.HK,hk,73.2178000000002,61.718,0.037645074334,12.6514,20,11.499800000000192,False,broad_institutional,4,high
3889.HK,hk,72.5969,72.5969,0.135358482204,21.7131,7,0.0,False,dominant_holder,4,high
3893.HK,hk,46.7272,46.7272,0.115083754792,28.8006,2,0.0,False,dominant_holder,4,high
3896.HK,hk,54.7745,53.6913,0.12049590480700001,32.9367,20,1.083200000000005,False,dominant_holder,4,high
3898.HK,hk,58.7689,47.5838,0.029051979384,14.1751,20,11.185100000000006,False,broad_institutional,4,high
3899.HK,hk,76.1119999999999,74.0418,0.4534756987360001,67.315,20,2.0701999999999003,False,dominant_holder,4,high
3900.HK,hk,74.7964,73.2074,0.14415063723,28.8808,20,1.5889999999999986,False,dominant_holder,4,high
3908.HK,hk,44.7476,32.8444,0.010811804244000002,6.9828,20,11.903199999999998,False,fragmented_or_mixed,4,high
3913.HK,hk,53.0839,53.0839,0.18323814422499998,42.0572,16,0.0,False,dominant_holder,4,high
3918.HK,hk,79.1510000000001,78.8558,0.48443919431999993,69.2642,20,0.2952000000000936,False,dominant_holder,4,high
3919.HK,hk,51.5675,51.5675,0.132241498629,35.1273,6,0.0,False,dominant_holder,4,high
3928.HK,hk,72.5806,72.5806,0.5267943496360001,72.5806,4,0.0,False,dominant_holder,4,high
3931.HK,hk,46.486,44.5103,0.026886187752999998,10.4892,20,1.9756999999999962,False,fragmented_or_mixed,4,high
3933.HK,hk,64.7851000000001,61.2095,0.18261909036100002,42.3418,20,3.575600000000101,False,dominant_holder,4,high
3938.HK,hk,61.154,61.154,0.37285965344799993,61.0622,6,0.0,False,dominant_holder,4,high
3939.HK,hk,76.1137,75.1398,0.12609272647200004,25.7457,20,0.9739000000000004,False,dominant_holder,4,high
3952.HK,hk,90.102,90.102,0.081379323564,20.4047,19,0.0,False,dominant_holder,4,high
3958.HK,hk,49.1679,47.515,0.031707507190000005,9.9381,20,1.6529000000000025,False,fragmented_or_mixed,4,high
3963.HK,hk,65.8029,65.8029,0.2995961354029999,54.0295,4,0.0,False,dominant_holder,4,high
3968.HK,hk,72.6318000000001,60.2327,0.08724702213300001,26.2087,20,12.399100000000097,False,dominant_holder,4,high
3969.HK,hk,43.843,42.4044,0.02905366745,10.9518,20,1.438600000000001,False,fragmented_or_mixed,4,high
3978.HK,hk,60.4138,60.4138,0.100141483738,20.3839,20,0.0,False,dominant_holder,4,high
3983.HK,hk,50.5213,49.6999,0.038815513054999994,14.0054,20,0.821399999999997,False,broad_institutional,4,high
3986.HK,hk,49.2828,46.8833,0.015938765496999997,7.2216,20,2.3995000000000033,False,fragmented_or_mixed,4,high
3988.HK,hk,49.1474000000001,43.1939,0.044903870874999995,19.0003,20,5.953500000000098,False,fragmented_or_mixed,4,high
3989.HK,hk,67.0911,67.0911,0.251075513947,45.1147,4,0.0,False,dominant_holder,4,high
3990.HK,hk,84.7579,84.7534,0.658771164892,81.134,20,0.004500000000007276,False,dominant_holder,4,high
3991.HK,hk,76.1809,76.1809,0.37162540184700005,60.1278,5,0.0,False,dominant_holder,4,high
3993.HK,hk,43.4368000000001,28.6143,0.009822816788999999,7.7031,20,14.822500000000097,False,fragmented_or_mixed,4,high
3996.HK,hk,57.8606,57.4476,0.057689391002000004,15.7878,20,0.4129999999999967,False,broad_institutional,4,high
3997.HK,hk,74.5103,74.5103,0.27781644571900005,51.4251,5,0.0,False,dominant_holder,4,high
3998.HK,hk,79.3864000000003,71.2351,0.10517687962699998,24.2715,20,8.15130000000029,False,dominant_holder,4,high
3999.HK,hk,73.767,73.767,0.386551284266,61.6131,7,0.0,False,dominant_holder,4,high
4335.HK,hk,81.104900000004,50.1,0.020720392702,8.5909,20,31.004900000003992,False,broad_institutional,4,high
4621.HK,hk,7.0589,7.0589,0.0035986782009999998,5.8824,9,0.0,False,fragmented_or_mixed,4,high
6030.HK,hk,68.8576,64.2646,0.09347978901399999,24.2969,20,4.5930000000000035,False,dominant_holder,4,high
6031.HK,hk,55.9759,48.9645,0.020207374165000003,8.9816,20,7.011400000000002,False,broad_institutional,4,high
6033.HK,hk,74.9811,74.9811,0.30738691992899986,54.4888,7,0.0,False,dominant_holder,4,high
6036.HK,hk,69.7603,69.7603,0.486649945609,69.7603,1,0.0,False,dominant_holder,4,high
6038.HK,hk,74.7757,74.7757,0.559140531049,74.7757,1,0.0,False,dominant_holder,4,high
6049.HK,hk,89.2042,87.0727,0.263018700761,50.048,20,2.1315000000000026,False,dominant_holder,4,high
6051.HK,hk,24.4404,24.4404,0.037415097608,19.1504,20,0.0,False,fragmented_or_mixed,4,high
6055.HK,hk,75.003,74.8866,0.522699925434,72.2892,20,0.11639999999999873,False,dominant_holder,4,high
6058.HK,hk,73.7302,73.7302,0.380468467022,61.0282,11,0.0,False,dominant_holder,4,high
6060.HK,hk,61.2736,59.6313,0.032603811866999996,9.1754,20,1.6422999999999988,False,broad_institutional,4,high
6063.HK,hk,75.0,75.0,0.5625,75.0,1,0.0,False,dominant_holder,4,high
6066.HK,hk,48.019,47.4096,0.08843215256400001,27.8858,20,0.6094000000000008,False,dominant_holder,4,high
6067.HK,hk,47.9243,47.9243,0.025067778121,9.0293,12,0.0,False,fragmented_or_mixed,4,high
6068.HK,hk,69.2171,69.2171,0.25298233572300005,42.8573,3,0.0,False,dominant_holder,4,high
6069.HK,hk,59.1522,58.8647,0.2858319227290001,53.427,20,0.2875000000000014,False,dominant_holder,4,high
6078.HK,hk,74.7978000000001,73.6072,0.12456414779200001,27.3681,20,1.1906000000000887,False,dominant_holder,4,high
6080.HK,hk,60.2491,60.2491,0.21616299066500003,43.2899,2,0.0,False,dominant_holder,4,high
6082.HK,hk,79.9327,56.6481,0.018061485073,4.9191,20,23.284599999999998,False,broad_institutional,4,high
6083.HK,hk,65.1607,65.1607,0.15085240089699997,29.4443,5,0.0,False,dominant_holder,4,high
6086.HK,hk,67.466,67.466,0.078040156212,17.7948,20,0.0,False,broad_institutional,4,high
6088.HK,hk,84.5885,83.9946,0.507223454958,70.9165,20,0.5938999999999908,False,dominant_holder,4,high
6090.HK,hk,83.3498,83.3498,0.244340439724,47.6547,14,0.0,False,dominant_holder,4,high
6093.HK,hk,51.15,51.15,0.26163224999999996,51.15,1,0.0,False,dominant_holder,4,high
6098.HK,hk,53.9917,52.6463,0.07569330519099998,20.7266,20,1.345400000000005,False,dominant_holder,4,high
6099.HK,hk,68.3121,68.1166,0.15233835709599994,33.9963,20,0.19549999999999557,False,dominant_holder,4,high
6100.HK,hk,53.0684,52.9683,0.086670627535,27.293,20,0.10009999999999764,False,dominant_holder,4,high
6106.HK,hk,93.2913,93.2913,0.086575111283,15.4308,17,0.0,False,broad_institutional,4,high
6108.HK,hk,35.2824,35.2824,0.053349563866000003,21.268,4,0.0,False,dominant_holder,4,high
6110.HK,hk,73.2341,69.7454,0.164246015788,34.89,20,3.4886999999999944,False,dominant_holder,4,high
6113.HK,hk,75.0,75.0,0.3425,55.0,5,0.0,False,dominant_holder,4,high
6117.HK,hk,56.4049,56.4049,0.200714466813,43.9024,4,0.0,False,dominant_holder,4,high
6118.HK,hk,73.5394,73.5394,0.43484515275600016,65.5366,3,0.0,False,dominant_holder,4,high
6119.HK,hk,80.231,80.231,0.5017863361,70.5,3,0.0,False,dominant_holder,4,high
6122.HK,hk,9.7988,9.7988,0.019203296313,9.7988,4,0.0,False,fragmented_or_mixed,4,high
6123.HK,hk,64.0947,64.0947,0.4074992455169999,63.8353,6,0.0,False,dominant_holder,4,high
6127.HK,hk,49.6806,47.8107,0.025101186630999996,11.1253,20,1.8699000000000012,False,fragmented_or_mixed,4,high
6128.HK,hk,30.1523,30.1523,0.026500987011000003,11.9514,6,0.0,False,fragmented_or_mixed,4,high
6132.HK,hk,89.2989,87.8724,0.119513271676,27.1352,20,1.4265000000000043,False,dominant_holder,4,high
6133.HK,hk,67.3176,67.3176,0.3304248325759999,56.544,3,0.0,False,dominant_holder,4,high
6136.HK,hk,70.1398,70.1398,0.22311590357800004,37.2109,15,0.0,False,dominant_holder,4,high
6138.HK,hk,45.9542,45.9542,0.080855711124,24.0018,6,0.0,False,dominant_holder,4,high
6158.HK,hk,51.2711,51.2711,0.211602842501,45.7273,4,0.0,False,dominant_holder,4,high
6160.HK,hk,42.8446000000001,33.1397,0.014148853623000002,9.3244,20,9.704900000000102,False,fragmented_or_mixed,4,high
6162.HK,hk,23.3333,23.3333,0.054444288889000006,23.3333,1,0.0,False,dominant_holder,4,high
6163.HK,hk,35.4917,35.4917,0.12443868347499999,35.2755,4,0.0,False,dominant_holder,4,high
6166.HK,hk,23.9087,23.7547,0.006274623879,4.1171,20,0.15399999999999991,False,fragmented_or_mixed,4,high
6168.HK,hk,74.5955,74.5955,0.16073203203999997,27.1876,20,0.0,False,dominant_holder,4,high
6169.HK,hk,48.4421,48.4421,0.200286995195,44.7021,20,0.0,False,dominant_holder,4,high
6178.HK,hk,64.3474000000001,64.3005,0.10409094460699997,20.5384,20,0.04690000000010741,False,dominant_holder,4,high
6181.HK,hk,77.3428,72.9775,0.149119625743,35.2863,20,4.365299999999991,False,dominant_holder,4,high
6182.HK,hk,75.0,75.0,0.41906249999999995,63.75,4,0.0,False,dominant_holder,4,high
6185.HK,hk,43.0214,41.8817,0.025733150964999996,8.9882,20,1.1396999999999977,False,fragmented_or_mixed,4,high
6186.HK,hk,75.546,71.4262,0.21348400098999998,45.366,20,4.119800000000012,False,dominant_holder,4,high
6188.HK,hk,95.3162,95.3162,0.400443767044,59.5994,4,0.0,False,dominant_holder,4,high
6190.HK,hk,82.8094,82.8094,0.107350034576,21.6985,8,0.0,False,dominant_holder,4,high
6193.HK,hk,67.5915,67.5915,0.33736532622499993,57.134,2,0.0,False,dominant_holder,4,high
6196.HK,hk,51.0641,51.0641,0.052885788471,16.9834,20,0.0,False,broad_institutional,4,high
6198.HK,hk,55.0415,52.9727,0.048144137883,18.7769,20,2.068799999999996,False,broad_institutional,4,high
6199.HK,hk,58.732,58.732,0.069484431486,14.2741,7,0.0,False,broad_institutional,4,high
6228.HK,hk,7.5995,7.5995,0.000705890005,1.4999,11,0.0,False,fragmented_or_mixed,4,high
6600.HK,hk,67.9433,67.9433,0.10803038141,26.6776,20,0.0,False,dominant_holder,4,high
6601.HK,hk,77.5217,77.5217,0.5517015702910001,74.25,20,0.0,False,dominant_holder,4,high
6603.HK,hk,69.6613,69.6613,0.3685252992409999,60.428,20,0.0,False,dominant_holder,4,high
6606.HK,hk,0.3218,0.3218,1.2921679e-05,0.3029,20,0.0,False,fragmented_or_mixed,4,high
6608.HK,hk,49.0796,49.0048,0.034050209054,9.9765,20,0.0747999999999962,False,fragmented_or_mixed,4,high
6609.HK,hk,55.284,55.284,0.071771492658,18.6273,14,0.0,False,broad_institutional,4,high
6610.HK,hk,25.7567,25.7567,0.06634075948899999,25.7567,6,0.0,False,dominant_holder,4,high
6611.HK,hk,0.0,0.0,0.0,0.0,1,0.0,False,fragmented_or_mixed,4,high
6613.HK,hk,52.1423,48.2768,0.01520890352,4.9469,20,3.8654999999999973,False,broad_institutional,4,high
6616.HK,hk,47.6553,47.5464,0.072254949496,24.8892,20,0.10889999999999844,False,dominant_holder,4,high
6618.HK,hk,86.6602000000002,80.7315,0.4555761069930001,67.3846,20,5.928700000000205,False,dominant_holder,4,high
6622.HK,hk,41.9807,41.9807,0.07277350986899998,25.1831,12,0.0,False,dominant_holder,4,high
6623.HK,hk,71.8506,71.8506,0.449339799254,66.8458,5,0.0,False,dominant_holder,4,high
6626.HK,hk,76.4498000000001,76.4498000000001,0.4637478440140001,67.8067,20,0.0,False,dominant_holder,4,high
6628.HK,hk,42.5269,42.5269,0.042459770971,15.5759,12,0.0,False,fragmented_or_mixed,4,high
6633.HK,hk,72.4876,72.4876,0.139373243728,29.8059,7,0.0,False,dominant_holder,4,high
6636.HK,hk,89.1917,85.7371,0.05995385801700001,14.3431,20,3.4545999999999992,False,broad_institutional,4,high
6639.HK,hk,62.8941,62.8941,0.07691559629099999,20.1981,20,0.0,False,dominant_holder,4,high
6651.HK,hk,88.8366,81.7518,0.06500459861600001,16.5365,20,7.084800000000001,False,broad_institutional,4,high
6655.HK,hk,71.8152,70.0386,0.325824887594,56.8791,20,1.776600000000002,False,dominant_holder,4,high
6656.HK,hk,91.0747,89.7179,0.069625266223,14.7015,20,1.356800000000007,False,broad_institutional,4,high
6657.HK,hk,93.0844,93.0844,0.20620418977199997,41.4428,13,0.0,False,dominant_holder,4,high
6658.HK,hk,89.7514,89.7514,0.26406652638,40.0557,11,0.0,False,dominant_holder,4,high
6660.HK,hk,44.2067,44.2067,0.034584857849000006,10.6469,20,0.0,False,fragmented_or_mixed,4,high
6661.HK,hk,55.9618,55.9618,0.111749047002,28.4552,4,0.0,False,dominant_holder,4,high
6663.HK,hk,70.0,70.0,0.48999999999999994,70.0,1,0.0,False,dominant_holder,4,high
6666.HK,hk,54.7165,54.7165,0.24867625545699998,49.7934,20,0.0,False,dominant_holder,4,high
6667.HK,hk,57.0713,57.0713,0.062006594767,16.6534,9,0.0,False,broad_institutional,4,high
6668.HK,hk,73.7962,73.7962,0.37142240455199993,59.2401,9,0.0,False,dominant_holder,4,high
6669.HK,hk,83.9561,83.9561,0.43605761366900003,65.0,11,0.0,False,dominant_holder,4,high
6675.HK,hk,93.2977,77.9191,0.039763355429,8.9371,20,15.378600000000006,False,broad_institutional,4,high
6676.HK,hk,63.1237,63.1237,0.06566557295700001,18.9738,15,0.0,False,broad_institutional,4,high
6677.HK,hk,65.0198,65.0198,0.40741313545999996,63.8176,3,0.0,False,dominant_holder,4,high
6680.HK,hk,32.5223,32.3908,0.018197782827999998,8.5922,20,0.13150000000000261,False,fragmented_or_mixed,4,high
6681.HK,hk,84.6275,84.0717,0.076962024723,20.2807,20,0.5557999999999907,False,dominant_holder,4,high
6682.HK,hk,25.4972,24.4416,0.008504643499999999,6.4039,20,1.0555999999999983,False,fragmented_or_mixed,4,high
6683.HK,hk,66.388,66.388,0.10530307052599999,20.9408,20,0.0,False,dominant_holder,4,high
6686.HK,hk,52.3035,52.3035,0.061369711233,19.8256,8,0.0,False,broad_institutional,4,high
6687.HK,hk,85.6768,79.9206,0.07172262542800001,19.3047,20,5.756200000000007,False,broad_institutional,4,high
6690.HK,hk,65.4194,48.6816,0.044083338082000004,18.8731,20,16.737799999999993,False,broad_institutional,4,high
6693.HK,hk,50.6327,47.3233,0.024892477577,9.2721,20,3.3093999999999966,False,broad_institutional,4,high
6696.HK,hk,23.6533,23.6533,0.018686108237000003,9.7779,9,0.0,False,fragmented_or_mixed,4,high
6698.HK,hk,74.2801,74.2801,0.31504196592100003,53.8161,11,0.0,False,dominant_holder,4,high
6699.HK,hk,74.4181,73.4359,0.272331352005,51.0066,20,0.9821999999999917,False,dominant_holder,4,high
6715.HK,hk,84.5621,80.4288,0.06341537432199999,17.9671,20,4.1333000000000055,False,broad_institutional,4,high
6745.HK,hk,14.699,14.699,0.0070072315,6.3943,4,0.0,False,fragmented_or_mixed,4,high
6805.HK,hk,74.0627,74.0627,0.28001938460100007,48.1086,5,0.0,False,dominant_holder,4,high
6806.HK,hk,50.3519,50.0192,0.06239366090599999,20.7231,20,0.33270000000000266,False,dominant_holder,4,high
6808.HK,hk,89.7946,89.4388,0.6297882684439999,79.1523,20,0.3558000000000021,False,dominant_holder,4,high
6809.HK,hk,63.5467,52.9339,0.021375952588999998,6.3542,20,10.6128,False,broad_institutional,4,high
6810.HK,hk,89.769,89.769,0.147436371608,32.2923,15,0.0,False,dominant_holder,4,high
6811.HK,hk,61.0305,61.0305,0.30800537646099996,55.4292,18,0.0,False,dominant_holder,4,high
6812.HK,hk,72.0,72.0,0.5184,72.0,1,0.0,False,dominant_holder,4,high
6816.HK,hk,69.9,69.9,0.39335850000000006,62.25,3,0.0,False,dominant_holder,4,high
6818.HK,hk,82.5128,80.9472,0.21455656762000003,33.1263,20,1.5656000000000034,False,dominant_holder,4,high
6820.HK,hk,59.5215,59.5215,0.330206798411,57.4321,10,0.0,False,dominant_holder,4,high
6821.HK,hk,45.6671,44.9282,0.027700579629999996,12.0063,20,0.738900000000001,False,fragmented_or_mixed,4,high
6822.HK,hk,75.0,75.0,0.3825,60.0,2,0.0,False,dominant_holder,4,high
6823.HK,hk,67.6136,63.0407,0.2741584629489999,52.222,20,4.572900000000004,False,dominant_holder,4,high
6826.HK,hk,9.5757,9.5757,0.0035202195789999996,5.663,20,0.0,False,fragmented_or_mixed,4,high
6828.HK,hk,66.3748,66.3748,0.44056140750399986,66.3748,3,0.0,False,dominant_holder,4,high
6829.HK,hk,67.2751,67.2751,0.450264143921,67.1015,2,0.0,False,dominant_holder,4,high
6830.HK,hk,74.6611,74.6611,0.557427985321,74.6611,12,0.0,False,dominant_holder,4,high
6831.HK,hk,86.7597,86.6097,0.32085498674099994,55.5239,20,0.14999999999999147,False,dominant_holder,4,high
6833.HK,hk,52.3235,52.3235,0.26682372747700006,51.6506,2,0.0,False,dominant_holder,4,high
6838.HK,hk,79.2175,79.2175,0.442637394459,66.0,8,0.0,False,dominant_holder,4,high
6839.HK,hk,2.323,2.323,0.0005396329,2.323,1,0.0,False,fragmented_or_mixed,4,high
6855.HK,hk,38.6389,37.0317,0.013923637407,6.507,20,1.6071999999999989,False,fragmented_or_mixed,4,high
6858.HK,hk,81.1222,81.1222,0.24318254738800002,38.6742,12,0.0,False,dominant_holder,4,high
6860.HK,hk,67.9972,67.9972,0.28552861746,52.5439,4,0.0,False,dominant_holder,4,high
6862.HK,hk,82.1686,78.4043,0.19469351825700004,37.5514,20,3.7642999999999915,False,dominant_holder,4,high
6865.HK,hk,75.695,68.4461,0.037287215051,10.1133,20,7.248899999999992,False,broad_institutional,4,high
6866.HK,hk,44.7073,44.7073,0.09987507382699999,22.7333,3,0.0,False,dominant_holder,4,high
6868.HK,hk,79.0676,79.0676,0.17031550161,34.9401,9,0.0,False,dominant_holder,4,high
6869.HK,hk,51.3894,42.2221,0.014617389409,6.4047,20,9.167300000000004,False,broad_institutional,4,high
6871.HK,hk,88.0221,79.3946,0.046245164162,10.0475,20,8.627499999999998,False,broad_institutional,4,high
6872.HK,hk,80.1748,72.6949,0.041759177555,11.7584,20,7.479900000000001,False,broad_institutional,4,high
6877.HK,hk,79.4235,79.4235,0.3432226072909999,55.1599,4,0.0,False,dominant_holder,4,high
6878.HK,hk,0.0,0.0,0.0,0.0,3,0.0,False,fragmented_or_mixed,4,high
6880.HK,hk,83.0222000000001,67.1432,0.037292596676,9.881,20,15.879000000000104,False,broad_institutional,4,high
6881.HK,hk,30.1419,24.9073,0.0077672892450000005,6.8687,20,5.2346,False,fragmented_or_mixed,4,high
6882.HK,hk,68.8825,68.8825,0.3632775619569999,60.0342,7,0.0,False,dominant_holder,4,high
6883.HK,hk,74.3127,74.3127,0.542275530597,73.6377,8,0.0,False,dominant_holder,4,high
6885.HK,hk,75.6055,75.6055,0.180102054613,30.2566,10,0.0,False,dominant_holder,4,high
6886.HK,hk,57.0912,49.6626,0.025700232162,9.882,20,7.428600000000003,False,broad_institutional,4,high
6887.HK,hk,71.8395,71.6129,0.061476700038999986,17.7856,20,0.2266000000000048,False,broad_institutional,4,high
6888.HK,hk,62.4338,62.4338,0.2618934632799999,50.2955,5,0.0,False,dominant_holder,4,high
6889.HK,hk,67.6447,67.6447,0.11426365203899999,27.1205,13,0.0,False,dominant_holder,4,high
6890.HK,hk,70.7164,70.7164,0.340397166856,56.6134,2,0.0,False,dominant_holder,4,high
6893.HK,hk,74.9087,74.9087,0.310288049821,50.7642,3,0.0,False,dominant_holder,4,high
6896.HK,hk,70.3107,70.3107,0.37927671626700005,61.2775,9,0.0,False,dominant_holder,4,high
6898.HK,hk,71.6893,71.6893,0.266103386345,42.6032,2,0.0,False,dominant_holder,4,high
6899.HK,hk,61.6882,61.6882,0.163798598074,29.9506,7,0.0,False,dominant_holder,4,high
6908.HK,hk,38.8431,38.8431,0.045748353047000014,13.0785,11,0.0,False,fragmented_or_mixed,4,high
6909.HK,hk,72.8507,72.8507,0.5305287192540002,72.8374,3,0.0,False,dominant_holder,4,high
6911.HK,hk,70.5301,70.5301,0.09442150882299999,23.4234,10,0.0,False,dominant_holder,4,high
6913.HK,hk,74.9625,74.9625,0.22653589332899998,42.7286,5,0.0,False,dominant_holder,4,high
6915.HK,hk,85.7678,85.7678,0.466092334282,67.9156,10,0.0,False,dominant_holder,4,high
6918.HK,hk,34.8466,34.8466,0.06268355985999999,20.5612,3,0.0,False,dominant_holder,4,high
6919.HK,hk,56.907,56.907,0.10613333541600002,29.7173,10,0.0,False,dominant_holder,4,high
6922.HK,hk,76.0205,76.0205,0.055089869197,12.8077,18,0.0,False,broad_institutional,4,high
6928.HK,hk,56.9215,56.9215,0.21731620433699997,45.098,3,0.0,False,dominant_holder,4,high
6929.HK,hk,75.4151,75.4151,0.410376243031,62.9884,9,0.0,False,dominant_holder,4,high
6933.HK,hk,43.1002,43.1002,0.100045323174,29.4157,6,0.0,False,dominant_holder,4,high
6936.HK,hk,64.6015,62.7118,0.24361229539,49.1485,20,1.8897000000000048,False,dominant_holder,4,high
6938.HK,hk,79.5366,62.8032,0.029279268258000004,8.5574,20,16.73340000000001,False,broad_institutional,4,high
6939.HK,hk,70.5722,70.5722,0.26985135217000006,50.5622,4,0.0,False,dominant_holder,4,high
6951.HK,hk,56.821,56.821,0.029609596938,8.977,16,0.0,False,broad_institutional,4,high
6955.HK,hk,70.1016,69.9222,0.203067191932,41.7959,20,0.17940000000000111,False,dominant_holder,4,high
6958.HK,hk,68.8251,68.8251,0.159914993313,25.1284,3,0.0,False,dominant_holder,4,high
6959.HK,hk,69.2521,69.2521,0.24468633910100004,39.5726,8,0.0,False,dominant_holder,4,high
6960.HK,hk,87.5084,87.5084,0.18515738858599998,40.3696,20,0.0,False,dominant_holder,4,high
6963.HK,hk,44.1464,42.8631,0.027734632141000002,10.061,20,1.283299999999997,False,fragmented_or_mixed,4,high
6966.HK,hk,78.765,78.765,0.49768252249999995,70.0,3,0.0,False,dominant_holder,4,high
6968.HK,hk,55.8793,55.8793,0.10814775835100002,22.991,4,0.0,False,dominant_holder,4,high
6969.HK,hk,76.3732000000001,75.0837,0.20917804424500003,33.4705,20,1.2895000000001033,False,dominant_holder,4,high
6978.HK,hk,78.082,78.082,0.132068526658,25.7312,9,0.0,False,dominant_holder,4,high
6979.HK,hk,81.9343,81.8119,0.4625509790230001,66.6927,20,0.12239999999999895,False,dominant_holder,4,high
6980.HK,hk,66.4899,66.4899,0.09626108389100002,22.7508,20,0.0,False,dominant_holder,4,high
6988.HK,hk,33.2139,33.2139,0.099498014801,31.506,3,0.0,False,dominant_holder,4,high
6989.HK,hk,75.7825,75.7825,0.36261716848100006,59.1995,15,0.0,False,dominant_holder,4,high
6990.HK,hk,85.4751999999999,78.8386,0.253818578892,49.3499,20,6.636599999999902,False,dominant_holder,4,high
6993.HK,hk,89.3103000000001,89.1931,0.5665962963010002,74.6068,20,0.11720000000009634,False,dominant_holder,4,high
6996.HK,hk,52.3952,52.3952,0.078942015388,25.9704,20,0.0,False,dominant_holder,4,high
6998.HK,hk,72.3001,72.3001,0.13528010608900004,32.3903,19,0.0,False,dominant_holder,4,high
6999.HK,hk,74.2578,74.2578,0.18416653163400004,26.3,3,0.0,False,dominant_holder,4,high
7489.HK,hk,26.9192,26.6353,0.037384453213,19.054,20,0.28389999999999915,False,fragmented_or_mixed,4,high
7618.HK,hk,82.2231,82.2231,0.497578245018,70.2646,20,0.0,False,dominant_holder,4,high
7630.HK,hk,84.7592,75.8778,0.05344151534,14.0024,20,8.881400000000014,False,broad_institutional,4,high
7656.HK,hk,89.1464,89.1464,0.15721056916400003,36.998,20,0.0,False,dominant_holder,4,high
7666.HK,hk,87.1338,79.7629,0.040174297167,10.2636,20,7.370899999999992,False,broad_institutional,4,high
7687.HK,hk,84.3574,77.2216,0.075096269352,21.6407,20,7.135800000000003,False,dominant_holder,4,high
7688.HK,hk,83.9874,78.2798,0.11812395405199999,31.6303,20,5.707599999999999,False,dominant_holder,4,high
80011.HK,hk,101.4786,101.3946,1.0000303783339999,100.0,20,0.08400000000000318,True,data_anomaly,1,low
80016.HK,hk,71.3989000000001,62.9916,0.11047251954999998,31.0388,20,8.407300000000099,False,dominant_holder,4,high
80020.HK,hk,44.4241,39.644,0.03186267477400001,16.5587,20,4.7801000000000045,False,fragmented_or_mixed,4,high
8003.HK,hk,30.9448,30.9448,0.03579142201800001,14.7856,4,0.0,False,fragmented_or_mixed,4,high
8005.HK,hk,45.3737,45.3737,0.10891741815099999,29.8018,6,0.0,False,dominant_holder,4,high
8006.HK,hk,6.3165,6.3165,0.003673836017,6.0556,2,0.0,False,fragmented_or_mixed,4,high
8007.HK,hk,0.7175,0.7175,5.1480625e-05,0.7175,1,0.0,False,fragmented_or_mixed,4,high
8013.HK,hk,75.0,75.0,0.3425,55.0,2,0.0,False,dominant_holder,4,high
8017.HK,hk,51.0441,51.0441,0.089010698465,24.1618,11,0.0,False,dominant_holder,4,high
80175.HK,hk,63.9770000000001,52.7879,0.06466214767499999,23.5745,20,11.189100000000103,False,dominant_holder,4,high
8018.HK,hk,41.3027,41.3027,0.09899855596900001,28.9287,2,0.0,False,dominant_holder,4,high
8020.HK,hk,51.4816,51.4816,0.06837236492799999,16.9119,5,0.0,False,broad_institutional,4,high
8023.HK,hk,65.7611,65.7611,0.4324522273209999,65.7611,1,0.0,False,dominant_holder,4,high
8026.HK,hk,57.798,57.798,0.29683539051800006,54.4065,3,0.0,False,dominant_holder,4,high
8027.HK,hk,17.1527,17.1527,0.027625732909000007,16.6122,2,0.0,False,fragmented_or_mixed,4,high
8028.HK,hk,54.8338,54.8338,0.083443834336,20.1037,6,0.0,False,dominant_holder,4,high
8029.HK,hk,56.1745,56.1745,0.14173223691700002,31.8376,3,0.0,False,dominant_holder,4,high
80291.HK,hk,74.2496,67.5106,0.27160672655800006,51.9108,20,6.739000000000004,False,dominant_holder,4,high
8030.HK,hk,52.4427,52.4427,0.19209223998900002,43.2817,3,0.0,False,dominant_holder,4,high
8031.HK,hk,59.2073,59.2073,0.35055043732899993,59.2073,3,0.0,False,dominant_holder,4,high
8033.HK,hk,62.3911,62.3911,0.33894499991700006,58.0972,4,0.0,False,dominant_holder,4,high
8035.HK,hk,50.7606,50.7606,0.2575796093069999,50.7523,5,0.0,False,dominant_holder,4,high
8036.HK,hk,71.0433,71.0433,0.17972755503100002,33.488,7,0.0,False,dominant_holder,4,high
8037.HK,hk,64.54,64.54,0.30932177768200003,54.7479,2,0.0,False,dominant_holder,4,high
80388.HK,hk,39.3157000000002,26.6551,0.007272730556999999,6.1658,20,12.660600000000198,False,fragmented_or_mixed,4,high
8039.HK,hk,53.928,53.928,0.29082291839999996,53.928,1,0.0,False,dominant_holder,4,high
8040.HK,hk,73.122,73.122,0.10628922159399999,19.1235,9,0.0,False,dominant_holder,4,high
8041.HK,hk,59.4621,59.4621,0.10053062060300001,19.9768,6,0.0,False,dominant_holder,4,high
8042.HK,hk,75.0,75.0,0.3515625,56.25,2,0.0,False,dominant_holder,4,high
8043.HK,hk,75.0,75.0,0.5625,75.0,1,0.0,False,dominant_holder,4,high
8047.HK,hk,12.3499,12.3499,0.010906258505,10.2248,2,0.0,False,fragmented_or_mixed,4,high
8048.HK,hk,66.3518,66.3518,0.18625352807200002,41.2879,6,0.0,False,dominant_holder,4,high
8049.HK,hk,25.2266,25.2266,0.035868527396,17.113,3,0.0,False,fragmented_or_mixed,4,high
8050.HK,hk,75.2621,75.2621,0.546307716449,73.9006,4,0.0,False,dominant_holder,4,high
8051.HK,hk,56.0469,56.0469,0.21817665160099997,45.5226,3,0.0,False,dominant_holder,4,high
8052.HK,hk,54.4159,54.4159,0.126868490483,28.9989,3,0.0,False,dominant_holder,4,high
8057.HK,hk,33.3472,33.3472,0.027303751537999996,12.5766,7,0.0,False,fragmented_or_mixed,4,high
8059.HK,hk,59.5802,59.5802,0.13037905942199998,28.1515,3,0.0,False,dominant_holder,4,high
8060.HK,hk,70.5721,70.5721,0.27539048926099996,50.517,5,0.0,False,dominant_holder,4,high
8062.HK,hk,74.5271,74.5271,0.5554288634410001,74.5271,1,0.0,False,dominant_holder,4,high
8063.HK,hk,33.4722,33.4722,0.048768218378000015,16.1184,3,0.0,False,fragmented_or_mixed,4,high
8065.HK,hk,72.859,72.859,0.19691728007399997,34.0774,4,0.0,False,dominant_holder,4,high
8066.HK,hk,32.0308,32.0308,0.053981783423999986,21.6119,5,0.0,False,dominant_holder,4,high
8067.HK,hk,75.0,75.0,0.5625,75.0,1,0.0,False,dominant_holder,4,high
8069.HK,hk,30.2578,30.2578,0.034315946868,16.6667,5,0.0,False,fragmented_or_mixed,4,high
8070.HK,hk,70.13,70.13,0.40343968999999996,63.13,2,0.0,False,dominant_holder,4,high
80700.HK,hk,57.3254000000005,43.8669,0.061486707603000006,22.8706,20,13.458500000000498,False,dominant_holder,4,high
8071.HK,hk,36.7115,36.7115,0.090046723225,29.0,4,0.0,False,dominant_holder,4,high
8072.HK,hk,55.6505,55.6505,0.266712934513,51.4752,3,0.0,False,dominant_holder,4,high
8073.HK,hk,75.1734,75.1734,0.39742532977200007,62.3701,4,0.0,False,dominant_holder,4,high
80737.HK,hk,91.8498,91.8498,0.563209552114,73.9762,11,0.0,False,dominant_holder,4,high
8076.HK,hk,28.378,28.378,0.022286639879999997,10.348,5,0.0,False,fragmented_or_mixed,4,high
8079.HK,hk,45.916,45.916,0.085370289586,23.2551,5,0.0,False,dominant_holder,4,high
8080.HK,hk,76.702,76.702,0.340394877416,56.5454,3,0.0,False,dominant_holder,4,high
8081.HK,hk,17.108,17.108,0.015951875647999998,11.1208,2,0.0,False,fragmented_or_mixed,4,high
8082.HK,hk,42.7791,42.7791,0.058172221061,19.9938,10,0.0,False,fragmented_or_mixed,4,high
8083.HK,hk,24.4404,24.4404,0.037415097608,19.1504,20,0.0,False,fragmented_or_mixed,4,high
8087.HK,hk,18.9868,18.9868,0.032209598023999995,17.915,2,0.0,False,fragmented_or_mixed,4,high
80883.HK,hk,69.3272000000001,68.8791,0.439651068155,66.301,20,0.4481000000001103,False,dominant_holder,4,high
8091.HK,hk,71.19,71.19,0.20459061000000003,38.7,3,0.0,False,dominant_holder,4,high
8092.HK,hk,44.3368,44.3368,0.08579829332199998,26.0508,4,0.0,False,dominant_holder,4,high
8093.HK,hk,52.4246,52.4246,0.07446332691400001,23.5924,9,0.0,False,dominant_holder,4,high
80941.HK,hk,73.0489000000001,72.8324,0.513437407764,71.6528,20,0.21650000000009584,False,dominant_holder,4,high
8095.HK,hk,13.3872,13.3872,0.01696274021,13.0189,2,0.0,False,fragmented_or_mixed,4,high
8096.HK,hk,4.8831,4.8831,0.002384466561,4.8831,1,0.0,False,fragmented_or_mixed,4,high
8098.HK,hk,68.1818,68.1818,0.4648757851239999,68.1818,1,0.0,False,dominant_holder,4,high
80992.HK,hk,72.2264,58.9692,0.11390713401,32.9507,20,13.257199999999997,False,dominant_holder,4,high
8100.HK,hk,75.0,75.0,0.5625,75.0,1,0.0,False,dominant_holder,4,high
81024.HK,hk,51.6518,37.5054,0.016770929533999997,11.0339,20,14.1464,False,broad_institutional,4,high
8103.HK,hk,26.8413,26.8413,0.021124170347,11.2389,4,0.0,False,fragmented_or_mixed,4,high
8106.HK,hk,53.3157,53.3157,0.064039221961,20.6813,9,0.0,False,dominant_holder,4,high
8107.HK,hk,70.864,70.864,0.31210938529099996,52.8921,3,0.0,False,dominant_holder,4,high
8111.HK,hk,50.5431,50.5431,0.062599206481,18.8352,7,0.0,False,broad_institutional,4,high
8112.HK,hk,26.0206,26.0206,0.05403920995599999,23.0566,2,0.0,False,dominant_holder,4,high
8113.HK,hk,82.4806,82.4806,0.430032598855,64.6172,10,0.0,False,dominant_holder,4,high
8115.HK,hk,42.7047,42.7047,0.04998485449100001,17.9512,7,0.0,False,fragmented_or_mixed,4,high
8117.HK,hk,70.3358,70.3358,0.168158118654,36.5192,5,0.0,False,dominant_holder,4,high
8118.HK,hk,50.1648,50.1648,0.11887906534399999,24.8,3,0.0,False,dominant_holder,4,high
8120.HK,hk,17.1148,17.1148,0.023740634554,15.3501,4,0.0,False,fragmented_or_mixed,4,high
8121.HK,hk,26.3043,26.3043,0.06226837706899999,24.915,3,0.0,False,dominant_holder,4,high
81211.HK,hk,42.9230000000001,27.0675,0.005420994053,3.578,20,15.855500000000102,False,fragmented_or_mixed,4,high
8123.HK,hk,27.4723,27.4723,0.075088849691,27.4023,3,0.0,False,dominant_holder,4,high
8125.HK,hk,37.9241,37.9241,0.07108797155300002,25.8676,8,0.0,False,dominant_holder,4,high
8126.HK,hk,8.3754,8.3754,0.0070147325160000015,8.3754,2,0.0,False,fragmented_or_mixed,4,high
8128.HK,hk,52.4086,52.4086,0.10101640774399999,26.5266,8,0.0,False,dominant_holder,4,high
81299.HK,hk,56.7857000000002,29.9601,0.0067119958810000005,4.6478,20,26.825600000000197,False,broad_institutional,4,high
8130.HK,hk,35.6278,35.6278,0.08405198260999999,28.2365,3,0.0,False,dominant_holder,4,high
8131.HK,hk,26.3765,26.3765,0.059138246353,24.2228,2,0.0,False,dominant_holder,4,high
8132.HK,hk,70.9436,70.9436,0.32058446385799994,55.7097,4,0.0,False,dominant_holder,4,high
8133.HK,hk,38.3449,38.3449,0.054314344665,20.9896,4,0.0,False,dominant_holder,4,high
8136.HK,hk,51.0,51.0,0.2601,51.0,2,0.0,False,dominant_holder,4,high
8137.HK,hk,74.4063,74.4063,0.30940164301399997,53.933,9,0.0,False,dominant_holder,4,high
8139.HK,hk,60.664,60.664,0.25932297436199997,50.0536,4,0.0,False,dominant_holder,4,high
8140.HK,hk,56.7456,56.7456,0.10170948018599998,28.4413,6,0.0,False,dominant_holder,4,high
8143.HK,hk,70.2627,70.2627,0.23557863672700002,46.7772,5,0.0,False,dominant_holder,4,high
8146.HK,hk,78.3616,78.3616,0.528192899488,72.5068,4,0.0,False,dominant_holder,4,high
8147.HK,hk,59.6903,59.6903,0.06709804773700001,16.6656,8,0.0,False,broad_institutional,4,high
8148.HK,hk,38.3097,38.3097,0.146735731017,38.3061,2,0.0,False,dominant_holder,4,high
8149.HK,hk,76.3784,76.3784,0.449462434626,66.7577,5,0.0,False,dominant_holder,4,high
8152.HK,hk,66.27,66.27,0.3706329712499999,60.6825,3,0.0,False,dominant_holder,4,high
8153.HK,hk,0.0,0.0,0.0,0.0,1,0.0,False,fragmented_or_mixed,4,high
8156.HK,hk,79.3429,79.3429,0.555935617257,74.4358,5,0.0,False,dominant_holder,4,high
8158.HK,hk,63.2284,63.2284,0.10857885836400001,24.281,7,0.0,False,dominant_holder,4,high
8159.HK,hk,72.4923,72.4923,0.21719890634099995,44.1874,5,0.0,False,dominant_holder,4,high
8160.HK,hk,43.646,43.646,0.10425402260800003,28.5332,2,0.0,False,dominant_holder,4,high
8161.HK,hk,75.0,75.0,0.3515625,56.25,2,0.0,False,dominant_holder,4,high
8162.HK,hk,43.1202,43.1202,0.05243866501799999,19.3894,5,0.0,False,fragmented_or_mixed,4,high
8163.HK,hk,38.5545,38.5545,0.085539347933,26.7662,2,0.0,False,dominant_holder,4,high
8168.HK,hk,40.5294,40.5294,0.031516956549999996,11.8348,10,0.0,False,fragmented_or_mixed,4,high
8169.HK,hk,59.8647,59.8647,0.286131603069,53.0562,2,0.0,False,dominant_holder,4,high
8172.HK,hk,65.4302,65.4302,0.239272855926,47.1014,3,0.0,False,dominant_holder,4,high
8173.HK,hk,73.8664,73.8664,0.545624504896,73.8664,1,0.0,False,dominant_holder,4,high
8176.HK,hk,50.9722,50.9722,0.10884081859599999,29.8987,5,0.0,False,dominant_holder,4,high
8178.HK,hk,28.2115,28.2115,0.042040468877,17.6053,5,0.0,False,fragmented_or_mixed,4,high
8179.HK,hk,31.3602,31.3602,0.07292669544299998,26.1565,3,0.0,False,dominant_holder,4,high
8181.HK,hk,65.999,65.999,0.43558680009999995,65.999,2,0.0,False,dominant_holder,4,high
81810.HK,hk,47.6005000000001,38.5666,0.020874001601999998,10.0476,20,9.033900000000102,False,fragmented_or_mixed,4,high
8186.HK,hk,74.5414,74.5414,0.189604626428,29.7759,5,0.0,False,dominant_holder,4,high
8187.HK,hk,23.26,23.26,0.038244015022000005,19.1121,3,0.0,False,fragmented_or_mixed,4,high
8188.HK,hk,69.1143,69.1143,0.11620274402100002,21.5969,5,0.0,False,dominant_holder,4,high
8191.HK,hk,22.3152,22.3152,0.020936349798,13.0358,8,0.0,False,fragmented_or_mixed,4,high
8193.HK,hk,24.9437,24.9437,0.041633824737,20.0134,4,0.0,False,dominant_holder,4,high
8195.HK,hk,21.1054,21.1054,0.019763443952,11.8487,6,0.0,False,fragmented_or_mixed,4,high
8196.HK,hk,8.0196,8.0196,0.006431398416000001,8.0196,3,0.0,False,fragmented_or_mixed,4,high
8198.HK,hk,44.9806,44.9806,0.155567098828,38.9953,7,0.0,False,dominant_holder,4,high
8200.HK,hk,19.1763,19.1763,0.036773048169000004,19.1763,1,0.0,False,fragmented_or_mixed,4,high
8201.HK,hk,76.1052,76.1052,0.44609446241,66.0253,2,0.0,False,dominant_holder,4,high
82020.HK,hk,74.7533000000001,66.1787,0.282741623557,53.0161,20,8.574600000000089,False,dominant_holder,4,high
8203.HK,hk,44.057,44.057,0.102045116902,28.6697,4,0.0,False,dominant_holder,4,high
8206.HK,hk,54.9922,54.9922,0.09920542381599999,28.5933,7,0.0,False,dominant_holder,4,high
8208.HK,hk,54.65,54.65,0.2975897635779999,54.5517,3,0.0,False,dominant_holder,4,high
8210.HK,hk,67.85,67.85,0.15833725,34.75,6,0.0,False,dominant_holder,4,high
8213.HK,hk,54.4389,54.4389,0.29635938332100004,54.4389,2,0.0,False,dominant_holder,4,high
8217.HK,hk,0.7752,0.7752,2.0031168000000005e-05,0.2584,3,0.0,False,fragmented_or_mixed,4,high
8218.HK,hk,80.329,80.329,0.13913878019400003,23.2615,6,0.0,False,dominant_holder,4,high
8219.HK,hk,51.0,51.0,0.2601,51.0,1,0.0,False,dominant_holder,4,high
8220.HK,hk,62.3883,62.3883,0.20897652996899993,39.891,5,0.0,False,dominant_holder,4,high
8221.HK,hk,63.0251,63.0251,0.269955027801,50.405,3,0.0,False,dominant_holder,4,high
8222.HK,hk,54.6413,54.6413,0.223310253149,46.5595,2,0.0,False,dominant_holder,4,high
8223.HK,hk,53.1628,53.1628,0.187034514326,42.5973,4,0.0,False,dominant_holder,4,high
8225.HK,hk,70.9784,70.9784,0.2761729376140001,46.6238,5,0.0,False,dominant_holder,4,high
8226.HK,hk,10.443,10.443,0.010905624899999999,10.443,1,0.0,False,fragmented_or_mixed,4,high
8227.HK,hk,33.9551,33.9551,0.034153051971000006,13.1782,5,0.0,False,fragmented_or_mixed,4,high
8229.HK,hk,51.0547,51.0547,0.13829794900500003,34.6388,4,0.0,False,dominant_holder,4,high
82318.HK,hk,53.2687000000001,33.9183,0.020298959714999995,12.9495,20,19.3504000000001,False,broad_institutional,4,high
8232.HK,hk,70.4783,70.4783,0.4967190770890001,70.4783,4,0.0,False,dominant_holder,4,high
82331.HK,hk,61.9617,44.7982,0.027492109188000005,14.2672,20,17.1635,False,broad_institutional,4,high
82333.HK,hk,36.1943,26.0072,0.005353050179999999,4.2966,20,10.187099999999997,False,fragmented_or_mixed,4,high
8237.HK,hk,68.512,68.512,0.258986509386,48.6139,3,0.0,False,dominant_holder,4,high
8238.HK,hk,1.1402,1.1402,0.00012776761000000001,1.1303,2,0.0,False,fragmented_or_mixed,4,high
82388.HK,hk,76.8954000000002,73.2099,0.43679842776500005,66.0583,20,3.6855000000001894,False,dominant_holder,4,high
8239.HK,hk,37.742,37.742,0.07974849235000002,27.207,7,0.0,False,dominant_holder,4,high
8241.HK,hk,79.7276,79.7276,0.559893536918,74.6578,3,0.0,False,dominant_holder,4,high
8245.HK,hk,25.2431,25.2431,0.021425144913000002,9.0488,4,0.0,False,fragmented_or_mixed,4,high
8246.HK,hk,51.6397,51.6397,0.06958691986900001,19.4369,8,0.0,False,broad_institutional,4,high
8247.HK,hk,57.7764,57.7764,0.19317649797600003,42.3982,4,0.0,False,dominant_holder,4,high
8249.HK,hk,14.2085,14.2085,0.013063368993,10.9577,3,0.0,False,fragmented_or_mixed,4,high
8250.HK,hk,47.6959,47.6959,0.117661688365,28.2733,2,0.0,False,dominant_holder,4,high
8257.HK,hk,77.0385,77.0385,0.170578734475,37.4625,8,0.0,False,dominant_holder,4,high
8262.HK,hk,44.1194,44.1194,0.09339762526600001,27.0771,3,0.0,False,dominant_holder,4,high
8267.HK,hk,48.1176,48.1176,0.08337169178400002,26.7699,6,0.0,False,dominant_holder,4,high
8268.HK,hk,32.7935,32.7935,0.031233909168999995,13.79,4,0.0,False,fragmented_or_mixed,4,high
8269.HK,hk,27.0038,27.0038,0.05467019649999999,23.1026,3,0.0,False,dominant_holder,4,high
8270.HK,hk,75.5932,75.5932,0.550401721532,74.1839,5,0.0,False,dominant_holder,4,high
8271.HK,hk,54.0409,54.0409,0.18496898202199996,41.187,4,0.0,False,dominant_holder,4,high
8275.HK,hk,9.5705,9.5705,0.004587872196999999,4.9871,2,0.0,False,fragmented_or_mixed,4,high
8277.HK,hk,57.5373,57.5373,0.23111530730900004,46.8778,2,0.0,False,dominant_holder,4,high
8279.HK,hk,79.4558,79.4558,0.3452054372160001,55.7105,5,0.0,False,dominant_holder,4,high
8280.HK,hk,76.1944,76.1944,0.18028327431200003,35.4902,6,0.0,False,dominant_holder,4,high
8281.HK,hk,70.05,70.05,0.36381290624999996,59.3625,2,0.0,False,dominant_holder,4,high
8282.HK,hk,53.5743,53.5743,0.166889501109,37.599,2,0.0,False,dominant_holder,4,high
8283.HK,hk,5.0787,5.0787,0.0014432000210000003,3.4194,3,0.0,False,fragmented_or_mixed,4,high
8285.HK,hk,75.0,75.0,0.32396438376199993,52.1141,2,0.0,False,dominant_holder,4,high
8286.HK,hk,3.5409,3.5409,0.0012537972810000002,3.5409,1,0.0,False,fragmented_or_mixed,4,high
8290.HK,hk,75.0,75.0,0.5625,75.0,1,0.0,False,dominant_holder,4,high
8292.HK,hk,53.996,53.996,0.11082303330999999,27.3692,4,0.0,False,dominant_holder,4,high
8293.HK,hk,9.7656,9.7656,0.009536694335999999,9.7656,1,0.0,False,fragmented_or_mixed,4,high
8295.HK,hk,75.9908,75.9908,0.274635124032,50.4567,5,0.0,False,dominant_holder,4,high
8296.HK,hk,38.9777,38.9777,0.07891501714900001,23.3307,2,0.0,False,dominant_holder,4,high
8297.HK,hk,10.6265,10.6265,0.009433809913,9.6825,3,0.0,False,fragmented_or_mixed,4,high
8299.HK,hk,57.028,57.028,0.14289848166000002,35.944,8,0.0,False,dominant_holder,4,high
8300.HK,hk,71.1042,71.1042,0.505580725764,71.1042,1,0.0,False,dominant_holder,4,high
8305.HK,hk,43.3792,43.3792,0.055001355004,18.6067,5,0.0,False,fragmented_or_mixed,4,high
8307.HK,hk,69.2817,69.2817,0.479995395489,69.2817,1,0.0,False,dominant_holder,4,high
8308.HK,hk,92.253,92.253,0.137762146748,27.2318,11,0.0,False,dominant_holder,4,high
8309.HK,hk,62.5167,62.5167,0.172115867889,29.25,4,0.0,False,dominant_holder,4,high
8310.HK,hk,74.967,74.967,0.36078670025,57.4565,2,0.0,False,dominant_holder,4,high
8311.HK,hk,62.4099,62.4099,0.38923004434499997,62.3883,2,0.0,False,dominant_holder,4,high
8313.HK,hk,73.974,73.974,0.4292849583500002,64.93,4,0.0,False,dominant_holder,4,high
8315.HK,hk,74.5656,74.5656,0.28417837412,42.8402,2,0.0,False,dominant_holder,4,high
8316.HK,hk,23.6453,23.6453,0.039854845385000004,18.8885,3,0.0,False,fragmented_or_mixed,4,high
8317.HK,hk,75.9887,75.9887,0.4577683285310001,67.3819,3,0.0,False,dominant_holder,4,high
8319.HK,hk,71.242,71.242,0.12531211896599997,28.2454,8,0.0,False,dominant_holder,4,high
8320.HK,hk,65.3737,65.3737,0.251028363921,49.2165,6,0.0,False,dominant_holder,4,high
8321.HK,hk,29.8285,29.8285,0.08898283951399998,29.8285,2,0.0,False,dominant_holder,4,high
8326.HK,hk,70.1273,70.1273,0.371293747017,60.2588,3,0.0,False,dominant_holder,4,high
8328.HK,hk,73.5077,73.5077,0.109399015173,22.1889,14,0.0,False,dominant_holder,4,high
8331.HK,hk,79.3667,79.3667,0.168968997049,29.344,6,0.0,False,dominant_holder,4,high
8333.HK,hk,55.6391,55.6391,0.30957094488099995,55.6391,1,0.0,False,dominant_holder,4,high
8337.HK,hk,77.1823,77.1823,0.25710642977099996,42.6493,5,0.0,False,dominant_holder,4,high
8340.HK,hk,12.4923,12.4923,0.015605755929,12.4923,2,0.0,False,fragmented_or_mixed,4,high
8341.HK,hk,13.25,13.25,0.017556250000000002,13.25,1,0.0,False,fragmented_or_mixed,4,high
8347.HK,hk,50.1,50.1,0.251001,50.1,1,0.0,False,dominant_holder,4,high
8348.HK,hk,80.8584,80.8584,0.23892451033800002,42.5168,5,0.0,False,dominant_holder,4,high
8349.HK,hk,40.65,40.65,0.10394224999999999,30.65,3,0.0,False,dominant_holder,4,high
8350.HK,hk,74.9079,74.9079,0.333048659693,55.1197,3,0.0,False,dominant_holder,4,high
8356.HK,hk,63.2347,63.2347,0.228776261689,43.6267,3,0.0,False,dominant_holder,4,high
8357.HK,hk,61.3534,61.3534,0.32007056915599996,56.3534,2,0.0,False,dominant_holder,4,high
8360.HK,hk,24.0713,24.0713,0.03610074578900001,18.2467,3,0.0,False,fragmented_or_mixed,4,high
8362.HK,hk,75.0,75.0,0.49089999999999995,70.0,4,0.0,False,dominant_holder,4,high
8365.HK,hk,64.4603,64.4603,0.36859068190100014,60.6424,3,0.0,False,dominant_holder,4,high
8366.HK,hk,50.2156,50.2156,0.25216064833600005,50.2156,1,0.0,False,dominant_holder,4,high
8367.HK,hk,30.7085,30.7085,0.030380720121000005,11.6838,4,0.0,False,fragmented_or_mixed,4,high
8368.HK,hk,57.837,57.837,0.053848182996000006,14.0842,10,0.0,False,broad_institutional,4,high
83690.HK,hk,41.2335000000001,26.1937,0.004572100117,3.2583,20,15.039800000000099,False,fragmented_or_mixed,4,high
8370.HK,hk,47.6314,47.6314,0.077588372822,21.1013,4,0.0,False,dominant_holder,4,high
8371.HK,hk,68.3238,68.3238,0.4286851402200001,65.4214,6,0.0,False,dominant_holder,4,high
8372.HK,hk,72.9786,72.9786,0.504344777538,71.0035,3,0.0,False,dominant_holder,4,high
8373.HK,hk,51.29,51.29,0.26306641000000003,51.29,1,0.0,False,dominant_holder,4,high
8375.HK,hk,54.4416,54.4416,0.29638878105600003,54.4416,3,0.0,False,dominant_holder,4,high
8377.HK,hk,38.3672,38.3672,0.068339771974,24.4428,4,0.0,False,dominant_holder,4,high
8379.HK,hk,64.0981,64.0981,0.12415085074900001,25.5962,4,0.0,False,dominant_holder,4,high
8385.HK,hk,40.1866,40.1866,0.161496281956,40.1866,1,0.0,False,dominant_holder,4,high
8391.HK,hk,57.0815,57.0815,0.06828166739899999,22.4466,12,0.0,False,dominant_holder,4,high
8392.HK,hk,69.75,69.75,0.3810656249999999,61.125,2,0.0,False,dominant_holder,4,high
8395.HK,hk,42.423,42.423,0.031465157968,8.7121,9,0.0,False,fragmented_or_mixed,4,high
8400.HK,hk,73.9641,73.9641,0.195237012681,29.576,3,0.0,False,dominant_holder,4,high
8401.HK,hk,7.5,7.5,0.005625,7.5,3,0.0,False,fragmented_or_mixed,4,high
8402.HK,hk,23.3344,23.3344,0.051150492417999995,22.6047,2,0.0,False,dominant_holder,4,high
8403.HK,hk,44.8182,44.8182,0.059525161006000006,16.9297,6,0.0,False,fragmented_or_mixed,4,high
8406.HK,hk,62.8101,62.8101,0.11803514336899999,25.8654,4,0.0,False,dominant_holder,4,high
8411.HK,hk,75.0,75.0,0.5625,75.0,1,0.0,False,dominant_holder,4,high
8412.HK,hk,73.1754,73.1754,0.12407650779200001,27.7061,6,0.0,False,dominant_holder,4,high
8413.HK,hk,51.8761,51.8761,0.269112975121,51.8761,1,0.0,False,dominant_holder,4,high
8416.HK,hk,71.3655,71.3655,0.2970819609469999,51.6735,3,0.0,False,dominant_holder,4,high
8417.HK,hk,80.5381,80.5381,0.32075575450899996,51.0003,3,0.0,False,dominant_holder,4,high
8418.HK,hk,38.3747,38.3747,0.09229938273899999,29.5645,5,0.0,False,dominant_holder,4,high
8419.HK,hk,72.5,72.5,0.525625,72.5,1,0.0,False,dominant_holder,4,high
8420.HK,hk,30.7162,30.7162,0.0480422749,17.4414,2,0.0,False,fragmented_or_mixed,4,high
8422.HK,hk,2.4997,2.4997,0.0006248500089999999,2.4997,1,0.0,False,fragmented_or_mixed,4,high
8423.HK,hk,71.8175,71.8175,0.26778239312499996,42.9425,2,0.0,False,dominant_holder,4,high
8425.HK,hk,65.9926,65.9926,0.21798504793,34.0777,2,0.0,False,dominant_holder,4,high
8426.HK,hk,74.9562,74.9562,0.43193079184399996,64.9562,2,0.0,False,dominant_holder,4,high
8427.HK,hk,53.392,53.392,0.077621444904,17.5716,4,0.0,False,broad_institutional,4,high
8428.HK,hk,51.3166,51.3166,0.09915683008999998,25.7744,4,0.0,False,dominant_holder,4,high
8429.HK,hk,75.5469,75.5469,0.367373738593,59.6969,4,0.0,False,dominant_holder,4,high
8430.HK,hk,6.2767,6.2767,0.0039396962890000005,6.2767,1,0.0,False,fragmented_or_mixed,4,high
8431.HK,hk,54.0466,54.0466,0.076920149857,19.0498,8,0.0,False,broad_institutional,4,high
8432.HK,hk,55.0168,55.0168,0.24244872479200003,49.0801,5,0.0,False,dominant_holder,4,high
8436.HK,hk,75.0,75.0,0.5625,75.0,1,0.0,False,dominant_holder,4,high
8437.HK,hk,26.2529,26.2529,0.034951737105000005,15.7676,3,0.0,False,fragmented_or_mixed,4,high
8439.HK,hk,64.0953,64.0953,0.31652044960700004,56.0678,6,0.0,False,dominant_holder,4,high
8445.HK,hk,58.2821,58.2821,0.158453599835,37.9912,4,0.0,False,dominant_holder,4,high
8446.HK,hk,51.8244,51.8244,0.10265095392600003,22.2745,6,0.0,False,dominant_holder,4,high
8447.HK,hk,75.0,75.0,0.5625,75.0,2,0.0,False,dominant_holder,4,high
8448.HK,hk,65.5776,65.5776,0.43004216217600005,65.5776,4,0.0,False,dominant_holder,4,high
8450.HK,hk,65.2,65.2,0.42224488000000004,64.98,3,0.0,False,dominant_holder,4,high
8451.HK,hk,69.0,69.0,0.4760999999999999,69.0,1,0.0,False,dominant_holder,4,high
8452.HK,hk,20.8438,20.8438,0.021723701924,10.472,2,0.0,False,fragmented_or_mixed,4,high
8455.HK,hk,50.6302,50.6302,0.09588905840399999,22.651,3,0.0,False,dominant_holder,4,high
8456.HK,hk,0.0378,0.0378,1.4288400000000002e-07,0.0378,1,0.0,False,fragmented_or_mixed,4,high
8460.HK,hk,28.8339,28.8339,0.039206344817,19.2012,8,0.0,False,fragmented_or_mixed,4,high
8462.HK,hk,48.2892,48.2892,0.230408363664,48.0,2,0.0,False,dominant_holder,4,high
8471.HK,hk,18.8398,18.8398,0.013234868457999998,8.9995,4,0.0,False,fragmented_or_mixed,4,high
8472.HK,hk,29.7052,29.7052,0.029956724594,15.1215,4,0.0,False,fragmented_or_mixed,4,high
8473.HK,hk,74.4223,74.4223,0.49492868037699994,70.2259,3,0.0,False,dominant_holder,4,high
8475.HK,hk,36.8244,36.8244,0.034024079007999995,13.274,8,0.0,False,fragmented_or_mixed,4,high
8480.HK,hk,80.0087,80.0087,0.4659135732429999,67.7147,5,0.0,False,dominant_holder,4,high
8481.HK,hk,79.7591,79.7591,0.545739051061,73.6185,2,0.0,False,dominant_holder,4,high
8482.HK,hk,35.3932,35.3932,0.063943121404,23.9115,4,0.0,False,dominant_holder,4,high
8483.HK,hk,75.0001,75.0001,0.31067752531299997,53.4501,3,0.0,False,dominant_holder,4,high
8487.HK,hk,26.5882,26.5882,0.025390057927999997,11.4593,6,0.0,False,fragmented_or_mixed,4,high
8489.HK,hk,74.876,74.876,0.2678635492159999,36.5764,3,0.0,False,dominant_holder,4,high
8490.HK,hk,74.5642,74.5642,0.30329703483000003,50.6024,4,0.0,False,dominant_holder,4,high
8491.HK,hk,33.8028,33.8028,0.036181602188,14.9697,6,0.0,False,fragmented_or_mixed,4,high
8493.HK,hk,28.5715,28.5715,0.04195031519299999,16.6667,2,0.0,False,fragmented_or_mixed,4,high
8495.HK,hk,71.7641,71.7641,0.510452124553,71.4453,3,0.0,False,dominant_holder,4,high
8496.HK,hk,49.5351,49.5351,0.24537261320099998,49.5351,1,0.0,False,dominant_holder,4,high
8500.HK,hk,56.1845,56.1845,0.057032043618999995,13.0403,8,0.0,False,broad_institutional,4,high
8501.HK,hk,75.0,75.0,0.3515625,56.25,2,0.0,False,dominant_holder,4,high
8502.HK,hk,75.0,75.0,0.5625,75.0,1,0.0,False,dominant_holder,4,high
8507.HK,hk,59.3915,59.3915,0.35273502722499994,59.3915,2,0.0,False,dominant_holder,4,high
8509.HK,hk,70.0,70.0,0.48999999999999994,70.0,1,0.0,False,dominant_holder,4,high
8510.HK,hk,67.5739,67.5739,0.127009628935,24.7042,4,0.0,False,dominant_holder,4,high
8511.HK,hk,9.8454,9.8454,0.009693190116,9.8454,1,0.0,False,fragmented_or_mixed,4,high
8512.HK,hk,70.0599,70.0599,0.490838958801,70.0599,1,0.0,False,dominant_holder,4,high
8513.HK,hk,18.0996,18.0996,0.011520484103999999,7.5278,3,0.0,False,fragmented_or_mixed,4,high
8516.HK,hk,34.1899,34.1899,0.040443681843000005,15.6895,6,0.0,False,fragmented_or_mixed,4,high
8519.HK,hk,75.0,75.0,0.5625,75.0,1,0.0,False,dominant_holder,4,high
8521.HK,hk,60.2623,60.2623,0.075482561323,15.0235,7,0.0,False,broad_institutional,4,high
8525.HK,hk,70.5292,70.5292,0.219874393964,44.0625,5,0.0,False,dominant_holder,4,high
8526.HK,hk,51.1941,51.1941,0.26208358748099997,51.1941,1,0.0,False,dominant_holder,4,high
8527.HK,hk,46.644,46.644,0.1934739536,43.9,2,0.0,False,dominant_holder,4,high
8529.HK,hk,73.6926,73.6926,0.24873222774,39.291,5,0.0,False,dominant_holder,4,high
8532.HK,hk,30.8691,30.8691,0.060863308564999996,23.5642,2,0.0,False,dominant_holder,4,high
8535.HK,hk,75.0,75.0,0.23369062499999999,34.875,3,0.0,False,dominant_holder,4,high
8536.HK,hk,42.3508,42.3508,0.08386242991,26.697,3,0.0,False,dominant_holder,4,high
8537.HK,hk,46.1111,46.1111,0.210076856173,45.8333,2,0.0,False,dominant_holder,4,high
8540.HK,hk,57.3681,57.3681,0.154354404255,35.8223,5,0.0,False,dominant_holder,4,high
8545.HK,hk,24.6144,24.6144,0.03969328464000001,19.1628,2,0.0,False,fragmented_or_mixed,4,high
8547.HK,hk,20.774,20.774,0.019535670985999995,11.2773,5,0.0,False,fragmented_or_mixed,4,high
8549.HK,hk,75.0,75.0,0.42705000000000004,64.5,2,0.0,False,dominant_holder,4,high
8601.HK,hk,79.9775,79.9775,0.521777550625,72.0,3,0.0,False,dominant_holder,4,high
8603.HK,hk,56.9286,56.9286,0.3240865497960001,56.9286,1,0.0,False,dominant_holder,4,high
8606.HK,hk,46.1708,46.1708,0.112348855438,31.8021,3,0.0,False,dominant_holder,4,high
8610.HK,hk,85.7248,85.7248,0.567259781632,75.0,4,0.0,False,dominant_holder,4,high
8611.HK,hk,52.6538,52.6538,0.08379793744399999,18.9,6,0.0,False,broad_institutional,4,high
8612.HK,hk,1.9351,1.9351,0.000205405021,1.269,2,0.0,False,fragmented_or_mixed,4,high
8613.HK,hk,55.6672,55.6672,0.08437318101,21.0958,5,0.0,False,dominant_holder,4,high
8616.HK,hk,75.0,75.0,0.5625,75.0,1,0.0,False,dominant_holder,4,high
8619.HK,hk,33.4724,33.4724,0.090036205818,29.8811,3,0.0,False,dominant_holder,4,high
8620.HK,hk,56.0358,56.0358,0.15230464109000003,37.3911,4,0.0,False,dominant_holder,4,high
8621.HK,hk,62.5,62.5,0.390625,62.5,1,0.0,False,dominant_holder,4,high
8622.HK,hk,51.8934,51.8934,0.25359268649000005,50.3461,7,0.0,False,dominant_holder,4,high
8623.HK,hk,36.77,36.77,0.07244797799599999,25.5068,6,0.0,False,dominant_holder,4,high
8627.HK,hk,62.625,62.625,0.2858765625,52.5,2,0.0,False,dominant_holder,4,high
8629.HK,hk,70.7043,70.7043,0.084384018753,19.0883,8,0.0,False,broad_institutional,4,high
8631.HK,hk,58.3667,58.3667,0.34066716688900006,58.3667,2,0.0,False,dominant_holder,4,high
8635.HK,hk,39.9183,39.9183,0.11893880088899997,33.9708,5,0.0,False,dominant_holder,4,high
8637.HK,hk,66.4509,66.4509,0.16236902295900002,36.7055,11,0.0,False,dominant_holder,4,high
8645.HK,hk,55.0379,55.0379,0.302917043641,55.0379,1,0.0,False,dominant_holder,4,high
8646.HK,hk,53.5767,53.5767,0.25517347274899993,50.4157,2,0.0,False,dominant_holder,4,high
8657.HK,hk,90.8634,90.8634,0.23467936346000004,44.662,9,0.0,False,dominant_holder,4,high
8659.HK,hk,27.9548,27.9548,0.021810073726000002,9.0465,4,0.0,False,fragmented_or_mixed,4,high
86618.HK,hk,86.6602000000002,80.7315,0.4555761069930001,67.3846,20,5.928700000000205,False,dominant_holder,4,high
8668.HK,hk,75.0,75.0,0.5625,75.0,1,0.0,False,dominant_holder,4,high
89618.HK,hk,31.0061,20.7934,0.003329882308,3.2544,20,10.212700000000002,False,fragmented_or_mixed,4,high
89888.HK,hk,36.7883,24.4132,0.0038385261199999996,3.0871,20,12.3751,False,fragmented_or_mixed,4,high
89988.HK,hk,36.9601000000003,21.8458,0.0041823528240000005,3.2894,20,15.114300000000302,False,fragmented_or_mixed,4,high
9600.HK,hk,61.4336,61.4336,0.12759233283599997,31.2383,6,0.0,False,dominant_holder,4,high
9606.HK,hk,61.1112,54.6869,0.044443439118999985,13.2319,20,6.424299999999995,False,broad_institutional,4,high
9608.HK,hk,75.1872,75.1872,0.365042098134,59.375,3,0.0,False,dominant_holder,4,high
9609.HK,hk,69.9606,69.9606,0.08327768691399998,22.8417,14,0.0,False,dominant_holder,4,high
9611.HK,hk,31.1793,31.1793,0.016114621589,7.4565,7,0.0,False,fragmented_or_mixed,4,high
9616.HK,hk,83.0384,83.0384,0.22485660966200002,39.2896,15,0.0,False,dominant_holder,4,high
9618.HK,hk,31.0061,20.7934,0.003329882308,3.2544,20,10.212700000000002,False,fragmented_or_mixed,4,high
9626.HK,hk,63.8383,48.4521,0.026102883558999992,11.9331,20,15.386199999999995,False,broad_institutional,4,high
9630.HK,hk,59.1212,59.1212,0.028993082476000007,9.2354,20,0.0,False,broad_institutional,4,high
9633.HK,hk,72.2973000000001,69.7315,0.214931942457,38.3193,20,2.5658000000001095,False,dominant_holder,4,high
9636.HK,hk,80.9794,79.9593,0.15045317622099996,30.3155,20,1.0200999999999993,False,dominant_holder,4,high
9637.HK,hk,87.3871,74.1087,0.03942235260700001,10.0898,20,13.278400000000005,False,broad_institutional,4,high
9638.HK,hk,76.0755,74.6269,0.18476391496300001,39.531,20,1.448599999999999,False,dominant_holder,4,high
9639.HK,hk,79.7935,79.7935,0.5632972030749999,75.0,4,0.0,False,dominant_holder,4,high
9658.HK,hk,71.0063,70.9184,0.13404792225599999,32.0124,20,0.08789999999999054,False,dominant_holder,4,high
9660.HK,hk,54.2584000000001,44.3766,0.017575540418,8.2295,20,9.881800000000098,False,broad_institutional,4,high
9663.HK,hk,56.9409,56.9409,0.041058837504,12.4397,20,0.0,False,broad_institutional,4,high
9668.HK,hk,60.4377,60.3422,0.222783266858,46.5854,20,0.09550000000000125,False,dominant_holder,4,high
9669.HK,hk,67.4612,67.4612,0.055948984468,11.1916,20,0.0,False,broad_institutional,4,high
9676.HK,hk,77.0064,77.0064,0.17289116596000004,36.5305,20,0.0,False,dominant_holder,4,high
9677.HK,hk,96.9048,96.9048,0.126620011562,22.7417,11,0.0,False,dominant_holder,4,high
9678.HK,hk,91.7547,89.8736,0.08482334920000002,19.1751,20,1.8811000000000035,False,broad_institutional,4,high
9680.HK,hk,62.5163,62.5163,0.099233250259,22.6846,6,0.0,False,dominant_holder,4,high
9686.HK,hk,85.0219,85.0219,0.13655960268700001,24.4937,10,0.0,False,dominant_holder,4,high
9688.HK,hk,40.84,34.8002,0.009815113335999999,5.0454,20,6.039800000000007,False,fragmented_or_mixed,4,high
9689.HK,hk,51.6312,51.6312,0.26655536458400003,51.629,2,0.0,False,dominant_holder,4,high
9690.HK,hk,65.5036,64.9286,0.06524145849000001,20.8902,20,0.5750000000000028,False,dominant_holder,4,high
9696.HK,hk,34.281,30.8255,0.011271959975,6.0811,20,3.455499999999997,False,fragmented_or_mixed,4,high
9698.HK,hk,38.7591,35.3676,0.049789896194,21.8114,20,3.3914999999999935,False,dominant_holder,4,high
9699.HK,hk,70.199,70.0702,0.171412318244,39.0226,20,0.12879999999999825,False,dominant_holder,4,high
9857.HK,hk,78.4276,78.4276,0.11850471641799999,19.6531,10,0.0,False,dominant_holder,4,high
9858.HK,hk,77.6005,74.5452,0.16882939866399996,36.0714,20,3.0553000000000026,False,dominant_holder,4,high
9860.HK,hk,66.7818,66.7818,0.17836903214799998,38.7989,20,0.0,False,dominant_holder,4,high
9863.HK,hk,63.5423,55.7744,0.05981376431000001,21.1539,20,7.767899999999997,False,dominant_holder,4,high
9866.HK,hk,32.3146,29.0562,0.03374822641400001,18.0083,20,3.258399999999998,False,fragmented_or_mixed,4,high
9868.HK,hk,37.1079,26.9389,0.006923235469000001,6.0021,20,10.169,False,fragmented_or_mixed,4,high
9869.HK,hk,59.7986,59.7986,0.33958355601000006,58.2608,20,0.0,False,dominant_holder,4,high
9876.HK,hk,73.5,73.5,0.540225,73.5,1,0.0,False,dominant_holder,4,high
9877.HK,hk,59.3202,59.3202,0.054078773132000005,11.2241,20,0.0,False,broad_institutional,4,high
9878.HK,hk,64.395,64.395,0.113088372378,25.2974,20,0.0,False,dominant_holder,4,high
9879.HK,hk,74.2756,74.2756,0.5514889378179999,74.2623,2,0.0,False,dominant_holder,4,high
9880.HK,hk,48.8531,42.3726,0.032221932418,16.1059,20,6.480499999999999,False,fragmented_or_mixed,4,high
9881.HK,hk,88.0448,88.0448,0.25449701803399993,38.5257,14,0.0,False,dominant_holder,4,high
9882.HK,hk,75.1813,75.1813,0.562503286969,75.0,2,0.0,False,dominant_holder,4,high
9885.HK,hk,50.3955,50.3911,0.051914099240999996,18.2539,20,0.004399999999996851,False,broad_institutional,4,high
9886.HK,hk,67.7296,67.7296,0.12277901294799998,23.8436,17,0.0,False,dominant_holder,4,high
9887.HK,hk,47.6843,46.9728,0.021795916163999996,7.5293,20,0.7115000000000009,False,fragmented_or_mixed,4,high
9888.HK,hk,36.7883,24.4132,0.0038385261199999996,3.0871,20,12.3751,False,fragmented_or_mixed,4,high
9889.HK,hk,50.0548,50.0548,0.07058127004799998,18.1134,10,0.0,False,broad_institutional,4,high
9890.HK,hk,67.0468,67.0395,0.26826364542900005,50.9891,20,0.00730000000000075,False,dominant_holder,4,high
9893.HK,hk,76.9071,76.9071,0.177985428607,39.5922,11,0.0,False,dominant_holder,4,high
9896.HK,hk,72.8792,70.2857,0.14321219653100004,27.3355,20,2.5934999999999917,False,dominant_holder,4,high
9898.HK,hk,43.0677,42.6478,0.13980750265399997,37.3321,20,0.4199000000000055,False,dominant_holder,4,high
9899.HK,hk,82.0317000000001,79.8427,0.381336589397,61.3477,20,2.1890000000001066,False,dominant_holder,4,high
9900.HK,hk,54.5463,54.5463,0.13578627739100002,32.3253,11,0.0,False,dominant_holder,4,high
9901.HK,hk,43.0281,36.7168,0.017159452718000002,9.6391,20,6.311300000000003,False,fragmented_or_mixed,4,high
9903.HK,hk,81.2736,75.9496,0.09203904879799998,20.7856,20,5.323999999999998,False,dominant_holder,4,high
9906.HK,hk,81.0129,81.0129,0.294242662001,51.7981,6,0.0,False,dominant_holder,4,high
9908.HK,hk,87.7023,87.7023,0.10328381873300001,16.5149,10,0.0,False,dominant_holder,4,high
9909.HK,hk,68.7542,68.7542,0.398382942454,62.9958,7,0.0,False,dominant_holder,4,high
9911.HK,hk,67.5256,66.3675,0.062595357431,17.014,20,1.1580999999999904,False,broad_institutional,4,high
9913.HK,hk,75.3096,75.3096,0.208587352168,37.675,6,0.0,False,dominant_holder,4,high
9916.HK,hk,57.1325,57.1325,0.32022940221900004,56.5875,4,0.0,False,dominant_holder,4,high
9918.HK,hk,75.0,75.0,0.28890000000000005,51.0,3,0.0,False,dominant_holder,4,high
9919.HK,hk,78.2493,78.2493,0.10211703514899999,23.1391,14,0.0,False,dominant_holder,4,high
9922.HK,hk,50.1942,50.192,0.171410513628,41.0036,20,0.002200000000001978,False,dominant_holder,4,high
9923.HK,hk,57.9833,57.9824,0.13728314575999997,35.4145,20,0.0009000000000014552,False,dominant_holder,4,high
9926.HK,hk,53.8538000000001,43.5456,0.016612809862000002,8.1745,20,10.308200000000099,False,broad_institutional,4,high
9927.HK,hk,19.4021,19.3593,0.023493850099,15.2397,20,0.04279999999999973,False,fragmented_or_mixed,4,high
9928.HK,hk,55.7421,55.7421,0.23338871118099996,48.0313,8,0.0,False,dominant_holder,4,high
9929.HK,hk,73.041,73.041,0.2838938731,51.925,6,0.0,False,dominant_holder,4,high
9930.HK,hk,51.5191,51.5099,0.176271091199,41.6999,20,0.009199999999999875,False,dominant_holder,4,high
9933.HK,hk,71.7472,71.7472,0.177201735806,37.1471,12,0.0,False,dominant_holder,4,high
9936.HK,hk,64.2102,64.2102,0.26604583290800005,49.505,7,0.0,False,dominant_holder,4,high
9938.HK,hk,75.0,75.0,0.5625,75.0,1,0.0,False,dominant_holder,4,high
9939.HK,hk,26.8936,26.8936,0.025734622244000003,11.6327,8,0.0,False,fragmented_or_mixed,4,high
9955.HK,hk,23.8414,23.8414,0.025015512152000003,14.6826,15,0.0,False,fragmented_or_mixed,4,high
9958.HK,hk,26.5326,26.5326,0.022827174345999995,12.8761,5,0.0,False,fragmented_or_mixed,4,high
9959.HK,hk,50.2657,50.1692,0.058018484762,18.1372,20,0.09650000000000603,False,broad_institutional,4,high
9960.HK,hk,56.6178,56.6178,0.04033323168399999,9.0766,16,0.0,False,broad_institutional,4,high
9961.HK,hk,39.3503000000001,26.6089,0.007772704989000001,7.0344,20,12.741400000000098,False,fragmented_or_mixed,4,high
9963.HK,hk,56.1405,56.1405,0.31517557402500007,56.1405,1,0.0,False,dominant_holder,4,high
9966.HK,hk,53.6412,53.5972,0.11212901966199998,30.9708,20,0.04399999999999693,False,dominant_holder,4,high
9968.HK,hk,75.7897,75.7897,0.5616681136089999,74.9397,4,0.0,False,dominant_holder,4,high
9969.HK,hk,53.9709,49.365,0.03527892586200001,13.9692,20,4.605899999999998,False,broad_institutional,4,high
9971.HK,hk,84.4321,76.8883,0.10049967616700002,23.9553,20,7.5438000000000045,False,dominant_holder,4,high
9973.HK,hk,68.7219000000001,68.7032,0.05549476485199999,11.5832,20,0.018700000000109185,False,broad_institutional,4,high
9978.HK,hk,62.719,62.719,0.1135861243,24.3,6,0.0,False,dominant_holder,4,high
9979.HK,hk,76.9038,76.9012,0.5135917678779999,71.633,20,0.002600000000001046,False,dominant_holder,4,high
9980.HK,hk,57.367,54.4133,0.03027830788900001,13.3116,20,2.9536999999999978,False,broad_institutional,4,high
9981.HK,hk,41.5616,41.5524,0.017381702838,7.1154,20,0.009199999999999875,False,fragmented_or_mixed,4,high
9982.HK,hk,39.7611,39.7611,0.07663093335700001,20.1274,12,0.0,False,dominant_holder,4,high
9983.HK,hk,75.7807,75.7807,0.43185478507899994,65.2812,12,0.0,False,dominant_holder,4,high
9985.HK,hk,83.0111,82.5216,0.6140820932659999,78.353,20,0.4894999999999925,False,dominant_holder,4,high
9986.HK,hk,62.487,62.487,0.11034589204600001,23.306,5,0.0,False,dominant_holder,4,high
9987.HK,hk,74.8988000000004,41.8579,0.013254559721000002,6.4748,20,33.040900000000406,False,broad_institutional,4,high
9988.HK,hk,36.9601000000003,21.8458,0.0041823528240000005,3.2894,20,15.114300000000302,False,fragmented_or_mixed,4,high
9989.HK,hk,20.9539,20.9539,0.015812140523000003,11.0316,20,0.0,False,fragmented_or_mixed,4,high
9990.HK,hk,71.5103,71.5103,0.17842670301500005,34.7755,19,0.0,False,dominant_holder,4,high
9991.HK,hk,27.181,27.181,0.030690451346000003,16.4282,17,0.0,False,fragmented_or_mixed,4,high
9992.HK,hk,72.4044000000001,66.0966,0.20477042537200002,44.4765,20,6.3078000000001,False,dominant_holder,4,high
9993.HK,hk,84.274,84.274,0.70643642209,84.0497,19,0.0,False,dominant_holder,4,high
9995.HK,hk,39.7893,35.0719,0.014951326608999999,9.4663,20,4.717399999999998,False,fragmented_or_mixed,4,high
9996.HK,hk,43.3568,43.3519,0.033265602323,14.1151,20,0.004899999999999238,False,fragmented_or_mixed,4,high
9997.HK,hk,17.9431,17.9431,0.032029285638999996,17.8967,20,0.0,False,fragmented_or_mixed,4,high
9998.HK,hk,75.0,75.0,0.5625,75.0,1,0.0,False,dominant_holder,4,high
9999.HK,hk,70.9282000000001,58.8829,0.19441993269099994,43.9203,20,12.045300000000104,False,dominant_holder,4,high
A,us,95.2891000000005,47.6814,0.01744030498,6.5081,20,47.607700000000506,False,broad_institutional,4,high
AA,us,85.7745000000003,53.7883,0.024073791767,8.5066,20,31.986200000000302,False,broad_institutional,4,high
AACB,us,97.4322,71.1611,0.029503926128999994,6.7644,20,26.27109999999999,False,broad_institutional,4,high
AACBR,us,,,,,20,,False,insufficient_data,0,low
AACG,us,10.8638,10.8638,0.006315616368,7.1604,20,0.0,False,fragmented_or_mixed,4,high
AACI,us,21.0003,21.0003,0.008950796778999997,7.9343,20,0.0,False,fragmented_or_mixed,4,high
AACO,us,7.8495,7.8495,0.003633491761,5.6974,4,0.0,False,fragmented_or_mixed,4,high
AACP,us,23.442,23.442,0.027507631928000004,14.944,4,0.0,False,fragmented_or_mixed,4,high
AADX,us,85.2509,85.2509,0.6558307693809998,80.9656,18,0.0,False,dominant_holder,4,high
AAGR,us,0.2192,0.2192,4.804863999999999e-06,0.2192,19,0.0,False,fragmented_or_mixed,4,high
AAL,us,78.3881000000003,50.7587,0.025408774829000003,10.4516,20,27.62940000000031,False,broad_institutional,4,high
AAMC,us,,,0.0,0.0,5,,False,insufficient_data,2,medium
AAME,us,85.3324,85.0406,0.5549439189059999,74.3365,20,0.29180000000000916,False,dominant_holder,4,high
AAMI,us,100.4716,68.0949,0.050315919229000014,16.4004,20,32.3767,True,data_anomaly,3,medium
AAOI,us,80.9322000000003,50.1935,0.017889508611,7.4809,20,30.738700000000293,False,broad_institutional,4,high
AAON,us,105.2644,66.6227,0.046471506175,15.9718,20,38.6417,True,data_anomaly,3,medium
AAP,us,128.4685,84.8881,0.059559305704999996,13.5696,20,43.58040000000001,True,data_anomaly,3,medium
AAPG,us,0.0652,0.0652,9.979999999999998e-08,0.0192,20,0.0,False,fragmented_or_mixed,4,high
AAPL,us,67.7177000000095,34.4831,0.011020301253,6.4943,20,33.2346000000095,False,broad_institutional,4,high
AARD,us,71.6933000000001,67.9341,0.058864949311,17.9002,20,3.7592000000000922,False,broad_institutional,4,high
AAT,us,121.363,91.092,0.09581545612,21.6447,20,30.271,True,data_anomaly,3,medium
AAUA,us,1.3899,1.3899,5.191448299999999e-05,0.5911,5,0.0,False,fragmented_or_mixed,4,high
AAUC,us,81.6139,55.3403,0.025445835526999996,9.6977,20,26.273600000000002,False,broad_institutional,4,high
ABAT,us,40.2898000000001,34.0793,0.014126530954,7.2914,20,6.210500000000096,False,fragmented_or_mixed,4,high
ABBV,us,77.4196000000056,37.0097,0.012449852289,6.5022,20,40.4099000000056,False,broad_institutional,4,high
ABCB,us,102.0286,65.2454,0.036618968712,13.177,20,36.783199999999994,True,data_anomaly,3,medium
ABCL,us,66.2116,57.1707,0.052132986932999996,18.382,20,9.040900000000008,False,broad_institutional,4,high
ABEO,us,90.2875000000001,65.0852,0.028298211042,8.7079,20,25.202300000000093,False,broad_institutional,4,high
ABEV,us,7.0146,5.4162,0.000627083036,2.1298,20,1.5983999999999998,False,fragmented_or_mixed,4,high
ABG,us,102.477,74.3585,0.052143969181000005,14.2271,20,28.118499999999997,True,data_anomaly,3,medium
ABLV,us,26.9916,26.9916,0.040744774622,18.1877,10,0.0,False,fragmented_or_mixed,4,high
ABM,us,102.6842,68.738,0.04149804044,13.792,20,33.946200000000005,True,data_anomaly,3,medium
ABNB,us,93.0245000000002,44.9535,0.014643227410999998,6.2532,20,48.071000000000204,False,broad_institutional,4,high
ABOS,us,69.9894,62.7573,0.09451586976700002,29.1138,20,7.232100000000003,False,dominant_holder,4,high
ABP,us,16.5444,16.5444,0.011289882664000002,9.3324,20,0.0,False,fragmented_or_mixed,4,high
ABPWW,us,,,,,20,,False,insufficient_data,0,low
ABR,us,64.4866,46.0046,0.02582569864800001,13.1369,20,18.481999999999992,False,broad_institutional,4,high
ABR_PD,us,11.4396,11.4396,0.00511541088,6.8305,12,0.0,False,fragmented_or_mixed,4,high
ABR_PE,us,14.8517,14.8517,0.008638593918999998,6.7086,7,0.0,False,fragmented_or_mixed,4,high
ABR_PF,us,23.1124,23.1124,0.010949470707999998,6.8003,20,0.0,False,fragmented_or_mixed,4,high
ABSI,us,83.9624,66.7968,0.040150062284000004,13.356,20,17.165599999999998,False,broad_institutional,4,high
ABT,us,82.2823000000032,40.0142,0.01343609459,6.4846,20,42.2681000000032,False,broad_institutional,4,high
ABTC,us,25.4698,22.0448,0.017664841444000004,13.0873,20,3.4250000000000007,False,fragmented_or_mixed,4,high
ABTS,us,21.5492,21.5492,0.019991411300000005,12.6064,20,0.0,False,fragmented_or_mixed,4,high
ABUS,us,85.7670000000001,72.8991,0.07304635633300002,19.6658,20,12.867900000000091,False,broad_institutional,4,high
ABVC,us,21.9498,21.6087,0.030851653250000007,11.8208,40,0.34110000000000085,False,fragmented_or_mixed,4,high
ABVE,us,21.1825,21.0098,0.015186350785999997,10.9392,20,0.17270000000000252,False,fragmented_or_mixed,4,high
ABVEW,us,,,,,20,,False,insufficient_data,0,low
ABVX,us,72.0408000000001,44.9816,0.017494987030000006,8.1738,20,27.059200000000104,False,broad_institutional,4,high
ABX,us,100.0952,89.756,0.086284623126,13.0638,20,10.339200000000005,True,data_anomaly,3,medium
AC,us,7.9869,7.9869,0.0017837213789999996,3.888,20,0.0,False,fragmented_or_mixed,4,high
ACA,us,95.1568,65.6207,0.036388250803000004,13.3648,20,29.536100000000005,False,broad_institutional,4,high
ACAA,us,0.2521,0.2521,2.125459e-06,0.1223,4,0.0,False,fragmented_or_mixed,4,high
ACAD,us,101.6302,71.147,0.08518560866799998,25.073,20,30.483199999999997,True,data_anomaly,3,medium
ACB,us,12.0553,10.0039,0.0010756090030000001,2.017,20,2.051400000000001,False,fragmented_or_mixed,4,high
ACCL,us,92.4127,92.4127,0.758342764041,86.9254,5,0.0,False,dominant_holder,4,high
ACCO,us,85.4688000000001,61.2228,0.029034299859999998,8.365,20,24.2460000000001,False,broad_institutional,4,high
ACCS,us,63.422,63.3454,0.07050310732,18.2699,20,0.07659999999999911,False,broad_institutional,4,high
ACDC,us,100.3994,93.5858,0.305492021982,44.5627,20,6.813599999999994,True,data_anomaly,3,medium
ACEL,us,90.4713000000001,74.5274,0.074410450672,20.7621,20,15.943900000000099,False,dominant_holder,4,high
ACET,us,68.8959,62.3068,0.036234557529999996,12.3683,20,6.589099999999995,False,broad_institutional,4,high
ACFN,us,43.919,43.9082,0.031419470165999996,10.8941,20,0.010799999999996146,False,fragmented_or_mixed,4,high
ACGC,us,3.5965,3.5965,0.000543388027,1.9821,4,0.0,False,fragmented_or_mixed,4,high
ACGL,us,98.9555000000004,52.679,0.022185988363999997,6.4873,20,46.2765000000004,False,broad_institutional,4,high
ACGLO,us,28.0338,28.0338,0.015513119208000001,8.6066,20,0.0,False,fragmented_or_mixed,4,high
ACH,us,102.1623,80.9253,0.054146027095,17.1065,20,21.23700000000001,True,data_anomaly,3,medium
ACHC,us,144.8004,92.1095,0.054415128915000006,11.0477,20,52.6909,True,data_anomaly,3,medium
ACHR,us,66.3152000000001,49.327,0.02439249751,9.2795,20,16.988200000000106,False,broad_institutional,4,high
ACHR_T,us,,,,,20,,False,insufficient_data,0,low
ACHV,us,66.4482,60.7744,0.04265350309800001,14.7664,20,5.6738,False,broad_institutional,4,high
ACI,us,99.3729000000001,77.0078,0.110329255796,30.6993,20,22.365100000000098,False,dominant_holder,4,high
ACIC,us,85.3888000000001,66.7234,0.07329162506800002,24.5059,20,18.665400000000105,False,dominant_holder,4,high
ACIU,us,63.8117,62.6593,0.08300274121100001,19.477,20,1.1524,False,broad_institutional,4,high
ACIW,us,104.4084,63.7464,0.04016945587999999,14.8702,20,40.662,True,data_anomaly,3,medium
ACLS,us,98.6988000000001,64.2158,0.0387776199,14.233,20,34.483000000000104,False,broad_institutional,4,high
ACLX,us,70.0749,54.1922,0.02713054037,11.4925,20,15.8827,False,broad_institutional,4,high
ACM,us,90.0779000000001,49.4274,0.020948263172,8.7718,20,40.6505000000001,False,broad_institutional,4,high
ACMR,us,91.4354000000002,56.616,0.026586432352000006,11.3637,20,34.8194000000002,False,broad_institutional,4,high
ACN,us,85.5634000000017,40.1567,0.014176782506999998,6.5339,20,45.406700000001706,False,broad_institutional,4,high
ACNB,us,45.5318,34.4916,0.009917506678,5.2986,20,11.040199999999999,False,fragmented_or_mixed,4,high
ACNT,us,83.9012000000001,64.7494,0.028879196621999996,9.8113,20,19.151800000000108,False,broad_institutional,4,high
ACOG,us,59.3113,58.133,0.042427956764000005,14.215,20,1.1783000000000001,False,broad_institutional,4,high
ACON,us,29.9438,29.9438,0.014884416180000002,9.9114,20,0.0,False,fragmented_or_mixed,4,high
ACONW,us,,,,,9,,False,insufficient_data,0,low
ACP,us,39.1169,35.4031,0.019042176527,10.489,20,3.713799999999999,False,fragmented_or_mixed,4,high
ACP_PA,us,33.473,33.473,0.11030062165000003,33.2105,2,0.0,False,dominant_holder,4,high
ACR,us,68.7423,61.8114,0.06243919623599999,16.506,20,6.930900000000001,False,broad_institutional,4,high
ACRE,us,54.4701,38.5417,0.012758688549,7.572,20,15.928400000000003,False,broad_institutional,4,high
ACRS,us,76.4399,58.0524,0.027708962232000006,9.9883,20,18.387499999999996,False,broad_institutional,4,high
ACRV,us,68.7109,66.0723,0.098343689931,28.5941,20,2.6385999999999967,False,dominant_holder,4,high
ACR_PC,us,24.2536,24.2536,0.023190903159999998,13.3767,7,0.0,False,fragmented_or_mixed,4,high
ACR_PD,us,28.8531,28.8531,0.037131101317,17.8598,6,0.0,False,fragmented_or_mixed,4,high
ACT,us,102.0478,94.2227,0.6410410317690001,79.9434,20,7.825099999999992,True,data_anomaly,3,medium
ACTG,us,90.3315000000001,83.575,0.40401983378799994,63.2821,20,6.756500000000102,False,dominant_holder,4,high
ACTU,us,72.6861,70.9927,0.193190885623,42.0048,20,1.693399999999997,False,dominant_holder,4,high
ACU,us,85.0302,72.33,0.04831251856999999,13.1475,20,12.700199999999995,False,broad_institutional,4,high
ACVA,us,94.6014000000002,53.6002,0.018470714085999998,6.5141,20,41.001200000000196,False,broad_institutional,4,high
ACXP,us,7.9336,7.8935,0.000692128893,1.335,20,0.0400999999999998,False,fragmented_or_mixed,4,high
AD,us,110.8973,104.3963,0.509347362503,70.7544,20,6.501000000000005,True,data_anomaly,2,medium
ADAC,us,43.43,41.4254,0.012781676691999998,5.4348,20,2.0045999999999964,False,fragmented_or_mixed,4,high
ADACU,us,22.1103,21.5386,0.004425313416,4.3478,20,0.5716999999999999,False,fragmented_or_mixed,4,high
ADAG,us,33.609,33.5566,0.020414095023999993,10.0931,20,0.05239999999999867,False,fragmented_or_mixed,4,high
ADAML,us,17.6337,17.6337,0.007567304181,6.6593,13,0.0,False,fragmented_or_mixed,4,high
ADAMM,us,27.188,27.188,0.030820624948000003,16.0344,12,0.0,False,fragmented_or_mixed,4,high
ADAMN,us,42.1957,42.1957,0.105462183995,31.6789,8,0.0,False,dominant_holder,4,high
ADAMZ,us,0.0,0.0,0.0,0.0,2,0.0,False,fragmented_or_mixed,4,high
ADAP,us,0.6456,0.6456,8.968572000000001e-06,0.2306,20,0.0,False,fragmented_or_mixed,4,high
ADBE,us,91.6416000000009,42.3962,0.015844585032,6.7119,20,49.245400000000906,False,broad_institutional,4,high
ADC,us,118.9219,71.6301,0.052081429471,14.8742,20,47.291799999999995,True,data_anomaly,3,medium
ADCT,us,84.3824000000001,69.9795,0.039145542814999996,9.9102,20,14.402900000000102,False,broad_institutional,4,high
ADC_PA,us,33.8406,33.8406,0.014085553224,6.7218,20,0.0,False,fragmented_or_mixed,4,high
ADEA,us,104.0046,73.5886,0.05337867570600001,14.0531,20,30.415999999999997,True,data_anomaly,3,medium
ADGM,us,71.4396,71.3377,0.21030465715899999,44.4681,20,0.10190000000000055,False,dominant_holder,4,high
ADI,us,95.867800000002,45.3637,0.015301154133,6.5161,20,50.504100000002005,False,broad_institutional,4,high
ADIL,us,27.4609,27.4579,0.028103739087000007,15.8876,20,0.0030000000000001137,False,fragmented_or_mixed,4,high
ADM,us,87.1569000000003,58.4512,0.031826856605999994,10.34,20,28.705700000000306,False,broad_institutional,4,high
ADMA,us,98.8413000000001,62.9695,0.037940734651,14.4352,20,35.87180000000011,False,broad_institutional,4,high
ADN,us,8.9589,8.9589,0.003624289865,5.6024,20,0.0,False,fragmented_or_mixed,4,high
ADNT,us,106.0515,65.2573,0.037139554115,14.2891,20,40.794200000000004,True,data_anomaly,3,medium
ADP,us,93.3242000000005,45.658,0.015814067252,6.542,20,47.6662000000005,False,broad_institutional,4,high
ADPT,us,94.407,59.17,0.047245314453999994,18.7409,20,35.236999999999995,False,broad_institutional,4,high
ADSE,us,81.0972,81.0884,0.16964134061,25.0938,20,0.008800000000007913,False,dominant_holder,4,high
ADSEW,us,,,,,20,,False,insufficient_data,0,low
ADSK,us,101.649,48.5554,0.017599117166000003,6.5308,20,53.0936,True,data_anomaly,3,medium
ADT,us,108.409,76.9263,0.064020677913,19.6511,20,31.48270000000001,True,data_anomaly,3,medium
ADTN,us,109.0142,58.2649,0.022323767714999998,7.1705,20,50.749300000000005,True,data_anomaly,3,medium
ADUR,us,34.8782,34.3161,0.07832505772700002,27.7371,20,0.5621000000000009,False,dominant_holder,4,high
ADUS,us,110.1156,65.4896,0.03878456677,14.097,20,44.626000000000005,True,data_anomaly,3,medium
ADV,us,87.4050000000001,82.9709,0.286839692665,52.6378,20,4.4341000000001,False,dominant_holder,4,high
ADVB,us,73.915,73.915,0.094122978136,20.301,15,0.0,False,dominant_holder,4,high
ADVM,us,10.5464,10.5464,0.004872712840000001,5.0578,20,0.0,False,fragmented_or_mixed,4,high
ADXN,us,0.0376,0.0376,9.6994e-08,0.0303,8,0.0,False,fragmented_or_mixed,4,high
AEAE,us,91.4612,91.4612,0.8365151105440002,91.4612,7,0.0,False,dominant_holder,4,high
AEAQ,us,56.5909,52.2675,0.021400269471,7.6126,20,4.3233999999999995,False,broad_institutional,4,high
AEAQU,us,22.9947,22.7281,0.0063384797529999985,5.3,20,0.2666000000000004,False,fragmented_or_mixed,4,high
AEBI,us,92.9277000000001,80.9734,0.09979695707599999,24.6378,20,11.954300000000103,False,dominant_holder,4,high
AEC,us,54.1154,52.7384,0.10830251053199999,32.2223,20,1.3770000000000024,False,dominant_holder,4,high
AEE,us,86.3520000000003,52.8626,0.023524297864,7.5745,20,33.4894000000003,False,broad_institutional,4,high
AEG,us,8.90939999999997,7.2957,0.0012655770849999998,3.3607,20,1.6136999999999695,False,fragmented_or_mixed,4,high
AEHL,us,0.1612,0.1612,1.3330260000000003e-06,0.1108,20,0.0,False,fragmented_or_mixed,4,high
AEHR,us,77.7634000000001,51.9944,0.01953018866,6.5962,20,25.769000000000105,False,broad_institutional,4,high
AEI,us,96.3305,96.3305,0.819425679609,90.494,20,0.0,False,dominant_holder,4,high
AEIS,us,114.8247,61.644,0.03250496993000001,12.8763,20,53.18070000000001,True,data_anomaly,3,medium
AEM,us,73.9638000000003,37.7538,0.009422748328,4.3249,20,36.210000000000306,False,broad_institutional,4,high
AEMD,us,10.427,10.427,0.0016393397840000002,3.1292,20,0.0,False,fragmented_or_mixed,4,high
AENT,us,124.7766,124.713,0.505880624464,46.0498,20,0.0636000000000081,True,data_anomaly,2,medium
AENTW,us,,,,,20,,False,insufficient_data,0,low
AEO,us,111.8821,70.3755,0.041750542104999996,13.1725,20,41.50659999999999,True,data_anomaly,3,medium
AEON,us,48.303,48.0582,0.06851933049,24.4637,20,0.2447999999999979,False,dominant_holder,4,high
AEP,us,83.0456000000005,44.7279,0.015484694151000003,6.1902,20,38.31770000000051,False,broad_institutional,4,high
AER,us,104.2755,47.3611,0.014411482130999999,6.4495,20,56.91439999999999,True,data_anomaly,3,medium
AERO,us,80.0357,74.6228,0.07222265140600001,20.1614,20,5.412900000000008,False,dominant_holder,4,high
AERT,us,94.1982,94.1929,0.258097073749,46.4733,20,0.0053000000000054115,False,dominant_holder,4,high
AERTW,us,,,,,20,,False,insufficient_data,0,low
AES,us,89.0289000000002,53.1954,0.020677793104,6.4898,20,35.83350000000021,False,broad_institutional,4,high
AESI,us,109.6321,75.9178,0.05088925308999999,12.421,20,33.714299999999994,True,data_anomaly,3,medium
AEVA,us,85.5387000000001,71.8753,0.07391922991499998,24.0677,20,13.66340000000011,False,dominant_holder,4,high
AEXA,us,92.0654,60.6737,0.020151215472999997,6.0934,20,31.3917,False,broad_institutional,4,high
AEYE,us,70.4139,59.6413,0.053069841967,20.1734,20,10.772599999999997,False,dominant_holder,4,high
AFBI,us,59.9505,54.6182,0.03923288636399999,13.4101,20,5.3322999999999965,False,broad_institutional,4,high
AFCG,us,55.9626,52.5781,0.089665774199,28.4637,20,3.3845000000000027,False,dominant_holder,4,high
AFG,us,86.5569000000002,61.216,0.027035566076,7.1344,20,25.340900000000197,False,broad_institutional,4,high
AFIB,us,17.1484,17.1484,0.012700802648000001,8.8538,15,0.0,False,fragmented_or_mixed,4,high
AFJK,us,97.2224,97.2224,0.4118713936299999,60.1643,20,0.0,False,dominant_holder,4,high
AFJKR,us,,,,,20,,False,insufficient_data,0,low
AFJKU,us,0.0743,0.0743,5.245370000000001e-07,0.0724,10,0.0,False,fragmented_or_mixed,4,high
AFL,us,70.8473000000006,41.447,0.020414928196,10.0,20,29.4003000000006,False,broad_institutional,4,high
AFMD,us,0.0,0.0,0.0,0.0,20,0.0,False,fragmented_or_mixed,4,high
AFRI,us,83.8976000000001,83.2761,0.519557317081,71.3938,20,0.621500000000097,False,dominant_holder,4,high
AFRIW,us,,,,,18,,False,insufficient_data,0,low
AFRM,us,92.1400000000003,60.694,0.02838464163,8.3545,20,31.446000000000296,False,broad_institutional,4,high
AFYA,us,92.9758000000001,89.837,0.2719549386660001,50.2597,20,3.138800000000103,False,dominant_holder,4,high
AG,us,55.8909000000001,37.6584,0.012816474225999998,7.7101,20,18.2325000000001,False,broad_institutional,4,high
AGAE,us,65.5522,65.5402,0.12936069399800001,31.3249,20,0.012000000000000455,False,dominant_holder,4,high
AGBK,us,94.5702,92.4755,0.23865479206100002,43.7158,20,2.094700000000003,False,dominant_holder,4,high
AGCC,us,76.6869,76.6869,0.41098286306099996,63.4718,12,0.0,False,dominant_holder,4,high
AGCO,us,110.4489,76.3087,0.052169063275,16.8128,20,34.14019999999999,True,data_anomaly,3,medium
AGEN,us,46.0711,38.523,0.018835905434000003,9.8986,20,7.548099999999998,False,fragmented_or_mixed,4,high
AGH,us,36.6654,36.5247,0.036769005673,15.2282,20,0.14069999999999538,False,fragmented_or_mixed,4,high
AGI,us,70.4141000000001,38.4159,0.013610700685000001,8.8926,20,31.998200000000104,False,broad_institutional,4,high
AGIG,us,77.178,77.0811,0.39950798031300006,62.693,20,0.09689999999999088,False,dominant_holder,4,high
AGIO,us,116.9363,75.6404,0.036779900399999996,9.5575,20,41.2959,True,data_anomaly,3,medium
AGL,us,96.4974000000001,83.7846,0.09470426541799999,23.9754,20,12.712800000000101,False,dominant_holder,4,high
AGM,us,92.8494,61.8922,0.022838686472000002,6.7396,20,30.9572,False,broad_institutional,4,high
AGMB,us,42.5337,42.5337,0.030750219867,10.441,20,0.0,False,fragmented_or_mixed,4,high
AGMH,us,7.1934,7.1934,0.001346043522,2.2288,20,0.0,False,fragmented_or_mixed,4,high
AGM_PD,us,6.5488,6.5488,0.004223690144000001,6.4988,2,0.0,False,fragmented_or_mixed,4,high
AGM_PE,us,11.9699,11.9699,0.012429425948999998,11.1208,4,0.0,False,fragmented_or_mixed,4,high
AGM_PF,us,8.008,8.008,0.004352183298,6.5152,4,0.0,False,fragmented_or_mixed,4,high
AGM_PG,us,17.1285,17.1285,0.015207411924999999,10.4735,4,0.0,False,fragmented_or_mixed,4,high
AGM_PH,us,27.7138,27.7138,0.04915877997200001,21.1904,4,0.0,False,dominant_holder,4,high
AGM_PI,us,18.5064,18.5064,0.01847104325,11.8481,2,0.0,False,fragmented_or_mixed,4,high
AGMA,us,56.4182,56.4181,0.11454535117499999,31.2482,20,9.999999999621423e-05,False,dominant_holder,4,high
AGNC,us,41.4988000000002,27.6832,0.007305060991999998,4.5999,20,13.815600000000202,False,fragmented_or_mixed,4,high
AGNCM,us,21.3092,21.3092,0.009511579329999999,6.7232,13,0.0,False,fragmented_or_mixed,4,high
AGNCN,us,0.0115,0.0115,1.3225000000000001e-08,0.0115,10,0.0,False,fragmented_or_mixed,4,high
AGNCO,us,0.1915,0.1915,3.6672250000000003e-06,0.1915,7,0.0,False,fragmented_or_mixed,4,high
AGNT,us,78.8155000000002,68.6565,0.095976595581,24.2292,20,10.159000000000205,False,dominant_holder,4,high
AGO,us,100.7219,64.9264,0.035920874933999994,11.3537,20,35.795500000000004,True,data_anomaly,3,medium
AGPU,us,10.0431,9.9937,0.0015550250550000002,2.6566,20,0.04940000000000033,False,fragmented_or_mixed,4,high
AGRO,us,84.4651,80.7779,0.538691955151,73.3709,20,3.6872000000000043,False,dominant_holder,4,high
AGRZ,us,68.6766,68.6766,0.17122713442200002,37.0085,13,0.0,False,dominant_holder,4,high
AGX,us,106.3255,65.8652,0.03841625698600001,13.5056,20,40.460300000000004,True,data_anomaly,3,medium
AGYS,us,105.5547,61.3168,0.030149359912000007,12.7765,20,44.237899999999996,True,data_anomaly,3,medium
AHCO,us,112.8212,86.3571,0.05634657147299999,11.9899,20,26.464100000000002,True,data_anomaly,3,medium
AHG,us,0.0266,0.0266,1.9036000000000003e-08,0.0115,13,0.0,False,fragmented_or_mixed,4,high
AHH,us,79.0837,53.8929,0.020572582562999996,8.0346,20,25.190799999999996,False,broad_institutional,4,high
AHH_PA,us,30.5357,30.5357,0.013929191063000002,6.6612,14,0.0,False,fragmented_or_mixed,4,high
AHL,us,93.2667,92.5072,0.6770590961459999,82.1206,20,0.7595000000000027,False,dominant_holder,4,high
AHL_PD,us,123.2,123.2,0.7562514400000001,79.26,20,0.0,True,data_anomaly,2,medium
AHL_PE,us,43.2106,43.2106,0.07384668551399999,25.3096,19,0.0,False,dominant_holder,4,high
AHMA,us,62.9739,62.9739,0.20194295330500003,38.3037,14,0.0,False,dominant_holder,4,high
AHR,us,107.4173,64.2255,0.034960952615000006,12.199,20,43.1918,True,data_anomaly,3,medium
AHRT,us,79.0837,53.8929,0.020572582562999996,8.0346,20,25.190799999999996,False,broad_institutional,4,high
AHRT_PA,us,30.5357,30.5357,0.013929191063000002,6.6612,14,0.0,False,fragmented_or_mixed,4,high
AHT,us,16.2517,16.1651,0.005810684139,6.3444,20,0.08660000000000068,False,fragmented_or_mixed,4,high
AHT_PD,us,89.9987,89.9987,0.809976600169,89.9987,1,0.0,False,dominant_holder,4,high
AHT_PF,us,0.0,0.0,0.0,0.0,2,0.0,False,fragmented_or_mixed,4,high
AHT_PG,us,7.4529,7.4529,0.005554571841,7.4529,1,0.0,False,fragmented_or_mixed,4,high
AHT_PH,us,0.0674,0.0674,4.54276e-07,0.0674,2,0.0,False,fragmented_or_mixed,4,high
AHT_PI,us,0.0,0.0,0.0,0.0,1,0.0,False,fragmented_or_mixed,4,high
AI,us,65.0346,41.3742,0.013293303735999998,6.4023,20,23.660399999999996,False,broad_institutional,4,high
AIAI,us,25.7789,25.7789,0.037490976551000005,19.1271,15,0.0,False,fragmented_or_mixed,4,high
AIB,us,41.7263,41.7263,0.07216271313099999,21.2751,15,0.0,False,dominant_holder,4,high
AIBZ,us,29.0176,29.0176,0.021975632538,9.1155,13,0.0,False,fragmented_or_mixed,4,high
AIEV,us,63.5445,63.5445,0.21850978256099998,45.664,20,0.0,False,dominant_holder,4,high
AIFA,us,65.5522,65.5402,0.12936069399800001,31.3249,20,0.012000000000000455,False,dominant_holder,4,high
AIFC,us,39.0376,35.7397,0.016232396553000003,9.0188,20,3.2978999999999985,False,fragmented_or_mixed,4,high
AIFF,us,34.7328,34.1983,0.013298342161,7.1497,20,0.5344999999999942,False,fragmented_or_mixed,4,high
AIFU,us,87.7207,87.7207,0.665144637025,81.4474,20,0.0,False,dominant_holder,4,high
AIG,us,98.9066000000003,56.509,0.021424039608,6.577,20,42.397600000000295,False,broad_institutional,4,high
AIHS,us,1.0649,1.0649,0.00011337990499999999,1.0648,12,0.0,False,fragmented_or_mixed,4,high
AII,us,105.1169,81.7865,0.084942733197,22.8363,20,23.330399999999997,True,data_anomaly,3,medium
AIIA,us,73.3316,62.0035,0.034044565203000005,14.0653,20,11.328099999999992,False,broad_institutional,4,high
AIIA_R,us,,,,,20,,False,insufficient_data,0,low
AIIA_U,us,20.1272,20.1272,0.004789622495999999,4.5878,20,0.0,False,fragmented_or_mixed,4,high
AIIO,us,4.6195,4.6195,0.00044475966900000007,1.3041,20,0.0,False,fragmented_or_mixed,4,high
AIIOW,us,,,,,20,,False,insufficient_data,0,low
AIIR,us,108.8442,99.5074,0.38862037906799995,60.731,20,9.336799999999997,True,data_anomaly,3,medium
AILE,us,0.0,0.0,0.0,0.0,20,0.0,False,fragmented_or_mixed,4,high
AIM,us,1.2215,1.2212,1.5598029999999997e-05,0.2306,20,0.00029999999999996696,False,fragmented_or_mixed,4,high
AIMD,us,64.0215,63.909,0.056774716233999996,13.6078,20,0.11250000000000426,False,broad_institutional,4,high
AIN,us,106.2407,73.8986,0.04477026118800001,13.6875,20,32.3421,True,data_anomaly,3,medium
AIOS,us,32.8142,32.8142,0.10627035053599997,32.599,20,0.0,False,dominant_holder,4,high
AIOT,us,98.4381000000001,64.6163,0.024066362315000003,6.3893,20,33.82180000000011,False,broad_institutional,4,high
AIP,us,84.7417,61.3466,0.05149557855999999,19.0659,20,23.395099999999992,False,broad_institutional,4,high
AIR,us,106.87,65.3111,0.038036518441,14.2508,20,41.55890000000001,True,data_anomaly,3,medium
AIRE,us,31.0683,31.0462,0.04678205814599999,21.308,20,0.022100000000001785,False,dominant_holder,4,high
AIRG,us,49.51,44.7029,0.015902457121000003,5.7764,20,4.807099999999998,False,fragmented_or_mixed,4,high
AIRI,us,41.5237,41.4229,0.026998604763,9.3975,20,0.10079999999999956,False,fragmented_or_mixed,4,high
AIRJ,us,67.6921000000001,63.3168,0.08745356690799999,25.9056,20,4.375300000000095,False,dominant_holder,4,high
AIRJW,us,,,,,20,,False,insufficient_data,0,low
AIRO,us,63.0599,56.9187,0.035812974665,11.6096,20,6.141199999999998,False,broad_institutional,4,high
AIRS,us,108.9804,102.4493,0.25443929329500004,42.9852,20,6.531100000000009,True,data_anomaly,2,medium
AIRT,us,74.9932,74.9786,0.2645341911780001,48.4213,20,0.0146000000000015,False,dominant_holder,4,high
AISP,us,55.4256,50.7581,0.044257401106999994,15.1655,20,4.667500000000004,False,broad_institutional,4,high
AISPW,us,,,,,20,,False,insufficient_data,0,low
AIT,us,98.0499,46.2888,0.017888194931999998,8.722,20,51.76109999999999,False,broad_institutional,4,high
AIV,us,90.1662000000001,69.4901,0.042516786977,11.9263,20,20.676100000000105,False,broad_institutional,4,high
AIXC,us,66.6372,66.6372,0.4357380258839999,66.0098,20,0.0,False,dominant_holder,4,high
AIXI,us,1.6454,1.6454,0.000134075688,1.1205,20,0.0,False,fragmented_or_mixed,4,high
AIZ,us,99.3484000000004,60.0243,0.025116430748999996,6.6038,20,39.3241000000004,False,broad_institutional,4,high
AJG,us,95.9497000000004,54.7373,0.022422236051000004,6.4329,20,41.21240000000041,False,broad_institutional,4,high
AKA,us,93.5586,93.5259,0.3705354500869999,55.9383,20,0.0327000000000055,False,dominant_holder,4,high
AKAM,us,113.8616,55.6048,0.019826204416000002,6.4572,20,58.2568,True,data_anomaly,3,medium
AKAN,us,1.8751,1.8751,8.1691409e-05,0.6427,15,0.0,False,fragmented_or_mixed,4,high
AKBA,us,48.0115000000001,34.8452,0.010587954592,6.3833,20,13.1663000000001,False,fragmented_or_mixed,4,high
AKOA,us,0.1032,0.1032,9.863999999999998e-07,0.0993,20,0.0,False,fragmented_or_mixed,4,high
AKOB,us,2.5873,2.5645,0.000139458103,0.9684,20,0.022800000000000153,False,fragmented_or_mixed,4,high
AKR,us,114.646,84.281,0.062134998426,14.145,20,30.364999999999995,True,data_anomaly,3,medium
AKRO,us,1.0922,1.0922,2.4254416e-05,0.3694,20,0.0,False,fragmented_or_mixed,4,high
AKTS,us,86.1324000000001,82.7174,0.081313569834,19.2119,20,3.4150000000001057,False,broad_institutional,4,high
AKTX,us,25.7802,25.7802,0.011963130254,6.5775,20,0.0,False,fragmented_or_mixed,4,high
AL,us,99.6170000000001,63.5537,0.028839944405,10.2002,20,36.063300000000105,False,broad_institutional,4,high
ALAB,us,84.4920000000001,54.7079,0.03358074665299999,14.5107,20,29.7841000000001,False,broad_institutional,4,high
ALAR,us,2.0131,2.0061,3.7105485000000005e-05,0.3433,20,0.007000000000000117,False,fragmented_or_mixed,4,high
ALB,us,94.7094000000004,50.9364,0.022215178460000002,8.3397,20,43.7730000000004,False,broad_institutional,4,high
ALBT,us,29.6258,29.6141,0.043953889533,20.5233,20,0.011700000000001154,False,dominant_holder,4,high
ALB_PA,us,85.9342,74.0538,0.048409458642,14.7684,20,11.880400000000009,False,broad_institutional,4,high
ALC,us,66.3018000000003,31.1084,0.006791692994,4.9388,20,35.193400000000295,False,broad_institutional,4,high
ALCC,us,62.3589000000003,46.3523,0.022150759038999997,7.3024,20,16.006600000000297,False,broad_institutional,4,high
ALCE,us,65.9541,65.9541,0.058429424142999994,14.6938,20,0.0,False,broad_institutional,4,high
ALCO,us,91.4856,74.2033,0.054939214277,17.4976,20,17.282300000000006,False,broad_institutional,4,high
ALCY,us,94.2501,94.2501,0.660388849611,81.1066,20,0.0,False,dominant_holder,4,high
ALCYU,us,0.043,0.043,8.483800000000002e-08,0.0267,8,0.0,False,fragmented_or_mixed,4,high
ALDF,us,105.2849,80.8407,0.040664160863,9.9179,20,24.444199999999995,True,data_anomaly,3,medium
ALDFU,us,1.7356,1.7356,0.00025636966200000006,1.5987,20,0.0,False,fragmented_or_mixed,4,high
ALDX,us,69.0675,54.6883,0.023770829560999997,9.0773,20,14.379199999999997,False,broad_institutional,4,high
ALE,us,0.3449,0.3449,2.4991270000000005e-06,0.1131,20,0.0,False,fragmented_or_mixed,4,high
ALEC,us,90.5197,62.6115,0.025732812869000005,9.007,20,27.9082,False,broad_institutional,4,high
ALEX,us,14.1559,11.2152,0.0011319742160000002,2.6091,20,2.9407000000000014,False,fragmented_or_mixed,4,high
ALF,us,621.3399,516.5554,1.5646571064580002,55.4864,20,104.78449999999998,True,data_anomaly,1,low
ALFUU,us,0.1301,0.1301,4.6776100000000003e-07,0.0454,20,0.0,False,fragmented_or_mixed,4,high
ALG,us,102.3209,68.3204,0.040227745484,11.7287,20,34.00049999999999,True,data_anomaly,3,medium
ALGM,us,112.4293,87.5954,0.13739749148600003,32.0611,20,24.8339,True,data_anomaly,3,medium
ALGN,us,106.439,60.2159,0.023819445533,6.1285,20,46.223099999999995,True,data_anomaly,3,medium
ALGS,us,63.4932,61.4271,0.031888642301000004,8.2422,20,2.0660999999999987,False,broad_institutional,4,high
ALGT,us,80.9381000000001,57.6609,0.025130659707000003,7.6216,20,23.277200000000107,False,broad_institutional,4,high
ALH,us,110.5476,99.2188,0.5104622999179999,70.8721,20,11.328800000000001,True,data_anomaly,3,medium
ALHC,us,108.631,67.4405,0.031800581361,8.271,20,41.1905,True,data_anomaly,3,medium
ALIS,us,93.7975,86.4221,0.06268222891500001,17.4307,20,7.375399999999999,False,broad_institutional,4,high
ALISR,us,,,,,20,,False,insufficient_data,0,low
ALISU,us,4.7081,4.7081,0.0005908556130000001,2.0628,20,0.0,False,fragmented_or_mixed,4,high
ALIT,us,104.9969,67.1346,0.027845428611999994,7.6829,20,37.86229999999999,True,data_anomaly,3,medium
ALK,us,100.3941,62.965,0.026439083322000005,8.9989,20,37.42909999999999,True,data_anomaly,3,medium
ALKS,us,107.916,66.995,0.040325768252,14.4719,20,40.92099999999999,True,data_anomaly,3,medium
ALKT,us,119.0252,87.6701,0.072611452191,18.108,20,31.355099999999993,True,data_anomaly,3,medium
ALL,us,85.8204000000011,45.382,0.017293605519999998,6.5573,20,40.4384000000011,False,broad_institutional,4,high
ALLE,us,104.4788,53.0028,0.021251632348,6.591,20,51.476000000000006,True,data_anomaly,3,medium
ALLG,us,6.8592,6.8592,0.00468378356,6.8438,20,0.0,False,fragmented_or_mixed,4,high
ALLO,us,64.1007000000001,46.6604,0.01575265007,6.3832,20,17.4403000000001,False,broad_institutional,4,high
ALLR,us,6.6779,6.6779,0.000615658443,1.4335,20,0.0,False,fragmented_or_mixed,4,high
ALLT,us,78.9037,65.9535,0.067460055141,20.4633,20,12.950199999999995,False,dominant_holder,4,high
ALLY,us,99.2446000000002,61.6796,0.03235757722,9.5332,20,37.565000000000204,False,broad_institutional,4,high
ALL_PH,us,0.0957,0.0957,4.26503e-07,0.0611,20,0.0,False,fragmented_or_mixed,4,high
ALL_PI,us,17.167,17.167,0.007801097266000001,6.6265,18,0.0,False,fragmented_or_mixed,4,high
ALL_PJ,us,25.1608,25.0291,0.009299005997,6.6794,20,0.1316999999999986,False,fragmented_or_mixed,4,high
ALM,us,64.7328,49.619,0.021348100772,9.5993,20,15.113799999999998,False,broad_institutional,4,high
ALMR,us,62.2644,61.915,0.05361140131600001,15.2855,20,0.3494000000000028,False,broad_institutional,4,high
ALMS,us,91.6804000000001,72.1602,0.04707435195399999,12.7145,20,19.520200000000102,False,broad_institutional,4,high
ALMU,us,42.9076,35.8077,0.011464945503,5.4629,20,7.099900000000005,False,fragmented_or_mixed,4,high
ALNT,us,95.5080999999999,64.4134,0.033556678216,9.8956,20,31.094699999999904,False,broad_institutional,4,high
ALNY,us,104.6897,69.3687,0.03828925436700001,11.2973,20,35.321,True,data_anomaly,3,medium
ALOT,us,58.7114,51.458,0.021429581577999998,6.8869,20,7.253399999999999,False,broad_institutional,4,high
ALOV,us,35.4304,35.4304,0.012582752901,5.8304,20,0.0,False,fragmented_or_mixed,4,high
ALOY,us,14.0369,13.304,0.003234108321999999,4.1765,20,0.732899999999999,False,fragmented_or_mixed,4,high
ALP,us,34.9765,34.9505,0.016990069181,8.8284,20,0.026000000000003354,False,fragmented_or_mixed,4,high
ALPP,us,0.0114,0.0114,1.2996000000000001e-08,0.0114,20,0.0,False,fragmented_or_mixed,4,high
ALPS,us,66.1657,66.1657,0.218698887539,44.7382,20,0.0,False,dominant_holder,4,high
ALPX,us,15.6219,15.6219,0.010589770235,8.5203,3,0.0,False,fragmented_or_mixed,4,high
ALRM,us,105.9261,65.6255,0.045735299723,15.7578,20,40.3006,True,data_anomaly,3,medium
ALRS,us,73.3573000000001,49.466,0.020312238228,8.9211,20,23.891300000000093,False,broad_institutional,4,high
ALSA,us,99.3194,99.3194,0.9864343216360001,99.3194,20,0.0,False,dominant_holder,4,high
ALSN,us,108.2887,62.0372,0.031974031414,13.078,20,46.25150000000001,True,data_anomaly,3,medium
ALT,us,57.24,47.8109,0.021841999076999997,9.8985,20,9.429100000000005,False,broad_institutional,4,high
ALTG,us,84.1255,70.1242,0.06193688120000001,17.2694,20,14.0013,False,broad_institutional,4,high
ALTI,us,69.9558000000001,66.2222,0.07866303979200001,19.6012,20,3.733600000000095,False,broad_institutional,4,high
ALTO,us,53.6946,37.6883,0.010021926883,4.6783,20,16.006300000000003,False,broad_institutional,4,high
ALTS,us,43.2433,40.4349,0.018878313020999998,8.6039,20,2.808399999999999,False,fragmented_or_mixed,4,high
ALUB,us,49.7196,47.437,0.015704409618,5.1592,20,2.282600000000002,False,fragmented_or_mixed,4,high
ALUB_U,us,7.5868,7.5868,0.0010199058360000001,2.6087,20,0.0,False,fragmented_or_mixed,4,high
ALUR,us,13.0849,13.0849,0.005736847369,6.7413,20,0.0,False,fragmented_or_mixed,4,high
ALUR_T,us,,,,,20,,False,insufficient_data,0,low
ALV,us,79.7870000000002,54.0949,0.023231905306999995,8.6001,20,25.692100000000202,False,broad_institutional,4,high
ALVO,us,60.0241,59.1935,0.146716798167,27.5211,20,0.8305999999999969,False,dominant_holder,4,high
ALVOW,us,,,,,20,,False,insufficient_data,0,low
ALX,us,97.9462,85.8956,0.13217179158800002,32.3864,20,12.050600000000003,False,dominant_holder,4,high
ALXO,us,55.8942000000001,52.88,0.029035005727999993,9.7479,20,3.014200000000095,False,broad_institutional,4,high
ALZN,us,5.0936,5.0936,0.0008443339559999999,2.6667,20,0.0,False,fragmented_or_mixed,4,high
AM,us,91.0706000000003,65.2669,0.096980486067,29.3007,20,25.80370000000029,False,dominant_holder,4,high
AMAL,us,102.773,80.6473,0.161492248437,38.3674,20,22.125699999999995,True,data_anomaly,3,medium
AMAN,us,34.7665,34.7665,0.025900628371,9.2983,5,0.0,False,fragmented_or_mixed,4,high
AMAT,us,87.0331000000043,41.6829,0.015334236414999997,6.4963,20,45.3502000000043,False,broad_institutional,4,high
AMBA,us,96.3435000000001,55.3929,0.022811982189,8.4728,20,40.95060000000011,False,broad_institutional,4,high
AMBI,us,12.7379,12.7379,0.012953540789000002,11.3374,14,0.0,False,fragmented_or_mixed,4,high
AMBO,us,0.0591,0.0591,2.2499300000000003e-07,0.0458,9,0.0,False,fragmented_or_mixed,4,high
AMBP,us,98.3677,92.1427,0.5798106855549999,76.0198,20,6.224999999999994,False,dominant_holder,4,high
AMBQ,us,64.5566,48.0876,0.018580201943999997,8.7305,20,16.469,False,broad_institutional,4,high
AMBR,us,0.5112,0.5112,3.5544579999999997e-06,0.11,20,0.0,False,fragmented_or_mixed,4,high
AMC,us,29.5386,23.7786,0.00701999322,6.2191,20,5.759999999999998,False,fragmented_or_mixed,4,high
AMCI,us,85.7347,85.7347,0.576143673157,75.4413,20,0.0,False,dominant_holder,4,high
AMCR,us,77.6137000000001,45.3059,0.015264948061,6.3155,20,32.30780000000009,False,broad_institutional,4,high
AMCX,us,114.6448,73.5893,0.031002762637,7.5214,20,41.05550000000001,True,data_anomaly,3,medium
AMD,us,75.2138000000052,37.7681,0.013022244140999999,6.497,20,37.445700000005196,False,broad_institutional,4,high
AME,us,93.7340000000004,41.1057,0.013957172263000002,6.5124,20,52.62830000000041,False,broad_institutional,4,high
AMG,us,106.8035,59.3541,0.024920946982999993,8.995,20,47.4494,True,data_anomaly,3,medium
AMGN,us,87.5633000000027,48.1614,0.018032250453999997,6.4876,20,39.4019000000027,False,broad_institutional,4,high
AMH,us,101.6665,61.8177,0.032928621027,10.0823,20,39.8488,True,data_anomaly,3,medium
AMH_PG,us,41.589,41.589,0.021736162631999997,7.3979,20,0.0,False,fragmented_or_mixed,4,high
AMH_PH,us,37.6699,37.6699,0.018368045161000005,6.6588,17,0.0,False,fragmented_or_mixed,4,high
AMIX,us,8.3253,8.3251,0.0007762480989999999,1.5401,20,0.00019999999999953388,False,fragmented_or_mixed,4,high
AMJB,us,,,,,20,,False,insufficient_data,0,low
AMKR,us,101.4444,70.3523,0.043786721363000006,11.9396,20,31.092100000000002,True,data_anomaly,3,medium
AMLI,us,12.1634,12.1634,0.004534281514,4.9812,20,0.0,False,fragmented_or_mixed,4,high
AMLX,us,115.0022,78.8873,0.04572458099900001,13.4258,20,36.114900000000006,True,data_anomaly,3,medium
AMN,us,121.7179,71.9498,0.039708734268,13.8859,20,49.768100000000004,True,data_anomaly,3,medium
AMOD,us,89.6707,89.6325,0.527706758557,71.7768,20,0.03820000000000334,False,dominant_holder,4,high
AMODW,us,,,,,20,,False,insufficient_data,0,low
AMP,us,93.6542000000007,47.6597,0.018649908474999997,6.7105,20,45.9945000000007,False,broad_institutional,4,high
AMPG,us,35.0428,32.3109,0.017977016196,10.7123,20,2.731900000000003,False,fragmented_or_mixed,4,high
AMPGR,us,,,,,5,,False,insufficient_data,0,low
AMPGW,us,,,,,15,,False,insufficient_data,0,low
AMPGZ,us,,,,,5,,False,insufficient_data,0,low
AMPH,us,107.0531,76.3122,0.05558814147599999,15.4848,20,30.740899999999996,True,data_anomaly,3,medium
AMPL,us,93.5679000000002,63.5567,0.032104428261000004,10.7393,20,30.011200000000194,False,broad_institutional,4,high
AMPX,us,69.2536000000001,39.9754,0.011221167028000002,5.6579,20,29.278200000000105,False,broad_institutional,4,high
AMPX_T,us,,,,,20,,False,insufficient_data,0,low
AMPY,us,74.8072000000001,55.7799,0.023771537529,7.9751,20,19.027300000000096,False,broad_institutional,4,high
AMR,us,117.1612,91.3342,0.06105746246999999,12.7194,20,25.826999999999998,True,data_anomaly,3,medium
AMRC,us,110.0886,73.0535,0.036192616515000005,10.1329,20,37.0351,True,data_anomaly,3,medium
AMRN,us,59.6859,57.1347,0.071352516815,23.4192,20,2.5511999999999944,False,dominant_holder,4,high
AMRX,us,101.9906,78.8584,0.05530426747800001,15.2125,20,23.132199999999997,True,data_anomaly,3,medium
AMRZ,us,60.9797000000002,34.42,0.009925016004000003,6.8322,20,26.5597000000002,False,broad_institutional,4,high
AMS,us,49.4172,49.2107,0.114970069989,33.5125,20,0.20649999999999835,False,dominant_holder,4,high
AMSC,us,75.3951000000002,45.0524,0.013860984523999998,6.8897,20,30.3427000000002,False,broad_institutional,4,high
AMSF,us,102.6508,70.4321,0.044369326279,14.5778,20,32.2187,True,data_anomaly,3,medium
AMSS,us,67.8837,67.8837,0.062278655325,14.3491,9,0.0,False,broad_institutional,4,high
AMST,us,38.259,38.2533,0.035538772737000006,16.0255,20,0.005699999999997374,False,fragmented_or_mixed,4,high
AMT,us,96.5302000000003,46.638,0.017895736610000004,6.517,20,49.89220000000031,False,broad_institutional,4,high
AMTB,us,76.034,56.9122,0.035582992172,14.3846,20,19.121800000000007,False,broad_institutional,4,high
AMTD,us,0.7045,0.7045,2.6354465000000004e-05,0.5001,20,0.0,False,fragmented_or_mixed,4,high
AMTM,us,106.266,79.5343,0.08106679385900002,18.4297,20,26.731700000000004,True,data_anomaly,3,medium
AMTX,us,24.6596,20.1215,0.005362003749,5.567,20,4.5381,False,fragmented_or_mixed,4,high
AMWD,us,95.8709,70.4839,0.046092684743000004,14.299,20,25.387,False,broad_institutional,4,high
AMWL,us,52.522,42.9509,0.019140442937000002,7.7327,20,9.571100000000001,False,broad_institutional,4,high
AMX,us,6.0625,4.5944,0.000168444234,0.6933,20,1.4680999999999997,False,fragmented_or_mixed,4,high
AMZE,us,6.2351,6.0722,0.000491234082,1.7782,20,0.1629000000000005,False,fragmented_or_mixed,4,high
AMZN,us,77.4705000000085,39.1475,0.016643868463,8.8238,20,38.3230000000085,False,broad_institutional,4,high
AN,us,102.0979,69.9194,0.06235089377200001,21.1067,20,32.1785,True,data_anomaly,3,medium
ANAB,us,106.913,77.1598,0.08764133824200002,26.6143,20,29.753199999999993,True,data_anomaly,3,medium
ANDE,us,97.1865000000001,62.2164,0.037695151867999994,13.9962,20,34.970100000000095,False,broad_institutional,4,high
ANDG,us,132.966,109.5074,0.10933144765599999,21.8711,20,23.458600000000004,True,data_anomaly,2,medium
ANEB,us,87.8112,87.8112,0.24907479834,37.9242,20,0.0,False,dominant_holder,4,high
ANET,us,89.4848000000021,49.2112,0.03127580769399999,14.584,20,40.2736000000021,False,broad_institutional,4,high
ANF,us,111.1343,66.9781,0.03466945142300001,11.5165,20,44.1562,True,data_anomaly,3,medium
ANGH,us,78.9111,78.9111,0.4529425114630001,67.0143,19,0.0,False,dominant_holder,4,high
ANGHW,us,,,,,20,,False,insufficient_data,0,low
ANGI,us,101.0196,70.0463,0.037596531532999994,9.7172,20,30.973299999999995,True,data_anomaly,3,medium
ANGIV,us,101.0196,70.0463,0.037596531532999994,9.7172,20,30.973299999999995,True,data_anomaly,3,medium
ANGO,us,107.913,73.2299,0.03304267840899999,7.6981,20,34.683099999999996,True,data_anomaly,3,medium
ANGX,us,30.378,28.0181,0.024570210384,15.0984,20,2.3598999999999997,False,fragmented_or_mixed,4,high
ANIK,us,99.6985,70.131,0.03400682512599999,10.7859,20,29.567499999999995,False,broad_institutional,4,high
ANIP,us,116.5858,55.8564,0.024023110390000005,10.9913,20,60.729400000000005,True,data_anomaly,3,medium
ANIX,us,21.8916,19.3162,0.003796217648,3.865,20,2.575400000000002,False,fragmented_or_mixed,4,high
ANL,us,8.117,8.1141,0.002142398381,4.4095,20,0.0029000000000003467,False,fragmented_or_mixed,4,high
ANNA,us,94.0182000000001,94.0098,0.5757607707320002,74.0888,20,0.00840000000010832,False,dominant_holder,4,high
ANNAW,us,,,,,20,,False,insufficient_data,0,low
ANNX,us,102.6413,67.4014,0.029641458168,8.8798,20,35.239900000000006,True,data_anomaly,3,medium
ANPA,us,71.3365,71.3365,0.33603189405700007,56.02,8,0.0,False,dominant_holder,4,high
ANRO,us,83.4113000000001,66.5358,0.031709870466,9.5489,20,16.875500000000102,False,broad_institutional,4,high
ANSC,us,108.2913,89.5628,0.050317250512,8.9641,20,18.72850000000001,True,data_anomaly,3,medium
ANSCU,us,0.064,0.064,2.0903200000000002e-07,0.0366,12,0.0,False,fragmented_or_mixed,4,high
ANTA,us,84.4694,84.4694,0.40931127010000007,62.5195,17,0.0,False,dominant_holder,4,high
ANTX,us,88.0683,74.2076,0.03738193326,8.5281,20,13.860699999999994,False,broad_institutional,4,high
ANVS,us,24.7871,23.3685,0.006592993870999998,4.9528,20,1.4185999999999979,False,fragmented_or_mixed,4,high
ANY,us,36.8537,36.8337,0.023451003082999997,11.2907,20,0.020000000000003126,False,fragmented_or_mixed,4,high
AOGO,us,19.8302,19.8302,0.014801685216000001,10.6585,20,0.0,False,fragmented_or_mixed,4,high
AOMR,us,63.9342,56.9352,0.05519004180799999,20.7591,20,6.998999999999995,False,dominant_holder,4,high
AON,us,95.0699000000003,47.5395,0.016965283993,6.3592,20,47.530400000000306,False,broad_institutional,4,high
AONC,us,78.1842,78.1842,0.335295480372,52.0927,10,0.0,False,dominant_holder,4,high
AORT,us,98.9164999999999,65.3376,0.032143292797999996,12.324,20,33.578899999999905,False,broad_institutional,4,high
AOS,us,108.7762,57.4915,0.023031720559,6.5497,20,51.2847,True,data_anomaly,3,medium
AOSL,us,88.1093000000001,63.9929,0.039414822219,11.8379,20,24.116400000000105,False,broad_institutional,4,high
AOUT,us,87.861,73.2023,0.06053945379500001,19.4204,20,14.65870000000001,False,broad_institutional,4,high
AP,us,80.8291,67.9182,0.0703479124,19.1463,20,12.910899999999998,False,broad_institutional,4,high
APA,us,113.1004,76.1715,0.040475696667,10.0282,20,36.9289,True,data_anomaly,3,medium
APAC,us,87.2446,80.4392,0.04020198577399999,9.0003,20,6.805400000000006,False,broad_institutional,4,high
APACR,us,,,,,20,,False,insufficient_data,0,low
APACU,us,9.4623,9.4623,0.0014008017849999998,2.2417,20,0.0,False,fragmented_or_mixed,4,high
APAD,us,102.1528,79.233,0.034268583968,5.8252,20,22.919799999999995,True,data_anomaly,3,medium
APADR,us,,,,,20,,False,insufficient_data,0,low
APADU,us,17.1865,17.1865,0.0074659443050000005,5.8252,20,0.0,False,fragmented_or_mixed,4,high
APAM,us,97.2792000000002,63.506,0.03657403747599999,13.0087,20,33.7732000000002,False,broad_institutional,4,high
APC,us,69.3882,65.4552,0.062333893953999985,20.0798,20,3.9329999999999927,False,dominant_holder,4,high
APCX,us,13.3845,13.3845,0.008240317355,8.3971,20,0.0,False,fragmented_or_mixed,4,high
APD,us,93.9875000000003,55.4628,0.021608672896000002,6.4969,20,38.524700000000294,False,broad_institutional,4,high
APEI,us,120.2983,73.9169,0.034489772035000005,9.1125,20,46.3814,True,data_anomaly,3,medium
APG,us,96.5105000000002,55.4562,0.020757736362000002,7.3067,20,41.054300000000204,False,broad_institutional,4,high
APGE,us,112.8861,74.3999,0.054853540969000004,14.8049,20,38.4862,True,data_anomaly,3,medium
APH,us,98.496200000002,49.107,0.019234081568,6.7739,20,49.389200000002006,False,broad_institutional,4,high
API,us,42.0869,38.7637,0.019172522429000003,11.4251,20,3.3232,False,fragmented_or_mixed,4,high
APLD,us,82.6290000000002,57.8331,0.026768284513,8.0749,20,24.795900000000202,False,broad_institutional,4,high
APLE,us,93.4368000000001,63.9348,0.04149296665999999,14.4694,20,29.502000000000102,False,broad_institutional,4,high
APLM,us,47.163,47.163,0.126752723996,34.7454,20,0.0,False,dominant_holder,4,high
APLS,us,103.2286,72.2261,0.04440852427499999,10.0033,20,31.002499999999998,True,data_anomaly,3,medium
APLT,us,13.883,13.8314,0.0035828640600000005,3.9683,20,0.05159999999999876,False,fragmented_or_mixed,4,high
APM,us,18.8762,18.8762,0.011175649132000002,8.407,15,0.0,False,fragmented_or_mixed,4,high
APO,us,98.2162000000005,60.8516,0.024870748826,6.7433,20,37.3646000000005,False,broad_institutional,4,high
APOG,us,101.1001,62.7294,0.039477016924,14.6336,20,38.3707,True,data_anomaly,3,medium
APO_PA,us,95.7954000000001,83.572,0.04931900038,12.4001,20,12.223400000000098,False,broad_institutional,4,high
APP,us,91.3346000000012,51.3223,0.017927768695,5.6404,20,40.012300000001204,False,broad_institutional,4,high
APPF,us,96.5538000000001,58.6189,0.026318773918999998,9.5748,20,37.9349000000001,False,broad_institutional,4,high
APPN,us,107.9195,76.3768,0.044004789447999994,9.8325,20,31.542699999999996,True,data_anomaly,3,medium
APPS,us,71.6532000000001,48.7713,0.016973566862999997,6.1568,20,22.8819000000001,False,broad_institutional,4,high
APRE,us,31.151,30.6106,0.013787980576,7.3913,20,0.5403999999999982,False,fragmented_or_mixed,4,high
APT,us,47.5483,44.4938,0.02739511735599999,12.5733,20,3.0544999999999973,False,fragmented_or_mixed,4,high
APTO,us,108.3101,108.3101,0.6859527643789999,80.0696,20,0.0,True,data_anomaly,2,medium
APTV,us,106.0056,49.5163,0.017183682807000004,6.5506,20,56.4893,True,data_anomaly,3,medium
APTV_W,us,,,,,16,,False,insufficient_data,0,low
APUR,us,3.0608,3.0608,0.0004522119019999999,1.9159,5,0.0,False,fragmented_or_mixed,4,high
APUS,us,61.6087,61.6087,0.10883670792700001,28.6036,20,0.0,False,dominant_holder,4,high
APVO,us,12.2006,12.2006,0.006695483217999999,7.9064,20,0.0,False,fragmented_or_mixed,4,high
APWC,us,85.6752,85.6752,0.7075387255680001,84.1119,15,0.0,False,dominant_holder,4,high
APXT,us,82.1303,60.5611,0.023173330943,7.9473,20,21.569200000000002,False,broad_institutional,4,high
APXTU,us,12.6246,12.5544,0.0021055575979999994,3.1912,20,0.07019999999999982,False,fragmented_or_mixed,4,high
APYX,us,64.703,56.5135,0.029145098906999997,8.2084,20,8.189500000000002,False,broad_institutional,4,high
AQB,us,9.90709999999999,9.90089999999999,0.001455621759,2.2196,20,0.006199999999999761,False,fragmented_or_mixed,4,high
AQMS,us,15.5111,15.3921,0.003102261329,4.1866,20,0.11900000000000155,False,fragmented_or_mixed,4,high
AQN,us,78.5374000000001,48.1035,0.023498488565,10.5854,20,30.433900000000108,False,broad_institutional,4,high
AQST,us,67.1736,46.8744,0.01782272179,7.8196,20,20.299199999999992,False,broad_institutional,4,high
AQU,us,93.7617,93.7617,0.8312131816549998,91.1622,16,0.0,False,dominant_holder,4,high
AR,us,93.0581,51.3242,0.020091426165999998,7.9327,20,41.7339,False,broad_institutional,4,high
ARAI,us,62.9783,62.4943,0.21126202192900004,44.6497,20,0.48399999999999466,False,dominant_holder,4,high
ARAY,us,75.9317000000001,59.8272,0.03288920939599999,13.0022,20,16.104500000000108,False,broad_institutional,4,high
ARBB,us,35.5431,35.5431,0.05885107341299999,22.2003,16,0.0,False,dominant_holder,4,high
ARBE,us,33.6437,32.06,0.009745553906,5.192,20,1.5837000000000003,False,fragmented_or_mixed,4,high
ARBEW,us,,,,,16,,False,insufficient_data,0,low
ARBK,us,97.4933,97.4933,0.9417358847649999,97.0424,20,0.0,False,dominant_holder,4,high
ARCB,us,109.6274,73.648,0.04382044185400001,13.8271,20,35.9794,True,data_anomaly,3,medium
ARCC,us,37.6150000000002,17.3777,0.002023306769,2.0598,20,20.2373000000002,False,fragmented_or_mixed,4,high
ARCI,us,46.6113,45.9387,0.040129975571000016,18.1215,20,0.6726000000000028,False,fragmented_or_mixed,4,high
ARCL,us,15.1659,15.1659,0.009345075425000002,8.1126,3,0.0,False,fragmented_or_mixed,4,high
ARCO,us,58.8649,41.1745,0.01835640665699999,10.1984,20,17.690399999999997,False,broad_institutional,4,high
ARCT,us,88.8846,69.6038,0.045358131482000005,11.6231,20,19.2808,False,broad_institutional,4,high
ARDT,us,98.1287000000001,92.1036,0.3400317505040001,53.8866,20,6.025100000000094,False,dominant_holder,4,high
ARDX,us,73.9493,51.6252,0.022313811688,7.3044,20,22.324099999999994,False,broad_institutional,4,high
ARE,us,96.5760000000003,60.2831,0.032616663439,9.4437,20,36.29290000000031,False,broad_institutional,4,high
AREB,us,0.5201,0.5201,2.7040000999999998e-05,0.52,20,0.0,False,fragmented_or_mixed,4,high
AREBW,us,,,,,15,,False,insufficient_data,0,low
AREC,us,48.4873,40.8071,0.015514957599,8.5091,20,7.680199999999999,False,fragmented_or_mixed,4,high
AREN,us,82.589,81.5783,0.5075735716849997,71.1421,20,1.0107,False,dominant_holder,4,high
ARES,us,100.3727,60.2818,0.024423509251999997,6.0756,20,40.0909,True,data_anomaly,3,medium
ARES_PB,us,87.7552,75.0084,0.11858391408199999,32.2831,20,12.746800000000007,False,dominant_holder,4,high
ARGX,us,47.5066000000001,33.0539,0.012318112261000004,7.7438,20,14.4527000000001,False,fragmented_or_mixed,4,high
ARHS,us,103.8835,64.3901,0.025198172713,6.7207,20,39.493399999999994,True,data_anomaly,3,medium
ARI,us,76.7406000000001,56.6817,0.03959962981300001,14.9631,20,20.0589000000001,False,broad_institutional,4,high
ARIS,us,76.7814000000002,47.3936,0.016333612043999995,7.8294,20,29.387800000000205,False,broad_institutional,4,high
ARKO,us,93.4718000000001,78.9462,0.07696758641,20.6262,20,14.525600000000097,False,dominant_holder,4,high
ARKR,us,71.6697,71.6116,0.09680652880200001,26.1902,20,0.058100000000010255,False,dominant_holder,4,high
ARL,us,94.9706,94.836,0.8250976976180002,90.8233,20,0.13460000000000605,False,dominant_holder,4,high
ARLO,us,104.0612,64.2891,0.038450663441,13.8272,20,39.772099999999995,True,data_anomaly,3,medium
ARM,us,96.461300000001,91.5745,0.7465739262730002,86.3919,20,4.886800000001003,False,dominant_holder,4,high
ARMK,us,100.3101,66.9189,0.029870681065000005,8.322,20,33.39120000000001,True,data_anomaly,3,medium
ARMN,us,76.7814000000002,47.3936,0.016333612043999995,7.8294,20,29.387800000000205,False,broad_institutional,4,high
ARMP,us,78.6808,78.0687,0.470071766301,68.309,20,0.6120999999999981,False,dominant_holder,4,high
ARMY,us,9.842,9.842,0.008887849999999997,9.418,2,0.0,False,fragmented_or_mixed,4,high
AROC,us,106.5946,65.7842,0.03830415670800001,13.9796,20,40.8104,True,data_anomaly,3,medium
AROW,us,53.7643,38.7769,0.018499958885,10.1384,20,14.987400000000001,False,broad_institutional,4,high
ARQ,us,59.0579,48.6489,0.019558796033000002,7.6866,20,10.408999999999999,False,broad_institutional,4,high
ARQQ,us,94.0622,91.0114,0.3032908391880001,53.1533,20,3.0508000000000095,False,dominant_holder,4,high
ARQQW,us,,,,,20,,False,insufficient_data,0,low
ARQT,us,110.6854,73.193,0.037373110685999994,9.5648,20,37.4924,True,data_anomaly,3,medium
ARR,us,49.7059000000001,37.5219,0.019162777217000004,11.359,20,12.184000000000097,False,fragmented_or_mixed,4,high
ARRY,us,146.2737,91.976,0.049699857518000004,8.3804,20,54.29769999999999,True,data_anomaly,3,medium
ARR_PC,us,10.1869,10.1869,0.0053565569129999996,6.487,6,0.0,False,fragmented_or_mixed,4,high
ARTC,us,34.1192,34.1192,0.012772598093999998,6.1244,20,0.0,False,fragmented_or_mixed,4,high
ARTCU,us,31.0119,30.9766,0.011449296005999999,6.1244,20,0.03529999999999944,False,fragmented_or_mixed,4,high
ARTL,us,10.9701,10.9701,0.005168659383,6.7658,20,0.0,False,fragmented_or_mixed,4,high
ARTNA,us,61.3615,42.2962,0.016019318132000002,9.6127,20,19.0653,False,broad_institutional,4,high
ARTV,us,67.3214,65.7348,0.16295453534599996,37.9184,20,1.58659999999999,False,dominant_holder,4,high
ARTW,us,67.5594,67.4587,0.18359028698899998,41.3317,20,0.10070000000000334,False,dominant_holder,4,high
ARVN,us,93.0584,62.2514,0.026018617256000003,7.8036,20,30.80700000000001,False,broad_institutional,4,high
ARW,us,112.3107,71.2796,0.033002571786,8.5068,20,41.031099999999995,True,data_anomaly,3,medium
ARWR,us,88.1846000000001,55.7752,0.030271865953999996,11.4299,20,32.409400000000105,False,broad_institutional,4,high
ARX,us,108.6018,92.7504,0.1084385574,25.5725,20,15.851399999999998,True,data_anomaly,3,medium
ARXS,us,40.6162,39.7685,0.022634094676999998,11.8845,20,0.8476999999999961,False,fragmented_or_mixed,4,high
AS,us,100.9394,84.8239,0.189456433061,40.1828,20,16.11550000000001,True,data_anomaly,3,medium
ASAI,us,0.5835,0.5835,1.3461606999999999e-05,0.3367,20,0.0,False,fragmented_or_mixed,4,high
ASAN,us,110.6345,84.4936,0.17039447572000002,39.614,20,26.140900000000002,True,data_anomaly,3,medium
ASB,us,93.0883000000001,61.567,0.030544880894,10.0398,20,31.521300000000103,False,broad_institutional,4,high
ASBP,us,6.7089,6.7077,0.0025928616990000004,5.0184,20,0.0011999999999998678,False,fragmented_or_mixed,4,high
ASBPW,us,,,,,20,,False,insufficient_data,0,low
ASB_PE,us,0.0002,0.0002,2e-12,0.0001,4,0.0,False,fragmented_or_mixed,4,high
ASC,us,98.4166999999999,66.1509,0.026140399330999996,6.0106,20,32.26579999999991,False,broad_institutional,4,high
ASGN,us,113.9908,72.2559,0.044428968719000005,14.4701,20,41.734899999999996,True,data_anomaly,3,medium
ASH,us,116.9821,79.5014,0.04049746958,8.9434,20,37.4807,True,data_anomaly,3,medium
ASIC,us,95.2350000000001,91.4421,0.6522293206769998,80.7071,20,3.7929000000001025,False,dominant_holder,4,high
ASIX,us,94.6067000000002,60.2366,0.023301720446,6.8202,20,34.3701000000002,False,broad_institutional,4,high
ASLE,us,88.4468999999999,66.0245,0.034938612970999997,9.2951,20,22.422399999999897,False,broad_institutional,4,high
ASM,us,36.4806,27.2578,0.006297672651999999,3.913,20,9.222800000000003,False,fragmented_or_mixed,4,high
ASMB,us,75.6215000000001,68.1982,0.07882844207200003,25.1153,20,7.423300000000097,False,dominant_holder,4,high
ASML,us,20.2753999999995,9.0906,0.0005668498379999999,1.1977,20,11.1847999999995,False,fragmented_or_mixed,4,high
ASND,us,104.5966,80.9057,0.05970852402299999,15.5333,20,23.6909,True,data_anomaly,3,medium
ASNS,us,17.0622,17.0574,0.011658808881999999,10.4032,20,0.004799999999999471,False,fragmented_or_mixed,4,high
ASO,us,120.9625,80.0463,0.055837660137000006,14.4605,20,40.9162,True,data_anomaly,3,medium
ASPC,us,77.6177,77.6177,0.583217235107,76.3643,20,0.0,False,dominant_holder,4,high
ASPCR,us,,,,,20,,False,insufficient_data,0,low
ASPCU,us,9.2155,9.2155,0.002827552385,4.2715,20,0.0,False,fragmented_or_mixed,4,high
ASPI,us,59.2036,42.4236,0.01421474817,6.4265,20,16.78,False,broad_institutional,4,high
ASPN,us,84.9179,63.1184,0.039054664316,14.8176,20,21.799500000000002,False,broad_institutional,4,high
ASPS,us,82.4278,81.7405,0.09815482713099997,21.587,20,0.6873000000000076,False,dominant_holder,4,high
ASR,us,29.2232,24.9821,0.026508978146999995,15.9942,20,4.241099999999999,False,fragmented_or_mixed,4,high
ASRT,us,30.6746,25.3243,0.0059823198250000004,4.1619,20,5.350300000000001,False,fragmented_or_mixed,4,high
ASRV,us,66.2077,62.2003,0.03595291606700001,9.6972,20,4.007400000000004,False,broad_institutional,4,high
ASST,us,45.4441000000001,37.065,0.015929373493999997,9.7306,20,8.3791000000001,False,fragmented_or_mixed,4,high
ASTC,us,23.0434,23.0399,0.011435525260999998,10.0537,20,0.0034999999999989484,False,fragmented_or_mixed,4,high
ASTE,us,100.2459,67.7524,0.040305543468,13.5599,20,32.49350000000001,True,data_anomaly,3,medium
ASTH,us,84.9663000000001,64.7873,0.040166260465,12.3687,20,20.1790000000001,False,broad_institutional,4,high
ASTI,us,17.0805,17.005,0.0059164203880000005,5.3043,20,0.07550000000000168,False,fragmented_or_mixed,4,high
ASTL,us,78.6814000000001,61.8496,0.046818519779999984,15.0772,20,16.831800000000094,False,broad_institutional,4,high
ASTLW,us,,,,,20,,False,insufficient_data,0,low
ASTS,us,55.3751000000002,36.2344,0.010194878501999998,5.1917,20,19.1407000000002,False,broad_institutional,4,high
ASUR,us,89.0253,72.6922,0.04605097564400001,14.092,20,16.3331,False,broad_institutional,4,high
ASX,us,7.8487,4.9599,0.00019366336700000003,0.912,20,2.8888,False,fragmented_or_mixed,4,high
ASYS,us,75.3833,59.8422,0.033437395646,12.8688,20,15.541100000000007,False,broad_institutional,4,high
ATAI,us,46.984,38.7367,0.026895621068999998,15.0751,20,8.247300000000003,False,fragmented_or_mixed,4,high
ATAT,us,88.4275000000001,53.3492,0.020346571953999998,7.7649,20,35.07830000000009,False,broad_institutional,4,high
ATCH,us,8.3154,8.2281,0.000631507811,1.2462,20,0.08730000000000082,False,fragmented_or_mixed,4,high
ATCO_PH,us,0.0,0.0,0.0,0.0,2,0.0,False,fragmented_or_mixed,4,high
ATCX,us,60.5467,60.5467,0.11029073512699998,24.4602,19,0.0,False,dominant_holder,4,high
ATEC,us,99.8337,52.0834,0.017651256644,6.7593,20,47.750299999999996,False,broad_institutional,4,high
ATEK,us,101.6122,101.6122,0.9953060438920001,99.7476,15,0.0,True,data_anomaly,2,medium
ATEN,us,105.4407,65.0626,0.040373874970000015,15.7868,20,40.3781,True,data_anomaly,3,medium
ATER,us,28.7207,28.6378,0.014387979296000003,9.965,20,0.0829000000000022,False,fragmented_or_mixed,4,high
ATEX,us,107.1643,85.3392,0.10871843034199999,27.7549,20,21.825099999999992,True,data_anomaly,3,medium
ATGE,us,102.7137,66.5195,0.038923702436999996,13.7198,20,36.19420000000001,True,data_anomaly,3,medium
ATGL,us,82.4747,82.4747,0.260392698499,44.2752,11,0.0,False,dominant_holder,4,high
ATHA,us,77.2165000000001,74.3776,0.064169359986,19.7937,20,2.838900000000095,False,broad_institutional,4,high
ATHE,us,1.944,1.944,9.279581999999998e-05,0.7679,20,0.0,False,fragmented_or_mixed,4,high
ATHM,us,45.9483,33.2109,0.008005109440999999,3.6213,20,12.737400000000001,False,fragmented_or_mixed,4,high
ATHR,us,67.3751,67.3751,0.15907909975099996,31.9412,19,0.0,False,dominant_holder,4,high
ATH_PA,us,7.3066,7.2843,0.000634413041,1.1664,20,0.02230000000000043,False,fragmented_or_mixed,4,high
ATH_PB,us,16.8518,16.8518,0.007621412224,6.6253,19,0.0,False,fragmented_or_mixed,4,high
ATH_PD,us,0.0125,0.0125,1.5625e-08,0.0125,1,0.0,False,fragmented_or_mixed,4,high
ATH_PE,us,42.0239,42.0239,0.024783735445,8.8253,20,0.0,False,fragmented_or_mixed,4,high
ATI,us,93.8294000000001,53.9015,0.024204133274999998,9.9868,20,39.92790000000011,False,broad_institutional,4,high
ATII,us,97.9642,74.4292,0.05512434743600001,19.4322,20,23.53500000000001,False,broad_institutional,4,high
ATIIU,us,4.8247,4.8247,0.0019360183909999998,4.3934,20,0.0,False,fragmented_or_mixed,4,high
ATKR,us,100.8555,61.7194,0.026545852036,8.0941,20,39.136100000000006,True,data_anomaly,3,medium
ATLC,us,89.8453,83.53,0.15713455059999992,27.5993,20,6.3152999999999935,False,dominant_holder,4,high
ATLCP,us,4.1123,4.1123,0.000892486443,2.8121,3,0.0,False,fragmented_or_mixed,4,high
ATLN,us,66.966,66.6367,0.09285193294299998,24.4366,20,0.32929999999998927,False,dominant_holder,4,high
ATLO,us,39.8884,31.2565,0.010793830449,6.2871,20,8.631899999999998,False,fragmented_or_mixed,4,high
ATLX,us,48.1798,47.0696,0.041384937857999994,17.5642,20,1.110199999999999,False,fragmented_or_mixed,4,high
ATMC,us,123.0665,123.0665,1.0164649448929999,98.374,20,0.0,True,data_anomaly,1,low
ATMP,us,92.6348999999999,92.0659999999999,0.7823942770440001,88.4427,20,0.5688999999999993,False,dominant_holder,4,high
ATMU,us,102.6675,56.5279,0.020329380007,6.8183,20,46.1396,True,data_anomaly,3,medium
ATNI,us,97.6528000000001,79.9328,0.110146594066,29.6892,20,17.7200000000001,False,dominant_holder,4,high
ATNM,us,23.5076,21.5775,0.004030497401,4.0016,20,1.9300999999999995,False,fragmented_or_mixed,4,high
ATO,us,99.1831000000004,56.7307,0.026504984271,7.6412,20,42.452400000000395,False,broad_institutional,4,high
ATOM,us,39.0141,31.055,0.008615454834,5.6801,20,7.959099999999999,False,fragmented_or_mixed,4,high
ATON,us,34.9765,34.9505,0.016990069181,8.8284,20,0.026000000000003354,False,fragmented_or_mixed,4,high
ATOS,us,19.8589,19.1799,0.004064721997,3.7845,20,0.6789999999999985,False,fragmented_or_mixed,4,high
ATPC,us,7.4642,7.4642,0.0029136604219999994,5.0207,20,0.0,False,fragmented_or_mixed,4,high
ATR,us,97.5579000000002,60.5797,0.028264460577,8.3043,20,36.9782000000002,False,broad_institutional,4,high
ATRA,us,69.051,66.8451,0.06304097879399999,14.6378,20,2.2058999999999997,False,broad_institutional,4,high
ATRC,us,103.4503,66.0406,0.029283463841999993,7.037,20,37.4097,True,data_anomaly,3,medium
ATRO,us,105.6871,54.7166,0.022588044925999997,7.7143,20,50.9705,True,data_anomaly,3,medium
ATS,us,95.6030000000001,69.0111,0.048819355909,16.7191,20,26.591900000000095,False,broad_institutional,4,high
ATXG,us,32.3463,32.3463,0.029904481284999992,13.3591,20,0.0,False,fragmented_or_mixed,4,high
ATXI,us,17.4789,17.4789,0.019388872778999998,13.3456,20,0.0,False,fragmented_or_mixed,4,high
ATYR,us,47.7573,43.8971,0.020094802670999997,8.6788,20,3.860199999999999,False,fragmented_or_mixed,4,high
AU,us,80.0667,50.5701,0.032856597565,15.6445,20,29.4966,False,broad_institutional,4,high
AUB,us,89.7807000000002,59.1749,0.034221422105,13.3833,20,30.605800000000194,False,broad_institutional,4,high
AUBN,us,34.1193,31.3076,0.016023483760000002,9.566,20,2.811700000000002,False,fragmented_or_mixed,4,high
AUC,us,0.3791,0.3791,8.178481e-06,0.26,13,0.0,False,fragmented_or_mixed,4,high
AUDC,us,64.907,60.6653,0.059461485346999986,18.5107,20,4.2416999999999945,False,broad_institutional,4,high
AUGO,us,87.0405000000002,75.5628,0.23631502877000007,47.5463,20,11.477700000000198,False,dominant_holder,4,high
AUID,us,30.0359,29.0871,0.014325781612999999,10.3125,20,0.9488000000000021,False,fragmented_or_mixed,4,high
AUMN,us,26.1543,26.1543,0.061094064051000006,24.6815,20,0.0,False,dominant_holder,4,high
AUNA,us,84.3704,79.8573,0.10795958911900003,29.9492,20,4.5131000000000085,False,dominant_holder,4,high
AUPH,us,68.7150000000001,43.0557,0.019332820321000005,10.143,20,25.6593000000001,False,broad_institutional,4,high
AUR,us,97.8780000000001,80.2981,0.07658204995900002,17.6535,20,17.579900000000094,False,broad_institutional,4,high
AURA,us,50.3259,44.0063,0.014644324233,4.9306,20,6.319599999999994,False,broad_institutional,4,high
AURE,us,35.0541,35.0541,0.062898397291,21.5202,20,0.0,False,dominant_holder,4,high
AUROW,us,,,,,20,,False,insufficient_data,0,low
AUST,us,47.9689,47.9689,0.076671085075,22.3034,20,0.0,False,dominant_holder,4,high
AUTL,us,81.6559,78.4389,0.058125256617,12.524,20,3.2169999999999987,False,broad_institutional,4,high
AUUD,us,10.4064,10.4064,0.008761854972,9.3213,20,0.0,False,fragmented_or_mixed,4,high
AUUDW,us,,,,,7,,False,insufficient_data,0,low
AUVI,us,0.0,0.0,0.0,0.0,1,0.0,False,fragmented_or_mixed,4,high
AVA,us,91.0037000000001,55.3592,0.037971895814000005,14.6571,20,35.64450000000009,False,broad_institutional,4,high
AVAH,us,97.1941000000001,80.302,0.174483900994,37.4737,20,16.8921000000001,False,dominant_holder,4,high
AVAL,us,1.2271,1.1661,2.2429569e-05,0.3701,20,0.061000000000000165,False,fragmented_or_mixed,4,high
AVAT,us,106.0333,87.4191,0.05717843890499999,14.6923,20,18.614199999999997,True,data_anomaly,3,medium
AVAV,us,92.2650000000004,62.9611,0.070408242195,23.7826,20,29.303900000000397,False,dominant_holder,4,high
AVB,us,96.9573000000004,59.2291,0.029567068119000003,8.5644,20,37.7282000000004,False,broad_institutional,4,high
AVBC,us,42.1006,33.5921,0.014444144045000003,8.0,20,8.508499999999998,False,fragmented_or_mixed,4,high
AVBH,us,85.6567000000001,71.6353,0.040756489454999996,9.5688,20,14.0214000000001,False,broad_institutional,4,high
AVBP,us,94.6170000000001,80.8776,0.046934370059999994,8.8544,20,13.739400000000103,False,broad_institutional,4,high
AVD,us,75.6634,52.669,0.017762945302,5.7952,20,22.9944,False,broad_institutional,4,high
AVDL,us,74.2996999999999,51.8988,0.017670392572,6.3425,20,22.4008999999999,False,broad_institutional,4,high
AVEX,us,70.5191,68.9791,0.17739170348699998,40.4794,20,1.539999999999992,False,dominant_holder,4,high
AVGO,us,82.5431000000061,41.7608,0.013269181549999997,6.4742,20,40.7823000000061,False,broad_institutional,4,high
AVIR,us,91.2506,73.4852,0.044337493672,12.0946,20,17.7654,False,broad_institutional,4,high
AVLN,us,61.6906,61.6241,0.03575975040499999,10.8098,20,0.06650000000000489,False,broad_institutional,4,high
AVNS,us,97.0538000000001,62.5107,0.033134454907000004,13.2387,20,34.543100000000095,False,broad_institutional,4,high
AVNT,us,107.2647,63.5362,0.030340833834,10.8471,20,43.728500000000004,True,data_anomaly,3,medium
AVNW,us,93.6026000000001,63.0228,0.023473409376000003,5.6938,20,30.5798000000001,False,broad_institutional,4,high
AVO,us,69.0496000000001,56.2616,0.037984552555999994,14.0064,20,12.788000000000096,False,broad_institutional,4,high
AVPT,us,83.7522,59.9654,0.031619934636,9.391,20,23.7868,False,broad_institutional,4,high
AVR,us,61.8865,55.4798,0.041533693494,16.0795,20,6.406700000000001,False,broad_institutional,4,high
AVT,us,108.9755,69.0382,0.033642621537999996,9.0473,20,39.93729999999999,True,data_anomaly,3,medium
AVTR,us,105.0728,69.1212,0.049617641024,17.5243,20,35.9516,True,data_anomaly,3,medium
AVTX,us,78.6023000000001,54.3743,0.019003437200999996,5.8118,20,24.2280000000001,False,broad_institutional,4,high
AVX,us,40.5246,40.3774,0.022211941134,10.0125,20,0.147199999999998,False,fragmented_or_mixed,4,high
AVXL,us,45.9182000000001,34.6508,0.012093956324,7.2607,20,11.267400000000102,False,fragmented_or_mixed,4,high
AVY,us,99.5667000000003,56.9255,0.024653542789000005,6.9374,20,42.641200000000296,False,broad_institutional,4,high
AWH,us,13.7799,13.7799,0.009038787865000002,9.3162,20,0.0,False,fragmented_or_mixed,4,high
AWI,us,104.4507,57.5018,0.026210439528,11.293,20,46.948899999999995,True,data_anomaly,3,medium
AWK,us,104.677900000001,56.104,0.023304131756,6.5033,20,48.573900000001004,True,data_anomaly,3,medium
AWR,us,85.3830000000002,59.1285,0.038024424769,13.8561,20,26.254500000000192,False,broad_institutional,4,high
AWRE,us,61.8715,60.1905,0.08004009566300001,24.2146,20,1.6809999999999974,False,dominant_holder,4,high
AWX,us,51.0581,51.0581,0.13753081878300003,36.5352,20,0.0,False,dominant_holder,4,high
AX,us,90.8911,58.6571,0.033046917151,13.394,20,32.233999999999995,False,broad_institutional,4,high
AXG,us,99.6561,99.6245,0.232304371935,31.8975,20,0.03159999999999741,False,dominant_holder,4,high
AXGN,us,91.4477000000001,52.076,0.018175302854000003,6.4227,20,39.3717000000001,False,broad_institutional,4,high
AXIA,us,2.55680000000001,1.7386,3.107565200000001e-05,0.431,20,0.8182000000000103,False,fragmented_or_mixed,4,high
AXIA_P,us,0.5732,0.5531,4.166263e-06,0.1427,20,0.020100000000000007,False,fragmented_or_mixed,4,high
AXIA_PC,us,45.8431,35.0529,0.009608423688999999,5.8937,20,10.790199999999999,False,fragmented_or_mixed,4,high
AXIL,us,61.8071,61.756,0.079239385078,18.7196,20,0.05109999999999815,False,broad_institutional,4,high
AXIN,us,95.3892,63.1344,0.022412472366000004,6.7826,20,32.2548,False,broad_institutional,4,high
AXINR,us,,,,,20,,False,insufficient_data,0,low
AXINU,us,8.3726,8.3726,0.001157542402,2.1845,20,0.0,False,fragmented_or_mixed,4,high
AXL,us,106.5902,57.1157,0.030003103141000003,13.8021,20,49.4745,True,data_anomaly,3,medium
AXON,us,95.6466000000003,55.6748,0.020936378858,6.7709,20,39.97180000000031,False,broad_institutional,4,high
AXP,us,87.0895000000034,51.1144,0.057097908108,22.2197,20,35.975100000003394,False,dominant_holder,4,high
AXR,us,90.6786,86.1066,0.11271592813200003,24.4417,20,4.572000000000003,False,dominant_holder,4,high
AXS,us,101.5106,53.7334,0.018783091119999998,6.2291,20,47.77719999999999,True,data_anomaly,3,medium
AXSM,us,89.1817000000001,53.6386,0.031853647198,14.2723,20,35.54310000000011,False,broad_institutional,4,high
AXS_PE,us,0.3732,0.3732,1.0415765999999998e-05,0.3182,17,0.0,False,fragmented_or_mixed,4,high
AXTA,us,109.025,70.6717,0.043145910403,13.455,20,38.353300000000004,True,data_anomaly,3,medium
AXTI,us,75.9297,51.1463,0.018365024563,7.309,20,24.7834,False,broad_institutional,4,high
AYA,us,53.3495,42.8082,0.012525127022000001,6.098,20,10.5413,False,broad_institutional,4,high
AYI,us,104.5941,55.4271,0.022720671649,8.7597,20,49.166999999999994,True,data_anomaly,3,medium
AYTU,us,45.6394,43.959,0.024259493772,10.1257,20,1.6803999999999988,False,fragmented_or_mixed,4,high
AZ,us,51.9137,47.1749,0.018570235180999997,6.598,20,4.738799999999998,False,broad_institutional,4,high
AZI,us,0.0214,0.0214,3.602000000000001e-08,0.0188,18,0.0,False,fragmented_or_mixed,4,high
AZIO,us,5.1806,5.1806,0.0005348617120000002,2.0142,20,0.0,False,fragmented_or_mixed,4,high
AZN,us,66.2166000000021,29.563,0.005585750652,3.326,20,36.6536000000021,False,broad_institutional,4,high
AZO,us,95.3442000000006,45.5589,0.015905404151000002,6.5954,20,49.785300000000596,False,broad_institutional,4,high
AZTA,us,117.9334,71.8828,0.042337453866000005,12.7556,20,46.0506,True,data_anomaly,3,medium
AZTR,us,32.2992,32.2992,0.06498157447400002,25.0984,20,0.0,False,dominant_holder,4,high
AZUL,us,0.5367,0.5367,1.4431482999999999e-05,0.3643,12,0.0,False,fragmented_or_mixed,4,high
AZZ,us,98.4958000000001,62.8305,0.035427074843,13.3048,20,35.6653000000001,False,broad_institutional,4,high
B,us,66.6224000000003,33.5426,0.007500402928000001,3.9939,20,33.0798000000003,False,broad_institutional,4,high
BA,us,75.5886000000029,44.5331,0.016906396226999996,6.4703,20,31.0555000000029,False,broad_institutional,4,high
BABA,us,13.1013999999998,6.0488,0.000368577754,1.421,20,7.052599999999799,False,fragmented_or_mixed,4,high
BAC,us,79.2366000000054,41.0651,0.015648566911,7.3187,20,38.171500000005395,False,broad_institutional,4,high
BACC,us,96.3211,75.5,0.04953630223200001,15.9981,20,20.8211,False,broad_institutional,4,high
BACCR,us,,,,,20,,False,insufficient_data,0,low
BACCU,us,5.7628,5.7628,0.000549488038,1.5401,20,0.0,False,fragmented_or_mixed,4,high
BACK,us,1.5202,1.5202,4.78159e-05,0.4774,20,0.0,False,fragmented_or_mixed,4,high
BAC_PB,us,0.1774,0.1774,1.241952e-06,0.0954,16,0.0,False,fragmented_or_mixed,4,high
BAC_PE,us,0.069,0.069,4.761000000000001e-07,0.069,8,0.0,False,fragmented_or_mixed,4,high
BAC_PK,us,12.6963,12.6963,0.004998357429,4.9441,20,0.0,False,fragmented_or_mixed,4,high
BAC_PL,us,56.0723,37.7916,0.013898065546000003,7.9325,20,18.280699999999996,False,broad_institutional,4,high
BAC_PM,us,16.1923,16.1791,0.005908887999000001,4.934,20,0.01320000000000121,False,fragmented_or_mixed,4,high
BAC_PN,us,17.1979,17.1979,0.005648123471,4.9285,20,0.0,False,fragmented_or_mixed,4,high
BAC_PP,us,16.0625,16.0625,0.005676006107000002,4.9344,20,0.0,False,fragmented_or_mixed,4,high
BAER,us,60.0204,54.3498,0.045061570813999995,16.6985,20,5.6706,False,broad_institutional,4,high
BAFN,us,34.7748,34.1264,0.011846111612000002,6.9717,20,0.6484000000000023,False,fragmented_or_mixed,4,high
BAH,us,101.3052,61.4338,0.027332934213000003,9.1926,20,39.8714,True,data_anomaly,3,medium
BAK,us,3.7803,3.307,8.736452e-05,0.4504,20,0.47330000000000005,False,fragmented_or_mixed,4,high
BALL,us,92.5796000000002,51.933,0.02018160911,6.5261,20,40.6466000000002,False,broad_institutional,4,high
BALY,us,90.1924,89.073,0.45352922510199994,66.357,20,1.119400000000013,False,dominant_holder,4,high
BAM,us,93.6818000000003,83.5077,0.531227771863,72.8271,20,10.174100000000294,False,dominant_holder,4,high
BANC,us,100.672,63.1665,0.03477342926100001,12.0291,20,37.5055,True,data_anomaly,3,medium
BAND,us,81.5170000000001,49.672,0.016746637192000004,7.642,20,31.8450000000001,False,broad_institutional,4,high
BANF,us,89.0484,75.6694,0.059993304754,14.6136,20,13.379000000000005,False,broad_institutional,4,high
BANL,us,65.7004,65.7004,0.2861324228,52.3872,16,0.0,False,dominant_holder,4,high
BANR,us,96.9552000000002,65.1208,0.03804152336399999,13.4626,20,31.8344000000002,False,broad_institutional,4,high
BANX,us,18.1451,17.9697,0.009253692509000001,9.1354,20,0.17539999999999978,False,fragmented_or_mixed,4,high
BAOS,us,1.6795,1.6795,0.000141851749,1.0798,11,0.0,False,fragmented_or_mixed,4,high
BAP,us,98.7770000000001,56.4905,0.033302626790999997,14.6116,20,42.2865000000001,False,broad_institutional,4,high
BARK,us,62.9634,57.6144,0.034560122443999995,12.854,20,5.348999999999997,False,broad_institutional,4,high
BATL,us,47.167,46.5439,0.05276410138900001,18.1244,20,0.6231000000000009,False,fragmented_or_mixed,4,high
BATRA,us,81.9028000000002,67.6539,0.10275942749099998,30.1849,20,14.248900000000205,False,dominant_holder,4,high
BATRK,us,96.8128000000001,60.2741,0.022807746541000002,5.6043,20,36.5387000000001,False,broad_institutional,4,high
BAX,us,107.5388,76.0047,0.04972264156700001,12.494,20,31.534099999999995,True,data_anomaly,3,medium
BAYA,us,99.4592,99.4592,0.24403761969600002,42.3905,20,0.0,False,dominant_holder,4,high
BAYAR,us,,,,,20,,False,insufficient_data,0,low
BAYAU,us,0.2609,0.2609,3.3914450000000004e-06,0.1383,7,0.0,False,fragmented_or_mixed,4,high
BB,us,54.9093000000001,42.0859,0.013871783928999999,5.9491,20,12.823400000000099,False,broad_institutional,4,high
BBAI,us,43.6431000000001,31.922,0.009055733285999998,6.4568,20,11.721100000000103,False,fragmented_or_mixed,4,high
BBAI_T,us,,,,,20,,False,insufficient_data,0,low
BBAR,us,8.61969999999999,7.6496,0.00048218545200000003,1.3063,20,0.9700999999999889,False,fragmented_or_mixed,4,high
BBBY,us,64.9752000000001,48.214,0.021417033024,7.5731,20,16.761200000000102,False,broad_institutional,4,high
BBCP,us,92.6187,81.8812,0.14873285282800003,30.7126,20,10.737499999999997,False,dominant_holder,4,high
BBCQ,us,57.3158,54.9705,0.024128677231000005,7.8261,20,2.3453000000000017,False,broad_institutional,4,high
BBCQU,us,1.5248,1.5248,5.300966999999999e-05,0.4704,8,0.0,False,fragmented_or_mixed,4,high
BBD,us,25.5095,17.856,0.0023223947859999997,2.972,20,7.6534999999999975,False,fragmented_or_mixed,4,high
BBDC,us,49.3726,37.9764,0.021837757916,13.0265,20,11.3962,False,fragmented_or_mixed,4,high
BBDO,us,0.2662,0.2594,2.5852180000000007e-06,0.1413,20,0.006799999999999973,False,fragmented_or_mixed,4,high
BBGI,us,49.6278,48.9362,0.020517407597999998,7.0678,20,0.6916000000000011,False,fragmented_or_mixed,4,high
BBIO,us,103.1626,60.3763,0.024625312046999998,6.7706,20,42.7863,True,data_anomaly,3,medium
BBLG,us,1.9422,1.9422,0.00010046406,0.6173,20,0.0,False,fragmented_or_mixed,4,high
BBLGW,us,,,,,3,,False,insufficient_data,0,low
BBNX,us,114.146,93.711,0.065870615252,13.3421,20,20.435000000000002,True,data_anomaly,3,medium
BBOT,us,97.6075,88.7364,0.100051621272,22.3184,20,8.871099999999998,False,dominant_holder,4,high
BBSI,us,95.1124000000001,63.5234,0.028394292658,6.9516,20,31.58900000000009,False,broad_institutional,4,high
BBT,us,96.4864000000001,69.0619,0.041165441499,13.3299,20,27.42450000000011,False,broad_institutional,4,high
BBUC,us,90.3088000000001,87.6848,0.49042498818599994,69.3761,20,2.624000000000109,False,dominant_holder,4,high
BBVA,us,3.62160000000001,2.6096,5.691677199999999e-05,0.5283,20,1.0120000000000102,False,fragmented_or_mixed,4,high
BBW,us,112.108,74.0683,0.037374910463000004,8.1753,20,38.03970000000001,True,data_anomaly,3,medium
BBWI,us,107.1034,64.8543,0.032745166257,8.7644,20,42.2491,True,data_anomaly,3,medium
BBY,us,107.211,56.8764,0.025166534538000003,7.8889,20,50.3346,True,data_anomaly,3,medium
BC,us,108.7395,63.6797,0.027597715029,8.488,20,45.05980000000001,True,data_anomaly,3,medium
BCAB,us,28.6819,26.8833,0.008284594686999996,6.5154,20,1.7986000000000004,False,fragmented_or_mixed,4,high
BCAL,us,89.1795000000001,65.5949,0.033299910131,8.3554,20,23.58460000000011,False,broad_institutional,4,high
BCAR,us,105.266,81.1369,0.039009441041,7.6209,20,24.129100000000008,True,data_anomaly,3,medium
BCARU,us,1.7461,1.7461,7.875830299999999e-05,0.7,20,0.0,False,fragmented_or_mixed,4,high
BCAX,us,109.9878,87.9712,0.055758377491999994,11.0435,20,22.016599999999997,True,data_anomaly,3,medium
BCBP,us,53.6323,39.8409,0.012501853997000002,5.7322,20,13.791400000000003,False,broad_institutional,4,high
BCC,us,100.259,66.8006,0.044489375676,15.2071,20,33.4584,True,data_anomaly,3,medium
BCDA,us,30.0925,29.4745,0.010880566458999999,5.3748,20,0.6180000000000021,False,fragmented_or_mixed,4,high
BCE,us,53.4153000000003,34.573,0.0077046048240000005,4.0118,20,18.8423000000003,False,broad_institutional,4,high
BCG,us,83.0374,83.0374,0.304358719532,53.6085,20,0.0,False,dominant_holder,4,high
BCGWW,us,,,,,3,,False,insufficient_data,0,low
BCH,us,2.4131,1.7674,2.0593812000000002e-05,0.2392,20,0.6456999999999999,False,fragmented_or_mixed,4,high
BCIC,us,18.5802,15.7404,0.0021736915800000004,3.0573,20,2.839800000000002,False,fragmented_or_mixed,4,high
BCLI,us,10.5547,10.5547,0.0014502644970000001,2.4997,20,0.0,False,fragmented_or_mixed,4,high
BCML,us,71.7758000000001,57.4635,0.029320146467,9.3372,20,14.3123000000001,False,broad_institutional,4,high
BCO,us,103.3369,64.6443,0.032207101232999996,11.0629,20,38.6926,True,data_anomaly,3,medium
BCOW,us,4.0861,4.0861,0.001669621321,4.0861,20,0.0,False,fragmented_or_mixed,4,high
BCPC,us,93.3062000000001,56.204,0.03255539674999999,13.6282,20,37.1022000000001,False,broad_institutional,4,high
BCRX,us,96.166,58.9748,0.024339001444,7.2162,20,37.191199999999995,False,broad_institutional,4,high
BCS,us,8.7878,6.1378,0.00081029178,2.7083,20,2.6500000000000004,False,fragmented_or_mixed,4,high
BCSF,us,55.8363,44.6239,0.038380265310999986,18.2252,20,11.212400000000002,False,broad_institutional,4,high
BCSS,us,69.4118,50.6368,0.016772884026000003,6.3966,20,18.775,False,broad_institutional,4,high
BCSS_U,us,10.6291,10.6288,0.001866835436,3.4115,20,0.0002999999999993008,False,fragmented_or_mixed,4,high
BCTX,us,5.2714,5.2687,0.00034216320300000004,0.9874,20,0.0026999999999999247,False,fragmented_or_mixed,4,high
BCTXW,us,,,,,12,,False,insufficient_data,0,low
BCV,us,42.0872,36.7372,0.010924957958,5.4067,20,5.350000000000001,False,fragmented_or_mixed,4,high
BCV_PA,us,6.2616,6.2616,0.003046721,5.4614,2,0.0,False,fragmented_or_mixed,4,high
BCYC,us,74.0059999999999,62.393,0.06233489993799999,21.6848,20,11.6129999999999,False,dominant_holder,4,high
BDC,us,108.9084,71.1223,0.043372182553,11.2073,20,37.786100000000005,True,data_anomaly,3,medium
BDCI,us,94.0939,68.9692,0.027202742900000004,7.0294,20,25.124700000000004,False,broad_institutional,4,high
BDCIU,us,5.3145,5.3145,0.00044898606099999993,1.7272,20,0.0,False,fragmented_or_mixed,4,high
BDL,us,89.9588,89.95,0.301795231416,52.9415,20,0.008799999999993702,False,dominant_holder,4,high
BDMD,us,63.6811,63.6811,0.217424681195,44.7175,20,0.0,False,dominant_holder,4,high
BDMDW,us,,,,,20,,False,insufficient_data,0,low
BDN,us,83.4544000000002,54.6025,0.021935731957,9.5873,20,28.851900000000207,False,broad_institutional,4,high
BDRX,us,9.4524,9.4524,0.004561205941999999,6.2121,20,0.0,False,fragmented_or_mixed,4,high
BDSX,us,81.7663999999999,75.2957,0.07908062527899999,22.3373,20,6.470699999999908,False,dominant_holder,4,high
BDTX,us,67.7401,54.8697,0.029053913330999995,10.8321,20,12.870399999999997,False,broad_institutional,4,high
BDX,us,99.9725000000005,52.1935,0.019992727883,6.7107,20,47.779000000000494,False,broad_institutional,4,high
BE,us,95.4969000000002,52.8536,0.023054821550000004,9.6823,20,42.643300000000195,False,broad_institutional,4,high
BEAG,us,103.3735,78.8866,0.041421211263999995,9.7704,20,24.486900000000006,True,data_anomaly,3,medium
BEAGR,us,,,,,20,,False,insufficient_data,0,low
BEAGU,us,14.0231,14.0231,0.012571825626999999,11.032,20,0.0,False,fragmented_or_mixed,4,high
BEAM,us,106.5146,81.463,0.054454957420000005,11.7939,20,25.051600000000008,True,data_anomaly,3,medium
BEAT,us,23.1792,21.1879,0.005164121474999999,5.675,20,1.9913000000000025,False,fragmented_or_mixed,4,high
BEATW,us,,,,,9,,False,insufficient_data,0,low
BEBE,us,57.4035,57.3169,0.024982892791,7.3333,20,0.08660000000000423,False,broad_institutional,4,high
BEBE_U,us,16.4755,16.4755,0.0060853026549999994,6.0,20,0.0,False,fragmented_or_mixed,4,high
BEDU,us,0.0,0.0,0.0,0.0,10,0.0,False,fragmented_or_mixed,4,high
BEEM,us,19.5226,18.7153,0.004290997196999999,3.7717,20,0.8073000000000015,False,fragmented_or_mixed,4,high
BEEP,us,76.7106,74.7787,0.353192413253,58.9722,20,1.9318999999999988,False,dominant_holder,4,high
BEKE,us,15.0755,10.1318,0.000747654954,1.7902,20,4.9437,False,fragmented_or_mixed,4,high
BELFA,us,79.7615,68.2191,0.052104388216999996,18.058,20,11.5424,False,broad_institutional,4,high
BELFB,us,93.4442000000001,58.0329,0.021944283346999997,6.2478,20,35.4113000000001,False,broad_institutional,4,high
BEN,us,99.1784000000002,76.2141,0.08780283080500002,20.0531,20,22.964300000000193,False,dominant_holder,4,high
BENF,us,94.6463,94.6392,0.6595180769580001,80.8266,20,0.007099999999994111,False,dominant_holder,4,high
BENFW,us,,,,,20,,False,insufficient_data,0,low
BEP,us,63.8349000000001,51.9929,0.07560685247299999,26.5719,20,11.842000000000098,False,dominant_holder,4,high
BEPC,us,101.696,66.5728,0.10152162699000002,30.3489,20,35.1232,True,data_anomaly,3,medium
BEP_PA,us,47.8162,47.8162,0.034443304965999996,10.1236,11,0.0,False,fragmented_or_mixed,4,high
BERZ,us,0.0,0.0,0.0,0.0,8,0.0,False,fragmented_or_mixed,4,high
BESS,us,50.1705,50.1705,0.081991423175,22.364,10,0.0,False,dominant_holder,4,high
BETA,us,77.8698,70.7126,0.055874519559999995,14.805,20,7.157200000000003,False,broad_institutional,4,high
BETR,us,73.5465,60.9751,0.029116146859,9.5837,20,12.571399999999997,False,broad_institutional,4,high
BETRW,us,,,,,20,,False,insufficient_data,0,low
BFAC,us,0.3624,0.3624,3.389978e-06,0.1678,20,0.0,False,fragmented_or_mixed,4,high
BFAM,us,119.0106,68.7635,0.028525255381,7.3069,20,50.2471,True,data_anomaly,3,medium
BFC,us,47.4014000000001,34.6216,0.01136797607,6.0593,20,12.779800000000101,False,fragmented_or_mixed,4,high
BFH,us,119.1589,73.2416,0.038480481178,10.1691,20,45.9173,True,data_anomaly,3,medium
BFK,us,0.3436,0.3436,4.895036000000001e-06,0.2105,20,0.0,False,fragmented_or_mixed,4,high
BFLY,us,64.8781,46.1596,0.015719894836,6.1383,20,18.718500000000006,False,broad_institutional,4,high
BFLY_T,us,,,,,20,,False,insufficient_data,0,low
BFRG,us,16.0216,15.9925,0.016404691859,12.7683,20,0.02909999999999968,False,fragmented_or_mixed,4,high
BFRI,us,35.3644,35.3499,0.017069397604999998,8.6571,20,0.014500000000005286,False,fragmented_or_mixed,4,high
BFRIW,us,,,,,10,,False,insufficient_data,0,low
BFS,us,94.5006000000001,81.6506,0.21630172112600002,44.8898,20,12.850000000000108,False,dominant_holder,4,high
BFST,us,59.7895,37.4964,0.011590193067999997,6.4024,20,22.293099999999995,False,broad_institutional,4,high
BFS_PD,us,0.0,0.0,0.0,0.0,2,0.0,False,fragmented_or_mixed,4,high
BFS_PE,us,47.6994,47.6994,0.08421209648200001,27.688,10,0.0,False,dominant_holder,4,high
BFZ,us,3.3668,3.3668,0.0009021425139999999,2.9938,20,0.0,False,fragmented_or_mixed,4,high
BFA,us,88.5737000000001,85.5312,0.37781998830799984,60.3045,20,3.0425000000001035,False,dominant_holder,4,high
BFB,us,75.3620000000006,44.1447,0.013269921215,5.0527,20,31.217300000000606,False,broad_institutional,4,high
BG,us,97.9731000000002,73.1256,0.06726026451199998,16.9088,20,24.847500000000196,False,broad_institutional,4,high
BGC,us,83.6647000000002,54.8228,0.032417056438000004,13.3947,20,28.841900000000194,False,broad_institutional,4,high
BGDE,us,43.94,43.94,0.091858823962,28.0733,20,0.0,False,dominant_holder,4,high
BGFV,us,6.0751,6.0751,0.001562307377,3.8854,20,0.0,False,fragmented_or_mixed,4,high
BGI,us,76.241,76.241,0.307872700766,49.4583,20,0.0,False,dominant_holder,4,high
BGIN,us,52.2573,52.2573,0.180092250169,41.8602,11,0.0,False,dominant_holder,4,high
BGL,us,47.0352,46.9587,0.042829830353,14.8533,20,0.0765000000000029,False,fragmented_or_mixed,4,high
BGLC,us,35.695,35.695,0.039011036246,16.23,19,0.0,False,fragmented_or_mixed,4,high
BGLWW,us,,,,,20,,False,insufficient_data,0,low
BGM,us,44.5356,44.5356,0.02814309590799999,10.027,20,0.0,False,fragmented_or_mixed,4,high
BGMS,us,40.1064,40.1064,0.040901566916000005,16.7774,20,0.0,False,fragmented_or_mixed,4,high
BGMSP,us,1.3913,1.3913,0.000193571569,1.3913,4,0.0,False,fragmented_or_mixed,4,high
BGS,us,70.1310000000001,46.2437,0.014841300051000001,6.4363,20,23.887300000000103,False,broad_institutional,4,high
BGSF,us,41.7673,37.3887,0.012409236519,5.8877,20,4.378599999999999,False,fragmented_or_mixed,4,high
BGSI,us,88.7981,59.1347,0.026576796706999996,8.1394,20,29.663400000000003,False,broad_institutional,4,high
BH,us,97.4622000000001,89.692,0.46144481045,67.5695,20,7.770200000000102,False,dominant_holder,4,high
BHAC,us,90.2583,89.3627,0.17306054310299998,32.9259,20,0.8956000000000017,False,dominant_holder,4,high
BHAT,us,29.9705,29.9705,0.049946878710999995,20.012,20,0.0,False,dominant_holder,4,high
BHAV,us,30.2862,30.2862,0.027394404227999998,11.8377,6,0.0,False,fragmented_or_mixed,4,high
BHAVR,us,,,,,1,,False,insufficient_data,0,low
BHAVU,us,1.4215,1.4215,0.00017612562499999995,1.3235,2,0.0,False,fragmented_or_mixed,4,high
BHB,us,69.6005,45.5764,0.016537543346,6.8845,20,24.024099999999997,False,broad_institutional,4,high
BHC,us,76.5032,61.6025,0.060194796545,19.6146,20,14.900700000000008,False,broad_institutional,4,high
BHE,us,109.089,72.2902,0.04731459594399999,13.9032,20,36.7988,True,data_anomaly,3,medium
BHF,us,97.5228000000003,62.9598,0.029143951494,8.2232,20,34.5630000000003,False,broad_institutional,4,high
BHFAP,us,27.5459,27.5459,0.015222035868999999,6.6718,19,0.0,False,fragmented_or_mixed,4,high
BHIL,us,31.689,31.689,0.028703455894000002,13.9856,20,0.0,False,fragmented_or_mixed,4,high
BHM,us,59.2517,57.0823,0.035249196474999994,12.3126,20,2.169400000000003,False,broad_institutional,4,high
BHP,us,4.35420000000002,2.8319,0.00011153338900000001,0.9396,20,1.52230000000002,False,fragmented_or_mixed,4,high
BHR,us,71.9834000000001,55.6064,0.027760161086,9.4832,20,16.377000000000102,False,broad_institutional,4,high
BHRB,us,49.732,34.4991,0.009194302466999999,5.8442,20,15.2329,False,fragmented_or_mixed,4,high
BHR_PB,us,49.4671,49.4671,0.052348246289,17.642,20,0.0,False,fragmented_or_mixed,4,high
BHR_PD,us,17.9388,17.9388,0.022354637450000006,14.5661,3,0.0,False,fragmented_or_mixed,4,high
BHST,us,22.8139,22.7735,0.019647817731,13.4185,20,0.04040000000000177,False,fragmented_or_mixed,4,high
BHVN,us,98.4170000000002,61.6873,0.027804854016999996,6.8324,20,36.7297000000002,False,broad_institutional,4,high
BHA,us,98.5814,95.9119,0.5414370430189999,73.1499,20,2.6694999999999993,False,dominant_holder,4,high
BIAF,us,8.8881,8.7135,0.000592986413,0.9589,20,0.17459999999999987,False,fragmented_or_mixed,4,high
BIDU,us,23.6249999999999,13.9133,0.0027445741650000003,4.0243,20,9.711699999999901,False,fragmented_or_mixed,4,high
BIG,us,5.6199,5.6199,0.0029453431789999997,5.4247,20,0.0,False,fragmented_or_mixed,4,high
BIIB,us,97.6887000000002,55.6404,0.027984928164000004,9.9959,20,42.0483000000002,False,broad_institutional,4,high
BIII,us,46.4743,46.3363,0.018497396177,8.2609,20,0.13799999999999812,False,fragmented_or_mixed,4,high
BIII_U,us,27.706,27.706,0.008931210314000002,5.7971,18,0.0,False,fragmented_or_mixed,4,high
BILI,us,8.19609999999999,5.7643,0.00034704448699999997,1.4404,20,2.43179999999999,False,fragmented_or_mixed,4,high
BILL,us,121.5139,83.6035,0.044305340241,8.6749,20,37.91040000000001,True,data_anomaly,3,medium
BIMI,us,0.0,0.0,0.0,0.0,9,0.0,False,fragmented_or_mixed,4,high
BINI,us,14.2138,14.2138,0.01183065058,10.3185,20,0.0,False,fragmented_or_mixed,4,high
BIO,us,107.1435,71.1753,0.040321871989,11.7795,20,35.96820000000001,True,data_anomaly,3,medium
BIOA,us,71.0551000000001,54.069,0.020509624271999996,7.2733,20,16.986100000000093,False,broad_institutional,4,high
BIOL,us,0.0,0.0,0.0,0.0,4,0.0,False,fragmented_or_mixed,4,high
BIOR,us,83.8019,83.8019,0.574974466909,75.5308,20,0.0,False,dominant_holder,4,high
BIOX,us,42.2359,41.5098,0.028511219322000004,9.8177,20,0.7261000000000024,False,fragmented_or_mixed,4,high
BIOB,us,98.2857,98.2857,0.658352851469,80.2218,19,0.0,False,dominant_holder,4,high
BIPC,us,72.5130000000002,40.6373,0.010701148179,4.7882,20,31.8757000000002,False,broad_institutional,4,high
BIP_PA,us,49.0858,49.0858,0.041674392734,13.3075,15,0.0,False,fragmented_or_mixed,4,high
BIP_PB,us,31.6816,31.6816,0.040919878603999996,18.625,12,0.0,False,fragmented_or_mixed,4,high
BIRD,us,57.8506,56.5416,0.05414862998199999,13.1456,20,1.3089999999999975,False,broad_institutional,4,high
BIRK,us,112.555,97.3736,0.31211924758200005,54.0583,20,15.18140000000001,True,data_anomaly,3,medium
BITF,us,54.7389000000001,37.0326,0.00913688686,4.9523,20,17.7063000000001,False,broad_institutional,4,high
BIVI,us,14.0861,13.7596,0.0030634817299999995,4.906,20,0.32649999999999935,False,fragmented_or_mixed,4,high
BIXI,us,62.0701,54.8643,0.020833999611000003,7.05,20,7.205799999999996,False,broad_institutional,4,high
BIXIU,us,18.3094,18.1584,0.004368730285999999,5.4897,20,0.1509999999999998,False,fragmented_or_mixed,4,high
BIYA,us,0.0109,0.0109,1.1674000000000002e-08,0.0108,20,0.0,False,fragmented_or_mixed,4,high
BJ,us,108.7971,62.2494,0.026369571232,8.5827,20,46.5477,True,data_anomaly,3,medium
BJDX,us,14.9625,14.9625,0.002663355145,2.8132,20,0.0,False,fragmented_or_mixed,4,high
BJRI,us,112.8126,80.4379,0.047687414714999994,13.4237,20,32.374700000000004,True,data_anomaly,3,medium
BK,us,89.1661000000004,46.9405,0.016399552971,6.5831,20,42.2256000000004,False,broad_institutional,4,high
BKD,us,111.2524,65.4964,0.025392971474,6.7738,20,45.756,True,data_anomaly,3,medium
BKE,us,100.6522,74.3687,0.11443325447700001,31.4453,20,26.28349999999999,True,data_anomaly,3,medium
BKH,us,100.4788,61.7353,0.034763264367,13.6613,20,38.743500000000004,True,data_anomaly,3,medium
BKHA,us,104.5076,103.7687,0.25228768410100005,47.2003,20,0.738900000000001,True,data_anomaly,2,medium
BKHAR,us,,,,,20,,False,insufficient_data,0,low
BKHAU,us,0.0841,0.0841,2.50403e-07,0.0371,20,0.0,False,fragmented_or_mixed,4,high
BKKT,us,56.4046,51.8129,0.07441871019099998,20.3082,20,4.591700000000003,False,dominant_holder,4,high
BKKT_T,us,,,,,18,,False,insufficient_data,0,low
BKN,us,0.3281,0.3281,3.874389e-06,0.1731,20,0.0,False,fragmented_or_mixed,4,high
BKNG,us,101.644900000002,47.3278,0.016140118635999994,6.6992,20,54.31710000000199,True,data_anomaly,3,medium
BKR,us,100.9288,58.2109,0.023702363227000003,6.5472,20,42.71789999999999,True,data_anomaly,3,medium
BKSY,us,75.0670999999999,49.3975,0.015549988057000001,5.5704,20,25.669599999999896,False,broad_institutional,4,high
BKSY_T,us,,,,,20,,False,insufficient_data,0,low
BKTI,us,80.1598000000001,55.9965,0.020314109043,6.6653,20,24.163300000000106,False,broad_institutional,4,high
BKU,us,105.8555,68.8125,0.04224761171299999,13.9421,20,37.043000000000006,True,data_anomaly,3,medium
BKV,us,98.7644000000001,85.5624,0.4032251944259999,63.2555,20,13.202000000000098,False,dominant_holder,4,high
BKYI,us,15.3849,15.3849,0.004520085259000001,5.4821,20,0.0,False,fragmented_or_mixed,4,high
BL,us,119.9387,83.9444,0.051075680936,12.1265,20,35.994299999999996,True,data_anomaly,3,medium
BLBD,us,115.3431,61.5384,0.027122390838,9.0025,20,53.804700000000004,True,data_anomaly,3,medium
BLBX,us,14.0369,13.304,0.003234108321999999,4.1765,20,0.732899999999999,False,fragmented_or_mixed,4,high
BLCO,us,98.4073999999999,96.2208,0.7565905905239998,86.9468,20,2.186599999999899,False,dominant_holder,4,high
BLD,us,104.7644,65.9547,0.033092663567,9.2886,20,38.80969999999999,True,data_anomaly,3,medium
BLDP,us,43.1003,34.8936,0.015054508130000002,10.2665,20,8.206699999999998,False,fragmented_or_mixed,4,high
BLDR,us,104.6427,53.5602,0.018949727046,6.5332,20,51.0825,True,data_anomaly,3,medium
BLE,us,0.0629,0.0629,1.7036299999999995e-07,0.0387,20,0.0,False,fragmented_or_mixed,4,high
BLFS,us,107.3984,71.5423,0.04909567115900001,13.2988,20,35.8561,True,data_anomaly,3,medium
BLFY,us,79.1998,68.4303,0.052319254911,13.4904,20,10.769499999999994,False,broad_institutional,4,high
BLIN,us,41.5706,41.5264,0.035625619844,14.0817,20,0.044199999999996464,False,fragmented_or_mixed,4,high
BLIV,us,51.7302,51.7302,0.19095807797,43.3932,10,0.0,False,dominant_holder,4,high
BLK,us,86.1637000000024,46.2844,0.015223704904000001,5.9527,20,39.879300000002395,False,broad_institutional,4,high
BLKB,us,103.1657,74.3301,0.07184429217300002,21.231,20,28.8356,True,data_anomaly,3,medium
BLLN,us,82.1668000000001,73.7449,0.067245865439,19.0316,20,8.421900000000093,False,broad_institutional,4,high
BLMN,us,94.3996000000002,61.5258,0.021513010152000002,6.5319,20,32.87380000000021,False,broad_institutional,4,high
BLMZ,us,67.2608,67.2608,0.112302577614,16.7556,20,0.0,False,dominant_holder,4,high
BLND,us,87.2901000000001,69.8717,0.034813541243000005,9.6823,20,17.41840000000009,False,broad_institutional,4,high
BLNE,us,46.0849,43.2829,0.035354630243,13.7274,20,2.8019999999999996,False,fragmented_or_mixed,4,high
BLNK,us,19.4634,17.3532,0.003954278366,4.6213,20,2.110199999999999,False,fragmented_or_mixed,4,high
BLRK,us,53.6421,50.6013,0.014239543951,4.6376,20,3.0407999999999973,False,broad_institutional,4,high
BLRKU,us,22.2985,21.5748,0.0038724430760000003,3.4783,20,0.7237000000000009,False,fragmented_or_mixed,4,high
BLRX,us,5.1995,5.1995,0.001605499769,3.9083,20,0.0,False,fragmented_or_mixed,4,high
BLSH,us,111.0615,102.8654,0.160522436438,26.058,20,8.196100000000001,True,data_anomaly,2,medium
BLTE,us,66.5074,64.4734,0.18928704695399998,42.6474,20,2.034000000000006,False,dominant_holder,4,high
BLUA,us,95.5503,95.5503,0.8067083246270003,89.7099,12,0.0,False,dominant_holder,4,high
BLUW,us,93.0940999999999,67.0291,0.030618616342999998,9.5639,20,26.0649999999999,False,broad_institutional,4,high
BLUWU,us,8.5304,8.5304,0.0013569922360000001,2.3092,20,0.0,False,fragmented_or_mixed,4,high
BLX,us,38.8963,31.3622,0.010821225456000002,6.5992,20,7.534099999999995,False,fragmented_or_mixed,4,high
BLZE,us,54.9981,39.1589,0.010845255043000001,5.5198,20,15.839199999999998,False,broad_institutional,4,high
BLZR,us,76.3977,58.0155,0.021177437195000003,8.0942,20,18.382199999999997,False,broad_institutional,4,high
BLZRU,us,10.4006,10.4006,0.002136109522,3.6364,20,0.0,False,fragmented_or_mixed,4,high
BMA,us,10.7902,9.1024,0.0006792833740000002,1.365,20,1.687800000000001,False,fragmented_or_mixed,4,high
BMBL,us,93.4963000000001,65.381,0.037685655868,13.8569,20,28.115300000000104,False,broad_institutional,4,high
BMEA,us,45.2712,42.3143,0.023376300936999998,12.1901,20,2.9568999999999974,False,fragmented_or_mixed,4,high
BMGL,us,54.6481,54.6481,0.29511585266100004,54.3243,20,0.0,False,dominant_holder,4,high
BMHL,us,76.5935,76.5935,0.158404276123,26.757,8,0.0,False,dominant_holder,4,high
BMI,us,114.3126,60.5412,0.037691312542,14.2144,20,53.7714,True,data_anomaly,3,medium
BML_PG,us,5.1713,5.1713,0.0023878158250000003,4.8777,4,0.0,False,fragmented_or_mixed,4,high
BML_PH,us,6.1491,6.1491,0.002902090073,5.3258,10,0.0,False,fragmented_or_mixed,4,high
BML_PJ,us,3.455,3.455,0.000714413286,2.6039,12,0.0,False,fragmented_or_mixed,4,high
BML_PL,us,8.5179,8.5179,0.0024242052230000004,4.5515,16,0.0,False,fragmented_or_mixed,4,high
BMM,us,36.4221,34.6321,0.015403179831000001,8.3036,20,1.7899999999999991,False,fragmented_or_mixed,4,high
BMNP,us,0.0494,0.0494,2.4403599999999995e-07,0.0494,1,0.0,False,fragmented_or_mixed,4,high
BMNR,us,34.2405000000002,24.0699,0.004098134036999999,3.3725,20,10.170600000000203,False,fragmented_or_mixed,4,high
BMO,us,53.8667000000004,31.0783,0.005642359403,2.8955,20,22.7884000000004,False,broad_institutional,4,high
BMR,us,31.5155,31.5103,0.059267851123000016,23.5085,20,0.005199999999998539,False,dominant_holder,4,high
BMRA,us,17.6442,17.6442,0.006462704966000001,7.0911,20,0.0,False,fragmented_or_mixed,4,high
BMRC,us,70.7366,47.6435,0.016475365825,6.7628,20,23.093099999999993,False,broad_institutional,4,high
BMRN,us,100.0045,61.85,0.029842561596,8.66,20,38.15449999999999,True,data_anomaly,3,medium
BMY,us,84.1717000000013,40.4846,0.013483114082,6.4797,20,43.687100000001294,False,broad_institutional,4,high
BN,us,80.9993000000006,44.9534,0.014428285786000002,7.4008,20,36.0459000000006,False,broad_institutional,4,high
BNAI,us,30.0931,28.1283,0.011822880145,7.1398,20,1.9648000000000003,False,fragmented_or_mixed,4,high
BNAIW,us,,,,,20,,False,insufficient_data,0,low
BNBX,us,16.7371,16.6845,0.003631303511,4.03,20,0.052600000000001756,False,fragmented_or_mixed,4,high
BNC,us,34.6046,33.6023,0.011043100847,5.2229,20,1.0022999999999982,False,fragmented_or_mixed,4,high
BNCWW,us,,,,,20,,False,insufficient_data,0,low
BNED,us,98.3832000000001,89.7865,0.136373182255,32.3547,20,8.596700000000098,False,dominant_holder,4,high
BNGO,us,16.8762,16.8493,0.004358612462999999,4.5752,20,0.026900000000001256,False,fragmented_or_mixed,4,high
BNIX,us,67.9149,67.522,0.06341305423,12.6894,20,0.39289999999999736,False,broad_institutional,4,high
BNKD,us,0.0,0.0,0.0,0.0,1,0.0,False,fragmented_or_mixed,4,high
BNKK,us,6.0385,6.0264,0.0005955274720000002,1.5952,20,0.012100000000000222,False,fragmented_or_mixed,4,high
BNKU,us,0.5,0.5,2.5e-05,0.5,1,0.0,False,fragmented_or_mixed,4,high
BNL,us,96.1533000000001,53.4475,0.027038797047000004,10.2528,20,42.7058000000001,False,broad_institutional,4,high
BNR,us,47.8171,47.8104,0.041480058497999996,11.9613,20,0.006700000000002149,False,fragmented_or_mixed,4,high
BNRG,us,1.4491,1.4491,7.072661100000001e-05,0.7479,20,0.0,False,fragmented_or_mixed,4,high
BNS,us,51.2460000000004,28.3895,0.004719611969,2.8977,20,22.8565000000004,False,broad_institutional,4,high
BNT,us,71.4545000000001,68.3702,0.16860121674200002,36.2256,20,3.0843000000000984,False,dominant_holder,4,high
BNTC,us,100.0959,91.0806,0.13864190539600002,33.6154,20,9.015299999999996,True,data_anomaly,3,medium
BNTX,us,78.1037000000003,69.2928,0.18749923784199996,40.217,20,8.810900000000302,False,dominant_holder,4,high
BNY,us,89.1661000000004,46.9405,0.016399552971,6.5831,20,42.2256000000004,False,broad_institutional,4,high
BNZI,us,1.3743,1.3727,2.9094697e-05,0.386,20,0.0016000000000000458,False,fragmented_or_mixed,4,high
BNZIW,us,,,,,20,,False,insufficient_data,0,low
BOBS,us,89.7812,87.1391,0.5355198365710002,73.0097,20,2.6420999999999992,False,dominant_holder,4,high
BOC,us,71.4698000000001,63.6223,0.053773939152999994,18.8608,20,7.847500000000103,False,broad_institutional,4,high
BODI,us,43.0568,39.8686,0.028135889644,14.8704,20,3.188200000000002,False,fragmented_or_mixed,4,high
BOF,us,32.1009,31.8115,0.014894816663,8.3419,20,0.2894000000000041,False,fragmented_or_mixed,4,high
BOH,us,92.4010000000002,61.5764,0.035354113923999994,13.4526,20,30.824600000000196,False,broad_institutional,4,high
BOKF,us,99.5987000000004,89.7135,0.39798436724500014,62.4928,20,9.88520000000041,False,dominant_holder,4,high
BOLD,us,72.3789,70.6371,0.054834765482999995,11.9872,20,1.7417999999999978,False,broad_institutional,4,high
BOLT,us,31.2898,31.2108,0.010576154126,7.1671,20,0.07900000000000063,False,fragmented_or_mixed,4,high
BON,us,0.2744,0.2744,6.831277999999999e-06,0.2612,16,0.0,False,fragmented_or_mixed,4,high
BOOM,us,84.3718000000001,59.4204,0.021361238730000003,6.2437,20,24.951400000000106,False,broad_institutional,4,high
BOOT,us,120.0907,60.5741,0.032927995657000005,13.7051,20,59.5166,True,data_anomaly,3,medium
BORR,us,75.0837000000001,56.2157,0.043081551103,14.9967,20,18.86800000000011,False,broad_institutional,4,high
BOSC,us,23.132,22.5361,0.007053060018999999,6.4983,20,0.5959000000000003,False,fragmented_or_mixed,4,high
BOT,us,0.0372,0.0372,1.1786400000000002e-07,0.0342,2,0.0,False,fragmented_or_mixed,4,high
BOTJ,us,41.6056,38.2986,0.01359798623,7.0853,20,3.307000000000002,False,fragmented_or_mixed,4,high
BOW,us,100.1389,79.5446,0.10778389283800004,27.3112,20,20.594300000000004,True,data_anomaly,3,medium
BOWN,us,1.6698,1.6698,0.00027882320400000004,1.6698,20,0.0,False,fragmented_or_mixed,4,high
BOX,us,105.2188,64.9562,0.04271111867400001,15.3166,20,40.262600000000006,True,data_anomaly,3,medium
BOXL,us,17.0437,17.0437,0.021519959437,14.6206,20,0.0,False,fragmented_or_mixed,4,high
BP,us,13.9841999999999,8.5239,0.0009060010650000001,2.5456,20,5.460299999999901,False,fragmented_or_mixed,4,high
BPAC,us,84.1906,83.7895,0.10959078706499999,27.4875,20,0.40109999999999957,False,dominant_holder,4,high
BPACR,us,,,,,20,,False,insufficient_data,0,low
BPACU,us,18.1079,18.1079,0.004965246127,4.2036,20,0.0,False,fragmented_or_mixed,4,high
BPOP,us,97.1979000000003,55.909,0.022925620266,7.6057,20,41.288900000000304,False,broad_institutional,4,high
BPRN,us,71.0652,58.1589,0.031212286370999997,11.4822,20,12.906300000000002,False,broad_institutional,4,high
BPTH,us,0.0034,0.0034,7.399999999999999e-10,0.0026,20,0.0,False,fragmented_or_mixed,4,high
BPYPN,us,46.9304,46.9304,0.041828224976,14.0112,17,0.0,False,fragmented_or_mixed,4,high
BPYPO,us,39.3485,39.3485,0.029068203085,11.0801,13,0.0,False,fragmented_or_mixed,4,high
BPYPP,us,15.6054,15.6054,0.006953071456,7.1144,12,0.0,False,fragmented_or_mixed,4,high
BQ,us,5.4148,5.4148,0.00127994982,3.188,20,0.0,False,fragmented_or_mixed,4,high
BR,us,98.0108000000003,49.6975,0.018833458816999996,6.5648,20,48.313300000000304,False,broad_institutional,4,high
BRAG,us,16.9162,16.8518,0.012833209451999998,11.1405,20,0.06439999999999912,False,fragmented_or_mixed,4,high
BRAI,us,64.9911,64.9911,0.35648127317500006,59.5245,10,0.0,False,dominant_holder,4,high
BRBI,us,0.4366,0.4366,1.3494819999999998e-05,0.3626,12,0.0,False,fragmented_or_mixed,4,high
BRBR,us,108.873,60.2775,0.025656880957,8.5536,20,48.5955,True,data_anomaly,3,medium
BRBS,us,66.7238,56.3636,0.060315271010000004,22.2421,20,10.360199999999999,False,dominant_holder,4,high
BRC,us,91.4581000000002,66.0156,0.032020716308000005,8.8915,20,25.442500000000194,False,broad_institutional,4,high
BRCB,us,110.827,78.332,0.039071067712,9.4373,20,32.495000000000005,True,data_anomaly,3,medium
BRCC,us,76.6818,65.6854,0.05437362021399999,16.0596,20,10.996399999999994,False,broad_institutional,4,high
BRFH,us,77.412,76.7141,0.06087999634499999,13.6265,20,0.6979000000000042,False,broad_institutional,4,high
BRIA,us,85.0912,85.0912,0.348163675052,56.7868,8,0.0,False,dominant_holder,4,high
BRID,us,86.8164,86.7726,0.6225111361900001,78.8424,20,0.0438000000000045,False,dominant_holder,4,high
BRKH,us,46.4392,41.6965,0.017919693907,10.2819,20,4.742699999999999,False,fragmented_or_mixed,4,high
BRKR,us,117.7292,85.4982,0.102389576656,26.5432,20,32.23100000000001,True,data_anomaly,3,medium
BRKRP,us,94.742,89.8598,0.08011551606599997,18.1159,20,4.882199999999997,False,broad_institutional,4,high
BRKA,us,82.2298000000035,75.5569,0.17355630460500002,37.2338,20,6.672900000003494,False,dominant_holder,4,high
BRKB,us,67.2907000000066,35.3531,0.015618824931000003,8.397,20,31.937600000006597,False,broad_institutional,4,high
BRLS,us,45.5378,45.5378,0.05586591111999999,14.7249,20,0.0,False,fragmented_or_mixed,4,high
BRLSW,us,,,,,20,,False,insufficient_data,0,low
BRLT,us,36.1501,33.8666,0.010470936626,6.4722,20,2.2835000000000036,False,fragmented_or_mixed,4,high
BRN,us,70.3122,67.9468,0.057550910513999985,18.6571,20,2.365400000000008,False,broad_institutional,4,high
BRNS,us,63.9258,63.873,0.077522680828,21.5374,20,0.05280000000000484,False,dominant_holder,4,high
BRO,us,99.3520000000003,59.32,0.028397856659999998,10.6204,20,40.0320000000003,False,broad_institutional,4,high
BROS,us,104.16,58.5961,0.022648640863000002,8.1857,20,45.5639,True,data_anomaly,3,medium
BRR,us,60.5647,52.9186,0.03515159644599999,15.843,20,7.646100000000004,False,broad_institutional,4,high
BRSH,us,0.0,0.0,0.0,0.0,2,0.0,False,fragmented_or_mixed,4,high
BRSL,us,97.4676000000002,80.9353,0.22601407568899998,46.504,20,16.532300000000205,False,dominant_holder,4,high
BRSP,us,77.9108,55.7928,0.023822296542,8.4388,20,22.117999999999995,False,broad_institutional,4,high
BRT,us,78.1621000000001,64.3414,0.06276759218400002,22.5779,20,13.820700000000102,False,dominant_holder,4,high
BRTX,us,18.0172,18.0172,0.008429048917999999,7.0145,20,0.0,False,fragmented_or_mixed,4,high
BRUN,us,94.7144,85.6886,0.08190244138,17.1004,20,9.025800000000004,False,broad_institutional,4,high
BRX,us,106.4073,59.5864,0.030856300548,10.4456,20,46.82090000000001,True,data_anomaly,3,medium
BRY,us,1.7032,1.7032,4.9792484e-05,0.4532,20,0.0,False,fragmented_or_mixed,4,high
BRZE,us,103.7598,62.2569,0.023157561829000004,6.0104,20,41.5029,True,data_anomaly,3,medium
BSAA,us,100.157,95.6396,0.11076752727399998,27.4214,20,4.517399999999995,True,data_anomaly,3,medium
BSAAR,us,,,,,20,,False,insufficient_data,0,low
BSAAU,us,18.6632,18.6632,0.0073929965159999994,5.5784,20,0.0,False,fragmented_or_mixed,4,high
BSAC,us,5.2251,4.1102,0.00013193489000000002,0.7266,20,1.1149000000000004,False,fragmented_or_mixed,4,high
BSBK,us,75.9897999999999,75.924,0.4396892665520001,66.1607,20,0.06579999999989639,False,dominant_holder,4,high
BSBR,us,14.394,14.3298,0.018757669168,13.6927,20,0.06419999999999959,False,fragmented_or_mixed,4,high
BSET,us,76.5604,63.5792,0.034653543138,8.7352,20,12.981200000000001,False,broad_institutional,4,high
BSFC,us,2.7104,2.7104,0.00016577245600000003,0.8837,16,0.0,False,fragmented_or_mixed,4,high
BSIN,us,53.3051,51.8226,0.03239963798200001,11.5733,20,1.4825000000000017,False,broad_institutional,4,high
BSLK,us,19.1007,19.1007,0.005372161115,5.2314,20,0.0,False,fragmented_or_mixed,4,high
BSLKW,us,,,,,20,,False,insufficient_data,0,low
BSP,us,39.3013,39.3013,0.030373026682999994,11.1897,14,0.0,False,fragmented_or_mixed,4,high
BSRR,us,70.8879000000001,52.8341,0.021470365814999996,8.183,20,18.053800000000102,False,broad_institutional,4,high
BSVN,us,90.3393,80.9904,0.08875340982799998,18.6851,20,9.3489,False,broad_institutional,4,high
BSX,us,95.0732000000011,41.9847,0.015144558964999999,6.4864,20,53.0885000000011,False,broad_institutional,4,high
BSY,us,96.1247000000002,72.4462,0.04439865635,13.2139,20,23.6785000000002,False,broad_institutional,4,high
BTA,us,2.369,2.369,0.00044242089399999985,2.0944,20,0.0,False,fragmented_or_mixed,4,high
BTAI,us,22.5257,21.8786,0.008641573625999998,6.2724,20,0.6471000000000018,False,fragmented_or_mixed,4,high
BTBD,us,37.1045,37.1045,0.04464510823300001,17.6552,20,0.0,False,fragmented_or_mixed,4,high
BTBDW,us,,,,,10,,False,insufficient_data,0,low
BTBT,us,48.9254000000001,35.3316,0.01000056382,6.6771,20,13.593800000000101,False,fragmented_or_mixed,4,high
BTCS,us,42.7649,39.5596,0.015065471714,6.8318,20,3.205299999999994,False,fragmented_or_mixed,4,high
BTCT,us,10.7957,10.7957,0.0025221302670000003,2.8012,20,0.0,False,fragmented_or_mixed,4,high
BTCY,us,4.1547,4.1547,0.000847610787,2.6539,20,0.0,False,fragmented_or_mixed,4,high
BTDR,us,98.2097000000001,75.3106,0.060839895097999995,18.9678,20,22.899100000000104,False,broad_institutional,4,high
BTE,us,56.9417,40.0171,0.011197740973000001,5.5894,20,16.924599999999998,False,broad_institutional,4,high
BTG,us,69.8951,42.7393,0.014172566689,7.2191,20,27.1558,False,broad_institutional,4,high
BTGO,us,45.9766,44.9411,0.03351055249899999,11.7069,20,1.035499999999999,False,fragmented_or_mixed,4,high
BTI,us,15.5231,10.4949,0.0012121191310000001,2.2561,20,5.0282,False,fragmented_or_mixed,4,high
BTM,us,49.3438,47.7563,0.029235305895,12.5789,20,1.5874999999999986,False,fragmented_or_mixed,4,high
BTMD,us,77.7928000000001,69.0536,0.06331169248599998,15.2408,20,8.739200000000096,False,broad_institutional,4,high
BTMWW,us,,,,,20,,False,insufficient_data,0,low
BTOC,us,68.9761,68.9761,0.35631686760699993,59.1949,20,0.0,False,dominant_holder,4,high
BTOG,us,0.7839,0.7839,2.7514663000000005e-05,0.4772,20,0.0,False,fragmented_or_mixed,4,high
BTQ,us,51.2291,48.8681,0.098350038049,30.2844,20,2.361000000000004,False,dominant_holder,4,high
BTSG,us,105.8288,72.7121,0.047650310493,13.5996,20,33.116699999999994,True,data_anomaly,3,medium
BTSGU,us,47.9913,47.0469,0.031303993103,14.4343,20,0.9444000000000017,False,fragmented_or_mixed,4,high
BTTC,us,61.4605,61.4605,0.07393657362499999,21.7558,20,0.0,False,dominant_holder,4,high
BTU,us,109.4921,75.0669,0.04770157000899999,13.578,20,34.42519999999999,True,data_anomaly,3,medium
BUD,us,5.51160000000003,3.8825,0.0003563642690000002,1.7171,20,1.62910000000003,False,fragmented_or_mixed,4,high
BUDA,us,86.991,86.991,0.144859763558,23.115,20,0.0,False,dominant_holder,4,high
BUG,us,44.8173,30.3556,0.009052814464000001,5.2259,20,14.461700000000004,False,fragmented_or_mixed,4,high
BUI_R,us,,,,,20,,False,insufficient_data,0,low
BUI_R_W,us,,,,,20,,False,insufficient_data,0,low
BULL,us,67.8607,57.8809,0.028853847579,8.3923,20,9.979799999999997,False,broad_institutional,4,high
BULZ,us,0.4907,0.4907,1.1740523e-05,0.3235,19,0.0,False,fragmented_or_mixed,4,high
BUR,us,93.7952,60.733,0.02582437997,8.1702,20,33.0622,False,broad_institutional,4,high
BURL,us,107.1536,64.9926,0.034756645960000006,9.8007,20,42.161,True,data_anomaly,3,medium
BURU,us,25.3809,25.3378,0.018588011201,13.0674,20,0.04309999999999903,False,fragmented_or_mixed,4,high
BUSE,us,73.262,48.2458,0.02119293492,8.2516,20,25.016199999999998,False,broad_institutional,4,high
BUUU,us,51.7682,51.7682,0.26764593833899997,51.7345,4,0.0,False,dominant_holder,4,high
BV,us,106.1558,73.4618,0.07039801340200003,23.1042,20,32.694,True,data_anomaly,3,medium
BVC,us,71.2851,71.2851,0.5080196952809999,71.2755,15,0.0,False,dominant_holder,4,high
BVFL,us,64.4647000000001,55.5227,0.030532298223,10.022,20,8.942000000000093,False,broad_institutional,4,high
BVN,us,88.5169000000001,70.8925,0.05188839190300001,17.4827,20,17.624400000000108,False,broad_institutional,4,high
BVS,us,90.0952,70.2244,0.06834630947999998,19.2202,20,19.870800000000003,False,broad_institutional,4,high
BW,us,94.5357,71.3217,0.059246485345,18.4645,20,23.214,False,broad_institutional,4,high
BWA,us,106.936300000001,57.7798,0.025656573474,9.0744,20,49.156500000000996,True,data_anomaly,3,medium
BWAY,us,35.9057,33.2839,0.021833469531,13.2439,20,2.6218000000000004,False,fragmented_or_mixed,4,high
BWB,us,88.0942,61.1734,0.025728916647999995,8.0848,20,26.9208,False,broad_institutional,4,high
BWEN,us,45.7174,37.3582,0.014147554286,7.6144,20,8.359200000000001,False,fragmented_or_mixed,4,high
BWFG,us,75.2191000000001,51.7107,0.021840823523000003,10.2903,20,23.508400000000094,False,broad_institutional,4,high
BWIN,us,89.2042,56.499,0.022708840832,7.5895,20,32.7052,False,broad_institutional,4,high
BWIV,us,10.6616,10.6616,0.0036105043359999996,4.7398,6,0.0,False,fragmented_or_mixed,4,high
BWIV_U,us,7.1565,7.1565,0.002953862177,5.0336,3,0.0,False,fragmented_or_mixed,4,high
BWLP,us,74.0309,66.2508,0.10571419019600001,30.3908,20,7.7801000000000045,False,dominant_holder,4,high
BWMN,us,81.1229,58.5916,0.033436561924000005,12.9445,20,22.5313,False,broad_institutional,4,high
BWMX,us,75.0821,74.1743,0.2739281302429999,51.1655,20,0.9077999999999946,False,dominant_holder,4,high
BWXT,us,95.2264000000001,48.7643,0.022162878647,10.8522,20,46.4621000000001,False,broad_institutional,4,high
BW_PA,us,37.3397,37.3397,0.094432360819,29.9935,6,0.0,False,dominant_holder,4,high
BX,us,74.9272000000001,38.3693,0.012731196919000001,6.419,20,36.557900000000096,False,broad_institutional,4,high
BXC,us,101.7079,68.2578,0.03345095116000001,9.2387,20,33.45009999999999,True,data_anomaly,3,medium
BXDC,us,51.3839,50.7362,0.053756685847999995,19.1877,20,0.6477000000000004,False,broad_institutional,4,high
BXMT,us,69.2212000000001,48.4888,0.029015878951999995,13.4131,20,20.732400000000098,False,broad_institutional,4,high
BXP,us,114.1466,77.7819,0.05009058695699999,13.0735,20,36.36470000000001,True,data_anomaly,3,medium
BXSL,us,53.2688,34.8404,0.010396109212000001,5.8985,20,18.428399999999996,False,broad_institutional,4,high
BY,us,86.3782,62.9919,0.07918983294899999,26.2792,20,23.386300000000006,False,dominant_holder,4,high
BYAH,us,31.646,31.646,0.011644145314000001,5.2487,20,0.0,False,fragmented_or_mixed,4,high
BYD,us,104.186,68.7396,0.053072491820000005,18.1068,20,35.44640000000001,True,data_anomaly,3,medium
BYFC,us,53.8348,52.047,0.040406010814,13.9447,20,1.7878000000000043,False,broad_institutional,4,high
BYM,us,0.4544,0.4544,9.990177999999998e-06,0.2606,20,0.0,False,fragmented_or_mixed,4,high
BYND,us,35.1401000000001,29.4506,0.007785944823999999,5.1467,20,5.689500000000102,False,fragmented_or_mixed,4,high
BYNO,us,88.6696,88.6696,0.7582227093420001,87.0661,20,0.0,False,dominant_holder,4,high
BYRN,us,78.1226999999999,64.2092,0.048238815193999994,14.9847,20,13.9134999999999,False,broad_institutional,4,high
BYSI,us,28.8388,28.8099,0.020439365868999998,9.7347,20,0.028900000000000148,False,fragmented_or_mixed,4,high
BZ,us,83.6357000000002,41.73,0.00978562069,3.9001,20,41.9057000000002,False,broad_institutional,4,high
BZAI,us,43.876,38.673,0.017947792222000002,10.2819,20,5.202999999999996,False,fragmented_or_mixed,4,high
BZAIW,us,,,,,20,,False,insufficient_data,0,low
BZFD,us,73.6477,72.6341,0.28338485694099996,52.8846,20,1.0135999999999967,False,dominant_holder,4,high
BZFDW,us,,,,,20,,False,insufficient_data,0,low
BZH,us,104.9364,70.7507,0.037451208001000005,10.9262,20,34.18570000000001,True,data_anomaly,3,medium
BZUN,us,24.5568,21.1702,0.005076316452,4.4958,20,3.386599999999998,False,fragmented_or_mixed,4,high
C,us,81.7051000000024,39.2372,0.012858071002000001,6.4294,20,42.4679000000024,False,broad_institutional,4,high
CA,us,51.8216,51.8216,0.17657334231999997,41.7647,12,0.0,False,dominant_holder,4,high
CAAP,us,94.5769,92.2443,0.6395544896009999,79.5615,20,2.3325999999999993,False,dominant_holder,4,high
CABA,us,59.1492,49.4459,0.033419111987,14.8833,20,9.703299999999999,False,broad_institutional,4,high
CABO,us,117.8134,85.3398,0.04766184175,11.3768,20,32.473600000000005,True,data_anomaly,3,medium
CABR,us,24.9634,24.9634,0.014067986842,8.2495,18,0.0,False,fragmented_or_mixed,4,high
CAC,us,78.9449000000002,53.1165,0.024332615210999997,9.1878,20,25.8284000000002,False,broad_institutional,4,high
CACC,us,130.6864,96.3232,0.07108705975799999,13.6429,20,34.36319999999999,True,data_anomaly,3,medium
CACI,us,103.6907,52.7139,0.020184678005,8.5999,20,50.976800000000004,True,data_anomaly,3,medium
CADL,us,66.4857,59.3349,0.03379939043899999,11.2383,20,7.150799999999997,False,broad_institutional,4,high
CAE,us,84.5897000000001,54.2243,0.024870940275,9.6142,20,30.365400000000093,False,broad_institutional,4,high
CAEP,us,108.8442,99.5074,0.38862037906799995,60.731,20,9.336799999999997,True,data_anomaly,3,medium
CAES,us,16.9044,16.9044,0.007521120007999999,6.0547,10,0.0,False,fragmented_or_mixed,4,high
CAG,us,89.8363000000005,54.6467,0.022357414263,7.1331,20,35.1896000000005,False,broad_institutional,4,high
CAH,us,90.5656000000007,44.0994,0.01780374251,6.679,20,46.4662000000007,False,broad_institutional,4,high
CAI,us,102.7993,86.8131,0.20386511453099992,43.501,20,15.986199999999997,True,data_anomaly,3,medium
CAII,us,9.4155,9.4155,0.004832735859000001,6.6693,3,0.0,False,fragmented_or_mixed,4,high
CAKE,us,115.0152,79.277,0.049728996453999995,12.2339,20,35.73819999999999,True,data_anomaly,3,medium
CAL,us,98.1759,67.1714,0.03261845817800001,10.9603,20,31.004499999999993,False,broad_institutional,4,high
CALC,us,45.5436,43.8967,0.047451979029,16.6329,20,1.6468999999999951,False,fragmented_or_mixed,4,high
CALM,us,108.3516,68.6272,0.0367772709,12.9694,20,39.7244,True,data_anomaly,3,medium
CALX,us,106.9121,67.0883,0.047893530898999996,14.9231,20,39.82379999999999,True,data_anomaly,3,medium
CALY,us,96.3750000000002,65.4079,0.03680556465700001,10.3433,20,30.9671000000002,False,broad_institutional,4,high
CAMP,us,100.6066,95.7132,0.071260174196,12.1474,20,4.8934,True,data_anomaly,3,medium
CAMT,us,92.0649000000002,77.631,0.087444492126,20.614,20,14.433900000000193,False,dominant_holder,4,high
CAN,us,30.096,28.0164,0.010408795958000002,7.1761,20,2.0795999999999992,False,fragmented_or_mixed,4,high
CANF,us,5.0471,5.0471,0.000617166827,1.9864,20,0.0,False,fragmented_or_mixed,4,high
CANG,us,26.2719,25.81,0.017066134385999996,12.0163,20,0.4619,False,fragmented_or_mixed,4,high
CAPN,us,144.8352,139.8009,0.144292535779,18.859,20,5.034299999999973,True,data_anomaly,2,medium
CAPNR,us,,,,,20,,False,insufficient_data,0,low
CAPNU,us,8.349,8.349,0.005828784961999999,7.6244,20,0.0,False,fragmented_or_mixed,4,high
CAPR,us,71.3536000000001,52.5475,0.022997714565,8.5378,20,18.8061000000001,False,broad_institutional,4,high
CAPS,us,44.2529,44.2529,0.04920285043500001,20.0276,20,0.0,False,dominant_holder,4,high
CAPT,us,13.3543,13.3543,0.008744726528999998,9.19,20,0.0,False,fragmented_or_mixed,4,high
CAPTW,us,,,,,20,,False,insufficient_data,0,low
CAQ,us,11.7728,11.7728,0.0035472677150000004,4.5911,12,0.0,False,fragmented_or_mixed,4,high
CAR,us,132.7759,109.6151,0.27602366598699996,49.3443,20,23.16080000000001,True,data_anomaly,2,medium
CARD,us,1.8956,1.8956,0.0003289641680000001,1.8118,4,0.0,False,fragmented_or_mixed,4,high
CARE,us,61.8939,43.2929,0.016822101623,6.7778,20,18.601,False,broad_institutional,4,high
CARG,us,111.8333,66.3688,0.04044645903600001,14.319,20,45.4645,True,data_anomaly,3,medium
CARL,us,83.3246,80.2693,0.14593680720300004,30.6117,20,3.0553000000000026,False,dominant_holder,4,high
CARM,us,37.3494,37.3494,0.02784791063,12.0906,20,0.0,False,fragmented_or_mixed,4,high
CARR,us,95.2225000000007,57.5409,0.034877150877,14.0134,20,37.68160000000069,False,broad_institutional,4,high
CARS,us,115.0288,77.7309,0.043642793029,11.6643,20,37.2979,True,data_anomaly,3,medium
CART,us,92.8671000000002,61.454,0.038315807651999996,11.8829,20,31.413100000000206,False,broad_institutional,4,high
CARU,us,0.0,0.0,0.0,0.0,1,0.0,False,fragmented_or_mixed,4,high
CARV,us,34.9004,34.9004,0.023771229868000003,10.887,20,0.0,False,fragmented_or_mixed,4,high
CASH,us,102.4201,62.6302,0.041036355508,14.1257,20,39.7899,True,data_anomaly,3,medium
CASI,us,71.9417,71.9417,0.11029813600899999,22.0373,20,0.0,False,dominant_holder,4,high
CASS,us,77.7877000000001,54.194,0.022788595824,8.2758,20,23.593700000000098,False,broad_institutional,4,high
CAST,us,36.5158,36.5158,0.071768154521,26.065,17,0.0,False,dominant_holder,4,high
CASY,us,91.0321000000006,45.9192,0.018079985128,9.1835,20,45.1129000000006,False,broad_institutional,4,high
CAT,us,72.806600000005,39.9873,0.016555141749,7.573,20,32.81930000000501,False,broad_institutional,4,high
CATO,us,51.4522,46.5682,0.021747859733999998,7.7177,20,4.884,False,broad_institutional,4,high
CATX,us,80.6188,67.5267,0.035210844890999994,10.2391,20,13.092099999999988,False,broad_institutional,4,high
CATY,us,80.1483000000001,56.2633,0.033270865435,13.3667,20,23.885000000000105,False,broad_institutional,4,high
CAUD,us,90.3848,90.3848,0.815044731304,90.2798,20,0.0,False,dominant_holder,4,high
CAVA,us,102.6844,62.7463,0.028205100171000006,7.8867,20,39.9381,True,data_anomaly,3,medium
CB,us,94.7847000000018,51.8657,0.021723120490999996,8.8813,20,42.91900000000181,False,broad_institutional,4,high
CBAN,us,64.7537,46.7941,0.020957733569000003,9.7302,20,17.959599999999995,False,broad_institutional,4,high
CBAT,us,19.4853,19.361,0.015767186777999997,11.7472,20,0.12429999999999808,False,fragmented_or_mixed,4,high
CBC,us,100.3473,96.1663,0.46781466251100007,65.441,20,4.180999999999997,True,data_anomaly,3,medium
CBFV,us,54.6047,43.0384,0.014294086745999999,6.0198,20,11.566299999999998,False,broad_institutional,4,high
CBIO,us,78.3134,68.9737,0.043173324147,11.5893,20,9.339700000000008,False,broad_institutional,4,high
CBK,us,109.9244,88.439,0.054477041235999994,8.5234,20,21.485400000000013,True,data_anomaly,3,medium
CBL,us,90.6264000000001,66.7518,0.07575507681200001,23.9662,20,23.8746000000001,False,dominant_holder,4,high
CBLL,us,97.9292,76.1273,0.042676897426999996,10.0011,20,21.80189999999999,False,broad_institutional,4,high
CBNA,us,89.8968,78.8104,0.061777216094,15.6434,20,11.086399999999998,False,broad_institutional,4,high
CBNK,us,78.7002,54.4629,0.019713981811000002,5.9935,20,24.237299999999998,False,broad_institutional,4,high
CBOA,us,,,,,10,,False,insufficient_data,0,low
CBOE,us,91.8299000000002,49.8088,0.021486630505999995,6.7149,20,42.021100000000196,False,broad_institutional,4,high
CBRE,us,100.4346,52.1139,0.023119817892999998,8.8136,20,48.3207,True,data_anomaly,3,medium
CBRG,us,88.8128,88.8128,0.5827159481459999,75.6539,14,0.0,False,dominant_holder,4,high
CBRL,us,104.5775,72.7209,0.04280567104899998,13.7717,20,31.8566,True,data_anomaly,3,medium
CBRS,us,40.3335,38.6578,0.024140379905999997,12.424,20,1.675699999999999,False,fragmented_or_mixed,4,high
CBSH,us,79.0217000000003,51.707,0.021899632238,8.1585,20,27.314700000000293,False,broad_institutional,4,high
CBT,us,103.2756,69.049,0.03618895528799999,11.165,20,34.22659999999999,True,data_anomaly,3,medium
CBTA,us,,,,,8,,False,insufficient_data,0,low
CBU,us,77.6101000000001,58.561,0.0365366857,13.3137,20,19.049100000000102,False,broad_institutional,4,high
CBUS,us,45.6507,42.6133,0.049492724367,19.6006,20,3.037399999999998,False,fragmented_or_mixed,4,high
CBXA,us,,,,,11,,False,insufficient_data,0,low
CBZ,us,104.269,63.9389,0.029291729977000004,9.2551,20,40.33010000000001,True,data_anomaly,3,medium
CC,us,95.1920000000002,60.2464,0.03313810314599999,13.4554,20,34.945600000000205,False,broad_institutional,4,high
CCAP,us,72.0335,61.5016,0.050811445597999993,13.5748,20,10.5319,False,broad_institutional,4,high
CCAQ,us,99.1765,77.6245,0.03442423320899999,7.5952,20,21.552000000000007,False,broad_institutional,4,high
CCAQU,us,7.056,7.056,0.001513851636,2.7619,20,0.0,False,fragmented_or_mixed,4,high
CCB,us,98.3136,65.4877,0.033718011188999995,11.3372,20,32.82589999999999,False,broad_institutional,4,high
CCBG,us,72.6343000000001,58.3938,0.044307524570000006,17.3712,20,14.240500000000097,False,broad_institutional,4,high
CCC,us,110.643,66.6207,0.027040642775,6.4484,20,44.0223,True,data_anomaly,3,medium
CCCC,us,87.6059,69.9608,0.037876506756,8.5372,20,17.6451,False,broad_institutional,4,high
CCCX,us,19.7393,17.5806,0.004559391264,5.7053,20,2.1586999999999996,False,fragmented_or_mixed,4,high
CCEC,us,87.5188,87.517,0.32050936933600005,48.0912,20,0.0018000000000029104,False,dominant_holder,4,high
CCEL,us,55.913,55.8959,0.06783917553500002,21.0648,20,0.017099999999999227,False,dominant_holder,4,high
CCEP,us,95.3050000000002,75.9934,0.17527702467599998,37.4825,20,19.31160000000021,False,dominant_holder,4,high
CCG,us,48.9801,48.9801,0.050112512929,16.1694,20,0.0,False,fragmented_or_mixed,4,high
CCGWW,us,,,,,20,,False,insufficient_data,0,low
CCHH,us,40.4772,40.4772,0.08503375060999999,25.2881,10,0.0,False,dominant_holder,4,high
CCI,us,102.83,62.6525,0.034577392639,9.4752,20,40.177499999999995,True,data_anomaly,3,medium
CCID,us,41.9098,41.9098,0.08808002965000002,22.0917,2,0.0,False,dominant_holder,4,high
CCIF,us,38.4507,37.3101,0.054279789549000014,22.8639,20,1.1405999999999992,False,dominant_holder,4,high
CCII,us,84.8152,60.7318,0.024992969789999996,8.1187,20,24.083400000000005,False,broad_institutional,4,high
CCIIU,us,8.0106,8.0106,0.000727802946,1.7102,20,0.0,False,fragmented_or_mixed,4,high
CCIX,us,104.585,91.4176,0.053404696266,9.6119,20,13.1674,True,data_anomaly,3,medium
CCIXU,us,6.4099,6.4099,0.0039774618849999985,6.3061,20,0.0,False,fragmented_or_mixed,4,high
CCJ,us,70.9113000000004,29.0964,0.005661816922,3.3948,20,41.81490000000039,False,broad_institutional,4,high
CCK,us,109.3031,56.418,0.023792943684,9.2851,20,52.8851,True,data_anomaly,3,medium
CCL,us,73.1962000000003,41.2278,0.015136503350000002,6.8735,20,31.9684000000003,False,broad_institutional,4,high
CCLD,us,44.3084,34.1089,0.017952198814999997,11.8479,20,10.1995,False,fragmented_or_mixed,4,high
CCLDO,us,0.0,0.0,0.0,0.0,2,0.0,False,fragmented_or_mixed,4,high
CCLDP,us,0.0,0.0,0.0,0.0,1,0.0,False,fragmented_or_mixed,4,high
CCM,us,26.0894,26.0894,0.035691396594,16.5549,12,0.0,False,fragmented_or_mixed,4,high
CCNE,us,68.0921000000001,46.1067,0.019348100179000002,8.4809,20,21.985400000000105,False,broad_institutional,4,high
CCO,us,91.0203,69.4638,0.072437894122,20.5748,20,21.5565,False,dominant_holder,4,high
CCOI,us,103.9582,70.2434,0.041296189804000016,12.9558,20,33.71480000000001,True,data_anomaly,3,medium
CCRD,us,11.6938,11.6938,0.011525174011999996,10.7213,20,0.0,False,fragmented_or_mixed,4,high
CCRN,us,93.8356000000001,60.9676,0.024323995084,7.8795,20,32.8680000000001,False,broad_institutional,4,high
CCS,us,109.3045,74.5055,0.046408046551,14.1198,20,34.79900000000001,True,data_anomaly,3,medium
CCSI,us,109.2998,77.1514,0.05260545020000001,12.8931,20,32.14840000000001,True,data_anomaly,3,medium
CCTG,us,3.786,3.786,0.0006669542839999999,2.5174,12,0.0,False,fragmented_or_mixed,4,high
CCTS,us,68.4529,68.4529,0.234279888907,45.4654,18,0.0,False,dominant_holder,4,high
CCU,us,13.5527,13.044,0.006808460672,7.9885,20,0.5086999999999993,False,fragmented_or_mixed,4,high
CD,us,42.5936,41.5111,0.043813359545,17.9395,20,1.0825000000000031,False,fragmented_or_mixed,4,high
CDAQ,us,148.5089,148.5089,0.634218523327,68.2887,20,0.0,True,data_anomaly,2,medium
CDE,us,80.7045000000001,47.8508,0.018800199618,7.8562,20,32.853700000000096,False,broad_institutional,4,high
CDIO,us,16.9192,16.9179,0.0037252035190000004,3.6242,20,0.001300000000000523,False,fragmented_or_mixed,4,high
CDIOW,us,,,,,17,,False,insufficient_data,0,low
CDLR,us,25.717,25.3229,0.04450770401299999,21.0575,20,0.3940999999999981,False,dominant_holder,4,high
CDLX,us,34.7235,31.5558,0.012461845852000001,8.9501,20,3.1677,False,fragmented_or_mixed,4,high
CDNA,us,107.7502,65.0321,0.026216866151,7.5552,20,42.71810000000001,True,data_anomaly,3,medium
CDNL,us,97.5556,70.5073,0.029489272596999995,8.7019,20,27.048299999999998,False,broad_institutional,4,high
CDNS,us,92.6425000000004,46.5665,0.015715189529,6.4584,20,46.0760000000004,False,broad_institutional,4,high
CDP,us,119.0949,73.5963,0.04935516621900001,13.8081,20,45.498599999999996,True,data_anomaly,3,medium
CDRE,us,107.0597,80.8649,0.08838696333099999,25.8053,20,26.1948,True,data_anomaly,3,medium
CDRO,us,79.0902,78.9417,0.44165005966899995,65.9777,20,0.14849999999999852,False,dominant_holder,4,high
CDROW,us,,,,,20,,False,insufficient_data,0,low
CDR_PB,us,3.6303,3.6303,0.0011357581009999998,3.3608,4,0.0,False,fragmented_or_mixed,4,high
CDR_PC,us,5.5002,5.5002,0.0027279336060000007,5.2201,7,0.0,False,fragmented_or_mixed,4,high
CDT,us,27.2678,27.2678,0.014254562184000001,6.8698,20,0.0,False,fragmented_or_mixed,4,high
CDTG,us,6.1794,6.1794,0.0036691212139999996,6.0569,12,0.0,False,fragmented_or_mixed,4,high
CDTTW,us,,,,,20,,False,insufficient_data,0,low
CDW,us,102.4823,54.2627,0.020756180001,6.5911,20,48.21959999999999,True,data_anomaly,3,medium
CDXS,us,89.6923,71.9489,0.039417512435,9.5497,20,17.74340000000001,False,broad_institutional,4,high
CDZI,us,80.2052,68.2153,0.104921218563,30.5583,20,11.989900000000006,False,dominant_holder,4,high
CE,us,114.7867,77.7859,0.05096823446499999,13.9938,20,37.0008,True,data_anomaly,3,medium
CECO,us,67.9526000000001,42.4812,0.011351809146000001,4.7438,20,25.471400000000102,False,broad_institutional,4,high
CEG,us,86.2680000000011,51.9714,0.018705739452000002,6.1386,20,34.29660000000109,False,broad_institutional,4,high
CEI,us,0.0815,0.0815,6.23197e-07,0.0789,20,0.0,False,fragmented_or_mixed,4,high
CELC,us,104.6038,75.1095,0.038994099942999995,9.8752,20,29.49430000000001,True,data_anomaly,3,medium
CELG_R,us,,,,,20,,False,insufficient_data,0,low
CELH,us,94.1019000000003,61.2176,0.03438863106599999,9.013,20,32.8843000000003,False,broad_institutional,4,high
CELU,us,50.194,49.5537,0.062435903327,21.8878,20,0.6403000000000034,False,dominant_holder,4,high
CELUW,us,,,,,18,,False,insufficient_data,0,low
CELZ,us,3.4579,3.4579,0.000154985621,0.8076,20,0.0,False,fragmented_or_mixed,4,high
CENN,us,55.3308,55.3276,0.038957920938000004,8.1121,20,0.003200000000006753,False,broad_institutional,4,high
CENT,us,115.2301,83.0119,0.063863594299,14.3706,20,32.218199999999996,True,data_anomaly,3,medium
CENTA,us,100.7475,68.7858,0.0407571018,13.9003,20,31.961700000000008,True,data_anomaly,3,medium
CENX,us,98.3880000000001,68.8836,0.10383671283600002,29.9985,20,29.504400000000103,False,dominant_holder,4,high
CEPF,us,95.4867,55.0673,0.017217302525,5.1597,20,40.419399999999996,False,broad_institutional,4,high
CEPL,us,26.3242,26.3242,0.018907473955999995,10.3453,19,0.0,False,fragmented_or_mixed,4,high
CEPO,us,99.4235999999999,84.0596,0.061449833572,14.3889,20,15.36399999999989,False,broad_institutional,4,high
CEPS,us,64.5587999999999,50.8487,0.020172333331000002,8.8983,20,13.710099999999905,False,broad_institutional,4,high
CEPT,us,24.3316,19.3987,0.0060838556330000005,6.0235,20,4.9329,False,fragmented_or_mixed,4,high
CEPU,us,8.7859,8.3577,0.002129381905,4.3319,20,0.42820000000000036,False,fragmented_or_mixed,4,high
CEPV,us,95.7839999999999,53.354,0.015519822381999998,4.6985,20,42.42999999999991,False,broad_institutional,4,high
CERO,us,4.1257,4.1257,0.0016458058069999996,4.0565,20,0.0,False,fragmented_or_mixed,4,high
CERS,us,78.8826,58.4084,0.02741528535200001,9.5629,20,20.474199999999996,False,broad_institutional,4,high
CERT,us,111.9344,79.1119,0.076170636445,23.3638,20,32.82249999999999,True,data_anomaly,3,medium
CETX,us,13.5144,13.5144,0.014516105234000003,11.9944,20,0.0,False,fragmented_or_mixed,4,high
CETY,us,16.3845,16.3845,0.017602996270999996,13.1755,20,0.0,False,fragmented_or_mixed,4,high
CEVA,us,97.3638,64.7116,0.027576639850000004,8.4661,20,32.65219999999999,False,broad_institutional,4,high
CF,us,105.7384,52.3104,0.019356104803999997,6.5427,20,53.428,True,data_anomaly,3,medium
CFBK,us,81.8934000000001,62.6972,0.030771297718000006,9.8815,20,19.196200000000097,False,broad_institutional,4,high
CFFI,us,48.3408,36.2813,0.010678003181000003,5.6489,20,12.0595,False,fragmented_or_mixed,4,high
CFFN,us,91.0462000000002,66.4531,0.036799398855,12.9703,20,24.59310000000019,False,broad_institutional,4,high
CFG,us,101.1027,53.4508,0.021782826694,6.6017,20,47.6519,True,data_anomaly,3,medium
CFG_PE,us,15.2627,15.2627,0.0076437442509999995,6.6584,20,0.0,False,fragmented_or_mixed,4,high
CFLT,us,40.9287000000001,32.2706,0.007568038763999999,4.8343,20,8.658100000000097,False,fragmented_or_mixed,4,high
CFND,us,36.2586,36.2586,0.020592003294000006,10.0,20,0.0,False,fragmented_or_mixed,4,high
CFR,us,100.1468,59.6901,0.028565152898999996,9.2641,20,40.4567,True,data_anomaly,3,medium
CFR_PB,us,19.5081,19.5081,0.010102641445000003,6.7166,13,0.0,False,fragmented_or_mixed,4,high
CG,us,91.0686000000003,64.6895,0.032889995983,9.0296,20,26.379100000000307,False,broad_institutional,4,high
CGAU,us,93.5998999999999,58.0755,0.025817862685000005,8.1146,20,35.52439999999991,False,broad_institutional,4,high
CGBD,us,39.6554000000001,28.0051,0.0064535874830000005,4.6505,20,11.650300000000101,False,fragmented_or_mixed,4,high
CGC,us,8.53349999999999,6.6622,0.000549487224,2.0046,20,1.871299999999989,False,fragmented_or_mixed,4,high
CGCTU,us,7.5651,7.5651,0.0032122467130000004,5.3958,20,0.0,False,fragmented_or_mixed,4,high
CGEM,us,108.5918,82.045,0.06126629694,14.5847,20,26.546800000000005,True,data_anomaly,3,medium
CGEN,us,17.1608,15.0301,0.002457902979,3.5068,20,2.130699999999999,False,fragmented_or_mixed,4,high
CGNT,us,77.1239,61.3757,0.037626425787000005,9.4939,20,15.748200000000004,False,broad_institutional,4,high
CGNX,us,105.1052,54.9135,0.022796305735,8.5928,20,50.1917,True,data_anomaly,3,medium
CGON,us,114.0321,77.4518,0.038307529248,7.9191,20,36.580299999999994,True,data_anomaly,3,medium
CGTL,us,5.8363,5.8363,0.0024793622490000005,4.9347,13,0.0,False,fragmented_or_mixed,4,high
CGTX,us,26.9593,23.7823,0.008559124566999999,6.7041,20,3.1769999999999996,False,fragmented_or_mixed,4,high
CHA,us,32.0063,30.8916,0.025258098372000003,14.2142,20,1.1147000000000027,False,fragmented_or_mixed,4,high
CHAI,us,59.864,59.864,0.0449172004,9.2229,20,0.0,False,broad_institutional,4,high
CHAR,us,100.6663,96.1056,0.076331545622,16.5925,20,4.560700000000011,True,data_anomaly,3,medium
CHARR,us,,,,,20,,False,insufficient_data,0,low
CHARU,us,0.5915,0.5915,1.4608410999999997e-05,0.3308,12,0.0,False,fragmented_or_mixed,4,high
CHCI,us,77.1841999999999,74.8862,0.16905011238,29.5185,20,2.2979999999999023,False,dominant_holder,4,high
CHCO,us,74.5505,53.2182,0.032154543566000005,13.2621,20,21.332299999999996,False,broad_institutional,4,high
CHCT,us,83.4957000000001,53.6115,0.018595816795,7.2695,20,29.8842000000001,False,broad_institutional,4,high
CHD,us,93.5525000000004,50.2949,0.019927288467,6.5048,20,43.25760000000041,False,broad_institutional,4,high
CHDN,us,89.4220000000001,47.1227,0.016685301029000003,8.4375,20,42.299300000000095,False,broad_institutional,4,high
CHE,us,105.2399,53.57,0.021607175786000004,9.0119,20,51.669900000000005,True,data_anomaly,3,medium
CHEC,us,83.7694,68.3434,0.030854380928,9.1021,20,15.426000000000002,False,broad_institutional,4,high
CHECU,us,13.0019,13.0019,0.0027620736129999996,4.212,20,0.0,False,fragmented_or_mixed,4,high
CHEF,us,113.2607,70.8362,0.038667307714,12.3309,20,42.424499999999995,True,data_anomaly,3,medium
CHEK,us,37.9501,37.9501,0.044521019221000005,16.6597,20,0.0,False,fragmented_or_mixed,4,high
CHGG,us,45.0366,34.7845,0.008726496777000001,4.0444,20,10.252099999999999,False,fragmented_or_mixed,4,high
CHH,us,115.1999,90.2618,0.07585159169999998,16.3095,20,24.938100000000006,True,data_anomaly,3,medium
CHK,us,91.9451000000004,47.0563,0.017789224056999998,6.499,20,44.888800000000394,False,broad_institutional,4,high
CHKP,us,103.6728,64.138,0.07205381095999998,24.3558,20,39.53479999999999,True,data_anomaly,3,medium
CHMG,us,65.3512000000001,48.5145,0.017750238079,5.8862,20,16.836700000000107,False,broad_institutional,4,high
CHMI,us,20.2099,18.8575,0.0038992329150000006,4.2701,20,1.3523999999999994,False,fragmented_or_mixed,4,high
CHNR,us,55.0559,55.0559,0.27939907506100004,52.8455,17,0.0,False,dominant_holder,4,high
CHOW,us,69.0066,69.0066,0.47486345790600004,68.9103,11,0.0,False,dominant_holder,4,high
CHPG,us,94.1731,74.8456,0.034956674002000004,9.2838,20,19.3275,False,broad_institutional,4,high
CHPGR,us,,,,,20,,False,insufficient_data,0,low
CHPGU,us,8.0782,8.0782,0.00127851669,2.8813,20,0.0,False,fragmented_or_mixed,4,high
CHPT,us,26.4441,19.2842,0.004645582317999998,5.1703,20,7.1599,False,fragmented_or_mixed,4,high
CHR,us,13.2569,13.2569,0.010391551088999999,10.1154,20,0.0,False,fragmented_or_mixed,4,high
CHRD,us,110.0325,73.0983,0.04090379572299999,10.6024,20,36.934200000000004,True,data_anomaly,3,medium
CHRN,us,98.6871,98.6319,0.9411675491649998,97.0124,20,0.05519999999999925,False,dominant_holder,4,high
CHRS,us,52.4535,43.6505,0.017035740559000007,7.9681,20,8.802999999999997,False,broad_institutional,4,high
CHRW,us,108.3194,55.8462,0.021862861254000002,6.5372,20,52.4732,True,data_anomaly,3,medium
CHSCL,us,13.6755,13.6755,0.006054555683,6.6927,12,0.0,False,fragmented_or_mixed,4,high
CHSCM,us,25.3717,25.3717,0.015939111347,9.8435,20,0.0,False,fragmented_or_mixed,4,high
CHSCN,us,33.3446,33.3446,0.028972988406,14.8335,16,0.0,False,fragmented_or_mixed,4,high
CHSCO,us,13.9031,13.9031,0.006170307759000001,6.6951,9,0.0,False,fragmented_or_mixed,4,high
CHSCP,us,10.2057,10.2057,0.005480584121,6.633,10,0.0,False,fragmented_or_mixed,4,high
CHSN,us,9.722,9.722,0.0015698053719999995,1.6175,20,0.0,False,fragmented_or_mixed,4,high
CHT,us,2.6814,1.9711,3.8782011e-05,0.3565,20,0.7102999999999999,False,fragmented_or_mixed,4,high
CHTR,us,119.3008,89.7936,0.137815950366,32.4913,20,29.507199999999997,True,data_anomaly,3,medium
CHWY,us,109.3956,59.1904,0.025503532950000005,8.6782,20,50.205200000000005,True,data_anomaly,3,medium
CHYM,us,110.8843,86.4691,0.068794864989,14.9816,20,24.4152,True,data_anomaly,3,medium
CI,us,93.3119000000002,49.5946,0.017957253926,6.4726,20,43.71730000000019,False,broad_institutional,4,high
CIA,us,40.0181,35.3435,0.015492289133,8.1533,20,4.674599999999998,False,fragmented_or_mixed,4,high
CIB,us,19.0414,11.8088,0.001311715674,2.3867,20,7.2326,False,fragmented_or_mixed,4,high
CIEN,us,98.8604,61.03,0.040747723266,14.8476,20,37.8304,False,broad_institutional,4,high
CIFR,us,86.5642000000001,56.7857,0.033043272900999995,13.8166,20,29.7785000000001,False,broad_institutional,4,high
CIG,us,8.4648,6.0503,0.00027882213900000006,0.8378,20,2.4145000000000003,False,fragmented_or_mixed,4,high
CIGI,us,101.288,67.098,0.034084339305999994,10.6934,20,34.19,True,data_anomaly,3,medium
CIGL,us,83.118,83.118,0.3980234880619999,58.0624,16,0.0,False,dominant_holder,4,high
CIGC,us,0.0432,0.0432,9.591400000000001e-08,0.0304,20,0.0,False,fragmented_or_mixed,4,high
CIIT,us,40.2293,40.2293,0.05611594638099999,20.8224,19,0.0,False,dominant_holder,4,high
CIM,us,62.8384000000001,46.4923,0.017907571017000003,7.6922,20,16.3461000000001,False,broad_institutional,4,high
CIM_PA,us,17.2098,17.2098,0.01034650543,7.2226,7,0.0,False,fragmented_or_mixed,4,high
CIM_PB,us,25.5168,25.5168,0.013604776801999998,7.9432,17,0.0,False,fragmented_or_mixed,4,high
CIM_PC,us,36.1529,36.1529,0.026953290332999997,13.016,17,0.0,False,fragmented_or_mixed,4,high
CIM_PD,us,26.3526,26.3526,0.030945171299999994,16.1434,12,0.0,False,fragmented_or_mixed,4,high
CINF,us,73.386,42.4112,0.016445268761999997,6.5367,20,30.974799999999995,False,broad_institutional,4,high
CING,us,39.5322,38.6397,0.082986905121,28.6343,20,0.8925000000000054,False,dominant_holder,4,high
CINGW,us,,,,,12,,False,insufficient_data,0,low
CINT,us,62.8094,57.6938,0.0350566914,10.6313,20,5.1155999999999935,False,broad_institutional,4,high
CION,us,35.5881,22.1637,0.0033363941609999997,3.0892,20,13.424399999999999,False,fragmented_or_mixed,4,high
CIRC,us,66.966,66.6367,0.09285193294299998,24.4366,20,0.32929999999998927,False,dominant_holder,4,high
CISO,us,37.9685,37.8135,0.035990361926999996,14.4078,20,0.15500000000000114,False,fragmented_or_mixed,4,high
CISS,us,3.9899,3.9899,0.000624332171,2.3597,20,0.0,False,fragmented_or_mixed,4,high
CITR,us,48.4344,48.2758,0.047178232784,15.0172,20,0.15859999999999985,False,fragmented_or_mixed,4,high
CIVB,us,69.5552,48.5991,0.017912434355000006,6.4325,20,20.9561,False,broad_institutional,4,high
CIX,us,94.4219000000001,93.9992,0.7623093307440001,87.2763,20,0.42270000000009134,False,dominant_holder,4,high
CJMB,us,76.0219,76.0219,0.20056539128300002,41.6652,20,0.0,False,dominant_holder,4,high
CKX,us,45.4938,45.2364,0.047162576952000004,18.0023,20,0.25739999999999696,False,fragmented_or_mixed,4,high
CL,us,88.3582000000002,41.0328,0.015454960803999999,6.5259,20,47.325400000000194,False,broad_institutional,4,high
CLAR,us,77.1580999999999,66.3435,0.05597822544899999,16.1758,20,10.8145999999999,False,broad_institutional,4,high
CLB,us,119.1083,95.669,0.128400406678,28.5712,20,23.439300000000003,True,data_anomaly,3,medium
CLBK,us,34.0616000000001,32.4479,0.07971523544300001,28.2021,20,1.613700000000101,False,dominant_holder,4,high
CLBR,us,20.8239,20.8239,0.006609497877,4.9525,20,0.0,False,fragmented_or_mixed,4,high
CLBT,us,94.7852,74.4732,0.18910961025200002,42.5214,20,20.311999999999998,False,dominant_holder,4,high
CLCO,us,63.7968,63.7968,0.34096201752999994,58.1729,20,0.0,False,dominant_holder,4,high
CLDI,us,7.7452,7.5218,0.000818010982,2.252,20,0.22339999999999982,False,fragmented_or_mixed,4,high
CLDT,us,101.201,70.8895,0.037940301701,10.5573,20,30.311499999999995,True,data_anomaly,3,medium
CLDT_PA,us,21.6016,21.6016,0.009177927704,6.6831,11,0.0,False,fragmented_or_mixed,4,high
CLDX,us,95.1789000000001,63.0713,0.031190338924999998,10.9062,20,32.1076000000001,False,broad_institutional,4,high
CLEU,us,1.4919,1.4919,0.00022058639300000002,1.4852,15,0.0,False,fragmented_or_mixed,4,high
CLF,us,89.8295000000004,56.5442,0.025609139586,9.7579,20,33.2853000000004,False,broad_institutional,4,high
CLFD,us,82.6619000000001,61.1952,0.029423603814000002,10.7331,20,21.466700000000102,False,broad_institutional,4,high
CLGN,us,29.6732,29.1824,0.014776711084,8.6581,20,0.4908000000000001,False,fragmented_or_mixed,4,high
CLH,us,96.2618000000002,57.7216,0.023053302194,7.8397,20,38.540200000000205,False,broad_institutional,4,high
CLIK,us,17.6026,17.6026,0.015173774744000001,11.8031,15,0.0,False,fragmented_or_mixed,4,high
CLIR,us,23.0442,22.8131,0.016587212584999997,12.3905,20,0.23110000000000142,False,fragmented_or_mixed,4,high
CLLS,us,16.7072,16.6318,0.00498290899,4.5363,20,0.07540000000000191,False,fragmented_or_mixed,4,high
CLMB,us,94.8821000000001,64.3649,0.024576708160999997,6.4626,20,30.517200000000088,False,broad_institutional,4,high
CLMT,us,73.0978,57.1193,0.042200081777,15.6519,20,15.978500000000004,False,broad_institutional,4,high
CLNE,us,70.6778999999998,54.9314,0.048706501269999994,19.3356,20,15.746499999999799,False,broad_institutional,4,high
CLNN,us,33.9303,32.5897,0.009288630543,5.514,20,1.340600000000002,False,fragmented_or_mixed,4,high
CLOV,us,34.2524000000001,25.3971,0.007458058869000001,6.3452,20,8.855300000000103,False,fragmented_or_mixed,4,high
CLPR,us,46.7655,41.6526,0.018872304284,10.4235,20,5.112900000000003,False,fragmented_or_mixed,4,high
CLPS,us,56.4031,56.4031,0.089495504801,23.457,20,0.0,False,dominant_holder,4,high
CLPT,us,58.0838,42.0092,0.014625092431999998,6.3405,20,16.074599999999997,False,broad_institutional,4,high
CLRB,us,18.4024,18.3846,0.01113589719,9.99,20,0.017800000000001148,False,fragmented_or_mixed,4,high
CLRC,us,106.5903,106.5903,0.8959520953889999,93.7845,20,0.0,True,data_anomaly,2,medium
CLRO,us,71.9509,71.9509,0.37962249693699995,61.3424,20,0.0,False,dominant_holder,4,high
CLS,us,73.6215000000003,34.1122,0.008228213029999997,5.8609,20,39.509300000000295,False,broad_institutional,4,high
CLSD,us,15.6753,15.6753,0.006466084959000001,5.4375,20,0.0,False,fragmented_or_mixed,4,high
CLSK,us,98.2514000000001,63.7001,0.038533906089,14.5004,20,34.551300000000104,False,broad_institutional,4,high
CLST,us,50.1941,47.9257,0.027876587791000003,10.2522,20,2.2683999999999997,False,broad_institutional,4,high
CLVR,us,0.2694,0.2694,7.257635999999999e-06,0.2694,3,0.0,False,fragmented_or_mixed,4,high
CLVT,us,110.9807,88.398,0.06906988592200002,18.2515,20,22.582700000000003,True,data_anomaly,3,medium
CLW,us,81.8736000000001,58.0532,0.025360540804000003,8.5638,20,23.8204000000001,False,broad_institutional,4,high
CLWT,us,61.0781,61.0781,0.292746091495,53.9616,14,0.0,False,dominant_holder,4,high
CLX,us,85.1003000000003,45.607,0.017932066942000002,6.8264,20,39.4933000000003,False,broad_institutional,4,high
CLYM,us,64.3846000000001,54.6878,0.04531897152400001,17.5683,20,9.696800000000103,False,broad_institutional,4,high
CM,us,56.6281000000004,32.854,0.006278419091999999,3.104,20,23.774100000000402,False,broad_institutional,4,high
CMBM,us,56.7435,56.7435,0.24488011827700001,49.343,20,0.0,False,dominant_holder,4,high
CMBT,us,72.6299000000001,66.6052,0.32065267203200004,56.5707,20,6.024700000000109,False,dominant_holder,4,high
CMC,us,97.8545000000002,60.1239,0.031687011149,11.4785,20,37.7306000000002,False,broad_institutional,4,high
CMCL,us,71.8783,51.1992,0.032174652068,12.637,20,20.6791,False,broad_institutional,4,high
CMCM,us,11.8674,11.8674,0.0043437894740000005,5.7896,20,0.0,False,fragmented_or_mixed,4,high
CMCO,us,99.1754000000001,56.1279,0.020154311531,6.6536,20,43.0475000000001,False,broad_institutional,4,high
CMCSA,us,97.5242000000011,51.7777,0.019103448013,6.5878,20,45.7465000000011,False,broad_institutional,4,high
CMCSV,us,,,,,5,,False,insufficient_data,0,low
CMCT,us,16.8472,16.6373,0.007475807491000002,7.8341,20,0.20990000000000109,False,fragmented_or_mixed,4,high
CMDB,us,87.0543000000001,81.4011,0.09543599313100001,18.8705,20,5.653200000000098,False,broad_institutional,4,high
CME,us,93.3061000000007,39.1468,0.012918370285,6.4986,20,54.1593000000007,False,broad_institutional,4,high
CMG,us,92.8676000000005,53.2908,0.022009245924,6.601,20,39.576800000000496,False,broad_institutional,4,high
CMI,us,89.4356,41.9533,0.016005535383,6.5048,20,47.482299999999995,False,broad_institutional,4,high
CMII,us,44.3753,43.7253,0.016473923541000003,7.6062,20,0.6500000000000057,False,fragmented_or_mixed,4,high
CMIIU,us,26.9701,25.0015,0.004480129803,4.1037,20,1.9685999999999986,False,fragmented_or_mixed,4,high
CMLS,us,25.9327,25.9327,0.016796518155,11.8578,20,0.0,False,fragmented_or_mixed,4,high
CMMB,us,18.9518,18.947,0.005609409114,5.2541,20,0.004799999999999471,False,fragmented_or_mixed,4,high
CMND,us,0.2881,0.2881,2.5980609999999993e-06,0.146,20,0.0,False,fragmented_or_mixed,4,high
CMP,us,103.5825,81.4509,0.061348816301,16.7657,20,22.13159999999999,True,data_anomaly,3,medium
CMPO,us,94.6161000000001,80.0469,0.083420929029,18.2259,20,14.569200000000109,False,broad_institutional,4,high
CMPR,us,109.3671,90.3128,0.07442472074800002,15.4422,20,19.054299999999998,True,data_anomaly,3,medium
CMPS,us,70.3054000000001,44.6489,0.015542838584999998,7.8788,20,25.656500000000108,False,broad_institutional,4,high
CMPX,us,110.2761,80.7894,0.042354506232,9.3237,20,29.4867,True,data_anomaly,3,medium
CMRC,us,81.7664000000001,61.926,0.031018760926,11.2307,20,19.840400000000102,False,broad_institutional,4,high
CMRE,us,96.0948,83.3489,0.14643718414900003,28.8747,20,12.745900000000006,False,dominant_holder,4,high
CMRE_PB,us,0.6908,0.6908,2.5753689999999993e-05,0.4427,2,0.0,False,fragmented_or_mixed,4,high
CMRE_PC,us,0.7775,0.7775,6.0450624999999995e-05,0.7775,1,0.0,False,fragmented_or_mixed,4,high
CMS,us,101.2407,54.6647,0.022497900078999995,7.0746,20,46.576,True,data_anomaly,3,medium
CMS_PB,us,0.0402,0.0402,1.6160400000000002e-07,0.0402,1,0.0,False,fragmented_or_mixed,4,high
CMT,us,92.5772000000001,65.4763,0.026916827090999997,8.0261,20,27.10090000000011,False,broad_institutional,4,high
CMTG,us,79.0835000000001,69.7022,0.051124339994,14.5969,20,9.381300000000095,False,broad_institutional,4,high
CMTL,us,64.2895,48.7441,0.016761138934999996,5.7277,20,15.5454,False,broad_institutional,4,high
CMTV,us,36.5477,33.6195,0.020862228105000002,12.4332,20,2.928199999999997,False,fragmented_or_mixed,4,high
CNA,us,101.0088,97.3276,0.8434330660680002,91.8247,20,3.68119999999999,True,data_anomaly,3,medium
CNC,us,99.3081000000003,48.5589,0.018142267933000004,6.4396,20,50.74920000000029,False,broad_institutional,4,high
CNCK,us,92.4218,92.3279,0.5293484016329999,71.037,20,0.09390000000000498,False,dominant_holder,4,high
CNCKW,us,,,,,20,,False,insufficient_data,0,low
CNDA,us,0.0,0.0,0.0,0.0,20,0.0,False,fragmented_or_mixed,4,high
CNDT,us,84.6206000000001,62.6001,0.031405172509000004,9.7829,20,22.020500000000098,False,broad_institutional,4,high
CNET,us,19.2379,19.2379,0.008210488917,7.1102,20,0.0,False,fragmented_or_mixed,4,high
CNEY,us,3.7478,3.7478,0.00035198437799999996,1.4913,20,0.0,False,fragmented_or_mixed,4,high
CNF,us,18.678,18.678,0.011280384833999997,8.9247,20,0.0,False,fragmented_or_mixed,4,high
CNGL,us,31.8979,31.8979,0.044083442203,19.1803,19,0.0,False,fragmented_or_mixed,4,high
CNH,us,106.5347,73.1738,0.101842289656,29.5921,20,33.3609,True,data_anomaly,3,medium
CNI,us,76.5416000000002,41.9691,0.014510725014999998,8.5792,20,34.572500000000204,False,broad_institutional,4,high
CNK,us,115.9512,81.3154,0.05722653295400001,12.8934,20,34.6358,True,data_anomaly,3,medium
CNL,us,87.2715,80.3276,0.074734454612,14.5649,20,6.943899999999999,False,broad_institutional,4,high
CNM,us,112.1821,61.4746,0.025530387132000003,8.8277,20,50.7075,True,data_anomaly,3,medium
CNMD,us,116.4243,80.1718,0.051278680768000004,14.5953,20,36.2525,True,data_anomaly,3,medium
CNNE,us,106.082,73.3755,0.04191463013499999,11.3616,20,32.70649999999999,True,data_anomaly,3,medium
CNO,us,99.1319000000001,63.6121,0.033321261919,11.9016,20,35.5198000000001,False,broad_institutional,4,high
CNOB,us,83.1172,51.2572,0.020195521137999998,7.2722,20,31.86,False,broad_institutional,4,high
CNP,us,105.226,67.7554,0.04199893139999999,11.0485,20,37.470600000000005,True,data_anomaly,3,medium
CNQ,us,83.9579000000001,51.9622,0.024398256500000003,10.5899,20,31.99570000000009,False,broad_institutional,4,high
CNR,us,104.4894,68.629,0.050212559866000005,13.6782,20,35.8604,True,data_anomaly,3,medium
CNS,us,99.9151000000001,77.2788,0.09693083464399999,23.3198,20,22.63630000000009,False,dominant_holder,4,high
CNSP,us,10.9281,10.9281,0.003110477527,4.1739,20,0.0,False,fragmented_or_mixed,4,high
CNTA,us,83.0380999999999,62.1881,0.036980602547,12.902,20,20.849999999999902,False,broad_institutional,4,high
CNTB,us,84.3174,82.0915,0.08359995328499999,20.9009,20,2.22590000000001,False,dominant_holder,4,high
CNTG,us,1.4495,1.4495,0.00021010502500000002,1.4495,16,0.0,False,fragmented_or_mixed,4,high
CNTM,us,44.6334,44.6334,0.046118928844000005,18.4735,20,0.0,False,fragmented_or_mixed,4,high
CNTN,us,34.4066,32.0152,0.008521672008,4.7425,20,2.3913999999999973,False,fragmented_or_mixed,4,high
CNTX,us,80.8864,76.5423,0.047569461731,11.6233,20,4.344099999999997,False,broad_institutional,4,high
CNTY,us,68.1406,61.6876,0.028602036508,7.7367,20,6.453000000000003,False,broad_institutional,4,high
CNVS,us,26.0986,23.9121,0.005280380855,4.7814,20,2.1865000000000023,False,fragmented_or_mixed,4,high
CNX,us,103.9113,68.6679,0.03417176220299999,11.1164,20,35.243399999999994,True,data_anomaly,3,medium
CNXC,us,127.0637,83.6899,0.041495837113000006,7.9187,20,43.3738,True,data_anomaly,3,medium
CNXN,us,99.5269000000001,84.3287,0.16004977643700002,27.9158,20,15.1982000000001,False,dominant_holder,4,high
CNXU,us,40.9833,40.9833,0.024058751447,7.8826,12,0.0,False,fragmented_or_mixed,4,high
COAG,us,81.0439,81.0383,0.087921454215,17.9018,20,0.005599999999986949,False,broad_institutional,4,high
COCH,us,53.004,52.5465,0.14976786573700004,37.7727,20,0.457499999999996,False,dominant_holder,4,high
COCHW,us,,,,,20,,False,insufficient_data,0,low
COCO,us,104.5853,66.1502,0.031388037266,10.8411,20,38.435100000000006,True,data_anomaly,3,medium
COCP,us,36.3596,36.0408,0.04291680421999999,15.2343,20,0.3188000000000031,False,fragmented_or_mixed,4,high
CODA,us,78.7297,69.0305,0.06575113413299999,18.1301,20,9.69919999999999,False,broad_institutional,4,high
CODI,us,94.7446,71.5356,0.035560499568000004,9.6251,20,23.209000000000003,False,broad_institutional,4,high
CODI_PA,us,36.3642,36.3642,0.07851026125999998,27.1134,6,0.0,False,dominant_holder,4,high
CODI_PB,us,29.8647,29.8647,0.04214385202299999,19.3321,11,0.0,False,fragmented_or_mixed,4,high
CODI_PC,us,24.512,24.512,0.029699407488,15.8682,16,0.0,False,fragmented_or_mixed,4,high
CODX,us,10.612,10.6074,0.0024364630060000002,4.4774,20,0.0045999999999999375,False,fragmented_or_mixed,4,high
COE,us,80.3194,80.3194,0.12102215650600001,25.787,20,0.0,False,dominant_holder,4,high
COEPW,us,,,,,20,,False,insufficient_data,0,low
COF,us,90.6521000000015,41.3756,0.013035623032,6.603,20,49.2765000000015,False,broad_institutional,4,high
COFS,us,51.5592,35.0999,0.009389436338999997,5.3385,20,16.4593,False,broad_institutional,4,high
COF_PI,us,17.0345,16.9369,0.007520861725,6.701,20,0.09759999999999991,False,fragmented_or_mixed,4,high
COF_PJ,us,15.8952,15.8651,0.007461768418999999,6.6892,20,0.030100000000000904,False,fragmented_or_mixed,4,high
COF_PL,us,17.3413,17.3413,0.007824125189,6.664,18,0.0,False,fragmented_or_mixed,4,high
COF_PN,us,15.9625,15.9625,0.0074296279969999985,6.6254,15,0.0,False,fragmented_or_mixed,4,high
COGT,us,111.5697,66.8877,0.034852453717,12.5447,20,44.682,True,data_anomaly,3,medium
COHN,us,33.6908,33.6881,0.021055118603000002,12.742,20,0.0027000000000043656,False,fragmented_or_mixed,4,high
COHR,us,93.1156000000004,50.0004,0.025661192483999992,11.2206,20,43.1152000000004,False,broad_institutional,4,high
COHU,us,120.025,72.9518,0.042710253671999994,13.9087,20,47.0732,True,data_anomaly,3,medium
COIN,us,69.7713000000005,36.8049,0.012525901790999999,6.3527,20,32.96640000000049,False,broad_institutional,4,high
COKE,us,68.6374000000002,46.2787,0.018782037162999997,8.4912,20,22.358700000000198,False,broad_institutional,4,high
COLA,us,126.7004,125.7181,0.19841918758699997,37.7865,20,0.9822999999999951,True,data_anomaly,2,medium
COLAR,us,,,,,20,,False,insufficient_data,0,low
COLAU,us,3.846,3.846,0.0014127905300000002,3.7581,14,0.0,False,fragmented_or_mixed,4,high
COLB,us,103.8759,64.8023,0.028447831561,8.4987,20,39.0736,True,data_anomaly,3,medium
COLD,us,116.8563,68.7622,0.029837349582000003,8.3238,20,48.0941,True,data_anomaly,3,medium
COLL,us,129.6394,79.5982,0.044053706204,13.8704,20,50.04119999999999,True,data_anomaly,3,medium
COLM,us,116.2019,92.4128,0.22398732615400005,45.5662,20,23.78909999999999,True,data_anomaly,3,medium
COMM,us,95.5603000000001,50.9639,0.017016713877000003,7.1159,20,44.596400000000095,False,broad_institutional,4,high
COMP,us,81.1999000000001,49.8741,0.021787142855,8.0354,20,31.3258000000001,False,broad_institutional,4,high
CON,us,100.0885,72.1968,0.047916640962,13.175,20,27.8917,True,data_anomaly,3,medium
CON_W,us,100.0885,72.1968,0.047916640962,13.175,20,27.8917,True,data_anomaly,3,medium
COO,us,105.8456,60.0606,0.022065191026000002,6.5215,20,45.785000000000004,True,data_anomaly,3,medium
COOK,us,85.9631,82.9216,0.12862126017,24.0988,20,3.041499999999999,False,dominant_holder,4,high
COOP,us,0.3428,0.3428,2.356076e-06,0.1051,20,0.0,False,fragmented_or_mixed,4,high
COOT,us,45.5775,45.5775,0.12062099285899999,33.7626,20,0.0,False,dominant_holder,4,high
COOTW,us,,,,,20,,False,insufficient_data,0,low
COP,us,86.0551000000025,46.8967,0.016362978392999997,6.5288,20,39.158400000002494,False,broad_institutional,4,high
COPL,us,91.5593,72.9054,0.03136902259800001,8.4926,20,18.653899999999993,False,broad_institutional,4,high
COPL_U,us,9.2553,9.2553,0.0028199921509999997,4.7737,20,0.0,False,fragmented_or_mixed,4,high
COPR,us,58.4058,58.4058,0.12900993028200006,34.2952,10,0.0,False,dominant_holder,4,high
COR,us,96.2784000000004,49.7207,0.018445578620999995,6.665,20,46.5577000000004,False,broad_institutional,4,high
CORT,us,83.9389000000001,61.8642,0.030566052807999997,10.3894,20,22.074700000000107,False,broad_institutional,4,high
CORZ,us,129.3106,83.0198,0.04559422676399999,8.1817,20,46.29079999999999,True,data_anomaly,3,medium
COSM,us,36.5123,36.4349,0.057260778576999995,22.4858,20,0.07740000000000435,False,dominant_holder,4,high
COSO,us,77.1426000000001,62.5351,0.028781209018999995,9.2706,20,14.607500000000101,False,broad_institutional,4,high
COST,us,76.5758000000056,36.3571,0.011885851839,6.5048,20,40.2187000000056,False,broad_institutional,4,high
COTY,us,96.7901,83.0869,0.270543562867,51.3198,20,13.703199999999995,False,dominant_holder,4,high
COUR,us,70.2219,50.7795,0.023409895615,10.6263,20,19.442400000000006,False,broad_institutional,4,high
COYA,us,53.4709,48.3446,0.026555490076000006,9.9566,20,5.1263000000000005,False,broad_institutional,4,high
CP,us,75.1733000000004,35.4137,0.008362201524999998,5.2405,20,39.7596000000004,False,broad_institutional,4,high
CPA,us,95.6477,63.3149,0.035837649375,12.4358,20,32.3328,False,broad_institutional,4,high
CPAC,us,6.6659,6.6447,0.0013336385410000003,3.2587,20,0.02119999999999944,False,fragmented_or_mixed,4,high
CPAY,us,104.6257,64.6264,0.028709831122,7.6313,20,39.99929999999999,True,data_anomaly,3,medium
CPB,us,104.6367,75.4542,0.046357601244,15.0586,20,29.182500000000005,True,data_anomaly,3,medium
CPBI,us,59.1533,56.2321,0.026505277943999997,9.737,20,2.921199999999999,False,broad_institutional,4,high
CPF,us,99.5377000000001,67.0787,0.04150430144199999,13.7923,20,32.4590000000001,False,broad_institutional,4,high
CPHC,us,75.6787,74.6774,0.097089701666,19.5473,20,1.0013000000000005,False,broad_institutional,4,high
CPHI,us,89.6917,89.6917,0.12772403764700002,29.4216,20,0.0,False,dominant_holder,4,high
CPIX,us,61.3009,59.4777,0.14906650754099998,38.0115,20,1.8232,False,dominant_holder,4,high
CPK,us,93.3827000000001,65.5438,0.04200085430799999,13.482,20,27.838900000000095,False,broad_institutional,4,high
CPNG,us,93.6306000000001,61.1135,0.045597007423,17.6845,20,32.5171000000001,False,broad_institutional,4,high
CPOP,us,45.4959,45.4959,0.024044730634999997,8.7865,20,0.0,False,fragmented_or_mixed,4,high
CPRI,us,114.1332,69.6601,0.035872750751,11.2512,20,44.4731,True,data_anomaly,3,medium
CPRT,us,98.9234000000005,51.0298,0.018809175826000002,6.1865,20,47.8936000000005,False,broad_institutional,4,high
CPRX,us,95.3763000000003,55.1069,0.029775816269,13.2812,20,40.269400000000296,False,broad_institutional,4,high
CPRY,us,72.2619,71.4842,0.08943251934799998,19.9847,20,0.7776999999999958,False,broad_institutional,4,high
CPS,us,68.9145000000002,45.0851,0.013301558049000002,6.7732,20,23.829400000000206,False,broad_institutional,4,high
CPSF,us,70.9877,70.8465,0.22310165542899998,46.6637,20,0.14119999999999777,False,dominant_holder,4,high
CPSH,us,52.0845,45.7656,0.021351297092,7.8163,20,6.318899999999999,False,broad_institutional,4,high
CPSR,us,75.5622,75.4383,0.28421423451100003,52.9408,20,0.12390000000000612,False,dominant_holder,4,high
CPSS,us,77.7437,72.5692,0.10101955604400001,23.6291,20,5.174500000000009,False,dominant_holder,4,high
CPSY,us,65.9653,65.9653,0.18125527584899997,41.8883,20,0.0,False,dominant_holder,4,high
CPT,us,107.8985,64.8192,0.031562221175999994,8.7784,20,43.0793,True,data_anomaly,3,medium
CR,us,91.3243000000001,55.3248,0.032274054636,13.4701,20,35.99950000000009,False,broad_institutional,4,high
CRAC,us,91.9757,81.3776,0.040810870398,8.6377,20,10.598100000000002,False,broad_institutional,4,high
CRACR,us,,,,,20,,False,insufficient_data,0,low
CRACU,us,11.1788,11.1788,0.0032603451460000003,4.2553,16,0.0,False,fragmented_or_mixed,4,high
CRAI,us,89.4161000000001,54.6926,0.01948550744,7.5663,20,34.7235000000001,False,broad_institutional,4,high
CRAN,us,54.885,49.1406,0.019566882682000006,8.0729,20,5.744399999999999,False,broad_institutional,4,high
CRANR,us,,,,,20,,False,insufficient_data,0,low
CRANU,us,17.3517,17.2994,0.003873330978,3.7502,20,0.052300000000002456,False,fragmented_or_mixed,4,high
CRAQ,us,98.2997,69.3171,0.030127350955,9.6214,20,28.982600000000005,False,broad_institutional,4,high
CRAQR,us,,,,,20,,False,insufficient_data,0,low
CRAQU,us,8.1215,8.1215,0.002844072859000001,4.9476,20,0.0,False,fragmented_or_mixed,4,high
CRBG,us,106.8642,85.3199,0.110508763261,27.3586,20,21.544299999999993,True,data_anomaly,3,medium
CRBP,us,78.6936000000001,65.8587,0.03984366635099999,12.6565,20,12.834900000000104,False,broad_institutional,4,high
CRBU,us,48.9199,35.5238,0.008814357659999997,4.7292,20,13.396099999999997,False,fragmented_or_mixed,4,high
CRC,us,110.1688,75.8241,0.044302742593,12.2344,20,34.3447,True,data_anomaly,3,medium
CRCL,us,61.1857000000002,38.9938,0.013919261650000002,7.6105,20,22.191900000000203,False,broad_institutional,4,high
CRCT,us,63.2304,44.6833,0.013082182679,5.9631,20,18.5471,False,broad_institutional,4,high
CRDF,us,35.0393000000001,30.1687,0.008088989201000001,4.6669,20,4.8706000000000955,False,fragmented_or_mixed,4,high
CRDL,us,24.5698,23.5934,0.020046934714,13.3215,20,0.9764000000000017,False,fragmented_or_mixed,4,high
CRDO,us,87.7213000000002,45.7947,0.017032509943,7.8595,20,41.9266000000002,False,broad_institutional,4,high
CRDA,us,90.6351999999999,75.9622,0.13774327252999996,35.1493,20,14.672999999999902,False,dominant_holder,4,high
CRDB,us,95.3492,94.7022,0.47587983706999987,68.386,20,0.6469999999999914,False,dominant_holder,4,high
CRE,us,33.4931,33.4931,0.10707887876900002,32.7184,9,0.0,False,dominant_holder,4,high
CREG,us,4.191,4.191,0.0014531706180000003,3.8046,18,0.0,False,fragmented_or_mixed,4,high
CRESW,us,,,,,12,,False,insufficient_data,0,low
CRESY,us,22.2522,20.4874,0.006985522854,6.9883,20,1.7647999999999975,False,fragmented_or_mixed,4,high
CREV,us,27.875,27.875,0.04227424462199999,18.0754,13,0.0,False,fragmented_or_mixed,4,high
CREVW,us,,,,,20,,False,insufficient_data,0,low
CREX,us,40.6598,37.9725,0.016200916385,7.2729,20,2.6873000000000005,False,fragmented_or_mixed,4,high
CRGO,us,57.6298,56.3041,0.04372149182900001,13.2946,20,1.3257000000000048,False,broad_institutional,4,high
CRGOW,us,,,,,20,,False,insufficient_data,0,low
CRGY,us,86.3161,57.6234,0.030778610986000002,10.2916,20,28.69270000000001,False,broad_institutional,4,high
CRH,us,90.4445000000002,42.3546,0.014949795177999999,6.5066,20,48.089900000000206,False,broad_institutional,4,high
CRI,us,122.1257,76.7906,0.043566709828,13.3956,20,45.3351,True,data_anomaly,3,medium
CRIS,us,43.3701,42.5374,0.029201549416,9.7549,20,0.8327000000000027,False,fragmented_or_mixed,4,high
CRK,us,103.6013,93.9654,0.5094396172479999,70.9237,20,9.635899999999992,True,data_anomaly,3,medium
CRKN,us,58.4691,58.4691,0.15837917224499998,35.8452,20,0.0,False,dominant_holder,4,high
CRL,us,120.3459,64.8503,0.024602380939,6.648,20,55.495599999999996,True,data_anomaly,3,medium
CRM,us,98.0191000000026,46.332,0.01765110562,7.2447,20,51.687100000002594,False,broad_institutional,4,high
CRMD,us,63.7111,43.9399,0.017503137712999998,6.7227,20,19.7712,False,broad_institutional,4,high
CRML,us,58.4926000000001,53.0862,0.10727953149999998,31.0006,20,5.4064000000001045,False,dominant_holder,4,high
CRMLW,us,,,,,20,,False,insufficient_data,0,low
CRMT,us,104.6885,83.0132,0.055598901006000005,15.1392,20,21.675300000000007,True,data_anomaly,3,medium
CRNC,us,85.7476000000001,60.1415,0.023439966810999996,7.8361,20,25.606100000000104,False,broad_institutional,4,high
CRNT,us,33.6671,30.3819,0.015491118603000002,10.3748,20,3.285199999999996,False,fragmented_or_mixed,4,high
CRNX,us,127.925,85.8156,0.053378096804,13.4501,20,42.109399999999994,True,data_anomaly,3,medium
CRON,us,64.4271000000001,59.9896,0.179565130232,41.9731,20,4.437500000000092,False,dominant_holder,4,high
CROX,us,104.984,59.175,0.025127704636,8.5597,20,45.809,True,data_anomaly,3,medium
CRS,us,102.8325,53.8907,0.024589951913,10.074,20,48.94179999999999,True,data_anomaly,3,medium
CRSP,us,83.6749000000003,61.6048,0.032408650564000004,11.7302,20,22.07010000000031,False,broad_institutional,4,high
CRSR,us,93.0089000000001,81.4872,0.285648481602,52.6755,20,11.521700000000095,False,dominant_holder,4,high
CRTO,us,95.1137000000001,80.038,0.057779108637999996,15.8195,20,15.075700000000097,False,broad_institutional,4,high
CRUS,us,106.3829,59.9326,0.026112451493999995,9.0281,20,46.450300000000006,True,data_anomaly,3,medium
CRVL,us,94.0219000000002,77.7234,0.15568587517799998,36.7427,20,16.298500000000203,False,dominant_holder,4,high
CRVO,us,49.3325,47.9223,0.036541396335,14.8798,20,1.4102000000000032,False,fragmented_or_mixed,4,high
CRVS,us,79.5772,58.8335,0.023949188274999998,8.5206,20,20.743700000000004,False,broad_institutional,4,high
CRWD,us,79.3276000000011,38.7971,0.012546040432,6.2713,20,40.5305000000011,False,broad_institutional,4,high
CRWS,us,43.3477,37.907,0.009484968529999999,4.0909,20,5.440700000000007,False,fragmented_or_mixed,4,high
CRWV,us,77.0496000000001,53.8527,0.031666124632999997,11.8908,20,23.1969000000001,False,broad_institutional,4,high
CSA,us,32.1676,32.1676,0.10312028693799999,32.1123,3,0.0,False,dominant_holder,4,high
CSAI,us,6.1713,6.1592,0.001114867872,2.9947,20,0.012099999999999334,False,fragmented_or_mixed,4,high
CSAN,us,1.9387,1.7778,4.0130408e-05,0.3889,20,0.16090000000000004,False,fragmented_or_mixed,4,high
CSBR,us,68.0298000000001,66.6884,0.062949851354,17.4386,20,1.3414000000000925,False,broad_institutional,4,high
CSCI,us,27.5346,27.5346,0.061512080514,24.6313,20,0.0,False,dominant_holder,4,high
CSCO,us,85.5071000000055,41.153,0.013805069181999998,6.1851,20,44.354100000005495,False,broad_institutional,4,high
CSGP,us,106.0991,63.9571,0.030524269429000002,9.3629,20,42.14200000000001,True,data_anomaly,3,medium
CSGS,us,106.8007,64.9687,0.035107438939,12.9354,20,41.83200000000001,True,data_anomaly,3,medium
CSHR,us,67.7708,67.7708,0.08549935050400001,16.4429,18,0.0,False,broad_institutional,4,high
CSIQ,us,86.7332000000002,69.0464,0.06430178054999999,20.7154,20,17.68680000000019,False,dominant_holder,4,high
CSL,us,106.0854,51.0334,0.020995673267999997,8.9,20,55.05200000000001,True,data_anomaly,3,medium
CSLM,us,73.9559,73.4386,0.15030702967,31.6191,20,0.5173000000000059,False,dominant_holder,4,high
CSPI,us,58.494,55.3719,0.039096864971000005,14.0878,20,3.122100000000003,False,broad_institutional,4,high
CSQR,us,69.592,69.592,0.47543802330599993,68.9504,7,0.0,False,dominant_holder,4,high
CSR,us,102.7343,76.2026,0.05423116777399999,15.3057,20,26.5317,True,data_anomaly,3,medium
CSSE,us,0.0,0.0,0.0,0.0,20,0.0,False,fragmented_or_mixed,4,high
CSTE,us,52.223,50.8897,0.10320258587499997,30.1934,20,1.3333000000000013,False,dominant_holder,4,high
CSTL,us,95.6244000000001,62.5817,0.029378318816999996,9.0944,20,33.042700000000096,False,broad_institutional,4,high
CSTM,us,100.0437,53.9744,0.019524384913999996,6.6825,20,46.0693,True,data_anomaly,3,medium
CSV,us,91.558,60.6975,0.027723202123,9.3874,20,30.86050000000001,False,broad_institutional,4,high
CSW,us,108.3438,64.4155,0.03437633804299999,13.3853,20,43.92830000000001,True,data_anomaly,3,medium
CSWC,us,33.0676,20.5894,0.003156276422,3.7812,20,12.478199999999998,False,fragmented_or_mixed,4,high
CSX,us,85.3248000000001,43.8243,0.014700112126999999,6.5228,20,41.500500000000095,False,broad_institutional,4,high
CTAS,us,86.2440000000003,48.9577,0.028370569066999998,13.2843,20,37.286300000000296,False,broad_institutional,4,high
CTA_PB,us,10.4853,10.4853,0.005833439789000002,6.5395,7,0.0,False,fragmented_or_mixed,4,high
CTBI,us,62.0115000000001,42.5998,0.01694351976,7.0172,20,19.411700000000096,False,broad_institutional,4,high
CTEV,us,97.4742,83.7046,0.08898960214399998,22.8056,20,13.769599999999997,False,dominant_holder,4,high
CTGO,us,53.4904,40.3143,0.012636758755,6.067,20,13.176099999999998,False,broad_institutional,4,high
CTHR,us,74.5674,74.5674,0.20827018935999997,42.7893,20,0.0,False,dominant_holder,4,high
CTKB,us,74.8861000000001,61.4198,0.033761552852,12.2171,20,13.466300000000096,False,broad_institutional,4,high
CTLP,us,112.0878,73.6773,0.038039194853,12.5732,20,38.4105,True,data_anomaly,3,medium
CTM,us,20.0484,19.2931,0.007942637614999998,7.5344,20,0.7553000000000019,False,fragmented_or_mixed,4,high
CTMX,us,92.6691,66.3145,0.030621042828999998,9.2744,20,26.354600000000005,False,broad_institutional,4,high
CTNM,us,97.1580999999999,76.624,0.038203809628000004,8.6828,20,20.53409999999991,False,broad_institutional,4,high
CTNT,us,282.435,282.4349,2.596882165191,93.0332,20,9.999999997489795e-05,True,data_anomaly,1,low
CTO,us,66.6641,43.6085,0.014133054047000002,7.3857,20,23.055600000000005,False,broad_institutional,4,high
CTOR,us,87.4289,87.4289,0.5161958994469996,71.0354,20,0.0,False,dominant_holder,4,high
CTOS,us,100.1474,90.7599,0.478619343281,68.9187,20,9.387500000000003,True,data_anomaly,3,medium
CTO_PA,us,40.1947,40.1947,0.025410034351,9.74,20,0.0,False,fragmented_or_mixed,4,high
CTRA,us,82.0607000000001,48.4074,0.019483514203999998,6.4184,20,33.653300000000094,False,broad_institutional,4,high
CTRE,us,101.6312,63.9112,0.03726549344,12.4334,20,37.720000000000006,True,data_anomaly,3,medium
CTRI,us,111.4808,66.9674,0.03849184684599999,14.2033,20,44.513400000000004,True,data_anomaly,3,medium
CTRM,us,5.053,5.0528,0.0007523637240000001,2.4839,20,0.00019999999999953388,False,fragmented_or_mixed,4,high
CTRN,us,97.0788999999999,73.6994,0.068081968936,21.891,20,23.379499999999908,False,dominant_holder,4,high
CTS,us,106.1768,78.3473,0.055416732388999995,14.0845,20,27.829499999999996,True,data_anomaly,3,medium
CTSH,us,108.3063,57.1483,0.023621629473,6.5584,20,51.157999999999994,True,data_anomaly,3,medium
CTSO,us,41.5437,39.1593,0.017865054685000003,8.2997,20,2.3843999999999994,False,fragmented_or_mixed,4,high
CTVA,us,90.6661000000009,53.671,0.021009158189999995,6.5901,20,36.995100000000896,False,broad_institutional,4,high
CTXR,us,5.6092,5.4448,0.00038722239,1.4943,20,0.16440000000000055,False,fragmented_or_mixed,4,high
CUB,us,126.3858,108.608,0.07116382343,9.9785,20,17.7778,True,data_anomaly,2,medium
CUBE,us,102.2996,58.3805,0.031466151951000006,11.2799,20,43.9191,True,data_anomaly,3,medium
CUBI,us,111.1651,76.4332,0.049651415569999996,13.2286,20,34.731899999999996,True,data_anomaly,3,medium
CUBI_PF,us,0.0,0.0,0.0,0.0,1,0.0,False,fragmented_or_mixed,4,high
CUBWU,us,5.4107,5.4107,0.0027503232830000004,5.2435,20,0.0,False,fragmented_or_mixed,4,high
CUE,us,31.6093,30.8971,0.030371506254999996,16.1919,20,0.7122000000000028,False,fragmented_or_mixed,4,high
CUK,us,29.9636,23.461,0.0046026828140000005,4.0687,20,6.502600000000001,False,fragmented_or_mixed,4,high
CULL,us,0.0,0.0,0.0,0.0,20,0.0,False,fragmented_or_mixed,4,high
CULP,us,68.3371,63.6969,0.04247350236099999,14.6813,20,4.640200000000007,False,broad_institutional,4,high
CUPR,us,1.2223,1.2223,5.3174764999999995e-05,0.5062,9,0.0,False,fragmented_or_mixed,4,high
CURB,us,115.6742,76.6971,0.052147418030999995,12.9197,20,38.97709999999999,True,data_anomaly,3,medium
CURI,us,66.003,52.8413,0.050856127859,20.588,20,13.161700000000003,False,dominant_holder,4,high
CURR,us,64.1816,64.1816,0.2866224266259999,53.2332,20,0.0,False,dominant_holder,4,high
CURV,us,92.4694,89.3034,0.359459009926,58.5766,20,3.165999999999997,False,dominant_holder,4,high
CURX,us,68.8056,68.8056,0.17165459777000003,28.1643,20,0.0,False,dominant_holder,4,high
CUZ,us,113.7392,71.094,0.040787052988,10.6534,20,42.6452,True,data_anomaly,3,medium
CV,us,39.601,38.7099,0.032884479431,12.8104,20,0.8911000000000016,False,fragmented_or_mixed,4,high
CVBF,us,71.6263000000001,50.6284,0.0220204386,9.9103,20,20.9979000000001,False,broad_institutional,4,high
CVCO,us,108.6325,66.7177,0.040763370293000006,14.3748,20,41.9148,True,data_anomaly,3,medium
CVE,us,84.6125000000001,59.7157,0.05091373288099999,16.5583,20,24.8968000000001,False,broad_institutional,4,high
CVEO,us,87.28,75.251,0.07320254681600001,22.3834,20,12.028999999999996,False,dominant_holder,4,high
CVGI,us,77.0598,58.8459,0.027808810600999996,8.942,20,18.213899999999995,False,broad_institutional,4,high
CVGW,us,94.9425,67.6071,0.028912635664999995,7.9258,20,27.335399999999993,False,broad_institutional,4,high
CVI,us,102.7467,91.9853,0.5056202299569998,70.8261,20,10.761400000000009,True,data_anomaly,3,medium
CVKD,us,16.804,16.7799,0.006272126033000001,6.4545,20,0.024099999999997124,False,fragmented_or_mixed,4,high
CVLG,us,99.7732000000001,69.7419,0.041461899107,11.4897,20,30.0313000000001,False,broad_institutional,4,high
CVLT,us,108.0198,62.4678,0.03435763586999999,12.455,20,45.55200000000001,True,data_anomaly,3,medium
CVM,us,10.931,10.6553,0.0021581585210000004,3.1756,20,0.2756999999999987,False,fragmented_or_mixed,4,high
CVNA,us,111.2763,68.9393,0.038329329510999995,12.2704,20,42.337,True,data_anomaly,3,medium
CVR,us,45.4613,45.4487,0.027483703896999993,9.3617,20,0.012599999999999056,False,fragmented_or_mixed,4,high
CVRX,us,72.8748000000001,63.6879,0.042997112079000005,15.1676,20,9.186900000000108,False,broad_institutional,4,high
CVS,us,91.6928000000013,49.1105,0.018070548758999997,6.4776,20,42.5823000000013,False,broad_institutional,4,high
CVSA,us,102.7137,66.5195,0.038923702436999996,13.7198,20,36.19420000000001,True,data_anomaly,3,medium
CVU,us,48.4101,42.5777,0.016082519426999998,7.1149,20,5.8324,False,fragmented_or_mixed,4,high
CVV,us,50.65,48.3004,0.04402280335600001,18.9444,20,2.3495999999999952,False,broad_institutional,4,high
CVX,us,76.6498000000053,41.853,0.018390993216,7.6892,20,34.7968000000053,False,broad_institutional,4,high
CW,us,90.3240000000002,45.3951,0.018723656141,9.678,20,44.9289000000002,False,broad_institutional,4,high
CWAN,us,108.7586,62.5977,0.024543912765000002,6.9699,20,46.1609,True,data_anomaly,3,medium
CWBC,us,51.9076,37.3653,0.010038755089,5.2881,20,14.542300000000004,False,broad_institutional,4,high
CWCO,us,72.5466000000001,49.4539,0.016000930464999997,6.1801,20,23.0927000000001,False,broad_institutional,4,high
CWD,us,5.3458,5.3315,0.000509003605,2.0018,20,0.014299999999999535,False,fragmented_or_mixed,4,high
CWEN,us,70.5312000000003,43.8335,0.016090232333,8.5604,20,26.697700000000296,False,broad_institutional,4,high
CWENA,us,76.7834,53.8225,0.027992353178999996,11.2444,20,22.960900000000002,False,broad_institutional,4,high
CWH,us,98.7183000000002,61.1687,0.023674815697,6.8089,20,37.5496000000002,False,broad_institutional,4,high
CWK,us,94.0318999999999,59.9698,0.031254779238,10.3997,20,34.062099999999894,False,broad_institutional,4,high
CWST,us,125.5119,68.9945,0.036865095747,13.2457,20,56.517399999999995,True,data_anomaly,3,medium
CWT,us,95.9581000000001,70.2018,0.042290007448,13.7948,20,25.756300000000095,False,broad_institutional,4,high
CX,us,34.9123000000001,23.363,0.005264607734,5.6244,20,11.549300000000102,False,fragmented_or_mixed,4,high
CXAI,us,15.2827,15.0786,0.003236763913999999,3.915,20,0.2041000000000004,False,fragmented_or_mixed,4,high
CXAIW,us,,,,,20,,False,insufficient_data,0,low
CXDO,us,66.7441,55.2405,0.09237544269100001,29.7186,20,11.503600000000006,False,dominant_holder,4,high
CXII,us,17.9641,17.9641,0.009655464133000002,6.4671,4,0.0,False,fragmented_or_mixed,4,high
CXM,us,129.6101,83.2597,0.050334020165,13.0123,20,46.35039999999999,True,data_anomaly,3,medium
CXT,us,110.7303,74.616,0.049780812066000005,13.5177,20,36.1143,True,data_anomaly,3,medium
CXW,us,93.8962000000001,65.4785,0.042492072965,14.4704,20,28.41770000000011,False,broad_institutional,4,high
CYAB,us,34.1606,34.1606,0.032060622471,14.167,16,0.0,False,fragmented_or_mixed,4,high
CYBN,us,53.7783,48.4295,0.016607990545,5.5123,20,5.348800000000004,False,broad_institutional,4,high
CYBR,us,41.8109,32.4591,0.010984934696999998,6.7853,20,9.351799999999997,False,fragmented_or_mixed,4,high
CYCN,us,27.3493,27.3329,0.014596527949000002,10.3507,20,0.01640000000000086,False,fragmented_or_mixed,4,high
CYCU,us,15.3436,15.3436,0.004941044980000001,4.6544,20,0.0,False,fragmented_or_mixed,4,high
CYCUW,us,,,,,20,,False,insufficient_data,0,low
CYD,us,95.7503,88.9727,0.2815122014190001,48.6988,20,6.7775999999999925,False,dominant_holder,4,high
CYH,us,95.0080000000001,70.5057,0.03600040974700001,8.9835,20,24.50230000000009,False,broad_institutional,4,high
CYN,us,10.3287,10.3188,0.0045519967759999995,6.6405,20,0.00990000000000002,False,fragmented_or_mixed,4,high
CYPH,us,23.315,21.8958,0.010248365951999999,7.7808,20,1.4192,False,fragmented_or_mixed,4,high
CYRX,us,101.0285,68.839,0.035722445744000006,9.8459,20,32.189499999999995,True,data_anomaly,3,medium
CYTK,us,110.1788,70.5312,0.045449283400000005,12.9255,20,39.6476,True,data_anomaly,3,medium
CYTO,us,22.7968,22.7968,0.03693073725600001,18.7966,11,0.0,False,fragmented_or_mixed,4,high
CZFS,us,36.0198,27.3723,0.007726862445,6.0234,20,8.647499999999997,False,fragmented_or_mixed,4,high
CZNC,us,36.8138,26.5,0.00797822428,5.9125,20,10.3138,False,fragmented_or_mixed,4,high
CZR,us,100.6888,60.3789,0.030560257003000003,10.879,20,40.3099,True,data_anomaly,3,medium
CZWI,us,83.7134,61.5832,0.025289046960000006,7.2583,20,22.130199999999995,False,broad_institutional,4,high
D,us,83.0531000000007,52.8634,0.02243152147,6.3953,20,30.1897000000007,False,broad_institutional,4,high
DAAQ,us,94.4427,73.5226,0.035380862376,9.3857,20,20.920100000000005,False,broad_institutional,4,high
DAAQU,us,17.7021,17.7021,0.010110775064999999,7.2464,20,0.0,False,fragmented_or_mixed,4,high
DAC,us,75.1504,69.3189,0.277668777009,52.3991,20,5.8315000000000055,False,dominant_holder,4,high
DAIC,us,37.8344,37.3803,0.018113397211000002,7.2794,20,0.45410000000000394,False,fragmented_or_mixed,4,high
DAICW,us,,,,,20,,False,insufficient_data,0,low
DAIO,us,46.0466,44.0238,0.022931759182000005,9.2674,20,2.0227999999999966,False,fragmented_or_mixed,4,high
DAKT,us,87.237,60.5738,0.02522509527,6.6074,20,26.663199999999996,False,broad_institutional,4,high
DAL,us,90.9543000000005,53.2589,0.020625338415,6.3781,20,37.695400000000504,False,broad_institutional,4,high
DAN,us,104.6508,67.5064,0.044158694022000004,14.4908,20,37.144400000000005,True,data_anomaly,3,medium
DAO,us,42.7387,42.4663,0.055583854615000004,21.27,20,0.27240000000000464,False,dominant_holder,4,high
DAR,us,109.3603,55.0483,0.021261878991000002,8.2111,20,54.312,True,data_anomaly,3,medium
DARE,us,17.3363,16.9074,0.006882477306,7.4063,20,0.4289000000000023,False,fragmented_or_mixed,4,high
DASH,us,95.4604000000004,53.7013,0.019990677643,7.6811,20,41.7591000000004,False,broad_institutional,4,high
DAVA,us,54.2764,47.5253,0.026623271981000004,10.0,20,6.751100000000001,False,broad_institutional,4,high
DAVE,us,107.1319,65.8278,0.03354533328999999,10.0516,20,41.304100000000005,True,data_anomaly,3,medium
DAVEW,us,,,,,20,,False,insufficient_data,0,low
DAWN,us,89.0260999999999,56.3506,0.018931034888000003,5.6857,20,32.6754999999999,False,broad_institutional,4,high
DAY,us,138.638,131.5843,1.0088526138469998,100.0,20,7.053699999999992,True,data_anomaly,1,low
DB,us,62.6485000000003,40.2054,0.013863923354000001,7.925,20,22.4431000000003,False,broad_institutional,4,high
DBCA,us,46.9671,46.4301,0.016127734177,5.6543,20,0.536999999999999,False,fragmented_or_mixed,4,high
DBCAU,us,23.7016,23.7016,0.0068789239960000016,6.0449,19,0.0,False,fragmented_or_mixed,4,high
DBD,us,103.0293,82.1388,0.13627207913000003,33.5046,20,20.890500000000003,True,data_anomaly,3,medium
DBGI,us,7.2596,7.2372,0.0012440589259999997,2.9932,20,0.022400000000000198,False,fragmented_or_mixed,4,high
DBI,us,105.2504,76.0587,0.04414722511299999,12.7775,20,29.191699999999997,True,data_anomaly,3,medium
DBRG,us,114.3951,64.5224,0.025036751646000003,6.3606,20,49.872699999999995,True,data_anomaly,3,medium
DBRG_PH,us,30.7457,30.7457,0.024426135377,13.3156,15,0.0,False,fragmented_or_mixed,4,high
DBRG_PI,us,41.5477,41.5477,0.027225960205000004,11.1941,20,0.0,False,fragmented_or_mixed,4,high
DBRG_PJ,us,30.8905,30.8905,0.012862297871,6.6186,20,0.0,False,fragmented_or_mixed,4,high
DBVT,us,29.7659,27.474,0.007142609394,5.2985,20,2.2918999999999983,False,fragmented_or_mixed,4,high
DBX,us,138.932,81.4733,0.046115206258999994,11.1947,20,57.45869999999999,True,data_anomaly,3,medium
DC,us,63.0011999999999,46.7674,0.015136645768,5.9381,20,16.233799999999896,False,broad_institutional,4,high
DCBO,us,91.5489000000001,87.0649,0.40870971164899994,63.2898,20,4.484000000000108,False,dominant_holder,4,high
DCGO,us,47.7598,35.7875,0.009796545849000002,5.8993,20,11.972299999999997,False,fragmented_or_mixed,4,high
DCH,us,106.5902,57.1157,0.030003103141000003,13.8021,20,49.4745,True,data_anomaly,3,medium
DCI,us,91.3273000000001,55.0157,0.025048576042999995,8.5337,20,36.31160000000009,False,broad_institutional,4,high
DCO,us,102.7744,59.9187,0.023866177681000002,8.8128,20,42.8557,True,data_anomaly,3,medium
DCOM,us,95.3426000000002,64.8634,0.039156164343999995,12.5575,20,30.479200000000205,False,broad_institutional,4,high
DCOMP,us,15.7912,15.7912,0.010170072674,7.5975,8,0.0,False,fragmented_or_mixed,4,high
DCOM_P,us,15.7912,15.7912,0.010170072674,7.5975,8,0.0,False,fragmented_or_mixed,4,high
DCOY,us,6.0332,6.0332,0.0027764702759999994,5.2524,20,0.0,False,fragmented_or_mixed,4,high
DCTH,us,57.7879,43.0389,0.018794703433,9.5603,20,14.749000000000002,False,broad_institutional,4,high
DCX,us,5.0455,5.0455,0.000282141077,0.5599,20,0.0,False,fragmented_or_mixed,4,high
DD,us,78.6157000000005,38.2833,0.013677490976999999,6.5654,20,40.332400000000504,False,broad_institutional,4,high
DDC,us,21.456,21.456,0.020846828554000003,12.6065,20,0.0,False,fragmented_or_mixed,4,high
DDD,us,62.2392000000002,44.9308,0.015995826648,7.0671,20,17.308400000000205,False,broad_institutional,4,high
DDI,us,21.398,20.6158,0.007598440524,7.0176,20,0.7821999999999996,False,fragmented_or_mixed,4,high
DDL,us,38.4443,36.9099,0.015825648962999997,6.4994,20,1.534399999999998,False,fragmented_or_mixed,4,high
DDOG,us,94.7840000000003,52.1301,0.020721317321000004,6.7123,20,42.653900000000306,False,broad_institutional,4,high
DDS,us,105.5472,84.3029,0.17353078289500004,38.7869,20,21.24430000000001,True,data_anomaly,3,medium
DE,us,82.7165000000024,46.4945,0.018128512573,7.3246,20,36.222000000002396,False,broad_institutional,4,high
DEA,us,82.8979000000002,57.2903,0.035457678152999994,14.4777,20,25.607600000000204,False,broad_institutional,4,high
DEC,us,87.2399000000002,59.6672,0.024829546614,7.8498,20,27.572700000000204,False,broad_institutional,4,high
DECA,us,84.3119,84.3119,0.624682178055,78.8501,20,0.0,False,dominant_holder,4,high
DECK,us,102.3119,48.711,0.020416271342,7.8147,20,53.600899999999996,True,data_anomaly,3,medium
DEFI,us,102.3592,102.3592,0.23690402709799996,35.9267,12,0.0,True,data_anomaly,2,medium
DEFT,us,12.3126,10.4462,0.001118571362,2.0728,20,1.8664000000000005,False,fragmented_or_mixed,4,high
DEI,us,103.309,72.6884,0.04680214556999999,12.8621,20,30.620599999999996,True,data_anomaly,3,medium
DELL,us,89.8006000000011,44.2812,0.015038334139999998,5.9797,20,45.5194000000011,False,broad_institutional,4,high
DEO,us,9.52119999999999,4.6027,0.00019120393499999998,1.0903,20,4.91849999999999,False,fragmented_or_mixed,4,high
DERM,us,93.0566,82.5421,0.070608984801,15.605,20,10.514499999999998,False,broad_institutional,4,high
DETX,us,33.1164,33.1164,0.054391978237999995,21.0081,11,0.0,False,dominant_holder,4,high
DEVS,us,19.6714,19.6714,0.018990960048,11.732,20,0.0,False,fragmented_or_mixed,4,high
DFDV,us,38.091,34.435,0.015684441564,8.2641,20,3.655999999999999,False,fragmented_or_mixed,4,high
DFH,us,112.3428,87.3783,0.06799283504700002,12.6249,20,24.9645,True,data_anomaly,3,medium
DFIN,us,108.378,66.1538,0.036589913146,14.3893,20,42.224199999999996,True,data_anomaly,3,medium
DFLI,us,12.3932,12.2766,0.0038915898960000003,5.8088,20,0.11660000000000004,False,fragmented_or_mixed,4,high
DFLIW,us,,,,,20,,False,insufficient_data,0,low
DFMC,us,0.3867,0.3867,1.4953688999999999e-05,0.3867,1,0.0,False,fragmented_or_mixed,4,high
DFNS,us,31.8229,31.6999,0.034380876985,16.6729,20,0.12300000000000111,False,fragmented_or_mixed,4,high
DFNSW,us,,,,,16,,False,insufficient_data,0,low
DFSC,us,14.8011,14.8011,0.009109218487000002,7.9271,20,0.0,False,fragmented_or_mixed,4,high
DFTX,us,75.1774,45.7809,0.015849359541000002,6.3373,20,29.396500000000003,False,broad_institutional,4,high
DG,us,101.9937,47.5509,0.017291666324999996,6.4851,20,54.442800000000005,True,data_anomaly,3,medium
DGICA,us,88.6227,72.636,0.20894506641799998,44.9171,20,15.986699999999999,False,dominant_holder,4,high
DGICB,us,90.4469,90.4469,0.727057493765,85.2101,20,0.0,False,dominant_holder,4,high
DGII,us,106.5888,72.0415,0.041425536816999994,13.8891,20,34.54730000000001,True,data_anomaly,3,medium
DGLY,us,7.5361,7.5361,0.002276177655,4.5104,20,0.0,False,fragmented_or_mixed,4,high
DGNX,us,42.6425,42.6413,0.07691667057099999,26.2543,20,0.0011999999999972033,False,dominant_holder,4,high
DGX,us,99.5693000000004,53.7455,0.021078661465000006,6.4741,20,45.823800000000396,False,broad_institutional,4,high
DGXX,us,36.6908,33.3335,0.008584297247000001,4.2754,20,3.357300000000002,False,fragmented_or_mixed,4,high
DH,us,90.0216000000001,82.0698,0.35616131443,59.2221,20,7.951800000000105,False,dominant_holder,4,high
DHAI,us,27.7062,27.7062,0.072501961502,26.9233,20,0.0,False,dominant_holder,4,high
DHC,us,94.9353000000001,73.2909,0.042600624676999994,9.7352,20,21.644400000000104,False,broad_institutional,4,high
DHI,us,102.131600000001,62.3033,0.038598194732999996,13.2056,20,39.828300000001,True,data_anomaly,3,medium
DHIL,us,77.366,52.8721,0.017830181005,6.6059,20,24.493899999999996,False,broad_institutional,4,high
DHR,us,96.1473000000013,46.3844,0.016262208372,6.0087,20,49.762900000001295,False,broad_institutional,4,high
DHT,us,85.5901,58.4696,0.03728259115,14.9774,20,27.120500000000007,False,broad_institutional,4,high
DHX,us,94.5891,74.4033,0.038880983435,8.401,20,20.1858,False,broad_institutional,4,high
DHY_R,us,,,,,2,,False,insufficient_data,0,low
DHY_R_W,us,,,,,3,,False,insufficient_data,0,low
DIBS,us,84.7774,70.5892,0.06634289889,20.6824,20,14.188199999999995,False,dominant_holder,4,high
DIN,us,93.5876000000001,59.3627,0.023814705241000003,7.9298,20,34.2249000000001,False,broad_institutional,4,high
DINO,us,94.6699000000003,59.4716,0.028172888096,8.9192,20,35.198300000000295,False,broad_institutional,4,high
DIOD,us,105.2644,69.1927,0.045585771094999984,13.9958,20,36.07169999999999,True,data_anomaly,3,medium
DIS,us,79.142800000003,36.769,0.012055250682,6.6291,20,42.37380000000301,False,broad_institutional,4,high
DIT,us,85.1173,85.0982,0.434862889934,65.4869,20,0.019099999999994566,False,dominant_holder,4,high
DJCO,us,86.6953000000001,70.4167,0.082201159129,26.1707,20,16.278600000000097,False,dominant_holder,4,high
DJT,us,63.8555000000002,59.0817,0.17493497978699996,41.4329,20,4.7738000000002,False,dominant_holder,4,high
DJTWW,us,,,,,20,,False,insufficient_data,0,low
DK,us,115.9787,65.0514,0.024777769672000002,6.8648,20,50.9273,True,data_anomaly,3,medium
DKI,us,28.1393,28.1393,0.012732728539000001,5.9963,14,0.0,False,fragmented_or_mixed,4,high
DKNG,us,90.3778000000001,53.2041,0.018650313619,5.5763,20,37.173700000000096,False,broad_institutional,4,high
DKS,us,109.6811,66.4734,0.040841729220000005,13.3652,20,43.2077,True,data_anomaly,3,medium
DLA,us,0.5627,0.5627,3.1651877000000005e-05,0.5626,20,0.0,False,fragmented_or_mixed,4,high
DLB,us,103.2116,65.9627,0.033233495039,9.1705,20,37.248900000000006,True,data_anomaly,3,medium
DLHC,us,83.5933999999999,79.1583,0.11426040133299999,25.4014,20,4.435099999999906,False,dominant_holder,4,high
DLNG,us,65.1799,65.1766,0.19656139968800007,42.8646,20,0.0033000000000100727,False,dominant_holder,4,high
DLNG_PA,us,0.0,0.0,0.0,0.0,1,0.0,False,fragmented_or_mixed,4,high
DLO,us,83.2319,71.7622,0.09247970594199995,26.2064,20,11.469699999999989,False,dominant_holder,4,high
DLPN,us,32.3849,32.3538,0.017870506926000004,7.8031,20,0.031100000000002126,False,fragmented_or_mixed,4,high
DLR,us,95.7394000000003,58.141,0.029430210212,7.9652,20,37.598400000000304,False,broad_institutional,4,high
DLR_PJ,us,27.9444,27.9444,0.013170230462,7.092,19,0.0,False,fragmented_or_mixed,4,high
DLR_PK,us,22.1634,22.1633,0.007725290737,6.7222,20,9.999999999976694e-05,False,fragmented_or_mixed,4,high
DLR_PL,us,30.8092,30.6396,0.010602283916,6.7258,20,0.16959999999999908,False,fragmented_or_mixed,4,high
DLTH,us,85.5761,79.1651,0.118310711239,25.1005,20,6.411000000000001,False,dominant_holder,4,high
DLTR,us,106.8319,59.2003,0.026777421271,9.0437,20,47.631600000000006,True,data_anomaly,3,medium
DLX,us,95.6182000000001,62.3074,0.03648868036,13.3233,20,33.3108000000001,False,broad_institutional,4,high
DLXY,us,65.7226,65.7226,0.21021332837,34.402,12,0.0,False,dominant_holder,4,high
DMAA,us,118.4106,104.3089,0.08465556763500001,17.2542,20,14.101700000000008,True,data_anomaly,2,medium
DMAAR,us,,,,,20,,False,insufficient_data,0,low
DMAAU,us,19.4197,19.4197,0.032133744527,17.8778,20,0.0,False,fragmented_or_mixed,4,high
DMAC,us,66.2883,59.8792,0.06303834723599999,16.3794,20,6.409100000000009,False,broad_institutional,4,high
DMAT,us,12.1254,12.1254,0.001917936662,2.482,20,0.0,False,fragmented_or_mixed,4,high
DMC,us,91.157,68.1271,0.040632577951,10.62,20,23.029899999999998,False,broad_institutional,4,high
DMII,us,83.9687,54.611,0.016807434430000004,4.6442,20,29.3577,False,broad_institutional,4,high
DMIIR,us,,,,,20,,False,insufficient_data,0,low
DMIIU,us,7.9072,7.9072,0.0012194188480000002,3.0499,20,0.0,False,fragmented_or_mixed,4,high
DMN,us,15.149,15.149,0.010904697840000002,9.3048,20,0.0,False,fragmented_or_mixed,4,high
DMRA,us,100.9328,86.97,0.035922525552,14.1552,20,13.962800000000001,True,data_anomaly,3,medium
DMRC,us,83.5733,67.5044,0.04022784225199999,12.4034,20,16.0689,False,broad_institutional,4,high
DMYY,us,13.508,13.508,0.006816246796000001,6.7365,20,0.0,False,fragmented_or_mixed,4,high
DNA,us,72.7742000000002,54.2004,0.022110801715999995,6.787,20,18.573800000000205,False,broad_institutional,4,high
DNLI,us,116.1169,70.1941,0.034948703980999994,10.1941,20,45.922799999999995,True,data_anomaly,3,medium
DNMX,us,80.1616,60.848,0.027362938798,9.694,20,19.313600000000008,False,broad_institutional,4,high
DNMXU,us,11.0184,11.0178,0.00146258766,1.9876,20,0.000600000000000378,False,fragmented_or_mixed,4,high
DNN,us,65.1738,42.8925,0.017763314857,7.9013,20,22.2813,False,broad_institutional,4,high
DNOW,us,109.4662,70.937,0.046148323146,14.3846,20,38.5292,True,data_anomaly,3,medium
DNTH,us,114.4256,70.5865,0.034261356443,11.5629,20,43.8391,True,data_anomaly,3,medium
DNUT,us,92.7756999999999,79.7419,0.19950183194299997,43.0342,20,13.0337999999999,False,dominant_holder,4,high
DOC,us,101.8023,60.4276,0.029999877336,8.4311,20,41.374700000000004,True,data_anomaly,3,medium
DOCN,us,101.1608,62.106,0.043103407854000006,15.9613,20,39.05479999999999,True,data_anomaly,3,medium
DOCS,us,104.3087,58.836,0.024181857409999997,9.5937,20,45.4727,True,data_anomaly,3,medium
DOCU,us,99.4334000000003,51.6048,0.022182180195999997,9.824,20,47.82860000000031,False,broad_institutional,4,high
DOGZ,us,27.0023,27.0023,0.021123302720999996,9.1884,20,0.0,False,fragmented_or_mixed,4,high
DOLE,us,82.2543000000001,55.6594,0.02727283144,9.9071,20,26.594900000000102,False,broad_institutional,4,high
DOMH,us,70.0695,69.1284,0.08968900105999998,21.0088,20,0.9411000000000058,False,dominant_holder,4,high
DOMO,us,79.8745000000001,57.4003,0.023838888389,7.4667,20,22.474200000000096,False,broad_institutional,4,high
DOO,us,89.8929000000002,57.8283,0.023658180158999998,7.1871,20,32.0646000000002,False,broad_institutional,4,high
DORM,us,105.4605,64.4093,0.033945808687,12.3261,20,41.051199999999994,True,data_anomaly,3,medium
DOUG,us,72.3727999999999,57.4162,0.022363971686,8.416,20,14.956599999999895,False,broad_institutional,4,high
DOV,us,96.7458000000002,49.9876,0.021393786820000003,8.175,20,46.7582000000002,False,broad_institutional,4,high
DOW,us,73.4844000000003,39.6332,0.013683727638,6.395,20,33.851200000000304,False,broad_institutional,4,high
DOX,us,103.0915,61.892,0.03799428118,13.2013,20,41.19949999999999,True,data_anomaly,3,medium
DOYU,us,26.7964,26.2082,0.008340301702,4.938,20,0.588199999999997,False,fragmented_or_mixed,4,high
DPC,us,58.7127,58.6897,0.04525567255699999,16.0005,20,0.022999999999996135,False,broad_institutional,4,high
DPRO,us,18.585,16.9936,0.007979282910000003,8.6332,20,1.5914000000000001,False,fragmented_or_mixed,4,high
DPZ,us,123.9823,72.5197,0.038625654123,10.0716,20,51.462599999999995,True,data_anomaly,3,medium
DQ,us,71.5055,50.7436,0.022522731810000002,9.82,20,20.761899999999997,False,broad_institutional,4,high
DRCT,us,4.7962,4.7961,0.00041375162299999997,1.5222,20,9.999999999976694e-05,False,fragmented_or_mixed,4,high
DRD,us,12.2811,9.722,0.0008766917340000001,2.1352,20,2.559100000000001,False,fragmented_or_mixed,4,high
DRDB,us,119.6405,91.5847,0.048321974307000005,8.6225,20,28.055800000000005,True,data_anomaly,3,medium
DRH,us,114.6984,75.3055,0.05390911463300001,15.4894,20,39.39290000000001,True,data_anomaly,3,medium
DRH_PA,us,0.0,0.0,0.0,0.0,19,0.0,False,fragmented_or_mixed,4,high
DRI,us,99.0030000000001,61.2512,0.036382774066000004,13.0342,20,37.7518000000001,False,broad_institutional,4,high
DRIO,us,24.7255,24.3558,0.011967904784000004,6.2548,20,0.3697000000000017,False,fragmented_or_mixed,4,high
DRMA,us,31.3895,31.3891,0.026873272119,15.237,20,0.0004000000000026205,False,fragmented_or_mixed,4,high
DRMAW,us,,,,,8,,False,insufficient_data,0,low
DRS,us,100.6964,88.9041,0.5078449922250002,71.129,20,11.792299999999997,True,data_anomaly,3,medium
DRTS,us,36.0772,35.1633,0.042439935926999975,16.019,20,0.9138999999999982,False,fragmented_or_mixed,4,high
DRTSW,us,,,,,20,,False,insufficient_data,0,low
DRUG,us,95.1990000000001,79.6382,0.053974904341999995,13.0892,20,15.5608000000001,False,broad_institutional,4,high
DRVN,us,109.3194,95.8783,0.38739394451699993,61.5871,20,13.441100000000006,True,data_anomaly,3,medium
DSAC,us,45.3746,42.2661,0.014426764868999999,7.008,20,3.1084999999999994,False,fragmented_or_mixed,4,high
DSACU,us,21.0428,20.6934,0.004115498444000001,4.2827,20,0.34939999999999927,False,fragmented_or_mixed,4,high
DSC,us,0.0258,0.0258,1.3312799999999997e-07,0.0258,2,0.0,False,fragmented_or_mixed,4,high
DSGN,us,91.5714000000001,75.8868,0.046851578708,12.2784,20,15.684600000000103,False,broad_institutional,4,high
DSGR,us,94.5998000000001,90.5029,0.6189539964049998,78.6018,20,4.096900000000105,False,dominant_holder,4,high
DSGX,us,96.6087,44.1455,0.011537048937,4.474,20,52.4632,False,broad_institutional,4,high
DSP,us,57.6893,40.5049,0.013768995022999999,6.7285,20,17.184400000000004,False,broad_institutional,4,high
DSS,us,110.2718,110.2718,0.616920280298,75.0985,20,0.0,True,data_anomaly,2,medium
DSWL,us,77.6733000000001,77.6733000000001,0.39375011306900004,61.956,20,0.0,False,dominant_holder,4,high
DSX,us,54.0586,51.4793,0.060296422068999996,22.3545,20,2.5792999999999964,False,dominant_holder,4,high
DSY,us,11.7558,11.7558,0.012121532665999999,10.9924,20,0.0,False,fragmented_or_mixed,4,high
DT,us,103.8226,56.9797,0.025148897011000003,10.0214,20,46.84289999999999,True,data_anomaly,3,medium
DTC,us,52.5906,52.5769,0.18771736535299993,43.0198,20,0.013700000000000045,False,dominant_holder,4,high
DTCK,us,0.0,0.0,0.0,0.0,14,0.0,False,fragmented_or_mixed,4,high
DTCX,us,35.6146,35.016,0.015921780199999996,7.7173,20,0.5986000000000047,False,fragmented_or_mixed,4,high
DTE,us,83.6053000000001,53.6183,0.024463220791,6.8314,20,29.9870000000001,False,broad_institutional,4,high
DTI,us,63.6827,58.1366,0.093089138338,28.364,20,5.546099999999996,False,dominant_holder,4,high
DTIL,us,75.8224,65.7836,0.033887525198,8.6433,20,10.038799999999995,False,broad_institutional,4,high
DTM,us,91.9896000000002,52.8214,0.021267493894,9.0648,20,39.1682000000002,False,broad_institutional,4,high
DTSQ,us,119.8884,119.8884,0.3315756406459999,52.8794,20,0.0,True,data_anomaly,2,medium
DTSQR,us,,,,,20,,False,insufficient_data,0,low
DTSQU,us,0.9227,0.9227,5.6962257000000004e-05,0.7327,20,0.0,False,fragmented_or_mixed,4,high
DTSS,us,27.2021,27.2021,0.035842292803,15.1918,18,0.0,False,fragmented_or_mixed,4,high
DTST,us,24.7279,24.7081,0.007483163599,6.9757,20,0.01980000000000004,False,fragmented_or_mixed,4,high
DTSTW,us,,,,,8,,False,insufficient_data,0,low
DUK,us,70.2344000000006,37.0938,0.014511236231999998,6.6483,20,33.1406000000006,False,broad_institutional,4,high
DUKH,us,59.4699,59.4699,0.197478101107,42.1771,10,0.0,False,dominant_holder,4,high
DUKR,us,45.3217,45.3217,0.038023418538999994,13.2043,14,0.0,False,fragmented_or_mixed,4,high
DUK_PA,us,20.9827,20.9816,0.008515597928,6.7111,20,0.001100000000000989,False,fragmented_or_mixed,4,high
DUO,us,0.599,0.599,1.4174648000000001e-05,0.3064,20,0.0,False,fragmented_or_mixed,4,high
DUOL,us,101.4899,66.8283,0.036891403853,12.1177,20,34.66160000000001,True,data_anomaly,3,medium
DUOT,us,45.2008,37.3323,0.010149018349000002,5.1819,20,7.8685000000000045,False,fragmented_or_mixed,4,high
DV,us,105.4393,63.5292,0.036550810546000005,11.9187,20,41.9101,True,data_anomaly,3,medium
DVA,us,102.0501,75.2889,0.20831242612099996,44.9847,20,26.761200000000002,True,data_anomaly,3,medium
DVAX,us,21.354,17.5371,0.002196241721,2.6082,20,3.8169000000000004,False,fragmented_or_mixed,4,high
DVLT,us,41.7388,40.6221,0.06803974030500001,24.9855,20,1.1166999999999945,False,dominant_holder,4,high
DVN,us,52.4584000000004,27.2423,0.005804876061,3.4964,20,25.216100000000402,False,broad_institutional,4,high
DVS,us,22.4361,22.3982,0.017894514651999996,12.2548,20,0.03790000000000049,False,fragmented_or_mixed,4,high
DWSN,us,86.9911,86.2354,0.631368102994,79.409,20,0.7557000000000045,False,dominant_holder,4,high
DWTX,us,84.2819,84.2819,0.547463263101,73.3431,20,0.0,False,dominant_holder,4,high
DX,us,42.2684,28.4661,0.007440479411,6.0481,20,13.802299999999999,False,fragmented_or_mixed,4,high
DXC,us,113.4974,75.4211,0.042677713531,12.0447,20,38.0763,True,data_anomaly,3,medium
DXCM,us,104.5739,51.5385,0.019410405555,6.4842,20,53.035399999999996,True,data_anomaly,3,medium
DXF,us,56.2474,56.2474,0.19495619328599997,43.4353,13,0.0,False,dominant_holder,4,high
DXLG,us,75.0453,66.0524,0.053352259661999996,17.0052,20,8.992899999999992,False,broad_institutional,4,high
DXPE,us,91.5534000000001,70.5643,0.040537737659000005,11.0648,20,20.989100000000093,False,broad_institutional,4,high
DXR,us,56.6436,56.6436,0.19495109177800002,43.733,20,0.0,False,dominant_holder,4,high
DXST,us,25.693,25.693,0.041779672029999985,19.8771,15,0.0,False,fragmented_or_mixed,4,high
DXYN,us,28.1084,28.1084,0.028067527656000006,15.6348,20,0.0,False,fragmented_or_mixed,4,high
DXYZ,us,13.8952,11.4184,0.0016472566560000004,3.1946,20,2.476800000000001,False,fragmented_or_mixed,4,high
DX_PC,us,19.704,19.704,0.011171981339999998,7.125,10,0.0,False,fragmented_or_mixed,4,high
DY,us,98.0362000000002,64.4932,0.04201953015,13.6967,20,33.543000000000205,False,broad_institutional,4,high
DYAI,us,40.5425,38.4715,0.028770934399,13.2625,20,2.070999999999998,False,fragmented_or_mixed,4,high
DYCQ,us,101.3012,101.3012,0.8018060504719999,88.8106,20,0.0,True,data_anomaly,2,medium
DYN,us,105.1927,72.6708,0.04967279704,16.7467,20,32.5219,True,data_anomaly,3,medium
DYNCU,us,7.2078,7.2078,0.0036960723979999996,6.0241,20,0.0,False,fragmented_or_mixed,4,high
DYNT,us,62.0327,62.0327,0.12361616181299998,29.6568,20,0.0,False,dominant_holder,4,high
DYOR,us,84.3602,65.3686,0.028087901022,8.6899,20,18.991600000000005,False,broad_institutional,4,high
DYORU,us,10.5408,10.5408,0.0015199035779999996,2.3188,20,0.0,False,fragmented_or_mixed,4,high
DZSI,us,3.0784,3.0784,0.00017544634200000002,1.0826,20,0.0,False,fragmented_or_mixed,4,high
E,us,1.7044,1.2133,1.1855505000000002e-05,0.1853,20,0.49109999999999987,False,fragmented_or_mixed,4,high
EA,us,94.2439,57.2074,0.028569252979999998,9.8934,20,37.0365,False,broad_institutional,4,high
EAF,us,81.9446,71.2476,0.046724231335000005,12.4507,20,10.696999999999989,False,broad_institutional,4,high
EARN,us,11.6673,10.4514,0.001194353296,2.4017,20,1.2158999999999995,False,fragmented_or_mixed,4,high
EAT,us,114.1459,72.9449,0.046701203301,13.7223,20,41.20099999999999,True,data_anomaly,3,medium
EBAY,us,103.448200000001,53.0748,0.025573313684000003,9.7726,20,50.37340000000099,True,data_anomaly,3,medium
EBC,us,84.0835000000003,58.8089,0.023870948801,6.4619,20,25.274600000000298,False,broad_institutional,4,high
EBF,us,90.1515000000001,67.1899,0.028688025661000004,7.3623,20,22.961600000000104,False,broad_institutional,4,high
EBMT,us,64.7275,44.5556,0.016758484921999998,6.9293,20,20.171900000000008,False,broad_institutional,4,high
EBON,us,2.1995,2.1995,0.00014180012699999998,0.9462,20,0.0,False,fragmented_or_mixed,4,high
EBS,us,90.1073000000001,55.348,0.021564228278,7.7285,20,34.759300000000096,False,broad_institutional,4,high
EC,us,1.4159,0.9749,6.8626749999999995e-06,0.1261,20,0.44099999999999995,False,fragmented_or_mixed,4,high
ECBK,us,48.3933,42.2357,0.020686139765,9.0004,20,6.157600000000002,False,fragmented_or_mixed,4,high
ECC,us,12.8749,10.7363,0.00241620468,4.4042,20,2.1386000000000003,False,fragmented_or_mixed,4,high
ECCC,us,2.8351,2.8351,0.0008037792010000001,2.8351,2,0.0,False,fragmented_or_mixed,4,high
ECCF,us,3.0854,3.0854,0.0009519693159999999,3.0854,5,0.0,False,fragmented_or_mixed,4,high
ECC_PD,us,5.6151,5.6151,0.0018577628809999997,3.9935,2,0.0,False,fragmented_or_mixed,4,high
ECDA,us,100.0018,100.0018,1.000000000324,100.0,20,0.0,True,data_anomaly,1,low
ECF,us,49.2767,44.072,0.026040440830000004,11.7355,20,5.204699999999995,False,fragmented_or_mixed,4,high
ECF_PA,us,13.1459,13.1459,0.017281468680999997,13.1459,1,0.0,False,fragmented_or_mixed,4,high
ECG,us,83.6500000000002,49.7445,0.022185375125000004,10.9332,20,33.9055000000002,False,broad_institutional,4,high
ECHO,us,126.5436,72.7679,0.037736979403,9.1798,20,53.7757,True,data_anomaly,3,medium
ECL,us,94.5031000000001,45.2577,0.020877402782999998,10.3678,20,49.2454000000001,False,broad_institutional,4,high
ECO,us,75.3899,64.6082,0.10806958911000003,27.7272,20,10.7817,False,dominant_holder,4,high
ECOR,us,39.9914,37.9008,0.015787454448000005,8.1483,20,2.090600000000002,False,fragmented_or_mixed,4,high
ECPG,us,114.8458,69.0928,0.041638669372,14.9594,20,45.753,True,data_anomaly,3,medium
ECVT,us,107.894,75.2739,0.039666587361000004,9.5931,20,32.62010000000001,True,data_anomaly,3,medium
ECX,us,67.9066,67.4272,0.27831261133000007,52.2383,20,0.47939999999999827,False,dominant_holder,4,high
ECXWW,us,,,,,20,,False,insufficient_data,0,low
ED,us,74.6118000000003,41.8462,0.017862609954000002,6.7511,20,32.7656000000003,False,broad_institutional,4,high
EDAP,us,45.048,44.2283,0.049298685705,19.4996,20,0.8197000000000045,False,fragmented_or_mixed,4,high
EDBL,us,0.3086,0.3086,2.158766e-06,0.1083,20,0.0,False,fragmented_or_mixed,4,high
EDBLW,us,,,,,12,,False,insufficient_data,0,low
EDHL,us,68.2469,68.2469,0.4558708638990001,67.5159,17,0.0,False,dominant_holder,4,high
EDIT,us,48.7424,39.8357,0.014763318377,6.6221,20,8.9067,False,fragmented_or_mixed,4,high
EDN,us,11.1591,11.0961,0.004196396643000001,6.0225,20,0.06300000000000061,False,fragmented_or_mixed,4,high
EDRY,us,58.4576,58.4576,0.10963372185,30.3122,20,0.0,False,dominant_holder,4,high
EDSA,us,64.9111,62.2907,0.037665015756999994,8.5901,20,2.6204000000000036,False,broad_institutional,4,high
EDTK,us,51.7832,51.7832,0.06531290708399999,17.0067,17,0.0,False,broad_institutional,4,high
EDU,us,38.7742,28.6601,0.006660347464999999,5.2474,20,10.1141,False,fragmented_or_mixed,4,high
EDUC,us,33.0935,32.816,0.019579856124,9.3842,20,0.2774999999999963,False,fragmented_or_mixed,4,high
EE,us,108.8544,79.7959,0.08556955153899999,24.6693,20,29.058499999999995,True,data_anomaly,3,medium
EEFT,us,116.9814,70.6644,0.030486837006,8.3342,20,46.31699999999999,True,data_anomaly,3,medium
EEIQ,us,41.0288,41.0288,0.054425612306,19.5844,20,0.0,False,fragmented_or_mixed,4,high
EEX,us,5.1144,4.262,0.00020237885,0.9434,20,0.8524000000000003,False,fragmented_or_mixed,4,high
EFC,us,54.7800000000001,41.4106,0.027320267273999995,14.764,20,13.369400000000098,False,broad_institutional,4,high
EFC_PA,us,0.0,0.0,0.0,0.0,7,0.0,False,fragmented_or_mixed,4,high
EFC_PB,us,10.8291,10.8291,0.0049801048490000005,6.6623,5,0.0,False,fragmented_or_mixed,4,high
EFC_PC,us,13.9165,13.9165,0.006175493273000001,6.6605,7,0.0,False,fragmented_or_mixed,4,high
EFOI,us,51.4019,51.4019,0.07475979195100002,22.5467,20,0.0,False,dominant_holder,4,high
EFOR,us,113.9908,72.2559,0.044428968719000005,14.4701,20,41.734899999999996,True,data_anomaly,3,medium
EFSC,us,87.0149,59.5766,0.027655701630000005,8.9639,20,27.438299999999998,False,broad_institutional,4,high
EFSH,us,4.1935,4.1935,0.0008798160369999999,2.1489,9,0.0,False,fragmented_or_mixed,4,high
EFSI,us,59.7475,49.0856,0.023526602392,9.8344,20,10.661900000000003,False,broad_institutional,4,high
EFTR,us,0.0003,0.0003,8.999999999999998e-12,0.0003,19,0.0,False,fragmented_or_mixed,4,high
EFTY,us,68.6251,68.6251,0.46350946411899985,68.0807,8,0.0,False,dominant_holder,4,high
EFX,us,109.1285,58.7688,0.023032063806,6.6605,20,50.359700000000004,True,data_anomaly,3,medium
EFXT,us,85.9737000000002,54.0151,0.022572110813,10.4512,20,31.95860000000021,False,broad_institutional,4,high
EG,us,103.541,58.1751,0.023163442531000004,6.6556,20,45.365899999999996,True,data_anomaly,3,medium
EGAN,us,95.3441,82.3977,0.123408848215,31.9382,20,12.946399999999997,False,dominant_holder,4,high
EGBN,us,90.4341,64.8065,0.037371858136999996,12.2306,20,25.6276,False,broad_institutional,4,high
EGG,us,33.071,33.071,0.056607048082,19.6359,4,0.0,False,fragmented_or_mixed,4,high
EGHA,us,88.9026,73.5148,0.035701292695999996,9.6774,20,15.387800000000013,False,broad_institutional,4,high
EGHAR,us,,,,,20,,False,insufficient_data,0,low
EGHAU,us,4.0724,4.0724,0.0007794939120000002,2.2581,20,0.0,False,fragmented_or_mixed,4,high
EGHT,us,78.951,52.8525,0.019313986284999998,6.6579,20,26.098499999999994,False,broad_institutional,4,high
EGO,us,67.1487000000001,42.1078,0.014417843052,6.9161,20,25.040900000000107,False,broad_institutional,4,high
EGP,us,104.3366,62.5325,0.033773100785,10.7107,20,41.804100000000005,True,data_anomaly,3,medium
EGRX,us,43.3278,43.3278,0.147634386402,38.0782,20,0.0,False,dominant_holder,4,high
EGY,us,70.5894000000001,47.9011,0.016169933799000002,6.6568,20,22.688300000000098,False,broad_institutional,4,high
EH,us,37.1296,33.0132,0.010491864518,7.2997,20,4.116400000000006,False,fragmented_or_mixed,4,high
EHAB,us,85.6462,61.6055,0.027093846963,9.2683,20,24.040699999999994,False,broad_institutional,4,high
EHC,us,103.8311,54.1193,0.022566781531000002,8.9789,20,49.711800000000004,True,data_anomaly,3,medium
EHGO,us,20.7744,20.7744,0.015562445218,9.0175,11,0.0,False,fragmented_or_mixed,4,high
EHLD,us,62.2655,62.2654,0.264569208754,51.0434,20,0.00010000000000331966,False,dominant_holder,4,high
EHTH,us,69.3031,50.4897,0.020147429479,7.2141,20,18.8134,False,broad_institutional,4,high
EIC,us,34.3952,32.9275,0.030334323285,16.6085,20,1.4677000000000007,False,fragmented_or_mixed,4,high
EICA,us,11.1712,11.1712,0.012479570944000002,11.1712,1,0.0,False,fragmented_or_mixed,4,high
EICB,us,28.2628,28.2628,0.079878586384,28.2628,4,0.0,False,dominant_holder,4,high
EICC,us,8.4514,8.4514,0.007142616195999998,8.4514,3,0.0,False,fragmented_or_mixed,4,high
EIG,us,92.4219000000002,64.1696,0.04353016909600001,14.2873,20,28.252300000000204,False,broad_institutional,4,high
EIKN,us,74.3444,70.0255,0.03720839121299999,10.5193,20,4.318899999999999,False,broad_institutional,4,high
EIX,us,95.8020000000002,52.1023,0.026053569478999998,8.9914,20,43.699700000000206,False,broad_institutional,4,high
EJH,us,23.2586,23.2586,0.054093921585999995,23.2581,16,0.0,False,dominant_holder,4,high
EKSO,us,98.6871,98.6319,0.9411675491649998,97.0124,20,0.05519999999999925,False,dominant_holder,4,high
EL,us,99.5481000000003,54.1383,0.021424365860999998,6.4996,20,45.4098000000003,False,broad_institutional,4,high
ELA,us,92.9971,90.6027,0.30775137585299994,49.3606,20,2.3944000000000045,False,dominant_holder,4,high
ELAB,us,11.2522,11.2522,0.010044064458000003,9.99,20,0.0,False,fragmented_or_mixed,4,high
ELAN,us,115.1522,82.0453,0.056597601213000004,13.804,20,33.106899999999996,True,data_anomaly,3,medium
ELBM,us,27.1963,26.9609,0.019021077453,8.6882,20,0.23540000000000205,False,fragmented_or_mixed,4,high
ELC,us,1.4064,1.4064,3.4646394e-05,0.356,15,0.0,False,fragmented_or_mixed,4,high
ELD,us,52.8922,46.6155,0.019816469984999998,9.5214,20,6.276700000000005,False,broad_institutional,4,high
ELDN,us,57.2095,48.0472,0.018312833523999997,8.1532,20,9.162300000000002,False,broad_institutional,4,high
ELE,us,65.9512,62.8286,0.110853061726,31.6447,20,3.1225999999999985,False,dominant_holder,4,high
ELF,us,107.4693,63.1945,0.03340551000500001,12.1961,20,44.274800000000006,True,data_anomaly,3,medium
ELLO,us,85.9656,85.9656,0.24512793362199997,45.8452,20,0.0,False,dominant_holder,4,high
ELMD,us,75.3656,55.9674,0.021979556488,7.2524,20,19.398200000000003,False,broad_institutional,4,high
ELME,us,77.2555000000001,53.59,0.019400682705999997,8.436,20,23.665500000000094,False,broad_institutional,4,high
ELMT,us,82.2685,82.1138,0.09308139731,18.0011,20,0.1547000000000054,False,broad_institutional,4,high
ELOG,us,46.2055,46.2055,0.11483305264299998,33.245,11,0.0,False,dominant_holder,4,high
ELOX,us,67.1988,67.1988,0.083961256098,21.182,16,0.0,False,dominant_holder,4,high
ELP,us,0.0238,0.0238,1.1968e-08,0.0069,20,0.0,False,fragmented_or_mixed,4,high
ELPC,us,3.1666,2.6499,0.00013469392700000003,1.0657,20,0.5166999999999997,False,fragmented_or_mixed,4,high
ELPW,us,40.3833,40.3833,0.037373571174999995,9.9977,20,0.0,False,fragmented_or_mixed,4,high
ELS,us,111.6191,71.2394,0.040439279204,10.5599,20,40.3797,True,data_anomaly,3,medium
ELSE,us,64.6157,64.6157,0.056120025558999996,10.3263,20,0.0,False,broad_institutional,4,high
ELTK,us,65.0815,65.0815,0.318074053717,56.202,20,0.0,False,dominant_holder,4,high
ELTX,us,48.0236,45.3884,0.06296418212,23.5281,20,2.6352000000000046,False,dominant_holder,4,high
ELUT,us,51.6228,50.5229,0.030478687671000006,11.2626,20,1.099899999999998,False,broad_institutional,4,high
ELV,us,94.1602000000001,46.3364,0.015898015653999998,6.6148,20,47.823800000000105,False,broad_institutional,4,high
ELVA,us,60.6512,53.9848,0.06923134170400001,23.6141,20,6.666400000000003,False,dominant_holder,4,high
ELVN,us,100.4256,71.1332,0.037771983968,9.7024,20,29.2924,True,data_anomaly,3,medium
ELVR,us,12.8822,12.2333,0.0027989530470000005,4.2016,20,0.6488999999999994,False,fragmented_or_mixed,4,high
ELWS,us,10.1232,10.1232,0.004631698911999998,6.4353,17,0.0,False,fragmented_or_mixed,4,high
ELWT,us,77.1192,76.101,0.06260654472,12.0374,20,1.0182000000000073,False,broad_institutional,4,high
EM,us,9.85270000000001,9.83800000000001,0.0035407020890000007,5.2183,20,0.014699999999999491,False,fragmented_or_mixed,4,high
EMA,us,55.5135000000001,37.9745,0.009054579073,4.17,20,17.5390000000001,False,broad_institutional,4,high
EMAT,us,88.0804,88.0761,0.46816033989099987,66.9737,20,0.004300000000000637,False,dominant_holder,4,high
EMBC,us,102.0348,66.3209,0.03846913650500001,13.8582,20,35.71390000000001,True,data_anomaly,3,medium
EMBJ,us,47.8153000000001,29.3934,0.0057827995040000005,3.4131,20,18.4219000000001,False,fragmented_or_mixed,4,high
EME,us,98.0847000000003,46.4243,0.018257368753000002,6.6146,20,51.660400000000294,False,broad_institutional,4,high
EMIS,us,107.0985,85.01,0.04519167780600001,10.6134,20,22.088499999999996,True,data_anomaly,3,medium
EMISR,us,,,,,20,,False,insufficient_data,0,low
EML,us,87.0873000000001,73.7503,0.046083537960999996,11.2272,20,13.337000000000103,False,broad_institutional,4,high
EMN,us,100.1166,58.6692,0.032865232928,13.1521,20,41.44740000000001,True,data_anomaly,3,medium
EMOP,us,123.6992,123.579,0.61218608392,73.9873,20,0.12020000000001119,True,data_anomaly,2,medium
EMPD,us,109.9958,101.1069,0.080744375643,16.0085,20,8.888900000000007,True,data_anomaly,2,medium
EMPG,us,65.7124,65.7124,0.380223965476,61.5754,10,0.0,False,dominant_holder,4,high
EMR,us,84.7656000000001,39.6013,0.012461228461,6.5214,20,45.164300000000104,False,broad_institutional,4,high
ENB,us,53.7354000000008,25.5257,0.004365459073,3.4993,20,28.2097000000008,False,broad_institutional,4,high
ENFY,us,42.0807,42.0807,0.060853086867,21.584,20,0.0,False,dominant_holder,4,high
ENGNW,us,,,,,20,,False,insufficient_data,0,low
ENGS,us,31.2805,31.2805,0.09534129101899999,30.8766,20,0.0,False,dominant_holder,4,high
ENIC,us,4.41139999999999,3.4298,0.00013879905600000002,0.7422,20,0.9815999999999896,False,fragmented_or_mixed,4,high
ENLT,us,72.4197,63.4233,0.03595747583000001,10.0198,20,8.996400000000008,False,broad_institutional,4,high
ENLV,us,82.2509,82.0202,0.069583781028,9.3077,20,0.2306999999999988,False,broad_institutional,4,high
ENOV,us,119.4402,78.5898,0.052473252032000005,14.7822,20,40.85040000000001,True,data_anomaly,3,medium
ENPH,us,103.9844,61.4928,0.03421546540599999,13.3629,20,42.49159999999999,True,data_anomaly,3,medium
ENR,us,111.6614,80.0773,0.051992782205000004,12.1609,20,31.584100000000007,True,data_anomaly,3,medium
ENRD,us,17.786,13.8199,0.001101351947,1.3241,20,3.966100000000001,False,fragmented_or_mixed,4,high
ENS,us,104.3184,58.3008,0.028663952771999998,11.6783,20,46.017599999999995,True,data_anomaly,3,medium
ENSC,us,3.6092,3.6092,0.00019401435399999994,1.0188,20,0.0,False,fragmented_or_mixed,4,high
ENSG,us,98.0330000000003,59.2717,0.030659357964999998,10.96,20,38.7613000000003,False,broad_institutional,4,high
ENSV,us,15.5101,15.5101,0.024055389613,15.5098,20,0.0,False,fragmented_or_mixed,4,high
ENTA,us,98.1834,81.2775,0.054753192115,12.8262,20,16.905900000000003,False,broad_institutional,4,high
ENTG,us,113.6102,64.8244,0.03349373145400001,10.2528,20,48.78580000000001,True,data_anomaly,3,medium
ENTR,us,10.9693,9.1115,0.0012609939149999998,3.0361,20,1.857800000000001,False,fragmented_or_mixed,4,high
ENTX,us,39.9574,39.1988,0.028514780955999994,11.9332,20,0.7586000000000013,False,fragmented_or_mixed,4,high
ENVA,us,102.0091,55.1841,0.030406388707000007,13.8358,20,46.825,True,data_anomaly,3,medium
ENVB,us,18.1093,18.1093,0.005171352006999999,5.5474,20,0.0,False,fragmented_or_mixed,4,high
ENVX,us,63.3043000000001,43.5204,0.019853610782000004,10.0959,20,19.783900000000095,False,broad_institutional,4,high
EOG,us,98.4972000000003,56.7617,0.029183011460999997,9.7424,20,41.73550000000031,False,broad_institutional,4,high
EOLS,us,86.493,67.2649,0.033153025241,9.7574,20,19.228099999999998,False,broad_institutional,4,high
EONR,us,27.1284,26.4084,0.007903045038000003,4.9336,20,0.7199999999999989,False,fragmented_or_mixed,4,high
EONR_T,us,,,,,20,,False,insufficient_data,0,low
EOSE,us,64.0606000000001,40.3958,0.012006249532000001,5.8153,20,23.664800000000092,False,broad_institutional,4,high
EP,us,71.2137,69.841,0.17964729317399997,30.6843,20,1.372700000000009,False,dominant_holder,4,high
EPAC,us,106.7644,75.7455,0.048802415664999994,13.8391,20,31.018899999999988,True,data_anomaly,3,medium
EPAM,us,120.1367,75.7331,0.042345526445000004,13.0926,20,44.40360000000001,True,data_anomaly,3,medium
EPC,us,113.7738,81.7129,0.06317176418300001,13.8267,20,32.06089999999999,True,data_anomaly,3,medium
EPM,us,60.5135,47.9592,0.016498023228000005,5.955,20,12.554299999999998,False,broad_institutional,4,high
EPOW,us,27.7966,27.7966,0.023350489357999996,13.565,19,0.0,False,fragmented_or_mixed,4,high
EPR,us,85.3495,51.1713,0.025556474191,10.0757,20,34.178200000000004,False,broad_institutional,4,high
EPRT,us,122.3112,78.9931,0.065886509921,15.6806,20,43.3181,True,data_anomaly,3,medium
EPRX,us,51.5861,44.5094,0.015032899722,5.8919,20,7.076700000000002,False,broad_institutional,4,high
EPR_PC,us,71.5316,70.6898,0.11447841287200002,30.1654,20,0.8417999999999921,False,dominant_holder,4,high
EPR_PE,us,54.8639,53.4349,0.026099258059,9.1571,20,1.429000000000002,False,broad_institutional,4,high
EPR_PG,us,34.6666,34.6666,0.029139381044,14.7638,20,0.0,False,fragmented_or_mixed,4,high
EPSM,us,2.9725,2.9725,0.00018797162300000005,0.9664,20,0.0,False,fragmented_or_mixed,4,high
EPSN,us,112.312,96.0982,0.125692825562,21.8763,20,16.213799999999992,True,data_anomaly,3,medium
EPWK,us,4.4246,4.4246,0.0006861110340000002,2.156,16,0.0,False,fragmented_or_mixed,4,high
EP_PC,us,75.6496,74.6977,0.12951664055700002,27.0043,20,0.9519000000000091,False,dominant_holder,4,high
EQ,us,80.6542,76.4921,0.043398683331,9.2718,20,4.1621000000000095,False,broad_institutional,4,high
EQBK,us,79.1803,60.8729,0.031269466257,10.1602,20,18.3074,False,broad_institutional,4,high
EQH,us,105.5591,66.7702,0.032565408384,8.5937,20,38.7889,True,data_anomaly,3,medium
EQH_PA,us,29.2845,29.2682,0.013158814512000001,6.8524,20,0.01630000000000109,False,fragmented_or_mixed,4,high
EQIX,us,98.9109000000003,48.6985,0.020112322629,6.744,20,50.212400000000294,False,broad_institutional,4,high
EQNR,us,6.83270000000001,5.8825,0.0014527097330000003,3.7402,20,0.9502000000000095,False,fragmented_or_mixed,4,high
EQPT,us,72.2441000000001,67.3448,0.08748591317400002,25.8324,20,4.899300000000096,False,dominant_holder,4,high
EQR,us,99.7036000000004,63.0026,0.03499118822,9.3153,20,36.701000000000406,False,broad_institutional,4,high
EQS,us,59.8599,59.8599,0.11080599788500002,23.1123,20,0.0,False,dominant_holder,4,high
EQT,us,97.7318000000002,49.5139,0.018964052623,6.4853,20,48.217900000000206,False,broad_institutional,4,high
EQX,us,75.4135000000001,44.4549,0.019095222359,10.7812,20,30.958600000000096,False,broad_institutional,4,high
ERAS,us,93.7422,69.2467,0.029267981521,7.21,20,24.495499999999993,False,broad_institutional,4,high
ERIC,us,12.4215,10.0356,0.0016072627460000004,2.7146,20,2.3858999999999995,False,fragmented_or_mixed,4,high
ERIE,us,93.9142000000001,81.1104,0.15630931621599997,36.2793,20,12.803800000000095,False,dominant_holder,4,high
ERII,us,100.7172,63.5266,0.030781386425999997,8.2236,20,37.1906,True,data_anomaly,3,medium
ERNA,us,51.8396,51.8384,0.069248375034,23.2505,20,0.0011999999999972033,False,dominant_holder,4,high
ERO,us,76.3547000000001,48.0972,0.025029606546,9.8077,20,28.257500000000093,False,broad_institutional,4,high
EROC,us,67.8719,67.8719,0.175474649655,40.3924,16,0.0,False,dominant_holder,4,high
EROK,us,61.781,61.781,0.073851855103,18.6488,16,0.0,False,broad_institutional,4,high
ES,us,86.9716000000003,47.9622,0.020833173142000005,7.487,20,39.00940000000029,False,broad_institutional,4,high
ESAB,us,108.0315,72.9197,0.04814306778900001,13.3983,20,35.11179999999999,True,data_anomaly,3,medium
ESCA,us,71.8206,64.5515,0.058170880065,20.5108,20,7.269099999999995,False,dominant_holder,4,high
ESE,us,97.2683000000002,57.6304,0.031463577004,13.5039,20,39.637900000000194,False,broad_institutional,4,high
ESEA,us,71.4503,66.2239,0.16468236320099994,38.8925,20,5.226399999999998,False,dominant_holder,4,high
ESGLW,us,,,,,20,,False,insufficient_data,0,low
ESHAR,us,,,,,20,,False,insufficient_data,0,low
ESI,us,110.8521,66.1431,0.030759933183,10.2073,20,44.70899999999999,True,data_anomaly,3,medium
ESLA,us,72.9307,72.9126,0.35435554406200004,58.7389,20,0.018100000000004002,False,dominant_holder,4,high
ESLAW,us,,,,,20,,False,insufficient_data,0,low
ESLT,us,64.3725000000001,56.8875,0.17232558013900004,41.2338,20,7.485000000000099,False,dominant_holder,4,high
ESNT,us,102.9591,70.3811,0.037668528716999994,11.4362,20,32.578,True,data_anomaly,3,medium
ESOA,us,78.6064000000001,59.3845,0.028280369313,10.3517,20,19.22190000000009,False,broad_institutional,4,high
ESP,us,52.9317,44.2008,0.037339936026,17.9359,20,8.730899999999998,False,broad_institutional,4,high
ESPR,us,78.4788000000002,57.0959,0.023295114000999997,8.1398,20,21.382900000000205,False,broad_institutional,4,high
ESQ,us,89.3917000000001,58.8155,0.022253166655000003,8.3846,20,30.5762000000001,False,broad_institutional,4,high
ESRT,us,96.0805,71.4335,0.052410536811000004,17.4354,20,24.647000000000006,False,broad_institutional,4,high
ESS,us,102.2881,63.5539,0.035332921861,8.54,20,38.7342,True,data_anomaly,3,medium
ESTA,us,118.5268,77.762,0.04230199332999999,9.8218,20,40.764799999999994,True,data_anomaly,3,medium
ESTC,us,104.7043,65.0503,0.028798251608999997,7.2646,20,39.65400000000001,True,data_anomaly,3,medium
ET,us,40.4968000000006,26.4847,0.009906799531000002,8.9031,20,14.012100000000597,False,fragmented_or_mixed,4,high
ETD,us,96.1165000000001,65.9849,0.039407950257,13.0623,20,30.131600000000105,False,broad_institutional,4,high
ETHMU,us,7.2204,7.2204,0.0036961253179999994,6.0241,20,0.0,False,fragmented_or_mixed,4,high
ETHZ,us,108.8847,89.5221,0.06455060543299998,11.6265,20,19.3626,True,data_anomaly,3,medium
ETN,us,88.2452000000023,41.1297,0.012978993524999998,6.5017,20,47.1155000000023,False,broad_institutional,4,high
ETNB,us,0.463,0.463,4.645272e-06,0.1731,20,0.0,False,fragmented_or_mixed,4,high
ETON,us,68.0344000000001,52.0396,0.025550736356,9.875,20,15.994800000000104,False,broad_institutional,4,high
ETOR,us,64.6119,44.5929,0.014830906429,5.4321,20,20.019000000000005,False,broad_institutional,4,high
ETR,us,99.2791000000005,50.902,0.020444544683999998,6.5279,20,48.377100000000496,False,broad_institutional,4,high
ETS,us,89.3124,89.0995,0.067300242097,9.4276,20,0.21289999999999054,False,broad_institutional,4,high
ETSS,us,1.6667,1.6667,0.00027778888900000003,1.6667,1,0.0,False,fragmented_or_mixed,4,high
ETSY,us,129.2646,80.3243,0.042724440987000005,11.923,20,48.94030000000001,True,data_anomaly,3,medium
EU,us,57.8502,41.9897,0.015767622103,7.1933,20,15.860500000000002,False,broad_institutional,4,high
EUDA,us,49.4598,49.4598,0.07212148012399999,19.364,14,0.0,False,fragmented_or_mixed,4,high
EUDAW,us,,,,,20,,False,insufficient_data,0,low
EURK,us,433.0706,425.8939,1.407270243375,54.0067,20,7.176700000000039,True,data_anomaly,1,low
EURKR,us,,,,,20,,False,insufficient_data,0,low
EURKU,us,0.5611,0.5611,1.2591309000000002e-05,0.2462,16,0.0,False,fragmented_or_mixed,4,high
EVAC,us,78.0888,56.6565,0.018369458357,5.441,20,21.432300000000005,False,broad_institutional,4,high
EVAC_U,us,13.4222,13.4001,0.001850913711,2.6625,20,0.02210000000000001,False,fragmented_or_mixed,4,high
EVAX,us,23.4108,23.4108,0.022553913431999993,14.5575,20,0.0,False,fragmented_or_mixed,4,high
EVC,us,83.0297,68.6239,0.050327837075,13.4133,20,14.4058,False,broad_institutional,4,high
EVCM,us,97.9398000000001,97.2693,0.38022816513299995,48.2985,20,0.6705000000001036,False,dominant_holder,4,high
EVER,us,112.1131,65.5947,0.026947455208999996,8.1783,20,46.5184,True,data_anomaly,3,medium
EVEX,us,87.5246000000001,84.7152,0.518995981236,71.9265,20,2.8094000000001103,False,dominant_holder,4,high
EVEX_T,us,,,,,20,,False,insufficient_data,0,low
EVGN,us,22.0453,22.0453,0.028173458773000003,16.4002,20,0.0,False,fragmented_or_mixed,4,high
EVGO,us,69.9888000000001,52.4585,0.017879750827000003,6.5145,20,17.530300000000096,False,broad_institutional,4,high
EVGOW,us,,,,,20,,False,insufficient_data,0,low
EVH,us,112.4564,73.9802,0.038954395782,9.8554,20,38.476200000000006,True,data_anomaly,3,medium
EVI,us,93.5265,87.0948,0.09211170481200003,22.0543,20,6.431699999999992,False,dominant_holder,4,high
EVLV,us,78.2114,45.2245,0.013340076477000001,5.7313,20,32.9869,False,broad_institutional,4,high
EVLVW,us,,,,,20,,False,insufficient_data,0,low
EVMN,us,105.1177,86.1822,0.06389293484599999,13.6864,20,18.935500000000005,True,data_anomaly,3,medium
EVO,us,2.0884,2.0362,0.00018023558600000001,1.2939,20,0.052200000000000024,False,fragmented_or_mixed,4,high
EVOK,us,10.5913,10.5913,0.009000137450999998,9.4635,20,0.0,False,fragmented_or_mixed,4,high
EVOX,us,76.2717,57.7643,0.021126185829000003,7.875,20,18.507399999999997,False,broad_institutional,4,high
EVOXU,us,10.5065,10.5065,0.0015490861010000001,2.9167,20,0.0,False,fragmented_or_mixed,4,high
EVR,us,92.3515000000003,47.0816,0.017592555992000006,8.5492,20,45.2699000000003,False,broad_institutional,4,high
EVRG,us,94.6483,48.8311,0.020162331217,7.1396,20,45.81720000000001,False,broad_institutional,4,high
EVTC,us,106.1456,75.4805,0.05211246771500001,13.9718,20,30.665099999999995,True,data_anomaly,3,medium
EVTL,us,89.2292,84.6965,0.20653125325099997,42.9282,20,4.5327000000000055,False,dominant_holder,4,high
EVTV,us,5.1806,5.1806,0.0005348617120000002,2.0142,20,0.0,False,fragmented_or_mixed,4,high
EW,us,89.0189000000005,44.0644,0.01479471215,6.5522,20,44.9545000000005,False,broad_institutional,4,high
EWBC,us,94.4147000000003,56.3317,0.022104898777000004,8.688,20,38.0830000000003,False,broad_institutional,4,high
EWCZ,us,93.101,79.6332,0.10610211451400002,29.5844,20,13.467799999999997,False,dominant_holder,4,high
EWTX,us,115.5184,86.0479,0.05606745584700001,14.4233,20,29.4705,True,data_anomaly,3,medium
EXAS,us,77.4032000000001,43.3541,0.016267262519,8.9737,20,34.049100000000095,False,broad_institutional,4,high
EXC,us,97.6019000000006,55.6837,0.022758064688999997,6.6039,20,41.918200000000596,False,broad_institutional,4,high
EXE,us,91.9451000000004,47.0563,0.017789224056999998,6.499,20,44.888800000000394,False,broad_institutional,4,high
EXEEL,us,,,,,20,,False,insufficient_data,0,low
EXEEW,us,,,,,11,,False,insufficient_data,0,low
EXEEZ,us,,,,,13,,False,insufficient_data,0,low
EXEL,us,107.2113,62.2972,0.030113770800000002,10.3324,20,44.9141,True,data_anomaly,3,medium
EXFY,us,62.8864,52.1899,0.027300699336999995,11.7383,20,10.6965,False,broad_institutional,4,high
EXK,us,60.9241000000001,43.6906,0.017004873515999996,7.9549,20,17.2335000000001,False,broad_institutional,4,high
EXLS,us,100.5958,58.9105,0.028073476143,10.1127,20,41.6853,True,data_anomaly,3,medium
EXOD,us,71.5415,69.1181,0.060721965379,16.839,20,2.423400000000001,False,broad_institutional,4,high
EXOZ,us,65.3027,65.3027,0.194402325191,42.3551,20,0.0,False,dominant_holder,4,high
EXP,us,106.3497,59.8098,0.028394423129999995,9.4363,20,46.539899999999996,True,data_anomaly,3,medium
EXPD,us,102.5343,52.4299,0.021025477010999997,6.6478,20,50.1044,True,data_anomaly,3,medium
EXPE,us,104.8713,50.4653,0.018590659380999994,6.6383,20,54.406000000000006,True,data_anomaly,3,medium
EXPI,us,78.8155000000002,68.6565,0.095976595581,24.2292,20,10.159000000000205,False,dominant_holder,4,high
EXPO,us,99.8813000000002,61.4644,0.032186916046000005,11.1365,20,38.4169000000002,False,broad_institutional,4,high
EXR,us,102.0288,65.0383,0.03424810645899999,8.702,20,36.9905,True,data_anomaly,3,medium
EXTO,us,0.0,0.0,0.0,0.0,11,0.0,False,fragmented_or_mixed,4,high
EXTR,us,106.1993,65.1003,0.039787770773,13.177,20,41.09899999999999,True,data_anomaly,3,medium
EXYN,us,34.8014,34.8014,0.03965366326399999,14.5109,13,0.0,False,fragmented_or_mixed,4,high
EYE,us,125.9633,77.2901,0.04428680440100001,13.2068,20,48.67320000000001,True,data_anomaly,3,medium
EYPT,us,112.5684,76.4623,0.042229856600999996,9.8579,20,36.1061,True,data_anomaly,3,medium
EZGO,us,0.0069,0.0069,1.4830000000000002e-09,0.0032,19,0.0,False,fragmented_or_mixed,4,high
EZPW,us,122.6725,67.2072,0.03191204869,9.9605,20,55.4653,True,data_anomaly,3,medium
EZRA,us,8.8823,8.8746,0.000830974132,2.0242,20,0.0077000000000015945,False,fragmented_or_mixed,4,high
EZRAW,us,,,,,9,,False,insufficient_data,0,low
F,us,68.8379000000003,42.2633,0.016316646971,6.504,20,26.574600000000302,False,broad_institutional,4,high
FA,us,111.8114,100.2986,0.2918588968180001,52.209,20,11.512800000000013,True,data_anomaly,2,medium
FAAS,us,0.0,0.0,0.0,0.0,19,0.0,False,fragmented_or_mixed,4,high
FABC,us,7.4074,7.4069,0.0027344463930000003,5.1687,20,0.0004999999999997229,False,fragmented_or_mixed,4,high
FAC,us,68.2774,56.8722,0.037929752580000003,12.5389,20,11.4052,False,broad_institutional,4,high
FACT,us,110.6777,90.471,0.04776189105,9.1951,20,20.206699999999998,True,data_anomaly,3,medium
FACTU,us,5.2067,5.2067,0.0007842780129999999,2.3261,20,0.0,False,fragmented_or_mixed,4,high
FAF,us,100.9646,61.904,0.028362948572,8.3934,20,39.0606,True,data_anomaly,3,medium
FAMI,us,22.872,22.872,0.013092161904,9.884,17,0.0,False,fragmented_or_mixed,4,high
FANG,us,99.0845000000006,66.8862,0.081584875976,26.3182,20,32.1983000000006,False,dominant_holder,4,high
FARM,us,36.9249,35.6707,0.017753141102999997,8.459,20,1.2542000000000044,False,fragmented_or_mixed,4,high
FAST,us,90.5030000000007,47.1894,0.018614525102,6.4975,20,43.3136000000007,False,broad_institutional,4,high
FAT,us,48.7948,48.7948,0.17769574685799996,42.0868,20,0.0,False,dominant_holder,4,high
FATBB,us,68.2587,68.2587,0.31218680472500004,55.676,20,0.0,False,dominant_holder,4,high
FATBP,us,1.1705,1.1705,7.482338499999998e-05,0.8481,13,0.0,False,fragmented_or_mixed,4,high
FATE,us,76.4057000000002,60.07,0.032918752442,11.0538,20,16.335700000000195,False,broad_institutional,4,high
FATN,us,57.8224,57.8224,0.118508352396,27.6394,20,0.0,False,dominant_holder,4,high
FBGL,us,54.4582,54.4582,0.26262084710999994,51.2271,12,0.0,False,dominant_holder,4,high
FBIN,us,108.9043,70.1299,0.033918889382999994,9.5648,20,38.7744,True,data_anomaly,3,medium
FBIO,us,50.2609,45.5708,0.033306337346000005,13.8079,20,4.690100000000001,False,broad_institutional,4,high
FBIZ,us,77.552,50.9881,0.018291839724999998,7.1495,20,26.563900000000004,False,broad_institutional,4,high
FBK,us,84.3820000000001,53.6142,0.027352571075999997,11.2,20,30.767800000000108,False,broad_institutional,4,high
FBLA,us,54.755,42.0859,0.020884141938999994,9.8196,20,12.6691,False,broad_institutional,4,high
FBLG,us,21.9202,21.8377,0.008245621764999999,5.5504,20,0.08249999999999957,False,fragmented_or_mixed,4,high
FBNC,us,86.8962000000002,62.0675,0.03466439086700001,13.089,20,24.828700000000204,False,broad_institutional,4,high
FBP,us,104.4069,70.1278,0.043755929656,13.8397,20,34.2791,True,data_anomaly,3,medium
FBRT,us,65.7915,49.5567,0.033409436173,15.7241,20,16.2348,False,broad_institutional,4,high
FBRT_PE,us,0.4755,0.4755,8.573429000000001e-06,0.2268,3,0.0,False,fragmented_or_mixed,4,high
FBRX,us,77.3825,66.6391,0.03513293772499999,10.3058,20,10.743399999999994,False,broad_institutional,4,high
FBYD,us,48.3798,47.5534,0.103381732982,31.2726,20,0.8263999999999996,False,dominant_holder,4,high
FBYDP,us,67.8004,67.8004,0.39990466560999993,63.0601,2,0.0,False,dominant_holder,4,high
FBYDW,us,,,,,20,,False,insufficient_data,0,low
FC,us,95.3825000000001,69.9585,0.036776428017000005,9.3437,20,25.424000000000106,False,broad_institutional,4,high
FCAP,us,30.7176,25.1238,0.006073550588,4.5568,20,5.593800000000002,False,fragmented_or_mixed,4,high
FCBC,us,52.0769000000001,43.1158,0.018706816977999995,7.9395,20,8.961100000000101,False,broad_institutional,4,high
FCBM,us,19.084,19.084,0.006059715291999999,6.6389,15,0.0,False,fragmented_or_mixed,4,high
FCCO,us,68.6628000000001,47.1178,0.014901348436,6.3355,20,21.5450000000001,False,broad_institutional,4,high
FCEL,us,39.361,28.2176,0.0061428542899999985,4.547,20,11.143399999999996,False,fragmented_or_mixed,4,high
FCF,us,79.1054,57.2449,0.034450138585,13.4543,20,21.860500000000002,False,broad_institutional,4,high
FCFS,us,104.0141,63.8763,0.029558100539,9.748,20,40.1378,True,data_anomaly,3,medium
FCHL,us,0.2407,0.2407,2.438125e-06,0.1317,13,0.0,False,fragmented_or_mixed,4,high
FCN,us,109.996,73.6114,0.037454125728000005,10.8045,20,36.38459999999999,True,data_anomaly,3,medium
FCNCA,us,95.2851000000003,64.162,0.029305264748,8.7787,20,31.123100000000292,False,broad_institutional,4,high
FCNCO,us,11.5459,11.5459,0.005914932968999999,6.7215,17,0.0,False,fragmented_or_mixed,4,high
FCNCP,us,16.8446,16.8446,0.008085447692,6.6915,16,0.0,False,fragmented_or_mixed,4,high
FCPT,us,106.7866,69.4507,0.043259304701,15.3901,20,37.33590000000001,True,data_anomaly,3,medium
FCRS,us,62.8113,43.1001,0.011322235403,5.1589,20,19.711200000000005,False,broad_institutional,4,high
FCRS_U,us,30.5871,29.533,0.012218277186,9.0051,20,1.0540999999999983,False,fragmented_or_mixed,4,high
FCST,us,,,,,3,,False,insufficient_data,0,low
FCUV,us,15.0805,15.0805,0.010393446757,8.1045,20,0.0,False,fragmented_or_mixed,4,high
FCX,us,90.0014000000002,41.6645,0.014153111543,6.4973,20,48.336900000000206,False,broad_institutional,4,high
FDBC,us,46.381,37.5337,0.014426044651000001,7.3403,20,8.847299999999997,False,fragmented_or_mixed,4,high
FDMT,us,111.3966,86.8312,0.055628807118,10.8141,20,24.56540000000001,True,data_anomaly,3,medium
FDP,us,91.157,68.1271,0.040632577951,10.62,20,23.029899999999998,False,broad_institutional,4,high
FDS,us,110.5518,62.7845,0.03166640890900001,10.5624,20,47.7673,True,data_anomaly,3,medium
FDSB,us,41.871,37.7061,0.014671897948999996,8.4469,20,4.164900000000003,False,fragmented_or_mixed,4,high
FDUS,us,28.9672,18.0197,0.001958565603,1.8787,20,10.947499999999998,False,fragmented_or_mixed,4,high
FDX,us,89.1930000000001,49.0443,0.018894461773,7.2075,20,40.1487000000001,False,broad_institutional,4,high
FDXF,us,29.0797,26.2179,0.009319670527000001,5.9175,20,2.861799999999999,False,fragmented_or_mixed,4,high
FDXF_W,us,29.0797,26.2179,0.009319670527000001,5.9175,20,2.861799999999999,False,fragmented_or_mixed,4,high
FE,us,96.3986000000005,65.3197,0.040835995485000005,13.4265,20,31.078900000000502,False,broad_institutional,4,high
FEAM,us,66.3485,65.6407,0.13286454106699996,29.2206,20,0.707800000000006,False,dominant_holder,4,high
FEBO,us,1.3942,1.3942,0.00010336860199999997,0.9551,9,0.0,False,fragmented_or_mixed,4,high
FEDU,us,31.8621,31.8621,0.034728906160999995,13.8555,15,0.0,False,fragmented_or_mixed,4,high
FEED,us,2.7405,2.7405,0.00013627732899999998,1.0332,20,0.0,False,fragmented_or_mixed,4,high
FEIM,us,89.3186,64.3796,0.050312731713999984,18.9848,20,24.939000000000007,False,broad_institutional,4,high
FELE,us,99.7891,61.6282,0.03109409798,12.0129,20,38.160900000000005,False,broad_institutional,4,high
FEMY,us,19.0965,18.2547,0.004733238958999999,5.0245,20,0.8417999999999992,False,fragmented_or_mixed,4,high
FENC,us,69.0423000000001,62.822,0.04197414553,11.4969,20,6.220300000000094,False,broad_institutional,4,high
FENG,us,5.607,5.607,0.000771133004,2.2752,16,0.0,False,fragmented_or_mixed,4,high
FER,us,82.6546000000001,63.5945,0.06246134415099999,21.6552,20,19.060100000000105,False,dominant_holder,4,high
FERA,us,94.462,70.0477,0.031275633457000004,8.0508,20,24.414299999999997,False,broad_institutional,4,high
FERAR,us,,,,,20,,False,insufficient_data,0,low
FERAU,us,9.187,9.187,0.002958618184,4.8761,20,0.0,False,fragmented_or_mixed,4,high
FERG,us,99.1470000000004,44.3689,0.012948588975,4.7246,20,54.77810000000041,False,broad_institutional,4,high
FET,us,84.8327000000001,52.4909,0.018471409341000004,6.1801,20,32.3418000000001,False,broad_institutional,4,high
FF,us,81.4614000000001,70.0666,0.15899059292400006,38.9506,20,11.394800000000103,False,dominant_holder,4,high
FFAI,us,12.9879,11.6752,0.0015580112439999997,2.6757,20,1.3126999999999995,False,fragmented_or_mixed,4,high
FFAIW,us,,,,,20,,False,insufficient_data,0,low
FFBC,us,88.8344,61.7145,0.03647883828499999,13.379,20,27.1199,False,broad_institutional,4,high
FFIC,us,79.4043000000001,58.7051,0.026868818293,9.5532,20,20.699200000000104,False,broad_institutional,4,high
FFIN,us,72.7938000000002,50.3906,0.023433380889999997,10.4428,20,22.403200000000204,False,broad_institutional,4,high
FFIV,us,109.7229,63.7525,0.032194877131,9.7013,20,45.9704,True,data_anomaly,3,medium
FFWM,us,78.1827,58.9902,0.025117544973999997,8.1619,20,19.192499999999995,False,broad_institutional,4,high
FG,us,97.5949000000002,89.3558,0.5137500888760003,71.4514,20,8.239100000000192,False,dominant_holder,4,high
FGBI,us,60.8531,59.9303,0.08478194396500001,23.8403,20,0.9227999999999952,False,dominant_holder,4,high
FGEN,us,28.9184,28.5404,0.013353595865999998,9.8811,20,0.37799999999999656,False,fragmented_or_mixed,4,high
FGI,us,74.178,74.178,0.49847282713,70.5882,20,0.0,False,dominant_holder,4,high
FGII,us,47.5581,47.4717,0.019690822329,6.7321,20,0.0864000000000047,False,fragmented_or_mixed,4,high
FGIIU,us,37.7309,37.482,0.016826442440000002,8.4615,20,0.248899999999999,False,fragmented_or_mixed,4,high
FGIWW,us,,,,,10,,False,insufficient_data,0,low
FGL,us,10.3967,10.3967,0.003855411661,5.3686,14,0.0,False,fragmented_or_mixed,4,high
FGMC,us,106.6613,96.7155,0.071843811861,14.5118,20,9.945799999999991,True,data_anomaly,3,medium
FGMCR,us,,,,,20,,False,insufficient_data,0,low
FGMCU,us,3.7805,3.7805,0.0006235872949999999,2.3558,17,0.0,False,fragmented_or_mixed,4,high
FGNX,us,54.6289,51.8054,0.03076596737999999,10.9912,20,2.823500000000003,False,broad_institutional,4,high
FHB,us,110.6317,74.1793,0.043700946251,11.4545,20,36.4524,True,data_anomaly,3,medium
FHI,us,97.0739000000002,58.2856,0.022245834586,6.1908,20,38.78830000000019,False,broad_institutional,4,high
FHN,us,90.5785000000001,52.3015,0.022885729931000003,10.6122,20,38.27700000000011,False,broad_institutional,4,high
FHTX,us,88.3276000000001,80.8759,0.08099189246900003,21.5862,20,7.451700000000102,False,dominant_holder,4,high
FIBK,us,109.5241,73.0855,0.039779503063,12.6378,20,36.43860000000001,True,data_anomaly,3,medium
FICO,us,100.5434,56.509,0.022479143148000005,6.7314,20,44.034400000000005,True,data_anomaly,3,medium
FIEE,us,69.2717,69.2717,0.179377132191,36.5808,20,0.0,False,dominant_holder,4,high
FIG,us,82.0099000000001,68.4269,0.056641110318999995,14.0396,20,13.583000000000098,False,broad_institutional,4,high
FIGR,us,76.8419000000001,50.5164,0.022591969152000003,9.1217,20,26.325500000000098,False,broad_institutional,4,high
FIGS,us,102.5447,78.2815,0.152756888515,37.7665,20,24.263200000000012,True,data_anomaly,3,medium
FIGX,us,86.9136,60.1954,0.021441496191999997,6.4481,20,26.718200000000003,False,broad_institutional,4,high
FIGXU,us,14.1836,14.1836,0.0028734866260000007,3.224,20,0.0,False,fragmented_or_mixed,4,high
FIHL,us,96.9560000000001,79.356,0.06625924825599999,16.669,20,17.600000000000108,False,broad_institutional,4,high
FINV,us,67.1012000000001,55.6825,0.031899913489,13.4336,20,11.418700000000108,False,broad_institutional,4,high
FINW,us,59.7851,51.9439,0.022261598335,7.4129,20,7.841200000000001,False,broad_institutional,4,high
FIP,us,96.1300000000002,75.4364,0.043866586377999985,10.3508,20,20.69360000000019,False,broad_institutional,4,high
FIRY,us,89.3548,85.008,0.20857954949399998,42.7257,20,4.346800000000002,False,dominant_holder,4,high
FIS,us,98.1183000000001,58.1632,0.028171208938,9.4941,20,39.9551000000001,False,broad_institutional,4,high
FISI,us,86.7072,58.3783,0.026739937184999996,9.216,20,28.328899999999997,False,broad_institutional,4,high
FISK,us,5.4657,5.4657,0.0004486729469999999,1.1676,14,0.0,False,fragmented_or_mixed,4,high
FISN,us,44.6062,44.6062,0.047646015459999996,16.996,12,0.0,False,fragmented_or_mixed,4,high
FISV,us,93.1955000000002,50.5157,0.022314698491000005,9.4253,20,42.67980000000019,False,broad_institutional,4,high
FITB,us,91.8634000000007,53.6334,0.020820456694,6.4452,20,38.23000000000069,False,broad_institutional,4,high
FITBI,us,0.0139,0.0139,1.3266999999999999e-08,0.0114,7,0.0,False,fragmented_or_mixed,4,high
FITBO,us,0.5197,0.5197,2.5009593000000003e-05,0.5,15,0.0,False,fragmented_or_mixed,4,high
FITBP,us,0.0028,0.0028,7.84e-10,0.0028,8,0.0,False,fragmented_or_mixed,4,high
FITB_PA,us,0.0028,0.0028,7.84e-10,0.0028,8,0.0,False,fragmented_or_mixed,4,high
FITB_PI,us,0.0139,0.0139,1.3266999999999999e-08,0.0114,7,0.0,False,fragmented_or_mixed,4,high
FITB_PK,us,0.5197,0.5197,2.5009593000000003e-05,0.5,15,0.0,False,fragmented_or_mixed,4,high
FIVE,us,106.9879,53.9777,0.019160787151,8.1389,20,53.0102,True,data_anomaly,3,medium
FIVN,us,103.2208,58.8229,0.027131494359000002,8.7769,20,44.3979,True,data_anomaly,3,medium
FIX,us,98.1331000000003,49.2113,0.019744921241000003,7.0146,20,48.921800000000296,False,broad_institutional,4,high
FIZZ,us,101.5407,93.1541,0.5106327376029999,71.1494,20,8.386600000000001,True,data_anomaly,3,medium
FJET,us,49.0014,48.6405,0.10855198975499998,32.0777,20,0.3608999999999938,False,dominant_holder,4,high
FKWL,us,37.9614,37.5493,0.022253644463,9.3064,20,0.41209999999999525,False,fragmented_or_mixed,4,high
FLD,us,91.0912,89.2401,0.12261355156100001,27.0562,20,1.8511000000000024,False,dominant_holder,4,high
FLDDW,us,,,,,20,,False,insufficient_data,0,low
FLEX,us,101.7942,63.2466,0.030479773626,9.0028,20,38.5476,True,data_anomaly,3,medium
FLG,us,93.9042000000001,71.6307,0.060008967329000004,17.9936,20,22.273500000000098,False,broad_institutional,4,high
FLGC,us,15.3387,15.3387,0.005222687061,4.6484,20,0.0,False,fragmented_or_mixed,4,high
FLGT,us,101.1316,77.5731,0.112958085817,31.2148,20,23.55850000000001,True,data_anomaly,3,medium
FLG_PA,us,0.0507,0.0507,2.3655900000000002e-07,0.0486,13,0.0,False,fragmented_or_mixed,4,high
FLG_PU,us,36.7248,36.7228,0.05150883514800002,21.911,20,0.0020000000000024443,False,dominant_holder,4,high
FLL,us,48.1254,40.6248,0.012195805762000002,5.3615,20,7.500599999999999,False,fragmented_or_mixed,4,high
FLNA,us,30.9359,26.3475,0.006384399215000001,4.1661,20,4.5884,False,fragmented_or_mixed,4,high
FLNC,us,100.1447,74.4684,0.08243816614600001,22.2296,20,25.676299999999998,True,data_anomaly,3,medium
FLNG,us,70.9704000000001,60.3482,0.185098362884,42.7392,20,10.622200000000099,False,dominant_holder,4,high
FLNT,us,86.4016,84.5809,0.105650596211,21.2196,20,1.8207000000000022,False,dominant_holder,4,high
FLO,us,96.0000000000002,58.9993,0.024647370737000008,8.0851,20,37.0007000000002,False,broad_institutional,4,high
FLOC,us,159.2156,130.1947,0.508476670835,69.3087,20,29.020899999999983,True,data_anomaly,2,medium
FLR,us,105.8215,63.7929,0.033667340621000005,13.0245,20,42.0286,True,data_anomaly,3,medium
FLS,us,106.7019,54.7319,0.020653463175000004,8.2593,20,51.96999999999999,True,data_anomaly,3,medium
FLUT,us,108.1878,74.8752,0.05624571716,18.8305,20,33.31259999999999,True,data_anomaly,3,medium
FLUX,us,56.0995,54.816,0.061754940257000006,19.0147,20,1.2834999999999965,False,broad_institutional,4,high
FLWS,us,123.6252,96.3839,0.057175583633,9.7407,20,27.24130000000001,True,data_anomaly,3,medium
FLX,us,18.6615,18.6615,0.018142760779,12.3968,20,0.0,False,fragmented_or_mixed,4,high
FLXS,us,92.6446,64.5191,0.034610234879,10.0797,20,28.125500000000002,False,broad_institutional,4,high
FLY,us,80.6109,68.8209,0.13984142897100002,35.7813,20,11.790000000000006,False,dominant_holder,4,high
FLYD,us,0.0,0.0,0.0,0.0,1,0.0,False,fragmented_or_mixed,4,high
FLYE,us,6.6253,6.6253,0.0023466231769999997,4.717,20,0.0,False,fragmented_or_mixed,4,high
FLYU,us,0.0,0.0,0.0,0.0,2,0.0,False,fragmented_or_mixed,4,high
FLYW,us,101.644,69.7482,0.03612430307200001,11.2099,20,31.89580000000001,True,data_anomaly,3,medium
FLYX,us,73.9851000000001,73.4403,0.25737211779900004,46.7648,20,0.5448000000001088,False,dominant_holder,4,high
FLYX_T,us,,,,,20,,False,insufficient_data,0,low
FLYY,us,35.5326,34.7264,0.011803073244000001,5.7284,20,0.806200000000004,False,fragmented_or_mixed,4,high
FLZH,us,0.2411,0.2411,1.087361e-06,0.0846,20,0.0,False,fragmented_or_mixed,4,high
FMAC,us,27.7903,27.7903,0.076412104101,27.6425,4,0.0,False,dominant_holder,4,high
FMACU,us,2.7295,2.7295,0.0006990886369999999,2.6426,2,0.0,False,fragmented_or_mixed,4,high
FMAO,us,35.7910000000001,27.1336,0.007270814481999999,5.9039,20,8.657400000000102,False,fragmented_or_mixed,4,high
FMBH,us,63.5788000000001,44.6573,0.015989890221000003,6.2803,20,18.9215000000001,False,broad_institutional,4,high
FMC,us,97.1697000000001,57.4007,0.031348491741000004,11.4887,20,39.769000000000105,False,broad_institutional,4,high
FMFC,us,44.4521,44.4521,0.183881624033,42.8758,18,0.0,False,dominant_holder,4,high
FMNB,us,42.3263,27.1179,0.007804074133,6.0955,20,15.208400000000005,False,fragmented_or_mixed,4,high
FMS,us,9.09679999999998,7.9927,0.001160288981,2.7866,20,1.1040999999999803,False,fragmented_or_mixed,4,high
FMST,us,28.7384,28.6706,0.041130922312,19.8743,20,0.0677999999999983,False,fragmented_or_mixed,4,high
FMTO,us,49.4453,49.4453,0.051645720118999996,16.363,20,0.0,False,fragmented_or_mixed,4,high
FMUB,us,51.8397,51.206,0.08926535643599998,28.6104,20,0.6336999999999975,False,dominant_holder,4,high
FMUN,us,22.2833,22.2365,0.011354073232999997,9.6871,20,0.04680000000000106,False,fragmented_or_mixed,4,high
FMX,us,48.1054000000001,38.6729,0.026922197390999995,14.155,20,9.432500000000104,False,fragmented_or_mixed,4,high
FN,us,108.0163,59.0235,0.032874873577,12.8733,20,48.9928,True,data_anomaly,3,medium
FNB,us,91.8277000000002,58.1714,0.029637355116000002,10.8247,20,33.65630000000021,False,broad_institutional,4,high
FND,us,125.1443,67.3581,0.030950324118999995,8.7513,20,57.78620000000001,True,data_anomaly,3,medium
FNF,us,88.5734000000003,57.452,0.027042397915999994,10.1851,20,31.121400000000307,False,broad_institutional,4,high
FNGD,us,4.6121,4.6121,0.000670705509,1.7793,20,0.0,False,fragmented_or_mixed,4,high
FNGO,us,1.4968,1.4968,6.787863200000001e-05,0.7027,12,0.0,False,fragmented_or_mixed,4,high
FNGR,us,27.4405,27.0038,0.019650654356,11.7435,20,0.43670000000000186,False,fragmented_or_mixed,4,high
FNGS,us,16.0282,15.2128,0.0023980109359999996,2.6251,20,0.8153999999999986,False,fragmented_or_mixed,4,high
FNGU,us,8.1837,8.1823,0.003365228607,5.623,20,0.00140000000000029,False,fragmented_or_mixed,4,high
FNKO,us,79.7726999999999,64.6726,0.066644883966,22.4224,20,15.100099999999898,False,dominant_holder,4,high
FNLC,us,58.0649,44.9764,0.020424806122,7.7603,20,13.088500000000003,False,broad_institutional,4,high
FNRN,us,36.466,36.092,0.019093600118,9.059,20,0.37400000000000233,False,fragmented_or_mixed,4,high
FNUC,us,104.2292,104.0761,0.7916886245370001,88.8102,20,0.15310000000000912,True,data_anomaly,2,medium
FNV,us,87.3548000000004,50.4627,0.021150633481,9.4736,20,36.8921000000004,False,broad_institutional,4,high
FNVT,us,6.1321,6.1321,0.002175590285,4.6053,20,0.0,False,fragmented_or_mixed,4,high
FNWB,us,60.1541,51.072,0.027024034449999994,9.8895,20,9.082099999999997,False,broad_institutional,4,high
FNWD,us,71.219,60.9114,0.037762025292,9.5839,20,10.307599999999994,False,broad_institutional,4,high
FOA,us,111.984,97.6789,0.09034695225099999,14.3911,20,14.305099999999996,True,data_anomaly,3,medium
FOCL,us,45.048,44.2283,0.049298685705,19.4996,20,0.8197000000000045,False,fragmented_or_mixed,4,high
FOFO,us,53.023,53.023,0.279130414046,52.8326,8,0.0,False,dominant_holder,4,high
FOLD,us,104.7776,59.6905,0.022747375971000003,6.9829,20,45.08710000000001,True,data_anomaly,3,medium
FONR,us,47.7191,46.9477,0.029344404067000004,11.6647,20,0.7713999999999999,False,fragmented_or_mixed,4,high
FOR,us,99.9893000000001,87.4541,0.386392047935,61.6474,20,12.535200000000103,False,dominant_holder,4,high
FORA,us,66.7302,64.8037,0.05293279692100001,13.613,20,1.92649999999999,False,broad_institutional,4,high
FORL,us,41.2595,41.2595,0.050052987104999995,19.221,20,0.0,False,fragmented_or_mixed,4,high
FORM,us,99.5197000000001,64.0648,0.039074320364000006,13.821,20,35.454900000000094,False,broad_institutional,4,high
FORR,us,95.8346,79.7706,0.15657896325,38.0198,20,16.063999999999993,False,dominant_holder,4,high
FORTY,us,5.6143,5.6143,0.002893147923,5.378,20,0.0,False,fragmented_or_mixed,4,high
FOSL,us,65.2082999999999,49.0435,0.018854256238999993,8.5689,20,16.164799999999893,False,broad_institutional,4,high
FOUR,us,122.1649,87.8424,0.108624125308,28.6279,20,34.322500000000005,True,data_anomaly,3,medium
FOUR_PA,us,92.9062,78.5248,0.045006576156000004,11.8504,20,14.3814,False,broad_institutional,4,high
FOX,us,106.3081,79.6936,0.16342399883600006,38.7308,20,26.614499999999992,True,data_anomaly,3,medium
FOXA,us,126.1339,68.222,0.03264975352199999,9.8602,20,57.9119,True,data_anomaly,3,medium
FOXF,us,102.9044,71.8732,0.050116899036,13.6252,20,31.0312,True,data_anomaly,3,medium
FOXO,us,5.8518,5.8518,0.0034226011619999997,5.8503,20,0.0,False,fragmented_or_mixed,4,high
FOXX,us,95.2639,95.2639,0.16033489129900003,29.5561,20,0.0,False,dominant_holder,4,high
FPAY,us,46.4696,46.4696,0.15578595893999997,39.1802,20,0.0,False,dominant_holder,4,high
FPH,us,75.3505,67.4041,0.036526384927,9.7019,20,7.946399999999997,False,broad_institutional,4,high
FPI,us,62.6022,45.6567,0.019020225011,7.9261,20,16.945500000000003,False,broad_institutional,4,high
FPS,us,57.0403,46.7204,0.09412486779600002,30.3632,20,10.319900000000004,False,dominant_holder,4,high
FR,us,104.5716,60.1836,0.03146907784,10.5941,20,44.388000000000005,True,data_anomaly,3,medium
FRAF,us,43.6249,30.4161,0.007838527461999999,4.8763,20,13.208799999999997,False,fragmented_or_mixed,4,high
FRBA,us,64.3338000000001,47.7835,0.016912902741000005,6.5242,20,16.5503000000001,False,broad_institutional,4,high
FRBT,us,55.7523,55.752,0.032616366678,6.9542,20,0.0002999999999957481,False,broad_institutional,4,high
FRD,us,61.6173,51.6531,0.021225296545000005,7.6214,20,9.964199999999998,False,broad_institutional,4,high
FRES,us,0.0,0.0,0.0,0.0,5,0.0,False,fragmented_or_mixed,4,high
FRGE,us,48.6577,46.0472,0.034775406552,11.7423,20,2.610500000000002,False,fragmented_or_mixed,4,high
FRGT,us,9.9716,9.9716,0.003939184122,5.9959,20,0.0,False,fragmented_or_mixed,4,high
FRHC,us,71.6265000000001,70.1434,0.443731164108,66.6046,20,1.4831000000001069,False,dominant_holder,4,high
FRME,us,78.5371,47.8638,0.017933862020000003,6.7176,20,30.673299999999998,False,broad_institutional,4,high
FRMEP,us,,,,,2,,False,insufficient_data,0,low
FRMI,us,70.0430000000001,64.1788,0.050333621428000005,14.7998,20,5.86420000000011,False,broad_institutional,4,high
FRMM,us,108.8847,89.5221,0.06455060543299998,11.6265,20,19.3626,True,data_anomaly,3,medium
FRO,us,70.5601,56.0308,0.130644632534,35.5515,20,14.529300000000006,False,dominant_holder,4,high
FROG,us,105.5004,54.4115,0.017249057242999997,5.0735,20,51.0889,True,data_anomaly,3,medium
FRPH,us,87.0859,70.8079,0.054523673696999994,15.9113,20,16.27799999999999,False,broad_institutional,4,high
FRPT,us,122.1998,70.7936,0.035073312790000005,10.9095,20,51.4062,True,data_anomaly,3,medium
FRSH,us,88.7518,53.9685,0.020275427869000003,6.4221,20,34.783300000000004,False,broad_institutional,4,high
FRST,us,90.3211000000001,65.5173,0.026764811015,6.8101,20,24.803800000000095,False,broad_institutional,4,high
FRSX,us,0.141,0.141,6.24712e-07,0.0534,20,0.0,False,fragmented_or_mixed,4,high
FRT,us,103.3261,62.3041,0.034080010265,8.4323,20,41.022,True,data_anomaly,3,medium
FRTT,us,71.2505,71.2505,0.5015200219489999,70.8172,3,0.0,False,dominant_holder,4,high
FRT_PC,us,29.607,29.607,0.012713458498,6.6584,19,0.0,False,fragmented_or_mixed,4,high
FRVO,us,53.6991,51.5175,0.03940431919900001,12.455,20,2.181600000000003,False,broad_institutional,4,high
FSBC,us,78.3604000000001,59.7549,0.036025542232999995,13.1748,20,18.6055000000001,False,broad_institutional,4,high
FSBW,us,77.5418,57.6811,0.03262946106900001,13.4425,20,19.860699999999994,False,broad_institutional,4,high
FSEA,us,53.4328,50.3977,0.030168350498999998,9.7614,20,3.0351,False,broad_institutional,4,high
FSHP,us,120.4458,120.4439,0.3626213863670001,55.7946,20,0.00190000000000623,True,data_anomaly,2,medium
FSHPR,us,,,,,20,,False,insufficient_data,0,low
FSHPU,us,0.2035,0.2035,2.033917e-06,0.1156,20,0.0,False,fragmented_or_mixed,4,high
FSI,us,52.9446,52.3815,0.11708577302499999,32.5409,20,0.5630999999999986,False,dominant_holder,4,high
FSK,us,40.9649,21.219,0.0044254188939999994,5.2191,20,19.7459,False,fragmented_or_mixed,4,high
FSLR,us,107.786,58.0262,0.02426307491,6.7714,20,49.7598,True,data_anomaly,3,medium
FSLY,us,96.6042999999999,61.9218,0.024467359281999997,7.0399,20,34.6824999999999,False,broad_institutional,4,high
FSM,us,81.5718000000001,49.018,0.018092293616000003,6.9757,20,32.553800000000095,False,broad_institutional,4,high
FSP,us,79.8495,65.0464,0.031004242408,9.6958,20,14.8031,False,broad_institutional,4,high
FSS,us,107.3471,59.4568,0.03203084062799999,13.4098,20,47.890299999999996,True,data_anomaly,3,medium
FSTR,us,81.9698000000001,61.935,0.042782771680000005,14.1722,20,20.034800000000104,False,broad_institutional,4,high
FSUN,us,55.8932,46.4426,0.020522877297999998,7.9433,20,9.450600000000001,False,broad_institutional,4,high
FSV,us,88.0969,49.8534,0.019656904972,8.6345,20,38.243500000000004,False,broad_institutional,4,high
FTAI,us,99.2107000000001,66.6344,0.04112296231799999,11.5333,20,32.5763000000001,False,broad_institutional,4,high
FTAIM,us,5.8896,5.8896,0.0033354702800000003,5.7742,4,0.0,False,fragmented_or_mixed,4,high
FTAIN,us,7.6586,7.6586,0.0030193533,5.3231,10,0.0,False,fragmented_or_mixed,4,high
FTCI,us,45.3064,41.4394,0.020649335392000003,9.2892,20,3.8669999999999973,False,fragmented_or_mixed,4,high
FTDR,us,105.4941,65.337,0.03965990342200001,14.0243,20,40.1571,True,data_anomaly,3,medium
FTEK,us,48.7362,46.0144,0.029171091505999995,13.6185,20,2.7217999999999947,False,fragmented_or_mixed,4,high
FTFT,us,39.0035,39.0035,0.09534991747700002,30.1096,20,0.0,False,dominant_holder,4,high
FTH,us,45.2446,44.9906,0.083672469742,26.9181,20,0.2539999999999978,False,dominant_holder,4,high
FTHM,us,51.0478,48.2818,0.038811964144000004,16.733,20,2.7660000000000053,False,broad_institutional,4,high
FTI,us,102.7991,62.3865,0.027777828995,8.5688,20,40.4126,True,data_anomaly,3,medium
FTII,us,95.0714,95.0714,0.556621743706,73.0013,20,0.0,False,dominant_holder,4,high
FTK,us,94.3003,81.0908,0.20463761368600003,41.6297,20,13.209499999999991,False,dominant_holder,4,high
FTLF,us,74.1673000000001,72.6428,0.21312916321199998,44.0446,20,1.5245000000001028,False,dominant_holder,4,high
FTNT,us,87.8010000000009,52.7786,0.02634452075399999,9.1998,20,35.0224000000009,False,broad_institutional,4,high
FTRE,us,111.8706,73.4609,0.043960377779000005,14.3603,20,38.4097,True,data_anomaly,3,medium
FTRK,us,61.6722,61.6722,0.153782345624,32.0917,15,0.0,False,dominant_holder,4,high
FTS,us,57.2254000000001,34.8311,0.007550763209,3.7618,20,22.3943000000001,False,broad_institutional,4,high
FTV,us,113.0368,73.8213,0.046874526227,14.156,20,39.215500000000006,True,data_anomaly,3,medium
FTW,us,121.7847,113.8505,0.127616957721,25.9266,20,7.934200000000004,True,data_anomaly,2,medium
FTW_U,us,0.237,0.237,5.005058000000001e-06,0.2233,20,0.0,False,fragmented_or_mixed,4,high
FUBO,us,55.9204000000001,39.8612,0.012173934498000003,6.7306,20,16.059200000000104,False,broad_institutional,4,high
FUFU,us,50.3959,50.3957,0.17296852783900002,41.3569,20,0.00019999999999953388,False,dominant_holder,4,high
FUFUW,us,,,,,20,,False,insufficient_data,0,low
FUL,us,110.8272,72.6858,0.04192051288,13.6322,20,38.141400000000004,True,data_anomaly,3,medium
FULC,us,136.2102,103.0649,0.067797907763,10.3752,20,33.14529999999999,True,data_anomaly,2,medium
FULT,us,80.1332000000001,58.7915,0.034057099369,12.6756,20,21.341700000000102,False,broad_institutional,4,high
FUN,us,113.2408,81.1431,0.052191022441,13.2228,20,32.09769999999999,True,data_anomaly,3,medium
FUNC,us,57.3144,41.4595,0.012159003515,5.5927,20,15.8549,False,broad_institutional,4,high
FURY,us,16.3823,15.5486,0.004099671685999999,5.5111,20,0.8337000000000003,False,fragmented_or_mixed,4,high
FUSB,us,38.1664,32.7341,0.010120705613,7.1391,20,5.432300000000005,False,fragmented_or_mixed,4,high
FUSE,us,73.9559,73.4386,0.15030702967,31.6191,20,0.5173000000000059,False,dominant_holder,4,high
FUSEW,us,,,,,20,,False,insufficient_data,0,low
FUTU,us,67.0248,41.7589,0.027775991317000006,14.8937,20,25.265900000000002,False,broad_institutional,4,high
FVAV,us,55.6116,53.1312,0.022719901864,7.772,20,2.480400000000003,False,broad_institutional,4,high
FVCB,us,68.1176000000001,53.8938,0.022511115394,7.0731,20,14.223800000000097,False,broad_institutional,4,high
FVN,us,100.062,92.9049,0.08475075854700001,23.0183,20,7.1571,True,data_anomaly,3,medium
FVNNR,us,,,,,20,,False,insufficient_data,0,low
FVR,us,106.5169,82.0429,0.047502114227,11.3953,20,24.474000000000004,True,data_anomaly,3,medium
FVRR,us,66.8907000000001,50.5174,0.017927891232,6.4029,20,16.373300000000093,False,broad_institutional,4,high
FWDI,us,69.3133,63.4992,0.06310059067799997,18.6541,20,5.814099999999996,False,broad_institutional,4,high
FWONA,us,95.4349000000002,68.3814,0.031025153031999996,8.8285,20,27.0535000000002,False,broad_institutional,4,high
FWONK,us,100.5942,51.7981,0.016455439521,4.7569,20,48.7961,True,data_anomaly,3,medium
FWRD,us,109.2336,77.2401,0.048866081932999995,12.0948,20,31.993499999999997,True,data_anomaly,3,medium
FWRG,us,112.1584,63.9078,0.025564493063999997,8.7492,20,48.2506,True,data_anomaly,3,medium
FXAC,us,35.6718,35.6718,0.12724773152399999,35.6718,1,0.0,False,dominant_holder,4,high
FXHO,us,1.5578,1.5578,5.836063999999999e-05,0.3817,18,0.0,False,fragmented_or_mixed,4,high
FXNC,us,58.1377,47.4145,0.020888246480999996,9.8294,20,10.723200000000006,False,broad_institutional,4,high
FYBR,us,28.7813,22.4661,0.003864998761,3.1158,20,6.315200000000001,False,fragmented_or_mixed,4,high
G,us,107.173,63.4195,0.030670154717000003,8.0838,20,43.7535,True,data_anomaly,3,medium
GAA,us,33.6791,33.6791,0.028781964389000003,13.8965,20,0.0,False,fragmented_or_mixed,4,high
GAB,us,8.87229999999999,6.1878,0.000379920234,1.434,20,2.68449999999999,False,fragmented_or_mixed,4,high
GABC,us,56.4006,40.7102,0.012943986026,6.1091,20,15.690399999999997,False,broad_institutional,4,high
GAB_PG,us,0.4097,0.4097,1.6785408999999998e-05,0.4097,2,0.0,False,fragmented_or_mixed,4,high
GAB_PH,us,0.0,0.0,0.0,0.0,1,0.0,False,fragmented_or_mixed,4,high
GAB_PK,us,0.0276,0.0276,7.617599999999999e-08,0.0276,2,0.0,False,fragmented_or_mixed,4,high
GAB_R,us,,,,,20,,False,insufficient_data,0,low
GAB_R_W,us,,,,,20,,False,insufficient_data,0,low
GAIA,us,61.0218,54.5958,0.021946673681999998,6.3661,20,6.426000000000002,False,broad_institutional,4,high
GAIN,us,18.2311,14.6641,0.0019182324210000005,2.6857,20,3.567000000000002,False,fragmented_or_mixed,4,high
GALT,us,51.17,43.4953,0.03480266471699999,15.7317,20,7.674700000000001,False,broad_institutional,4,high
GAM,us,40.0843,36.6556,0.016344535346,7.6693,20,3.428699999999999,False,fragmented_or_mixed,4,high
GAMB,us,80.9281,64.6867,0.06499198405300001,20.4249,20,16.2414,False,dominant_holder,4,high
GAME,us,31.1862,30.1554,0.009543088714,6.7079,20,1.0307999999999993,False,fragmented_or_mixed,4,high
GAM_PB,us,9.4043,9.4043,0.0039047362310000006,5.6839,6,0.0,False,fragmented_or_mixed,4,high
GANX,us,21.647,20.2881,0.0038215145290000003,4.1492,20,1.3588999999999984,False,fragmented_or_mixed,4,high
GAP,us,113.4311,78.4882,0.06379584814600002,14.9593,20,34.942899999999995,True,data_anomaly,3,medium
GASS,us,73.7625999999999,69.2719,0.081252001779,19.108,20,4.490699999999904,False,broad_institutional,4,high
GATX,us,105.0443,79.9454,0.057972142594,15.3001,20,25.0989,True,data_anomaly,3,medium
GAU,us,82.0046,65.3943,0.035720313419,12.2634,20,16.610299999999995,False,broad_institutional,4,high
GAUZ,us,38.0037,37.9996,0.03300163008000001,12.5629,20,0.004100000000001103,False,fragmented_or_mixed,4,high
GBCI,us,87.7896000000002,53.0295,0.024395940787000005,10.8495,20,34.76010000000021,False,broad_institutional,4,high
GBDC,us,51.6425,30.8812,0.007830408924,6.58,20,20.7613,False,broad_institutional,4,high
GBFH,us,60.7594,52.4485,0.027188269854999995,11.4205,20,8.310899999999997,False,broad_institutional,4,high
GBLI,us,76.122,75.2041,0.09895746908899998,25.211,20,0.917900000000003,False,dominant_holder,4,high
GBNY,us,0.0,0.0,0.0,0.0,18,0.0,False,fragmented_or_mixed,4,high
GBR,us,12.5331,12.5331,0.006360105325,7.7943,20,0.0,False,fragmented_or_mixed,4,high
GBTG,us,107.5897,102.198,0.15838211775599997,30.2056,20,5.3917,True,data_anomaly,2,medium
GBX,us,115.6851,76.5353,0.047331963741,14.1249,20,39.1498,True,data_anomaly,3,medium
GCBC,us,73.5283,69.4914,0.295117024102,54.1455,20,4.036900000000003,False,dominant_holder,4,high
GCDT,us,69.8811,69.8811,0.23032152685100005,46.9331,10,0.0,False,dominant_holder,4,high
GCGR,us,8.6259,8.6259,0.0035143911630000006,5.4671,3,0.0,False,fragmented_or_mixed,4,high
GCI,us,103.829,77.331,0.040697916144,9.9198,20,26.49799999999999,True,data_anomaly,3,medium
GCL,us,71.6028,71.6028,0.3876970593730001,61.9215,20,0.0,False,dominant_holder,4,high
GCLWW,us,,,,,20,,False,insufficient_data,0,low
GCMG,us,100.8194,79.0661,0.05000133426100001,10.6843,20,21.753299999999996,True,data_anomaly,3,medium
GCO,us,106.2114,71.8134,0.033993981674,9.9118,20,34.397999999999996,True,data_anomaly,3,medium
GCT,us,91.8609000000002,59.6978,0.031712635328,12.447,20,32.1631000000002,False,broad_institutional,4,high
GCTK,us,19.5048,19.4978,0.011610709114,7.6622,20,0.006999999999997897,False,fragmented_or_mixed,4,high
GCTS,us,17.2147,16.7459,0.008503293685,8.814,20,0.46880000000000166,False,fragmented_or_mixed,4,high
GCTS_T,us,,,,,20,,False,insufficient_data,0,low
GD,us,87.2688000000005,52.3248,0.024087310268000005,10.0066,20,34.94400000000049,False,broad_institutional,4,high
GDC,us,2.2789,2.2789,0.00010183055299999999,0.865,20,0.0,False,fragmented_or_mixed,4,high
GDDY,us,106.7561,58.5769,0.023389865229,7.2469,20,48.1792,True,data_anomaly,3,medium
GDEN,us,81.8236000000002,62.1038,0.062427396731999985,21.3827,20,19.7198000000002,False,dominant_holder,4,high
GDEV,us,88.8419,88.8419,0.30972787656299994,40.9914,20,0.0,False,dominant_holder,4,high
GDEVW,us,,,,,20,,False,insufficient_data,0,low
GDHG,us,88.3945,88.3935,0.079796234055,12.5247,20,0.000999999999990564,False,broad_institutional,4,high
GDL_PC,us,10.4819,10.4819,0.010987022760999998,10.4819,1,0.0,False,fragmented_or_mixed,4,high
GDOT,us,86.2394000000001,58.81,0.024377590273999997,7.4982,20,27.4294000000001,False,broad_institutional,4,high
GDRX,us,72.0125000000001,50.3601,0.016920144930999997,5.3569,20,21.6524000000001,False,broad_institutional,4,high
GDS,us,50.4217,34.3355,0.008946539658999999,4.8951,20,16.086199999999998,False,broad_institutional,4,high
GDTC,us,69.0583,69.0583,0.128810753825,31.8883,20,0.0,False,dominant_holder,4,high
GDV,us,31.5985,26.5301,0.011698181095000001,8.5167,20,5.0684000000000005,False,fragmented_or_mixed,4,high
GDV_PH,us,0.0515,0.0515,2.652249999999999e-07,0.0515,2,0.0,False,fragmented_or_mixed,4,high
GDV_PK,us,0.4213,0.4213,1.0227696999999999e-05,0.2929,2,0.0,False,fragmented_or_mixed,4,high
GDXD,us,1.5051,1.5051,5.2707123e-05,0.52,20,0.0,False,fragmented_or_mixed,4,high
GDXU,us,3.5706,3.5622,0.000349300566,1.4531,20,0.008400000000000407,False,fragmented_or_mixed,4,high
GDYN,us,101.0406,70.5736,0.053696766754,16.6087,20,30.467,True,data_anomaly,3,medium
GE,us,81.7316000000052,46.373,0.017214365554,6.4027,20,35.358600000005204,False,broad_institutional,4,high
GECC,us,58.8083,57.7011,0.04354876158099999,9.9212,20,1.107200000000006,False,broad_institutional,4,high
GEF,us,98.0679000000001,67.9621,0.03573911290899999,10.9883,20,30.105800000000087,False,broad_institutional,4,high
GEFB,us,90.9971000000001,87.3979,0.09648360364900002,16.3438,20,3.5992000000000957,False,broad_institutional,4,high
GEG,us,72.5649,71.6192,0.088032716022,20.3452,20,0.945699999999988,False,dominant_holder,4,high
GEHC,us,96.5591000000006,58.6062,0.023694132418000002,6.8834,20,37.9529000000006,False,broad_institutional,4,high
GELS,us,48.3658,48.3658,0.06924221213000001,22.787,18,0.0,False,dominant_holder,4,high
GEMI,us,40.7672,34.939,0.023116485892000004,13.9665,20,5.8282000000000025,False,fragmented_or_mixed,4,high
GEN,us,101.4421,61.8176,0.027529606891999996,8.2747,20,39.6245,True,data_anomaly,3,medium
GENB,us,29.6221,28.3062,0.013329846542000002,9.9257,20,1.3158999999999992,False,fragmented_or_mixed,4,high
GENC,us,91.2959,78.3269,0.05497263320300001,12.3093,20,12.969000000000008,False,broad_institutional,4,high
GENE,us,0.0,0.0,0.0,0.0,2,0.0,False,fragmented_or_mixed,4,high
GENI,us,98.0820000000001,56.5201,0.021778434118999997,7.8339,20,41.561900000000094,False,broad_institutional,4,high
GENK,us,22.0896,21.9089,0.007559649321000001,6.9275,20,0.18070000000000164,False,fragmented_or_mixed,4,high
GENVR,us,,,,,20,,False,insufficient_data,0,low
GENZ,us,16.997,16.987,0.005048454787999999,5.5034,20,0.010000000000001563,False,fragmented_or_mixed,4,high
GEO,us,100.0762,70.1472,0.041138491225999996,13.9402,20,29.929000000000002,True,data_anomaly,3,medium
GEOS,us,58.0878,48.6985,0.021854534295,8.7477,20,9.389299999999999,False,broad_institutional,4,high
GERN,us,81.1259000000002,63.691,0.031083434621999993,9.9407,20,17.434900000000198,False,broad_institutional,4,high
GETR,us,53.4007,53.4007,0.2581111810469999,50.7469,20,0.0,False,dominant_holder,4,high
GETY,us,93.7005,90.1705,0.26135629617700007,42.4926,20,3.530000000000001,False,dominant_holder,4,high
GEV,us,80.7511000000045,39.4678,0.014737307712,6.5769,20,41.2833000000045,False,broad_institutional,4,high
GEVO,us,40.7697,32.0609,0.009685220877,6.5004,20,8.708800000000004,False,fragmented_or_mixed,4,high
GEW,us,51.5034,47.9784,0.025306108285999995,12.4518,20,3.5249999999999986,False,broad_institutional,4,high
GFAI,us,13.5093,13.4993,0.005608730287000001,7.0442,20,0.009999999999999787,False,fragmented_or_mixed,4,high
GFAIW,us,,,,,5,,False,insufficient_data,0,low
GFEB,us,74.7996999999999,56.4048,0.05001507526199999,20.4213,20,18.3948999999999,False,dominant_holder,4,high
GFF,us,99.1800000000002,65.9186,0.039380523322,12.0503,20,33.26140000000021,False,broad_institutional,4,high
GFI,us,20.7639,12.3978,0.0018933339060000001,3.8371,20,8.3661,False,fragmented_or_mixed,4,high
GFL,us,101.2365,74.624,0.05831170159800001,17.7637,20,26.61250000000001,True,data_anomaly,3,medium
GFR,us,62.4847,61.5198,0.2601563807460001,50.8933,20,0.9649000000000001,False,dominant_holder,4,high
GFS,us,103.2422,96.676,0.6071766026300001,77.099,20,6.566199999999995,True,data_anomaly,3,medium
GGAL,us,23.9827,17.7151,0.0028722531130000004,4.0777,20,6.267600000000002,False,fragmented_or_mixed,4,high
GGB,us,32.1876000000001,23.9782,0.0048038247659999995,4.3807,20,8.209400000000102,False,fragmented_or_mixed,4,high
GGG,us,94.2639000000001,46.9129,0.019414928055,9.1247,20,47.351000000000106,False,broad_institutional,4,high
GGN,us,16.1456,11.4681,0.0010455330889999998,2.2738,20,4.677500000000002,False,fragmented_or_mixed,4,high
GGN_PB,us,15.5785,15.5785,0.024155509625000002,15.542,2,0.0,False,fragmented_or_mixed,4,high
GGR,us,68.6034,68.6034,0.23631304208600004,47.6332,20,0.0,False,dominant_holder,4,high
GGROW,us,,,,,20,,False,insufficient_data,0,low
GGRP,us,43.2662,41.2047,0.017077448519,7.9974,20,2.0614999999999952,False,fragmented_or_mixed,4,high
GGT,us,10.6684,10.207,0.0025070353400000003,4.0255,20,0.46139999999999937,False,fragmented_or_mixed,4,high
GGT_PE,us,0.0,0.0,0.0,0.0,1,0.0,False,fragmented_or_mixed,4,high
GGT_PG,us,0.661,0.661,4.369210000000001e-05,0.661,1,0.0,False,fragmented_or_mixed,4,high
GH,us,106.6389,55.5457,0.019050538101,6.4452,20,51.09320000000001,True,data_anomaly,3,medium
GHC,us,91.6431,63.2175,0.033646753517,10.6738,20,28.425600000000003,False,broad_institutional,4,high
GHG,us,21.0414,21.0414,0.022322281884000005,14.4182,20,0.0,False,fragmented_or_mixed,4,high
GHM,us,88.6001,55.6331,0.023360244005000003,9.9849,20,32.967,False,broad_institutional,4,high
GHRS,us,91.2558000000001,89.8689,0.11567648226499998,21.6234,20,1.3869000000000966,False,dominant_holder,4,high
GIB,us,73.4018000000003,42.4559,0.014993625919000001,8.6959,20,30.945900000000307,False,broad_institutional,4,high
GIBO,us,0.5017,0.5017,1.6726043e-05,0.4038,20,0.0,False,fragmented_or_mixed,4,high
GIC,us,86.7822000000001,74.9017,0.16988506108100002,39.3934,20,11.880500000000097,False,dominant_holder,4,high
GIFT,us,37.852,37.7327,0.021864316207,8.9173,20,0.11929999999999552,False,fragmented_or_mixed,4,high
GIG,us,42.2961,39.4101,0.024982797195,14.2761,20,2.886000000000003,False,fragmented_or_mixed,4,high
GIGGU,us,12.2719,12.2719,0.014403218370999999,12.0,20,0.0,False,fragmented_or_mixed,4,high
GIGM,us,50.1916,50.1916,0.05784112039200001,19.5435,20,0.0,False,broad_institutional,4,high
GIII,us,120.3636,79.3839,0.051324344277,13.0716,20,40.97970000000001,True,data_anomaly,3,medium
GIL,us,95.6743000000001,52.3639,0.017370387185000002,5.7202,20,43.3104000000001,False,broad_institutional,4,high
GILD,us,94.2781000000027,51.1487,0.018508853574999998,6.4962,20,43.1294000000027,False,broad_institutional,4,high
GILT,us,62.1258,49.3891,0.019675634657,6.8572,20,12.736699999999999,False,broad_institutional,4,high
GIPR,us,13.6868,13.6732,0.002681180168,3.5663,20,0.013600000000000279,False,fragmented_or_mixed,4,high
GIPRW,us,,,,,5,,False,insufficient_data,0,low
GIS,us,91.8815999999999,50.065,0.02130101333,7.5491,20,41.81659999999991,False,broad_institutional,4,high
GITS,us,40.4202,40.4202,0.03231081057599999,11.8914,20,0.0,False,fragmented_or_mixed,4,high
GIW,us,91.1113,72.4004,0.032738547785999994,8.4301,20,18.710899999999995,False,broad_institutional,4,high
GIWWR,us,,,,,20,,False,insufficient_data,0,low
GIWWU,us,8.9591,8.9591,0.003638437854999999,5.8462,20,0.0,False,fragmented_or_mixed,4,high
GIX,us,51.6033,51.0793,0.025800645265,8.4784,20,0.5239999999999938,False,broad_institutional,4,high
GIXXR,us,,,,,20,,False,insufficient_data,0,low
GKOS,us,103.019,64.7335,0.036321259824999994,13.6332,20,38.2855,True,data_anomaly,3,medium
GL,us,87.5013000000002,50.3189,0.018449638407,6.6328,20,37.1824000000002,False,broad_institutional,4,high
GLAD,us,14.4289,11.2424,0.0008919272479999999,1.4445,20,3.1865000000000006,False,fragmented_or_mixed,4,high
GLAS,us,15.0759,15.0675,0.005126477408999998,5.7136,20,0.008399999999999963,False,fragmented_or_mixed,4,high
GLBE,us,102.6263,70.7388,0.043944744156000005,12.8669,20,31.887500000000003,True,data_anomaly,3,medium
GLBS,us,43.9228,43.9228,0.09956968844799997,30.4816,20,0.0,False,dominant_holder,4,high
GLBZ,us,14.6481,14.6481,0.010140435013000002,9.7687,20,0.0,False,fragmented_or_mixed,4,high
GLDD,us,79.5655000000001,54.3033,0.020360079557000005,7.3581,20,25.2622000000001,False,broad_institutional,4,high
GLDG,us,17.3636,14.8214,0.00266854756,3.2032,20,2.542200000000001,False,fragmented_or_mixed,4,high
GLE,us,37.1397,37.1397,0.037957257651000005,14.4458,14,0.0,False,fragmented_or_mixed,4,high
GLED,us,38.4766,38.4766,0.068516865592,25.1838,7,0.0,False,dominant_holder,4,high
GLIBA,us,87.2217000000001,65.8758,0.028832445612000004,9.1065,20,21.3459000000001,False,broad_institutional,4,high
GLIBK,us,110.74,74.3949,0.038184418268999994,10.729,20,36.34509999999999,True,data_anomaly,3,medium
GLLI,us,66.1657,66.1657,0.218698887539,44.7382,20,0.0,False,dominant_holder,4,high
GLMD,us,4.8531,4.8528,0.00041778421400000005,1.5398,20,0.000300000000000189,False,fragmented_or_mixed,4,high
GLND,us,41.8249,41.8249,0.04290440306499999,16.892,20,0.0,False,fragmented_or_mixed,4,high
GLNG,us,94.8487000000002,57.8091,0.028729584406999995,10.1023,20,37.039600000000206,False,broad_institutional,4,high
GLOB,us,112.0933,59.35,0.027273199390000002,8.9388,20,52.7433,True,data_anomaly,3,medium
GLOO,us,83.2860000000001,81.9275,0.095750803937,21.108,20,1.358500000000106,False,dominant_holder,4,high
GLOP_PA,us,12.5744,12.5744,0.012825308968,11.2712,4,0.0,False,fragmented_or_mixed,4,high
GLOP_PB,us,0.0163,0.0163,2.656899999999999e-08,0.0163,3,0.0,False,fragmented_or_mixed,4,high
GLOV,us,2.3451,2.2844,7.588345399999998e-05,0.6093,20,0.060699999999999754,False,fragmented_or_mixed,4,high
GLP,us,79.4521999999999,72.0406,0.06334725101,17.7787,20,7.411599999999908,False,broad_institutional,4,high
GLPG,us,48.7464,47.2478,0.07115580389400003,25.3539,20,1.4986000000000033,False,dominant_holder,4,high
GLPI,us,105.7413,62.3033,0.031127687682999998,10.1116,20,43.437999999999995,True,data_anomaly,3,medium
GLP_PB,us,9.604,9.604,0.0048407960000000005,6.596,3,0.0,False,fragmented_or_mixed,4,high
GLRE,us,75.6429,54.9067,0.047522326523,18.8586,20,20.736199999999997,False,broad_institutional,4,high
GLSI,us,62.8067,60.1755,0.150599388821,38.1797,20,2.6311999999999998,False,dominant_holder,4,high
GLST,us,31.7971,31.7971,0.019865149531000003,9.7406,20,0.0,False,fragmented_or_mixed,4,high
GLTO,us,100.9328,86.97,0.035922525552,14.1552,20,13.962800000000001,True,data_anomaly,3,medium
GLU,us,20.5516,20.3812,0.008361880896,8.1266,20,0.17040000000000077,False,fragmented_or_mixed,4,high
GLUE,us,102.4497,76.9184,0.041479765608,10.4893,20,25.5313,True,data_anomaly,3,medium
GLW,us,80.5666000000022,44.3132,0.01793782762,7.9011,20,36.253400000002195,False,broad_institutional,4,high
GLXG,us,22.4226,22.4226,0.007043227428000001,4.2846,18,0.0,False,fragmented_or_mixed,4,high
GLXY,us,82.3982999999999,55.4153,0.034396489163,10.3997,20,26.982999999999905,False,broad_institutional,4,high
GM,us,92.0820000000004,45.806,0.016192809415999997,6.6945,20,46.27600000000041,False,broad_institutional,4,high
GMAB,us,12.5285,10.2892,0.001227466856,2.3489,20,2.2393,False,fragmented_or_mixed,4,high
GME,us,46.7455000000001,37.1367,0.017660488919000003,8.5466,20,9.608800000000102,False,fragmented_or_mixed,4,high
GMED,us,100.3138,52.8343,0.021000636930999995,8.4428,20,47.4795,True,data_anomaly,3,medium
GMET,us,15.7641,15.7641,0.004408427679,4.0074,20,0.0,False,fragmented_or_mixed,4,high
GMGI,us,86.4518,85.8272,0.37676729814200005,60.5143,20,0.6246000000000009,False,dominant_holder,4,high
GMHS,us,67.1983,67.1983,0.052286563693,11.4037,20,0.0,False,broad_institutional,4,high
GMM,us,3.0845,3.0845,0.0009435470069999998,3.0717,19,0.0,False,fragmented_or_mixed,4,high
GMRE,us,76.7596000000001,52.689,0.019844222674000003,7.7476,20,24.070600000000105,False,broad_institutional,4,high
GMRE_PA,us,15.798,15.798,0.011941040792,10.0204,7,0.0,False,fragmented_or_mixed,4,high
GMRE_PB,us,30.4064,30.4064,0.02613595581,12.0162,4,0.0,False,fragmented_or_mixed,4,high
GMRS,us,54.6484,54.6484,0.08801252496800001,27.3748,19,0.0,False,dominant_holder,4,high
GMTL,us,11.6317,11.5943,0.0027005895409999998,3.8514,20,0.03739999999999988,False,fragmented_or_mixed,4,high
GMTL_W,us,11.6317,11.5943,0.0027005895409999998,3.8514,20,0.03739999999999988,False,fragmented_or_mixed,4,high
GNE,us,60.9084000000001,48.3463,0.026809171926999997,12.5116,20,12.5621000000001,False,broad_institutional,4,high
GNFT,us,0.0,0.0,0.0,0.0,15,0.0,False,fragmented_or_mixed,4,high
GNK,us,80.4897,61.595,0.042435273540000006,14.3758,20,18.8947,False,broad_institutional,4,high
GNL,us,88.7231000000002,64.2909,0.04034459186000001,13.1141,20,24.432200000000208,False,broad_institutional,4,high
GNLN,us,10.882,10.882,0.0029184042660000005,3.9591,20,0.0,False,fragmented_or_mixed,4,high
GNLX,us,45.4644,39.1648,0.01949702544,9.4185,20,6.299599999999998,False,fragmented_or_mixed,4,high
GNL_PA,us,44.4898,44.4898,0.046304596675999996,17.0318,17,0.0,False,fragmented_or_mixed,4,high
GNL_PB,us,38.9856,38.9856,0.047269582346,19.124,12,0.0,False,fragmented_or_mixed,4,high
GNL_PD,us,44.2819,44.2819,0.09018683998100001,28.4542,14,0.0,False,dominant_holder,4,high
GNL_PE,us,19.6558,19.6558,0.020521760971999994,12.8898,5,0.0,False,fragmented_or_mixed,4,high
GNPX,us,1.062,1.062,1.8111979999999997e-05,0.3004,20,0.0,False,fragmented_or_mixed,4,high
GNRC,us,96.9113000000002,44.3855,0.014220639623000002,6.4866,20,52.525800000000196,False,broad_institutional,4,high
GNS,us,15.8447,15.8443,0.022050979503,14.8381,20,0.00039999999999906777,False,fragmented_or_mixed,4,high
GNSS,us,63.1184,58.1754,0.04354461131600001,14.2445,20,4.942999999999998,False,broad_institutional,4,high
GNT,us,25.3642,21.0438,0.0037039820019999998,3.1617,20,4.320399999999999,False,fragmented_or_mixed,4,high
GNTA,us,56.1744,53.6276,0.027399817033999997,10.3109,20,2.5467999999999975,False,broad_institutional,4,high
GNTX,us,98.1171000000002,57.2991,0.023640060548999992,8.6825,20,40.818000000000204,False,broad_institutional,4,high
GNT_PA,us,0.0,0.0,0.0,0.0,1,0.0,False,fragmented_or_mixed,4,high
GNW,us,93.7041,66.8216,0.04044221717600001,13.6573,20,26.882499999999993,False,broad_institutional,4,high
GO,us,133.7942,91.582,0.08075199643000001,18.8367,20,42.212199999999996,True,data_anomaly,3,medium
GOAI,us,66.0326,66.0326,0.27867471967599994,52.0728,20,0.0,False,dominant_holder,4,high
GOCO,us,78.0439000000001,74.0317,0.09119397138000002,25.0494,20,4.012200000000092,False,dominant_holder,4,high
GOEV,us,2.1307,2.1307,0.000232372323,1.3373,20,0.0,False,fragmented_or_mixed,4,high
GOGO,us,99.8711999999999,77.6141,0.089223181449,21.245,20,22.25709999999991,False,dominant_holder,4,high
GOLD,us,94.1463,65.6188,0.03513192974,12.5405,20,28.527500000000003,False,broad_institutional,4,high
GOLF,us,111.0685,90.2658,0.272423606098,50.4212,20,20.8027,True,data_anomaly,3,medium
GOOD,us,53.6030000000001,38.7006,0.014039598415999999,7.4898,20,14.9024000000001,False,broad_institutional,4,high
GOODN,us,5.8534,5.8534,0.0025324297780000005,4.9507,2,0.0,False,fragmented_or_mixed,4,high
GOODO,us,13.2994,13.2994,0.008277824271999999,8.6909,7,0.0,False,fragmented_or_mixed,4,high
GOOG,us,67.964200000007,35.5967,0.011973267899000002,6.5019,20,32.367500000007,False,broad_institutional,4,high
GOOGL,us,82.3715000000072,36.1834,0.011628675249999998,6.4462,20,46.1881000000072,False,broad_institutional,4,high
GOOGM,us,1.1095,1.1095,8.8487377e-05,0.9351,11,0.0,False,fragmented_or_mixed,4,high
GOOGN,us,1.5519,1.5519,0.00011571931099999998,0.9091,6,0.0,False,fragmented_or_mixed,4,high
GOOS,us,79.4026,61.4845,0.034800154181,9.9268,20,17.91810000000001,False,broad_institutional,4,high
GORO,us,42.6919,40.8219,0.05146067364499999,21.9801,20,1.8699999999999974,False,dominant_holder,4,high
GORV,us,0.4229,0.4229,4.413026999999999e-06,0.174,20,0.0,False,fragmented_or_mixed,4,high
GOSS,us,76.0621000000001,57.891,0.029634113474000003,8.3115,20,18.171100000000102,False,broad_institutional,4,high
GOTU,us,23.907,22.0187,0.009859426203000001,8.8,20,1.888300000000001,False,fragmented_or_mixed,4,high
GOVX,us,17.1977,17.1975,0.011698131367,8.4311,20,0.00019999999999953388,False,fragmented_or_mixed,4,high
GP,us,31.0652,31.0614,0.045661566306000004,19.1479,20,0.003800000000001802,False,fragmented_or_mixed,4,high
GPAC,us,57.4593,54.7824,0.021852594348000007,7.6078,20,2.6768999999999963,False,broad_institutional,4,high
GPACU,us,15.1539,15.1539,0.0025484123530000002,2.4272,20,0.0,False,fragmented_or_mixed,4,high
GPAK,us,0.0,0.0,0.0,0.0,3,0.0,False,fragmented_or_mixed,4,high
GPAT,us,67.1125,55.7667,0.018853681706999997,5.8186,20,11.345799999999997,False,broad_institutional,4,high
GPATU,us,0.8468,0.8468,5.389379800000001e-05,0.7304,20,0.0,False,fragmented_or_mixed,4,high
GPC,us,96.0377000000002,48.6287,0.018733531808999997,7.1378,20,47.4090000000002,False,broad_institutional,4,high
GPCR,us,99.4682000000001,74.0729,0.047882036709,11.221,20,25.39530000000009,False,broad_institutional,4,high
GPGI,us,94.6161000000001,80.0469,0.083420929029,18.2259,20,14.569200000000109,False,broad_institutional,4,high
GPI,us,101.6132,64.4218,0.03886722956000001,13.9688,20,37.1914,True,data_anomaly,3,medium
GPK,us,115.9113,70.1649,0.034058552275,10.6904,20,45.746399999999994,True,data_anomaly,3,medium
GPMT,us,53.1194000000001,39.4538,0.010894445035999999,4.6731,20,13.665600000000097,False,broad_institutional,4,high
GPMT_PA,us,9.0572,9.0572,0.004597893793999999,6.6604,11,0.0,False,fragmented_or_mixed,4,high
GPN,us,103.5373,64.6271,0.040942157938999996,15.8176,20,38.9102,True,data_anomaly,3,medium
GPOR,us,114.7818,67.1033,0.03804309864499999,14.5107,20,47.6785,True,data_anomaly,3,medium
GPRE,us,110.8657,62.8672,0.024043935686,8.2042,20,47.99850000000001,True,data_anomaly,3,medium
GPRK,us,87.4128,78.1925,0.112477157775,27.9152,20,9.220300000000009,False,dominant_holder,4,high
GPRO,us,37.6293,29.7613,0.006839092875,4.0642,20,7.868000000000002,False,fragmented_or_mixed,4,high
GPUS,us,10.235,10.151,0.003662855014,5.8684,20,0.08399999999999963,False,fragmented_or_mixed,4,high
GRAB,us,87.6165000000001,55.6178,0.036676801212,13.5192,20,31.9987000000001,False,broad_institutional,4,high
GRABW,us,,,,,20,,False,insufficient_data,0,low
GRAF,us,181.6478,154.4163,0.136246672077,14.1247,20,27.231499999999983,True,data_anomaly,2,medium
GRAF_U,us,5.262,5.262,0.002342058342,4.8328,20,0.0,False,fragmented_or_mixed,4,high
GRAL,us,79.8059000000003,52.1693,0.020597047699,7.5814,20,27.636600000000307,False,broad_institutional,4,high
GRAN,us,76.6953,76.6953,0.582600318823,76.3278,7,0.0,False,dominant_holder,4,high
GRBK,us,89.6333000000001,66.0852,0.06779301359400002,21.9434,20,23.548100000000105,False,dominant_holder,4,high
GRBK_PA,us,4.92,4.92,0.000822965,2.0,4,0.0,False,fragmented_or_mixed,4,high
GRC,us,88.0865000000001,65.4723,0.035269827733000005,10.426,20,22.614200000000096,False,broad_institutional,4,high
GRCE,us,51.6379,50.8398,0.02393749803,8.2054,20,0.7981000000000051,False,broad_institutional,4,high
GRDN,us,90.4846000000001,66.6222,0.057853802032,21.2319,20,23.862400000000093,False,dominant_holder,4,high
GRDX,us,20.7074,20.7074,0.008542173006000001,7.9857,20,0.0,False,fragmented_or_mixed,4,high
GREE,us,22.5566,22.0021,0.011083248191999998,9.7747,20,0.5545000000000009,False,fragmented_or_mixed,4,high
GRFS,us,56.9687,48.1221,0.030515709315,11.9874,20,8.846599999999995,False,broad_institutional,4,high
GRFX,us,0.003,0.003,9e-10,0.003,12,0.0,False,fragmented_or_mixed,4,high
GRI,us,3.2633,3.2633,0.00030002730100000006,1.2067,20,0.0,False,fragmented_or_mixed,4,high
GRML,us,20.6762,20.365,0.0058842025319999994,4.4426,20,0.31120000000000303,False,fragmented_or_mixed,4,high
GRMN,us,73.8768000000006,47.288,0.022571867750000005,9.6796,20,26.588800000000603,False,broad_institutional,4,high
GRND,us,104.6022,94.5637,0.258752651003,48.3476,20,10.038499999999999,True,data_anomaly,3,medium
GRNQ,us,66.5154,66.5154,0.06595686680400001,17.9284,20,0.0,False,broad_institutional,4,high
GRNT,us,88.4620000000001,77.6058,0.186139676718,41.9012,20,10.8562000000001,False,dominant_holder,4,high
GRO,us,40.9295,40.5061,0.044983512496999986,18.6592,20,0.4233999999999938,False,fragmented_or_mixed,4,high
GROM,us,0.0,0.0,0.0,0.0,15,0.0,False,fragmented_or_mixed,4,high
GROV,us,61.8223,59.8738,0.04540736552200001,15.82,20,1.9484999999999957,False,broad_institutional,4,high
GROW,us,51.4706,48.3454,0.025951115563999996,10.0756,20,3.1251999999999995,False,broad_institutional,4,high
GROY,us,48.558,39.8244,0.025828112772000002,12.6944,20,8.733600000000003,False,fragmented_or_mixed,4,high
GRPN,us,173.5908,140.5661,0.36264311070099997,50.6793,20,33.024699999999996,True,data_anomaly,2,medium
GRP_U,us,25.5856,20.496,0.0047299060879999995,4.3372,20,5.089600000000001,False,fragmented_or_mixed,4,high
GRRR,us,25.7456,21.159,0.00378210594,3.9466,20,4.586600000000001,False,fragmented_or_mixed,4,high
GRTX,us,27.9362,27.9362,0.042404925983999996,19.7847,10,0.0,False,fragmented_or_mixed,4,high
GRVY,us,77.3416,75.5433,0.354936536895,59.315,20,1.7982999999999976,False,dominant_holder,4,high
GRWG,us,40.6104,33.4639,0.009140169199,5.6261,20,7.146499999999996,False,fragmented_or_mixed,4,high
GS,us,75.6966000000037,37.8783,0.013847798440999998,6.527,20,37.818300000003696,False,broad_institutional,4,high
GSAT,us,86.9294,77.6032,0.333385799484,57.5036,20,9.3262,False,dominant_holder,4,high
GSBC,us,78.1542000000001,62.7711,0.04848471876700001,16.9085,20,15.383100000000105,False,broad_institutional,4,high
GSBD,us,40.1379,29.3879,0.007776331827000001,5.1802,20,10.750000000000004,False,fragmented_or_mixed,4,high
GSHD,us,123.0377,90.343,0.06327664371,13.9702,20,32.6947,True,data_anomaly,3,medium
GSHR,us,93.9717,69.81,0.030412915759999996,8.0318,20,24.161699999999996,False,broad_institutional,4,high
GSHRU,us,8.7784,8.7784,0.0020489731780000005,3.3466,20,0.0,False,fragmented_or_mixed,4,high
GSIT,us,41.9031,33.2422,0.009140439566,6.5854,20,8.660900000000005,False,fragmented_or_mixed,4,high
GSIW,us,8.7069,8.7069,0.002537358415,3.4119,20,0.0,False,fragmented_or_mixed,4,high
GSK,us,17.7525999999997,12.6752,0.0019421001260000004,2.6701,20,5.077399999999699,False,fragmented_or_mixed,4,high
GSL,us,59.6022,39.8638,0.013960790836,7.778,20,19.738400000000006,False,broad_institutional,4,high
GSL_PB,us,6.6597,6.6597,0.004435160409,6.6597,3,0.0,False,fragmented_or_mixed,4,high
GSM,us,99.1991,79.6958,0.146866771868,36.1315,20,19.503299999999996,False,dominant_holder,4,high
GSRF,us,84.5694,70.8245,0.028541126657,6.3867,20,13.744900000000001,False,broad_institutional,4,high
GSRFR,us,,,,,20,,False,insufficient_data,0,low
GSRFU,us,11.042,11.042,0.0037856205139999996,5.2842,20,0.0,False,fragmented_or_mixed,4,high
GSRV,us,6.4171,6.4171,0.004117917240999999,6.4171,1,0.0,False,fragmented_or_mixed,4,high
GSUN,us,5.1233,5.1233,0.000532255639,1.4555,12,0.0,False,fragmented_or_mixed,4,high
GSX,us,43.2309,43.2309,0.186891071481,43.2309,4,0.0,False,dominant_holder,4,high
GS_PA,us,1.0932,1.0932,0.00010111068599999998,1.0041,17,0.0,False,fragmented_or_mixed,4,high
GS_PC,us,10.3213,10.3213,0.0050332833249999995,6.7212,11,0.0,False,fragmented_or_mixed,4,high
GS_PD,us,12.5786,12.5784,0.005418089216,6.7254,20,0.00019999999999953388,False,fragmented_or_mixed,4,high
GT,us,98.6261000000001,65.5104,0.033514300166,10.8145,20,33.11570000000009,False,broad_institutional,4,high
GTBP,us,10.1063,9.4416,0.0025485249199999997,4.7996,20,0.6646999999999998,False,fragmented_or_mixed,4,high
GTE,us,64.1543,53.5054,0.052020617856,18.0472,20,10.648900000000005,False,broad_institutional,4,high
GTEC,us,3.4738,3.4728,0.000189994812,0.9083,20,0.001000000000000334,False,fragmented_or_mixed,4,high
GTEN,us,101.348,70.6153,0.029303273194999997,6.9242,20,30.732699999999994,True,data_anomaly,3,medium
GTENU,us,13.3271,13.3271,0.006008356559,5.5394,20,0.0,False,fragmented_or_mixed,4,high
GTERA,us,83.2221,72.4723,0.038946005322999994,8.371,20,10.749799999999993,False,broad_institutional,4,high
GTERR,us,,,,,20,,False,insufficient_data,0,low
GTERU,us,14.666,14.666,0.005539147494,6.6023,20,0.0,False,fragmented_or_mixed,4,high
GTES,us,108.8162,64.8392,0.030525051523999997,10.7615,20,43.97699999999999,True,data_anomaly,3,medium
GTI,us,66.9197,66.9197,0.23885204717099998,47.6323,20,0.0,False,dominant_holder,4,high
GTIM,us,36.7376,36.7145,0.049488125985,21.5756,20,0.023099999999999454,False,dominant_holder,4,high
GTLB,us,90.4948000000001,48.006,0.015071398411999996,5.1728,20,42.4888000000001,False,broad_institutional,4,high
GTLS,us,105.4911,58.863,0.021150623457999996,7.9091,20,46.6281,True,data_anomaly,3,medium
GTLS_PB,us,0.0146,0.0146,2.0180000000000003e-08,0.0142,20,0.0,False,fragmented_or_mixed,4,high
GTM,us,128.8448,88.9832,0.049635005396,10.0378,20,39.861599999999996,True,data_anomaly,3,medium
GTN,us,98.0495000000001,63.4101,0.027801292887,7.6136,20,34.639400000000094,False,broad_institutional,4,high
GTNA,us,93.9859,93.9719,0.26425496137899995,40.6252,20,0.013999999999995794,False,dominant_holder,4,high
GTX,us,97.5327999999999,49.7728,0.016195899375999998,5.935,20,47.7599999999999,False,broad_institutional,4,high
GTY,us,98.3894,63.6364,0.041776818301999995,13.7624,20,34.75299999999999,False,broad_institutional,4,high
GUAC,us,32.7833,32.7833,0.021657798461,7.6178,6,0.0,False,fragmented_or_mixed,4,high
GURE,us,30.9072,30.9072,0.014746333506000001,7.3507,20,0.0,False,fragmented_or_mixed,4,high
GUT,us,9.41140000000001,7.723,0.000644387716,1.4272,20,1.6884000000000094,False,fragmented_or_mixed,4,high
GUTS,us,61.9738,51.2682,0.017287800332000003,6.8368,20,10.705599999999997,False,broad_institutional,4,high
GUT_PC,us,0.0,0.0,0.0,0.0,1,0.0,False,fragmented_or_mixed,4,high
GV,us,4.5365,4.5365,0.000253221329,0.8638,20,0.0,False,fragmented_or_mixed,4,high
GVA,us,117.1597,64.744,0.03556420491199999,13.4683,20,52.4157,True,data_anomaly,3,medium
GVH,us,3.6586,3.6586,0.000692293214,2.3732,20,0.0,False,fragmented_or_mixed,4,high
GWAV,us,9.8076,9.8076,0.001739773972,2.4656,20,0.0,False,fragmented_or_mixed,4,high
GWH,us,32.0293,30.6192,0.013171009510000001,8.156,20,1.4101,False,fragmented_or_mixed,4,high
GWH_T,us,,,,,20,,False,insufficient_data,0,low
GWRE,us,109.5193,68.7233,0.042489248231,10.7951,20,40.79600000000001,True,data_anomaly,3,medium
GWRS,us,84.0617,77.3958,0.19230450223999995,42.1549,20,6.665900000000008,False,dominant_holder,4,high
GWW,us,82.4678000000001,46.6096,0.017854104364000003,6.1055,20,35.858200000000096,False,broad_institutional,4,high
GXAI,us,8.3994,8.3994,0.001704955388,3.3842,20,0.0,False,fragmented_or_mixed,4,high
GXO,us,106.2066,67.2883,0.036050220655,11.6688,20,38.91829999999999,True,data_anomaly,3,medium
GYRE,us,90.1038,89.7987,0.6363424290310001,79.645,20,0.30510000000001014,False,dominant_holder,4,high
GYRO,us,66.68,66.68,0.07265794686,18.2476,20,0.0,False,broad_institutional,4,high
H,us,127.1235,85.4258,0.067383454492,14.8829,20,41.69770000000001,True,data_anomaly,3,medium
HACQ,us,31.2697,31.2697,0.08855586341100001,29.7391,7,0.0,False,dominant_holder,4,high
HAE,us,112.2214,68.2316,0.03689884272,11.1529,20,43.9898,True,data_anomaly,3,medium
HAFC,us,99.9422,63.3327,0.03581982032300001,13.6531,20,36.6095,False,broad_institutional,4,high
HAFN,us,80.1505000000001,72.4381,0.21248758557900005,45.3031,20,7.712400000000088,False,dominant_holder,4,high
HAIA,us,95.8429,95.8429,0.478399093741,57.6954,13,0.0,False,dominant_holder,4,high
HAIN,us,80.146,62.1203,0.030490597620999996,8.4156,20,18.0257,False,broad_institutional,4,high
HAL,us,82.3510000000005,40.4846,0.016305542,6.5127,20,41.866400000000496,False,broad_institutional,4,high
HALO,us,109.9855,49.1342,0.019925804878000004,9.8994,20,60.8513,True,data_anomaly,3,medium
HAO,us,0.05,0.05,1.1468400000000001e-07,0.0239,20,0.0,False,fragmented_or_mixed,4,high
HAPN,us,93.5241000000002,62.8689,0.032057267899,11.0601,20,30.655200000000207,False,broad_institutional,4,high
HAS,us,94.1145000000001,49.8705,0.018797106164999997,6.7939,20,44.244000000000106,False,broad_institutional,4,high
HASI,us,111.9144,66.5047,0.04083549993899999,13.3581,20,45.4097,True,data_anomaly,3,medium
HAVA,us,63.1604,58.5726,0.020365194867999998,5.1251,20,4.587800000000001,False,broad_institutional,4,high
HAVAR,us,,,,,20,,False,insufficient_data,0,low
HAVAU,us,16.8715,16.8715,0.003610579439,4.035,20,0.0,False,fragmented_or_mixed,4,high
HAWK,us,53.5384,53.0734,0.053323631213999995,18.9333,20,0.4650000000000034,False,broad_institutional,4,high
HAYW,us,109.6424,67.5543,0.029694632807000004,10.4257,20,42.0881,True,data_anomaly,3,medium
HBAN,us,90.7466000000007,51.8725,0.020686631857,6.5239,20,38.874100000000695,False,broad_institutional,4,high
HBANL,us,30.8765,30.8726,0.018127924614,8.4642,20,0.003900000000001569,False,fragmented_or_mixed,4,high
HBANM,us,10.7939,10.7939,0.005981895982999999,6.6604,11,0.0,False,fragmented_or_mixed,4,high
HBANP,us,0.0989,0.0989,7.340070000000001e-07,0.0853,20,0.0,False,fragmented_or_mixed,4,high
HBB,us,71.0239,54.8643,0.021268698011,7.0099,20,16.159599999999998,False,broad_institutional,4,high
HBCP,us,60.9368,42.8317,0.014350867563,6.325,20,18.1051,False,broad_institutional,4,high
HBI,us,1.1078,1.1052,1.4849185999999998e-05,0.2719,20,0.0025999999999999357,False,fragmented_or_mixed,4,high
HBIO,us,53.3431,48.9831,0.019356535739,7.0959,20,4.359999999999999,False,broad_institutional,4,high
HBM,us,76.4417000000001,44.6694,0.014448639033999998,6.7859,20,31.772300000000094,False,broad_institutional,4,high
HBNB,us,95.0453,95.0453,0.7053017362529999,83.5397,20,0.0,False,dominant_holder,4,high
HBNC,us,81.2094,51.3381,0.018940704237,8.5786,20,29.871300000000005,False,broad_institutional,4,high
HBT,us,78.9334000000001,70.5014,0.228313336512,47.3059,20,8.432000000000102,False,dominant_holder,4,high
HCA,us,95.0904000000005,62.3315,0.056528062239000004,16.4791,20,32.7589000000005,False,broad_institutional,4,high
HCAC,us,56.5657,53.748,0.020818644323999998,7.6006,20,2.817700000000002,False,broad_institutional,4,high
HCACR,us,,,,,20,,False,insufficient_data,0,low
HCACU,us,14.3565,14.3565,0.002323659651,2.4155,20,0.0,False,fragmented_or_mixed,4,high
HCAI,us,6.0775,6.0775,0.0005751957529999999,1.3106,20,0.0,False,fragmented_or_mixed,4,high
HCAT,us,83.2892,65.3163,0.04883581372499999,17.4363,20,17.972899999999996,False,broad_institutional,4,high
HCC,us,113.445,77.826,0.044453220137999995,12.455,20,35.619,True,data_anomaly,3,medium
HCHL,us,35.8007,35.8007,0.014488384559000003,4.2201,17,0.0,False,fragmented_or_mixed,4,high
HCI,us,87.3076000000002,60.3175,0.033517875481,11.7079,20,26.990100000000204,False,broad_institutional,4,high
HCIC,us,21.4881,21.4881,0.008849186534,7.6145,20,0.0,False,fragmented_or_mixed,4,high
HCICR,us,,,,,14,,False,insufficient_data,0,low
HCKT,us,97.3294000000001,69.5685,0.036771766490999995,11.765,20,27.760900000000106,False,broad_institutional,4,high
HCM,us,2.5782,2.4314,0.000103591172,0.8469,20,0.14679999999999982,False,fragmented_or_mixed,4,high
HCMA,us,93.2443,71.3572,0.028068254638000004,6.1301,20,21.88709999999999,False,broad_institutional,4,high
HCMAU,us,10.1835,10.1835,0.0029717912270000005,4.7431,20,0.0,False,fragmented_or_mixed,4,high
HCSG,us,115.2861,68.0441,0.040386193832,14.4193,20,47.242000000000004,True,data_anomaly,3,medium
HCTI,us,3.9417,3.9417,0.0004960872250000001,2.0079,20,0.0,False,fragmented_or_mixed,4,high
HCVI,us,94.6159000000001,94.6159000000001,0.41529508360499995,62.7887,20,0.0,False,dominant_holder,4,high
HCWB,us,14.2034,14.1938,0.005451200015999999,6.4272,20,0.009600000000000719,False,fragmented_or_mixed,4,high
HCWC,us,25.9699,25.9693,0.016378756068999998,10.022,20,0.0005999999999986017,False,fragmented_or_mixed,4,high
HD,us,75.9424000000056,37.3951,0.012188483170999997,6.4875,20,38.547300000005606,False,broad_institutional,4,high
HDB,us,13.5403,5.2505,0.000193639245,0.7982,20,8.2898,False,fragmented_or_mixed,4,high
HDL,us,1.2921,1.2921,4.875664500000001e-05,0.4735,20,0.0,False,fragmented_or_mixed,4,high
HDRN,us,42.2961,39.4101,0.024982797195,14.2761,20,2.886000000000003,False,fragmented_or_mixed,4,high
HDSN,us,97.8425000000001,71.8543,0.044468098049,13.3151,20,25.988200000000106,False,broad_institutional,4,high
HE,us,85.5059,61.0968,0.04247182536199999,13.6067,20,24.409099999999995,False,broad_institutional,4,high
HEI,us,100.0121,58.7614,0.024920777244000006,7.4413,20,41.2507,True,data_anomaly,3,medium
HEIA,us,95.5831000000003,57.4843,0.030404844110999994,10.4935,20,38.0988000000003,False,broad_institutional,4,high
HELE,us,103.0891,61.8548,0.021712499442000002,6.3282,20,41.234300000000005,True,data_anomaly,3,medium
HELP,us,53.7783,48.4295,0.016607990545,5.5123,20,5.348800000000004,False,broad_institutional,4,high
HEPA,us,38.6376,38.6376,0.038699850686,17.1707,20,0.0,False,fragmented_or_mixed,4,high
HEPS,us,95.919,95.5904,0.7552366684600003,86.7425,20,0.32859999999999445,False,dominant_holder,4,high
HERE,us,12.913,12.912,0.0037545517939999995,4.5703,20,0.0009999999999994458,False,fragmented_or_mixed,4,high
HESM,us,91.5392,65.8976,0.06720823780400001,22.7923,20,25.641599999999997,False,dominant_holder,4,high
HFBL,us,50.788,50.5744,0.035036133597999994,13.9817,20,0.21359999999999957,False,broad_institutional,4,high
HFFG,us,48.1527,43.7188,0.024220101192,10.4563,20,4.433900000000001,False,fragmented_or_mixed,4,high
HFRO,us,93.0594,85.4074,0.06657057797400001,13.7859,20,7.652000000000001,False,broad_institutional,4,high
HFRO_PA,us,2.3628,2.3628,0.000433112022,2.069,3,0.0,False,fragmented_or_mixed,4,high
HFRO_PB,us,2.3846,2.3846,0.000568631716,2.3846,2,0.0,False,fragmented_or_mixed,4,high
HFWA,us,83.4936000000001,59.4008,0.035131907293999995,12.6247,20,24.092800000000103,False,broad_institutional,4,high
HG,us,88.8546,58.8558,0.061461395479999986,22.6912,20,29.998800000000003,False,dominant_holder,4,high
HGAS,us,91.594,91.594,0.35281954248999997,57.6672,9,0.0,False,dominant_holder,4,high
HGBL,us,53.7806,49.3862,0.021323147164,6.6847,20,4.394399999999997,False,broad_institutional,4,high
HGTY,us,94.9136000000001,88.4395,0.275691453053,50.883,20,6.4741000000001065,False,dominant_holder,4,high
HGV,us,106.4896,81.4621,0.056892503249000005,15.7645,20,25.02749999999999,True,data_anomaly,3,medium
HHH,us,92.8911000000001,75.3832,0.130621921996,31.6179,20,17.50790000000009,False,dominant_holder,4,high
HHS,us,78.5617,76.8113,0.11091491905900001,28.5551,20,1.750399999999999,False,dominant_holder,4,high
HI,us,28.6885,25.5443,0.004702406025,2.9134,20,3.1442000000000014,False,fragmented_or_mixed,4,high
HIFS,us,71.6039,54.9468,0.024972384222000002,9.4188,20,16.657099999999993,False,broad_institutional,4,high
HIG,us,98.6569000000005,48.998,0.021122835654,7.4667,20,49.65890000000051,False,broad_institutional,4,high
HIG_PG,us,16.1465,16.1465,0.007788431503,6.7255,20,0.0,False,fragmented_or_mixed,4,high
HIHO,us,38.0445,38.0445,0.050971976867000016,21.2694,20,0.0,False,dominant_holder,4,high
HII,us,95.2953000000003,58.456,0.026288334652,7.1584,20,36.83930000000029,False,broad_institutional,4,high
HIMS,us,78.5927,50.1403,0.022792123507000005,10.4001,20,28.45239999999999,False,broad_institutional,4,high
HIMX,us,50.7190000000001,45.7756,0.05654703538,22.045,20,4.9434000000001035,False,dominant_holder,4,high
HIND,us,55.2405,55.1815,0.047143548057,14.2696,20,0.0589999999999975,False,broad_institutional,4,high
HIPO,us,56.1796,39.618,0.012366482442,5.6816,20,16.5616,False,broad_institutional,4,high
HIT,us,66.8868999999999,66.6682,0.21808730149,43.5122,20,0.21869999999989886,False,dominant_holder,4,high
HITI,us,23.5128,21.8456,0.008823922084,7.9088,20,1.6671999999999976,False,fragmented_or_mixed,4,high
HIVE,us,41.3902,32.5473,0.007831561582999998,4.9887,20,8.8429,False,fragmented_or_mixed,4,high
HIW,us,111.7181,72.5366,0.05222614162,12.7839,20,39.1815,True,data_anomaly,3,medium
HIYS,us,48.7737,48.7737,0.14695631546899998,37.2718,8,0.0,False,dominant_holder,4,high
HKD,us,0.3172,0.3172,9.997080000000002e-07,0.0582,20,0.0,False,fragmented_or_mixed,4,high
HKIT,us,1.0078,1.0078,2.1682217999999996e-05,0.4251,20,0.0,False,fragmented_or_mixed,4,high
HKPD,us,33.475,33.475,0.09326744020799999,30.4256,14,0.0,False,dominant_holder,4,high
HL,us,75.1106000000001,51.6613,0.027528996095,11.9812,20,23.449300000000108,False,broad_institutional,4,high
HLF,us,107.4399,69.317,0.033666983164000006,8.9321,20,38.1229,True,data_anomaly,3,medium
HLI,us,104.5091,56.9748,0.022974847242999998,8.8823,20,47.5343,True,data_anomaly,3,medium
HLIO,us,97.8800000000001,60.4127,0.021365119833,6.4078,20,37.467300000000094,False,broad_institutional,4,high
HLIT,us,94.7249000000001,60.3982,0.036785882548000005,15.0837,20,34.3267000000001,False,broad_institutional,4,high
HLLY,us,95.2966000000001,76.204,0.06645553938399999,20.2981,20,19.092600000000104,False,dominant_holder,4,high
HLLY_T,us,,,,,20,,False,insufficient_data,0,low
HLMN,us,105.6253,70.6736,0.030214761289999992,6.4553,20,34.9517,True,data_anomaly,3,medium
HLN,us,13.577,10.0053,0.0017342906930000004,3.3271,20,3.5717,False,fragmented_or_mixed,4,high
HLNE,us,114.0912,60.55,0.025594609864,8.3001,20,53.5412,True,data_anomaly,3,medium
HLP,us,37.771,37.771,0.035275961041999995,10.4845,17,0.0,False,fragmented_or_mixed,4,high
HLT,us,102.0296,51.835,0.018089922295999997,6.5457,20,50.1946,True,data_anomaly,3,medium
HLX,us,100.0046,66.3954,0.03657677339200001,13.3815,20,33.6092,True,data_anomaly,3,medium
HLXC,us,56.1428,55.9429,0.029753686139000004,7.3109,20,0.19989999999999952,False,broad_institutional,4,high
HL_PB,us,2.1343,2.1343,0.00028291143300000006,1.6076,6,0.0,False,fragmented_or_mixed,4,high
HMC,us,4.2789,3.0611,9.8666897e-05,0.7779,20,1.2178,False,fragmented_or_mixed,4,high
HMH,us,67.6556,67.1809,0.054265052382999994,17.5065,20,0.4747000000000128,False,broad_institutional,4,high
HMN,us,107.217,76.8652,0.046675241578,13.5478,20,30.351799999999997,True,data_anomaly,3,medium
HMR,us,89.3951,89.3951,0.39566118791899996,44.4779,20,0.0,False,dominant_holder,4,high
HMY,us,19.5444,13.7747,0.002952798181,4.9551,20,5.7697,False,fragmented_or_mixed,4,high
HNGE,us,117.6387,75.5424,0.05055438400999999,17.1531,20,42.0963,True,data_anomaly,3,medium
HNI,us,83.6775000000001,58.6698,0.034191152036000004,13.1295,20,25.007700000000092,False,broad_institutional,4,high
HNNA,us,56.4016,54.0018,0.07412480953200001,25.8525,20,2.399799999999999,False,dominant_holder,4,high
HNRG,us,86.3287,60.4249,0.027618281175,11.5679,20,25.903799999999997,False,broad_institutional,4,high
HNST,us,60.3296,46.4002,0.015308886693999997,5.3629,20,13.929400000000001,False,broad_institutional,4,high
HNVR,us,67.4444,60.2348,0.029591807225999998,8.3219,20,7.209600000000002,False,broad_institutional,4,high
HODL,us,33.4781,30.1339,0.016800261415,9.0379,20,3.344199999999997,False,fragmented_or_mixed,4,high
HODO,us,6.4215,6.4215,0.0024128287410000006,4.8585,20,0.0,False,fragmented_or_mixed,4,high
HOFT,us,82.6111,68.5784,0.04658335639,14.3611,20,14.032699999999991,False,broad_institutional,4,high
HOG,us,117.7441,78.2443,0.040656523996999996,9.5156,20,39.49980000000001,True,data_anomaly,3,medium
HOLO,us,1.7125,1.7124,5.6659636e-05,0.5085,20,9.999999999998899e-05,False,fragmented_or_mixed,4,high
HOLOW,us,,,,,14,,False,insufficient_data,0,low
HOLX,us,95.0651,51.7524,0.018864055646,6.4969,20,43.3127,False,broad_institutional,4,high
HOMB,us,82.6103,54.1032,0.025129061368000003,10.5852,20,28.507099999999994,False,broad_institutional,4,high
HON,us,83.6342000000018,41.5796,0.013860811254,6.5124,20,42.0546000000018,False,broad_institutional,4,high
HONA,us,14.0313,12.0408,0.0049673498180000004,6.5302,20,1.990499999999999,False,fragmented_or_mixed,4,high
HONAV,us,14.0313,12.0408,0.0049673498180000004,6.5302,20,1.990499999999999,False,fragmented_or_mixed,4,high
HOOD,us,73.4181000000001,40.6894,0.014623827568,6.4873,20,32.728700000000096,False,broad_institutional,4,high
HOOK,us,3.4089,3.4089,0.001003538343,3.1645,20,0.0,False,fragmented_or_mixed,4,high
HOPE,us,97.8441000000002,74.1827,0.043405621129,13.0507,20,23.6614000000002,False,broad_institutional,4,high
HOTH,us,6.4617,6.4581,0.000911129189,2.6038,20,0.0036000000000004917,False,fragmented_or_mixed,4,high
HOUR,us,95.3572,95.3572,0.44939618920200003,47.402,20,0.0,False,dominant_holder,4,high
HOUS,us,30.2878,28.0533,0.0069288261949999996,5.1178,20,2.2345000000000006,False,fragmented_or_mixed,4,high
HOV,us,75.2523000000001,52.1344,0.018412880208,7.1934,20,23.117900000000105,False,broad_institutional,4,high
HOVNP,us,2.4652,2.4652,0.00038639610399999997,1.875,4,0.0,False,fragmented_or_mixed,4,high
HOVR,us,23.1391,22.7938,0.008475297016000003,7.2341,20,0.34529999999999816,False,fragmented_or_mixed,4,high
HOWL,us,27.8024,26.3715,0.006660043807,4.0857,20,1.4308999999999976,False,fragmented_or_mixed,4,high
HP,us,110.3996,71.2053,0.04285348481299999,13.8799,20,39.19430000000001,True,data_anomaly,3,medium
HPAI,us,78.9685,78.9685,0.28387821140899994,51.5014,20,0.0,False,dominant_holder,4,high
HPAIW,us,,,,,20,,False,insufficient_data,0,low
HPCO,us,0.0,0.0,0.0,0.0,9,0.0,False,fragmented_or_mixed,4,high
HPE,us,95.9394000000002,54.6223,0.021716337493000004,6.5209,20,41.3171000000002,False,broad_institutional,4,high
HPE_PC,us,85.3485000000001,68.1234,0.038322292952,11.6667,20,17.225100000000097,False,broad_institutional,4,high
HPK,us,104.1114,99.8772,0.42692180397599994,63.0799,20,4.234200000000001,True,data_anomaly,3,medium
HPP,us,116.1095,78.1441,0.05816895904699999,17.7787,20,37.9654,True,data_anomaly,3,medium
HPP_PC,us,28.1555,28.1555,0.017886219787,10.2353,20,0.0,False,fragmented_or_mixed,4,high
HPQ,us,95.6872000000003,52.6992,0.0231367273,7.5338,20,42.988000000000305,False,broad_institutional,4,high
HQ,us,92.5097,92.5091,0.12620539376300005,20.3213,20,0.0005999999999914962,False,dominant_holder,4,high
HQI,us,73.0581,69.7097,0.10753649707299999,19.2619,20,3.348399999999998,False,dominant_holder,4,high
HQY,us,109.5098,57.9739,0.031812250110999994,11.2361,20,51.5359,True,data_anomaly,3,medium
HR,us,117.1717,81.0366,0.05591648507799999,15.1351,20,36.135099999999994,True,data_anomaly,3,medium
HRB,us,96.8485000000002,58.3719,0.030774176609,10.9328,20,38.476600000000204,False,broad_institutional,4,high
HRI,us,103.6122,68.6573,0.030462966579000002,7.6245,20,34.954899999999995,True,data_anomaly,3,medium
HRL,us,95.4391000000003,75.9844,0.22449342900400002,46.5975,20,19.4547000000003,False,dominant_holder,4,high
HRMY,us,108.5184,68.26,0.037098236077999995,10.4523,20,40.258399999999995,True,data_anomaly,3,medium
HROW,us,74.4477000000002,54.9448,0.025550914436,8.0379,20,19.502900000000196,False,broad_institutional,4,high
HRTG,us,85.4874,50.4385,0.017993509535,7.1805,20,35.048899999999996,False,broad_institutional,4,high
HRTX,us,84.5743999999999,69.6654,0.045354311868000007,15.8743,20,14.908999999999892,False,broad_institutional,4,high
HRZN,us,7.3487,6.0479,0.000282299529,0.8645,20,1.3007999999999997,False,fragmented_or_mixed,4,high
HSAI,us,47.3465,31.2935,0.007323648855000001,4.0774,20,16.052999999999997,False,fragmented_or_mixed,4,high
HSBC,us,2.50600000000004,1.7519,4.3596429e-05,0.5297,20,0.7541000000000402,False,fragmented_or_mixed,4,high
HSCS,us,24.7043,24.7043,0.021589970441000007,12.8063,20,0.0,False,fragmented_or_mixed,4,high
HSCSW,us,,,,,7,,False,insufficient_data,0,low
HSDT,us,51.7599,49.7123,0.032509301293,9.367,20,2.0476000000000028,False,broad_institutional,4,high
HSHP,us,91.2365,69.2566,0.08797340349200003,27.6367,20,21.9799,False,dominant_holder,4,high
HSIC,us,107.7416,68.1128,0.037633438888000005,13.7399,20,39.62880000000001,True,data_anomaly,3,medium
HSII,us,2.8581,2.8051,8.503866700000001e-05,0.6481,20,0.052999999999999936,False,fragmented_or_mixed,4,high
HSLV,us,59.9953,55.4542,0.06298109129599998,23.0722,20,4.5411,False,dominant_holder,4,high
HSPTR,us,,,,,20,,False,insufficient_data,0,low
HST,us,106.6294,62.1836,0.032684316479999996,8.7465,20,44.445800000000006,True,data_anomaly,3,medium
HSTM,us,91.4522999999999,65.137,0.05472235955600001,17.6259,20,26.315299999999894,False,broad_institutional,4,high
HSY,us,86.0830000000002,42.752,0.015920229399999996,6.4944,20,43.331000000000195,False,broad_institutional,4,high
HTB,us,73.9548000000001,56.0224,0.027978765192000002,9.2925,20,17.932400000000108,False,broad_institutional,4,high
HTBK,us,80.2258,49.8419,0.018122832315,8.9897,20,30.383900000000004,False,broad_institutional,4,high
HTCO,us,42.2732,42.2732,0.06895834843599999,24.7595,20,0.0,False,dominant_holder,4,high
HTCR,us,59.0872,59.0872,0.15327186924800007,37.2914,20,0.0,False,dominant_holder,4,high
HTFL,us,78.3372000000002,57.2999,0.037007418155,13.894,20,21.037300000000194,False,broad_institutional,4,high
HTGC,us,36.6425000000001,22.2719,0.0045633217270000005,5.0297,20,14.370600000000099,False,fragmented_or_mixed,4,high
HTH,us,92.7165000000001,69.9471,0.094909503196,27.3349,20,22.76940000000009,False,dominant_holder,4,high
HTHT,us,52.4750000000001,28.8275,0.005186822680999999,3.9722,20,23.6475000000001,False,broad_institutional,4,high
HTLD,us,103.6052,84.7931,0.080119034649,21.2196,20,18.8121,True,data_anomaly,3,medium
HTLM,us,94.8033,94.8033,0.7117553812750002,83.6237,6,0.0,False,dominant_holder,4,high
HTO,us,132.6754,89.6394,0.060424874361999996,12.0911,20,43.036,True,data_anomaly,3,medium
HTOO,us,8.3715,8.3715,0.0022667440129999997,3.2582,20,0.0,False,fragmented_or_mixed,4,high
HTT,us,31.7853,30.7716,0.02277787503,13.8029,20,1.0137,False,fragmented_or_mixed,4,high
HTZ,us,118.6755,98.076,0.34371153107799995,57.4654,20,20.599500000000006,True,data_anomaly,3,medium
HTZWW,us,,,,,20,,False,insufficient_data,0,low
HUBB,us,97.7008000000004,47.514,0.01670742503,6.5445,20,50.186800000000396,False,broad_institutional,4,high
HUBC,us,0.6307,0.6292,5.862918e-06,0.1951,20,0.0015000000000000568,False,fragmented_or_mixed,4,high
HUBCZ,us,,,,,20,,False,insufficient_data,0,low
HUBG,us,111.7397,77.5068,0.052856534591999994,13.6819,20,34.2329,True,data_anomaly,3,medium
HUBS,us,101.1468,57.5276,0.024670348658,8.8879,20,43.6192,True,data_anomaly,3,medium
HUDI,us,71.2219,71.2219,0.35344010650499996,58.297,20,0.0,False,dominant_holder,4,high
HUHU,us,70.3218,70.3218,0.20448638322999999,31.9455,17,0.0,False,dominant_holder,4,high
HUIZ,us,28.5957,28.5957,0.029523952369,12.5579,18,0.0,False,fragmented_or_mixed,4,high
HUM,us,98.1275000000003,60.0945,0.027934172648999993,9.479,20,38.0330000000003,False,broad_institutional,4,high
HUMA,us,29.3496,25.0442,0.008219725172000002,6.7916,20,4.305399999999999,False,fragmented_or_mixed,4,high
HUMAW,us,,,,,14,,False,insufficient_data,0,low
HUN,us,110.7709,62.0726,0.0236243522,6.6088,20,48.698299999999996,True,data_anomaly,3,medium
HURA,us,49.1311,46.8458,0.046850607708,19.2568,20,2.2853000000000065,False,fragmented_or_mixed,4,high
HURC,us,88.2419,66.8662,0.030321207056000003,9.1318,20,21.375699999999995,False,broad_institutional,4,high
HURN,us,111.4101,67.5833,0.026913368429000002,7.0734,20,43.826800000000006,True,data_anomaly,3,medium
HUT,us,83.9941000000001,52.8497,0.017554207785,5.8796,20,31.144400000000104,False,broad_institutional,4,high
HUYA,us,47.0079,41.6003,0.012616466155,5.0892,20,5.407600000000002,False,fragmented_or_mixed,4,high
HVII,us,113.7037,89.3375,0.048340922274999996,8.44,20,24.366199999999992,True,data_anomaly,3,medium
HVIIR,us,,,,,20,,False,insufficient_data,0,low
HVIIU,us,12.0408,12.0408,0.008538293530000001,8.9403,19,0.0,False,fragmented_or_mixed,4,high
HVMC,us,85.7627,63.7901,0.024969720543000003,7.6078,20,21.972599999999993,False,broad_institutional,4,high
HVMCU,us,9.071,9.071,0.000877639346,1.5744,20,0.0,False,fragmented_or_mixed,4,high
HVT,us,100.7953,75.1942,0.039117717194,9.8093,20,25.601100000000002,True,data_anomaly,3,medium
HVTA,us,85.5142,85.5142,0.375785319332,60.3882,20,0.0,False,dominant_holder,4,high
HWBK,us,49.3985,41.1904,0.017025993348000003,9.3816,20,8.208100000000002,False,fragmented_or_mixed,4,high
HWC,us,98.8311,62.8497,0.03368096866899999,11.2719,20,35.98140000000001,False,broad_institutional,4,high
HWH,us,81.8893,81.8893,0.212632613963,36.0788,20,0.0,False,dominant_holder,4,high
HWKN,us,88.2622000000002,56.392,0.032871612466,13.2547,20,31.870200000000203,False,broad_institutional,4,high
HWM,us,94.8977000000003,53.4845,0.020964159812999997,6.9977,20,41.4132000000003,False,broad_institutional,4,high
HWM_P,us,0.0,0.0,0.0,0.0,1,0.0,False,fragmented_or_mixed,4,high
HXHX,us,49.3592,49.3592,0.04031834299,13.4078,20,0.0,False,fragmented_or_mixed,4,high
HXL,us,122.1537,74.7836,0.037922001942,9.6642,20,47.370099999999994,True,data_anomaly,3,medium
HY,us,84.1319999999999,57.9264,0.02512692378,8.0964,20,26.205599999999905,False,broad_institutional,4,high
HYFM,us,39.325,38.9309,0.018299059224999997,9.5286,20,0.39410000000000167,False,fragmented_or_mixed,4,high
HYFT,us,19.318,19.0686,0.010403190925999999,7.9101,20,0.2494000000000014,False,fragmented_or_mixed,4,high
HYLN,us,53.8814,45.9832,0.039450876578,17.6931,20,7.898200000000003,False,broad_institutional,4,high
HYMC,us,66.5409999999999,58.7888,0.11565167996599998,33.1082,20,7.752199999999895,False,dominant_holder,4,high
HYNE,us,32.1763,29.0643,0.010885245813000002,8.0,20,3.1119999999999983,False,fragmented_or_mixed,4,high
HYPD,us,24.6372,23.2313,0.009052926170999998,8.5819,20,1.405899999999999,False,fragmented_or_mixed,4,high
HYPR,us,20.1636,18.1278,0.0031762237819999996,4.1004,20,2.0357999999999983,False,fragmented_or_mixed,4,high
HYT_R_W,us,,,,,2,,False,insufficient_data,0,low
HZO,us,108.4373,72.0653,0.044675510143,12.5431,20,36.372,True,data_anomaly,3,medium
IAC,us,122.2931,83.4791,0.04946444955899999,10.4837,20,38.81399999999999,True,data_anomaly,3,medium
IACO,us,2.5451,2.5451,0.000196216511,1.1429,6,0.0,False,fragmented_or_mixed,4,high
IACQ,us,7.1974,7.1974,0.004685114788000002,6.8352,2,0.0,False,fragmented_or_mixed,4,high
IAG,us,73.8241000000001,39.783,0.013455512918,6.4642,20,34.0411000000001,False,broad_institutional,4,high
IART,us,114.5034,82.0247,0.053380056515,12.0217,20,32.4787,True,data_anomaly,3,medium
IAU,us,50.5595000000008,22.0465,0.0032730769630000003,2.8072,20,28.5130000000008,False,broad_institutional,4,high
IAUX,us,61.1011000000001,46.4737,0.019937530100999995,9.4819,20,14.627400000000101,False,broad_institutional,4,high
IBAC,us,104.3917,104.3917,0.3828232617349999,56.6583,20,0.0,True,data_anomaly,2,medium
IBACR,us,,,,,20,,False,insufficient_data,0,low
IBCP,us,93.5722000000001,56.6157,0.022708917719000004,9.8405,20,36.9565000000001,False,broad_institutional,4,high
IBEX,us,103.7175,59.9732,0.030292956031999996,12.9327,20,43.7443,True,data_anomaly,3,medium
IBG,us,5.9978,5.9978,0.0008329918800000001,2.176,18,0.0,False,fragmented_or_mixed,4,high
IBGC,us,33.3333,33.3333,0.11111088888899999,33.3333,1,0.0,False,dominant_holder,4,high
IBGM,us,33.3333,33.3333,0.11111088888899999,33.3333,1,0.0,False,dominant_holder,4,high
IBHM,us,88.8889,88.8889,0.7901236543210001,88.8889,1,0.0,False,dominant_holder,4,high
IBIM,us,33.3333,33.3333,0.11111088888899999,33.3333,1,0.0,False,dominant_holder,4,high
IBIO,us,50.973,47.2442,0.018484635303999998,7.7183,20,3.7287999999999997,False,broad_institutional,4,high
IBKR,us,92.8702999999999,45.1267,0.014074887723,6.3258,20,47.7435999999999,False,broad_institutional,4,high
IBM,us,65.5967000000048,35.3743,0.013062753469,6.4583,20,30.222400000004804,False,broad_institutional,4,high
IBMU,us,66.6667,66.6667,0.444444888889,66.6667,1,0.0,False,dominant_holder,4,high
IBMV,us,66.6667,66.6667,0.444444888889,66.6667,1,0.0,False,dominant_holder,4,high
IBN,us,18.2938999999999,9.5068,0.000941224806,2.1567,20,8.787099999999901,False,fragmented_or_mixed,4,high
IBO,us,91.5879,91.5344,0.7438670820819998,86.2361,20,0.05349999999999966,False,dominant_holder,4,high
IBOC,us,83.6656000000002,63.6565,0.03309559986299999,9.5184,20,20.009100000000196,False,broad_institutional,4,high
IBP,us,113.6425,70.2293,0.046418687922999996,12.519,20,43.4132,True,data_anomaly,3,medium
IBRX,us,79.4805000000003,73.8593,0.352925694623,59.2205,20,5.6212000000003,False,dominant_holder,4,high
IBTA,us,101.7201,81.9699,0.09075261273900001,21.731,20,19.750200000000007,True,data_anomaly,3,medium
IBTR,us,33.3333,33.3333,0.11111088888899999,33.3333,1,0.0,False,dominant_holder,4,high
ICCC,us,52.8997,50.171,0.024770767150000005,9.2054,20,2.7287000000000035,False,broad_institutional,4,high
ICCM,us,36.4549,36.3597,0.09089522437500001,30.006,20,0.0952000000000055,False,dominant_holder,4,high
ICCT,us,10.4852,10.4852,0.002665882548,4.5168,20,0.0,False,fragmented_or_mixed,4,high
ICE,us,96.9566000000007,39.6569,0.012582656316999997,6.5271,20,57.299700000000705,False,broad_institutional,4,high
ICFI,us,93.2035,56.6123,0.024880052440999997,8.8627,20,36.59120000000001,False,broad_institutional,4,high
ICG,us,1.0441,1.0441,2.3735124999999997e-05,0.3509,20,0.0,False,fragmented_or_mixed,4,high
ICHR,us,101.8098,70.5172,0.03948976392399999,13.8814,20,31.292599999999993,True,data_anomaly,3,medium
ICL,us,81.0042000000001,75.9518,0.204381921738,43.9305,20,5.052400000000091,False,dominant_holder,4,high
ICLR,us,105.0331,65.3984,0.033178581278,10.8078,20,39.63470000000001,True,data_anomaly,3,medium
ICMB,us,53.4744,53.4604,0.09334600155599998,24.8215,20,0.014000000000002899,False,dominant_holder,4,high
ICON,us,10.5428,10.5428,0.008099371688,8.9465,20,0.0,False,fragmented_or_mixed,4,high
ICR_PA,us,0.9233,0.9233,7.882938499999998e-05,0.7907,10,0.0,False,fragmented_or_mixed,4,high
ICU,us,15.4765,15.4706,0.012505029048000002,11.0896,20,0.00590000000000046,False,fragmented_or_mixed,4,high
ICUCW,us,,,,,20,,False,insufficient_data,0,low
ICUI,us,116.4212,78.2924,0.052817808382,13.1624,20,38.1288,True,data_anomaly,3,medium
IDA,us,104.1057,59.739,0.027643542874,10.7722,20,44.3667,True,data_anomaly,3,medium
IDAI,us,35.9485,35.9054,0.027345405871999996,13.6429,20,0.04310000000000258,False,fragmented_or_mixed,4,high
IDCC,us,106.2555,64.1558,0.03735267049800001,11.801,20,42.0997,True,data_anomaly,3,medium
IDEX,us,0.0,0.0,0.0,0.0,20,0.0,False,fragmented_or_mixed,4,high
IDN,us,58.8331,46.5658,0.020497499498000005,10.2393,20,12.267299999999999,False,broad_institutional,4,high
IDR,us,50.8653,38.2743,0.014717508581,7.3041,20,12.591000000000001,False,broad_institutional,4,high
IDT,us,74.2279000000001,48.5791,0.023282299336999997,11.2208,20,25.648800000000108,False,broad_institutional,4,high
IDXX,us,98.7208000000006,46.6067,0.018171582244999998,6.7683,20,52.1141000000006,False,broad_institutional,4,high
IDYA,us,104.1449,71.0181,0.043501547674999995,13.8539,20,33.1268,True,data_anomaly,3,medium
IE,us,98.1101,73.2976,0.035165875131999993,7.3834,20,24.8125,False,broad_institutional,4,high
IEAG,us,55.2348,51.445,0.02158020199,6.7918,20,3.7897999999999996,False,broad_institutional,4,high
IEAGU,us,31.0716,29.6422,0.009223537450000001,5.3659,20,1.4294000000000011,False,fragmented_or_mixed,4,high
IESC,us,99.1490000000002,83.3701,0.27355038866500003,51.3892,20,15.778900000000206,False,dominant_holder,4,high
IEX,us,102.261,51.7321,0.018469668983000002,6.5591,20,50.52889999999999,True,data_anomaly,3,medium
IFBD,us,0.3343,0.3343,8.857228999999998e-06,0.2966,10,0.0,False,fragmented_or_mixed,4,high
IFF,us,106.1786,67.5051,0.045551689944999994,14.2861,20,38.673500000000004,True,data_anomaly,3,medium
IFRX,us,33.3703,32.6201,0.016822918939,9.8443,20,0.7501999999999995,False,fragmented_or_mixed,4,high
IFS,us,97.2722,89.8741,0.540659348429,73.3826,20,7.3980999999999995,False,dominant_holder,4,high
IGAC,us,61.4911,54.8842,0.020184446957999997,7.4503,20,6.606900000000003,False,broad_institutional,4,high
IGACR,us,,,,,20,,False,insufficient_data,0,low
IGACU,us,10.1658,10.1658,0.0017811700199999998,3.1686,20,0.0,False,fragmented_or_mixed,4,high
IGC,us,35.3615,35.0938,0.03573025445,16.8862,20,0.26769999999999783,False,fragmented_or_mixed,4,high
IGIC,us,84.5060000000001,82.3476,0.17649823644600002,34.1259,20,2.1584000000001,False,dominant_holder,4,high
IGT,us,97.4676000000002,80.9353,0.22601407568899998,46.504,20,16.532300000000205,False,dominant_holder,4,high
IGTA,us,60.753,60.753,0.20041004904600002,42.7107,20,0.0,False,dominant_holder,4,high
IH,us,0.6391,0.6391,9.632343e-06,0.2743,20,0.0,False,fragmented_or_mixed,4,high
IHG,us,10.7772,8.3311,0.001218861939,3.2192,20,2.4461000000000013,False,fragmented_or_mixed,4,high
IHRT,us,95.0446000000002,77.4448,0.064537266248,17.272,20,17.5998000000002,False,broad_institutional,4,high
IHS,us,91.4508,83.2612,0.11546449259599997,25.3864,20,8.189599999999999,False,dominant_holder,4,high
IHT,us,70.829,70.829,0.41122481261399996,64.0723,20,0.0,False,dominant_holder,4,high
IHYF,us,92.6754,92.6754,0.710515371806,84.2364,20,0.0,False,dominant_holder,4,high
III,us,96.0047,74.0024,0.050379725578,10.9481,20,22.002300000000005,False,broad_institutional,4,high
IIIN,us,91.0461,57.3524,0.032691029037999995,13.5791,20,33.69369999999999,False,broad_institutional,4,high
IIIV,us,132.1576,89.2835,0.044541159271000004,8.1556,20,42.8741,True,data_anomaly,3,medium
IINNW,us,,,,,5,,False,insufficient_data,0,low
IIPR,us,74.1399000000001,52.6619,0.038012400992999996,14.7359,20,21.478000000000094,False,broad_institutional,4,high
IIPR_PA,us,16.0777,16.0777,0.025051939924999992,15.8258,4,0.0,False,fragmented_or_mixed,4,high
IJJ,us,74.5282000000002,44.7752,0.016688629599999998,6.917,20,29.7530000000002,False,broad_institutional,4,high
IKT,us,93.7786,82.9813,0.055235130351,15.9203,20,10.797299999999993,False,broad_institutional,4,high
ILAG,us,53.0468,53.0468,0.06498162893599999,13.1924,20,0.0,False,broad_institutional,4,high
ILLR,us,13.6698,13.6698,0.006374746566,6.9897,20,0.0,False,fragmented_or_mixed,4,high
ILLRW,us,,,,,19,,False,insufficient_data,0,low
ILLU,us,1.7261,1.7261,0.000158867297,1.1852,5,0.0,False,fragmented_or_mixed,4,high
ILMN,us,106.9466,57.7164,0.029721338565999997,10.2776,20,49.2302,True,data_anomaly,3,medium
ILPT,us,70.9758999999999,52.0328,0.023089204941999997,9.6002,20,18.943099999999895,False,broad_institutional,4,high
IMA,us,55.6252,52.4901,0.028587443381000003,8.6104,20,3.1351000000000013,False,broad_institutional,4,high
IMAQ,us,92.1058,92.1058,0.5384551190439999,69.957,14,0.0,False,dominant_holder,4,high
IMAX,us,117.4917,76.6373,0.051325870324999995,15.2859,20,40.8544,True,data_anomaly,3,medium
IMCC,us,35.6083,35.6083,0.04072665985500001,14.4352,20,0.0,False,fragmented_or_mixed,4,high
IMCR,us,97.6869,76.3968,0.044942578962,9.5739,20,21.290099999999995,False,broad_institutional,4,high
IMDX,us,79.3143,78.3528,0.18343242699400003,39.284,20,0.9615000000000009,False,dominant_holder,4,high
IMG,us,5.7852,5.7851,0.0008097916949999999,1.9375,20,9.999999999976694e-05,False,fragmented_or_mixed,4,high
IMKTA,us,100.7121,70.2561,0.034142399271,8.2938,20,30.456000000000003,True,data_anomaly,3,medium
IMMP,us,2.3865,2.3799,0.00011025592699999999,0.6586,20,0.006599999999999717,False,fragmented_or_mixed,4,high
IMMR,us,69.1729,52.5969,0.020250906210999998,6.3498,20,16.576,False,broad_institutional,4,high
IMMX,us,64.4467000000001,54.9536,0.03175269282999999,13.0257,20,9.493100000000105,False,broad_institutional,4,high
IMNM,us,125.4647,92.3798,0.06930992634400002,14.6036,20,33.08489999999999,True,data_anomaly,3,medium
IMNN,us,15.1724,15.1632,0.004996539403999999,6.3512,20,0.009199999999999875,False,fragmented_or_mixed,4,high
IMO,us,97.1270000000003,90.5994,0.49591446367600006,69.5999,20,6.527600000000291,False,dominant_holder,4,high
IMOS,us,6.9438,6.4628,0.001143359208,3.1943,20,0.48100000000000076,False,fragmented_or_mixed,4,high
IMPP,us,63.8018,59.0703,0.045831328341,15.4627,20,4.731499999999997,False,broad_institutional,4,high
IMPPP,us,0.1025,0.1025,1.0506249999999998e-06,0.1025,2,0.0,False,fragmented_or_mixed,4,high
IMRN,us,1.0514,1.0514,2.4897214e-05,0.3788,15,0.0,False,fragmented_or_mixed,4,high
IMRX,us,58.9503,50.754,0.033884113554000006,14.8272,20,8.1963,False,broad_institutional,4,high
IMSR,us,52.8986,44.0714,0.035518932775999996,16.8838,20,8.827200000000005,False,broad_institutional,4,high
IMTE,us,18.4747,18.4747,0.012689587375,8.7046,15,0.0,False,fragmented_or_mixed,4,high
IMTX,us,92.5322,83.3175,0.07521713352300001,15.8423,20,9.214700000000008,False,broad_institutional,4,high
IMUX,us,49.7878,46.699,0.018357027124,6.0522,20,3.088799999999999,False,fragmented_or_mixed,4,high
IMVT,us,111.3203,96.9291,0.3164117151189999,54.901,20,14.391199999999998,True,data_anomaly,3,medium
IMXI,us,101.6285,60.3259,0.023690360464999997,7.3115,20,41.302600000000005,True,data_anomaly,3,medium
INAB,us,51.6232,51.3431,0.037337244221,9.7235,20,0.28009999999999735,False,broad_institutional,4,high
INAC,us,89.0674,72.9708,0.04339250497,15.007,20,16.09660000000001,False,broad_institutional,4,high
INACR,us,,,,,20,,False,insufficient_data,0,low
INACU,us,9.6764,9.6764,0.001947081692,3.1153,20,0.0,False,fragmented_or_mixed,4,high
INBK,us,85.3577000000001,54.2176,0.018270943841999995,6.1925,20,31.140100000000096,False,broad_institutional,4,high
INBS,us,4.2674,4.2674,0.0004602101619999999,1.5006,20,0.0,False,fragmented_or_mixed,4,high
INBX,us,103.7566,84.9539,0.051479690295,9.9018,20,18.8027,True,data_anomaly,3,medium
INCR,us,40.2619,40.26,0.07158867317800001,25.0092,20,0.0018999999999991246,False,dominant_holder,4,high
INCY,us,108.5653,63.4682,0.042240714122,15.4664,20,45.09709999999999,True,data_anomaly,3,medium
IND,us,69.4271,69.4271,0.3038104845549999,52.4997,4,0.0,False,dominant_holder,4,high
INDB,us,91.9982000000001,62.5599,0.037485121423,13.9625,20,29.438300000000098,False,broad_institutional,4,high
INDI,us,111.0041,86.8808,0.06735174708200001,14.7033,20,24.1233,True,data_anomaly,3,medium
INDO,us,36.4834,36.4834,0.115264398482,33.9395,20,0.0,False,dominant_holder,4,high
INDP,us,97.1301,97.1284,0.27761923023400004,37.0807,20,0.0016999999999995907,False,dominant_holder,4,high
INDV,us,114.5954,74.1607,0.042620893001000006,14.1268,20,40.43469999999999,True,data_anomaly,3,medium
INEO,us,84.174,84.174,0.703026846434,83.8464,10,0.0,False,dominant_holder,4,high
INFA,us,0.19,0.19,1.0366119999999999e-06,0.0788,20,0.0,False,fragmented_or_mixed,4,high
INFU,us,88.1686,56.0789,0.018449711535,5.9663,20,32.0897,False,broad_institutional,4,high
INFY,us,12.5781,7.0342,0.000390617942,1.211,20,5.543899999999999,False,fragmented_or_mixed,4,high
ING,us,5.96090000000001,4.1343,0.0003343051589999999,1.7279,20,1.8266000000000107,False,fragmented_or_mixed,4,high
INGM,us,95.2391000000001,89.9169,0.622550160413,78.8414,20,5.322200000000095,False,dominant_holder,4,high
INGN,us,86.9512,58.1855,0.024612873963,9.7007,20,28.765700000000002,False,broad_institutional,4,high
INGR,us,100.3951,59.1811,0.026529012038999995,8.7246,20,41.214,True,data_anomaly,3,medium
INHD,us,0.6162,0.6162,1.2577327999999999e-05,0.3314,20,0.0,False,fragmented_or_mixed,4,high
INIO,us,89.1203,89.1063,0.7432814526149998,86.2,20,0.013999999999995794,False,dominant_holder,4,high
INKT,us,63.2159,63.1896,0.20142908440799995,43.7039,20,0.026299999999999102,False,dominant_holder,4,high
INLF,us,8.1828,8.117,0.0005903787279999999,1.6766,20,0.06579999999999941,False,fragmented_or_mixed,4,high
INLX,us,48.5339,48.5179,0.04594215993099999,16.3437,20,0.016000000000005343,False,fragmented_or_mixed,4,high
INM,us,68.8334,68.8334,0.13387477581600002,24.685,20,0.0,False,dominant_holder,4,high
INMB,us,29.703,26.2027,0.008772894687000002,5.71,20,3.5002999999999993,False,fragmented_or_mixed,4,high
INMD,us,72.4386000000001,52.3791,0.020983870143,7.4794,20,20.059500000000092,False,broad_institutional,4,high
INN,us,102.582,79.9765,0.05573079881700001,11.8597,20,22.605499999999992,True,data_anomaly,3,medium
INNV,us,98.5748000000001,96.2644,0.6958098348299999,83.2408,20,2.310400000000101,False,dominant_holder,4,high
INN_PE,us,45.2237,45.2237,0.03280270369899999,13.5561,14,0.0,False,fragmented_or_mixed,4,high
INN_PF,us,35.2418,35.2418,0.019428600978,8.0112,13,0.0,False,fragmented_or_mixed,4,high
INO,us,46.8558,43.8614,0.025625461962,11.9682,20,2.994399999999999,False,fragmented_or_mixed,4,high
INOD,us,59.9299000000001,40.0443,0.013129833389,6.3984,20,19.885600000000103,False,broad_institutional,4,high
INR,us,108.3955,81.2229,0.056477026685,11.3679,20,27.172600000000003,True,data_anomaly,3,medium
INSE,us,90.3005000000001,74.7804,0.044419277762000005,11.3354,20,15.520100000000099,False,broad_institutional,4,high
INSG,us,76.2920999999999,66.4387,0.046812763659,13.1179,20,9.853399999999908,False,broad_institutional,4,high
INSM,us,107.0025,65.4976,0.032860817958,9.6577,20,41.50489999999999,True,data_anomaly,3,medium
INSP,us,120.2716,75.3076,0.040459175032,11.1057,20,44.96400000000001,True,data_anomaly,3,medium
INSW,us,95.6562000000002,71.5274,0.05524390023,14.6532,20,24.128800000000197,False,broad_institutional,4,high
INTA,us,100.4088,74.4011,0.06978289862500002,22.2508,20,26.0077,True,data_anomaly,3,medium
INTC,us,81.120400000004,50.11,0.020728680564,8.5926,20,31.010400000003997,False,broad_institutional,4,high
INTE,us,87.2541,87.2541,0.7613277966809998,87.2541,19,0.0,False,dominant_holder,4,high
INTG,us,75.343,75.343,0.46094702637200013,67.7993,20,0.0,False,dominant_holder,4,high
INTJ,us,25.6677,25.6677,0.065825090433,25.6564,13,0.0,False,dominant_holder,4,high
INTR,us,66.3758,57.7618,0.05124793347,18.5736,20,8.613999999999997,False,broad_institutional,4,high
INTS,us,10.041,10.041,0.0022948940499999994,4.3861,20,0.0,False,fragmented_or_mixed,4,high
INTT,us,76.8431,58.9387,0.029038399657000006,11.3962,20,17.90440000000001,False,broad_institutional,4,high
INTU,us,97.4578000000013,45.6947,0.015983097605,6.6094,20,51.7631000000013,False,broad_institutional,4,high
INTZ,us,39.7328,39.1254,0.026168851590000007,10.4281,20,0.6073999999999984,False,fragmented_or_mixed,4,high
INUV,us,24.7102,24.2474,0.010526598812000002,8.436,20,0.46280000000000143,False,fragmented_or_mixed,4,high
INV,us,59.8931,49.8181,0.018436504116999996,6.409,20,10.074999999999996,False,broad_institutional,4,high
INVA,us,108.431,70.2452,0.039611938837999995,13.6585,20,38.1858,True,data_anomaly,3,medium
INVE,us,77.3539,67.5882,0.04135189008999999,12.0156,20,9.765699999999995,False,broad_institutional,4,high
INVH,us,99.9626000000002,64.511,0.03562007099199999,8.7165,20,35.4516000000002,False,broad_institutional,4,high
INVX,us,108.2362,84.2303,0.13084622264899998,32.5941,20,24.005899999999997,True,data_anomaly,3,medium
INVZ,us,24.8196,20.0497,0.0025814385629999996,2.3388,20,4.7699,False,fragmented_or_mixed,4,high
INVZW,us,,,,,15,,False,insufficient_data,0,low
IOBT,us,35.5479,35.5115,0.047256157315000005,19.3897,20,0.03640000000000043,False,fragmented_or_mixed,4,high
IONM,us,0.0,0.0,0.0,0.0,18,0.0,False,fragmented_or_mixed,4,high
IONQ,us,55.9060000000003,35.7979,0.012015861899,6.4012,20,20.1081000000003,False,broad_institutional,4,high
IONQ_T,us,,,,,20,,False,insufficient_data,0,low
IONR,us,4.3968,4.3953,0.000879382613,2.8975,20,0.0015000000000000568,False,fragmented_or_mixed,4,high
IONS,us,106.9886,70.1799,0.05137160791700001,14.566,20,36.8087,True,data_anomaly,3,medium
IOR,us,92.0352,92.0352,0.7292507796700001,85.1388,13,0.0,False,dominant_holder,4,high
IOSP,us,104.7388,68.5517,0.044649590600999996,13.7674,20,36.1871,True,data_anomaly,3,medium
IOT,us,107.5766,68.4748,0.047054002468,15.4308,20,39.1018,True,data_anomaly,3,medium
IOTR,us,3.3337,3.3337,0.000882206797,2.9446,8,0.0,False,fragmented_or_mixed,4,high
IOVA,us,68.1005,49.2387,0.018493919601,6.4876,20,18.861799999999995,False,broad_institutional,4,high
IP,us,99.8390000000002,69.0635,0.051259514157,14.824,20,30.775500000000193,False,broad_institutional,4,high
IPAR,us,112.4044,84.498,0.10835348017799999,22.1598,20,27.90639999999999,True,data_anomaly,3,medium
IPCX,us,110.3578,79.5238,0.03657863498599999,7.1621,20,30.834000000000003,True,data_anomaly,3,medium
IPCXR,us,,,,,20,,False,insufficient_data,0,low
IPCXU,us,5.2232,5.2232,0.0023191849299999995,4.8003,20,0.0,False,fragmented_or_mixed,4,high
IPDN,us,37.2119,37.2119,0.03665927600900001,15.5881,20,0.0,False,fragmented_or_mixed,4,high
IPEX,us,102.4119,92.3933,0.07845154943100001,19.7241,20,10.018600000000006,True,data_anomaly,3,medium
IPEXR,us,,,,,20,,False,insufficient_data,0,low
IPEXU,us,1.945,1.945,0.00022541945,1.406,11,0.0,False,fragmented_or_mixed,4,high
IPFX,us,7.9863,7.9863,0.003369665431,5.6566,6,0.0,False,fragmented_or_mixed,4,high
IPG,us,0.3676,0.3599,2.134101e-06,0.1073,20,0.007699999999999985,False,fragmented_or_mixed,4,high
IPGP,us,116.7215,87.2092,0.073588498408,15.7156,20,29.51230000000001,True,data_anomaly,3,medium
IPHA,us,2.1328,2.1328,0.000286558662,1.6702,20,0.0,False,fragmented_or_mixed,4,high
IPI,us,84.7092,58.7909,0.028090932633000002,8.9572,20,25.918299999999995,False,broad_institutional,4,high
IPM,us,49.522,49.45,0.05223716615,16.2771,20,0.07199999999999562,False,fragmented_or_mixed,4,high
IPO-JATT,us,39.8348,39.8348,0.04932434365999999,19.3146,9,0.0,False,fragmented_or_mixed,4,high
IPOD,us,99.1765,77.6245,0.03442423320899999,7.5952,20,21.552000000000007,False,broad_institutional,4,high
IPODU,us,7.0453,7.0453,0.0015133847949999999,2.7619,20,0.0,False,fragmented_or_mixed,4,high
IPSC,us,79.1713,74.5199,0.045486106166999996,9.8442,20,4.651399999999995,False,broad_institutional,4,high
IPST,us,13.2206,12.8411,0.0019518991110000002,3.015,20,0.3794999999999984,False,fragmented_or_mixed,4,high
IPW,us,26.5009,26.5009,0.023363751987,12.8685,20,0.0,False,fragmented_or_mixed,4,high
IPWR,us,35.5354,34.3125,0.018040339080999997,7.4765,20,1.2229000000000028,False,fragmented_or_mixed,4,high
IPX,us,14.8544,14.2712,0.004547356024,6.0184,20,0.5831999999999997,False,fragmented_or_mixed,4,high
IQ,us,52.4447,42.5738,0.024735206012,13.9697,20,9.870899999999999,False,broad_institutional,4,high
IQMX,us,5.4216,4.4799,0.000139050325,0.6551,20,0.9417,False,fragmented_or_mixed,4,high
IQST,us,7.8358,7.8353,0.0017966474930000002,3.9986,20,0.0004999999999997229,False,fragmented_or_mixed,4,high
IQV,us,107.7396,55.6601,0.022109101017,6.7823,20,52.079499999999996,True,data_anomaly,3,medium
IR,us,102.9732,66.3641,0.031175048014999995,7.9821,20,36.60910000000001,True,data_anomaly,3,medium
IRAA,us,35.9437,35.9026,0.017507385168000003,7.8087,20,0.041100000000000136,False,fragmented_or_mixed,4,high
IRAB,us,44.4757,44.3832,0.018446609802,7.8089,20,0.09250000000000114,False,fragmented_or_mixed,4,high
IRAB_U,us,31.3611,31.3611,0.010941930937000003,6.6679,18,0.0,False,fragmented_or_mixed,4,high
IRBT,us,5.3932,5.2835,0.000268200529,0.8425,20,0.10970000000000013,False,fragmented_or_mixed,4,high
IRD,us,65.6345,56.162,0.022439974842000002,7.3578,20,9.472500000000004,False,broad_institutional,4,high
IRDM,us,105.5269,65.7965,0.037645929865,11.8176,20,39.7304,True,data_anomaly,3,medium
IREN,us,54.7911000000002,33.3337,0.007514197451,3.5455,20,21.4574000000002,False,broad_institutional,4,high
IRHO,us,55.8331,54.3597,0.048026959689000004,19.6112,20,1.4734000000000052,False,broad_institutional,4,high
IRHOR,us,,,,,20,,False,insufficient_data,0,low
IRHOU,us,33.2943,32.4964,0.011576091660000001,6.364,20,0.7978999999999985,False,fragmented_or_mixed,4,high
IRIX,us,55.1203,52.622,0.026542776966,9.2961,20,2.4983000000000004,False,broad_institutional,4,high
IRM,us,88.9206000000003,51.515,0.024929328866000005,8.4079,20,37.405600000000305,False,broad_institutional,4,high
IRMD,us,94.6720000000001,70.1404,0.129093176572,34.6393,20,24.531600000000097,False,dominant_holder,4,high
IRON,us,116.0657,75.4007,0.037554495679,10.6828,20,40.665000000000006,True,data_anomaly,3,medium
IRS,us,18.4802,17.4462,0.0064446029719999985,6.4342,20,1.033999999999999,False,fragmented_or_mixed,4,high
IRS_T,us,,,,,11,,False,insufficient_data,0,low
IRT,us,104.1365,66.2755,0.038578719313000005,12.8641,20,37.861000000000004,True,data_anomaly,3,medium
IRTC,us,103.9231,58.6953,0.022353008835,6.9497,20,45.2278,True,data_anomaly,3,medium
IRWD,us,99.6826000000001,71.4106,0.034008454976,9.7349,20,28.27200000000009,False,broad_institutional,4,high
ISBA,us,20.7962,18.3132,0.004678949406000001,5.0666,20,2.4830000000000005,False,fragmented_or_mixed,4,high
ISOU,us,67.8919,64.4374,0.09279141772,27.8063,20,3.45450000000001,False,dominant_holder,4,high
ISPC,us,1.5688,1.5688,6.5710866e-05,0.5706,20,0.0,False,fragmented_or_mixed,4,high
ISPR,us,75.0126,74.1232,0.3394360054599999,57.9274,20,0.8894000000000091,False,dominant_holder,4,high
ISRG,us,92.3641000000021,42.4039,0.014107281908999998,6.533,20,49.9602000000021,False,broad_institutional,4,high
ISRL,us,84.8414,84.8414,0.35473754858999995,50.4123,20,0.0,False,dominant_holder,4,high
ISSC,us,75.3638,47.5554,0.014664583887999998,5.3615,20,27.8084,False,broad_institutional,4,high
ISTR,us,65.5519000000001,47.2451,0.015603829492999996,6.0054,20,18.306800000000102,False,broad_institutional,4,high
IT,us,118.3154,71.2773,0.040366612195,11.2892,20,47.0381,True,data_anomaly,3,medium
ITG,us,61.6358,61.6358,0.293709064336,53.681,5,0.0,False,dominant_holder,4,high
ITGR,us,119.6897,69.8056,0.039341830515999994,14.2519,20,49.884100000000004,True,data_anomaly,3,medium
ITHA,us,43.2156,40.5336,0.011364793382,5.4348,20,2.682000000000002,False,fragmented_or_mixed,4,high
ITHAU,us,25.337,24.2924,0.006119775716,4.3478,20,1.044599999999999,False,fragmented_or_mixed,4,high
ITIC,us,78.6737,66.6788,0.045194140928000004,11.2977,20,11.994900000000001,False,broad_institutional,4,high
ITOC,us,1.933,1.933,0.00015643580399999997,0.8886,20,0.0,False,fragmented_or_mixed,4,high
ITP,us,8.2017,8.2017,0.001697599807,3.1622,20,0.0,False,fragmented_or_mixed,4,high
ITRG,us,46.4624,37.898,0.014070885844000004,7.1912,20,8.5644,False,fragmented_or_mixed,4,high
ITRI,us,124.538,64.0897,0.038850160264999996,14.3309,20,60.4483,True,data_anomaly,3,medium
ITRM,us,3.8316,3.8315,0.00034492847499999993,1.6702,20,9.999999999976694e-05,False,fragmented_or_mixed,4,high
ITRN,us,83.4059,64.1278,0.053255120508,19.5165,20,19.27810000000001,False,broad_institutional,4,high
ITT,us,97.7904000000004,55.571,0.024247836983999998,8.1844,20,42.219400000000405,False,broad_institutional,4,high
ITUB,us,26.8387999999999,16.537,0.0017514860859999999,1.7294,20,10.3017999999999,False,fragmented_or_mixed,4,high
ITW,us,85.5655000000001,52.0187,0.025382388224999997,8.98,20,33.5468000000001,False,broad_institutional,4,high
IVA,us,27.4381,22.2598,0.0031730340100000003,2.486,20,5.1783,False,fragmented_or_mixed,4,high
IVCA,us,99.7821,99.7821,0.577475353341,69.8475,20,0.0,False,dominant_holder,4,high
IVCB,us,95.8181,95.8181,0.39639139920099997,56.6874,20,0.0,False,dominant_holder,4,high
IVDA,us,13.2108,13.2108,0.006255575174,7.393,20,0.0,False,fragmented_or_mixed,4,high
IVF,us,19.5571,19.5571,0.0064169213259999995,5.8611,20,0.0,False,fragmented_or_mixed,4,high
IVP,us,0.0168,0.0168,2.3912000000000003e-08,0.0154,20,0.0,False,fragmented_or_mixed,4,high
IVR,us,37.2103,28.2209,0.007982776449,6.4991,20,8.989399999999996,False,fragmented_or_mixed,4,high
IVR_PC,us,23.8294,23.8294,0.026675335064000008,14.7322,6,0.0,False,fragmented_or_mixed,4,high
IVT,us,83.6435999999999,56.676,0.034352957302,10.1634,20,26.967599999999905,False,broad_institutional,4,high
IVVD,us,101.0562,82.484,0.04675164654800001,11.0463,20,18.57220000000001,True,data_anomaly,3,medium
IVZ,us,95.0554000000003,65.7045,0.05239822787900001,18.3472,20,29.35090000000031,False,broad_institutional,4,high
IX,us,3.18060000000001,2.3652,5.6379490000000004e-05,0.5427,20,0.8154000000000097,False,fragmented_or_mixed,4,high
IXAQ,us,85.0942,85.0942,0.724102287364,85.0942,19,0.0,False,dominant_holder,4,high
IXHL,us,17.0141,16.975,0.006266748002,6.7383,20,0.03909999999999769,False,fragmented_or_mixed,4,high
IZEA,us,36.65,34.9677,0.032207756833,17.1414,20,1.682299999999998,False,fragmented_or_mixed,4,high
IZM,us,6.195,6.195,0.0013795252999999998,3.053,17,0.0,False,fragmented_or_mixed,4,high
J,us,91.5911000000003,47.3125,0.017790729075,6.4641,20,44.278600000000296,False,broad_institutional,4,high
JACK,us,113.6367,77.9953,0.041148049481,9.8789,20,35.641400000000004,True,data_anomaly,3,medium
JACS,us,100.748,74.8562,0.03202604199,6.8092,20,25.891800000000003,True,data_anomaly,3,medium
JACS_R,us,,,,,20,,False,insufficient_data,0,low
JACS_U,us,4.4235,4.4235,0.000936259551,2.1739,20,0.0,False,fragmented_or_mixed,4,high
JAGU,us,48.8929,48.8929,0.03740076850699999,16.1097,20,0.0,False,fragmented_or_mixed,4,high
JAGX,us,1.3796,1.3796,5.9130740000000016e-05,0.6277,20,0.0,False,fragmented_or_mixed,4,high
JAKK,us,87.3542,66.3475,0.044925772185000004,16.6093,20,21.00670000000001,False,broad_institutional,4,high
JAN,us,86.0561000000002,79.4027,0.429214111343,65.4106,20,6.653400000000204,False,dominant_holder,4,high
JANX,us,109.8397,79.6029,0.06086547661500001,18.3575,20,30.236799999999988,True,data_anomaly,3,medium
JATT,us,39.8348,39.8348,0.04932434365999999,19.3146,9,0.0,False,fragmented_or_mixed,4,high
JAZZ,us,112.6976,59.1402,0.022139715009999998,8.1508,20,53.557399999999994,True,data_anomaly,3,medium
JBDI,us,76.6483,76.6483,0.21045153006500003,41.4935,18,0.0,False,dominant_holder,4,high
JBGS,us,101.1667,75.2164,0.056948375704,16.2082,20,25.950300000000013,True,data_anomaly,3,medium
JBHT,us,102.2431,61.4731,0.05168737697699999,19.514,20,40.769999999999996,True,data_anomaly,3,medium
JBI,us,110.3766,70.7389,0.031345267377,8.9026,20,39.637699999999995,True,data_anomaly,3,medium
JBIO,us,96.004,78.4146,0.04786203447200001,11.4258,20,17.589400000000012,False,broad_institutional,4,high
JBL,us,99.5239000000002,54.9487,0.022585275307,6.4376,20,44.575200000000194,False,broad_institutional,4,high
JBLU,us,90.5417000000001,63.0164,0.034924661368,10.9056,20,27.525300000000108,False,broad_institutional,4,high
JBS,us,77.7272,68.647,0.15097141461400002,29.8121,20,9.08019999999999,False,dominant_holder,4,high
JBSS,us,111.6973,75.942,0.055563704054,13.6297,20,35.755300000000005,True,data_anomaly,3,medium
JBTM,us,106.8554,61.4041,0.033268114331,13.2946,20,45.4513,True,data_anomaly,3,medium
JCAP,us,102.8825,94.2285,0.360391012153,59.045,20,8.653999999999996,True,data_anomaly,3,medium
JCI,us,94.2244000000004,49.0072,0.022014775994000004,9.4255,20,45.2172000000004,False,broad_institutional,4,high
JCSE,us,0.0356,0.0356,7.344999999999999e-08,0.0249,12,0.0,False,fragmented_or_mixed,4,high
JCTC,us,51.0785,50.9686,0.05933825680200001,20.9804,20,0.10989999999999611,False,dominant_holder,4,high
JD,us,17.1944,10.5817,0.000699608267,0.9769,20,6.612700000000002,False,fragmented_or_mixed,4,high
JDZG,us,0.4884,0.4884,1.5927791999999998e-05,0.3932,10,0.0,False,fragmented_or_mixed,4,high
JEF,us,99.7611,64.681,0.034602966340000006,10.7266,20,35.0801,False,broad_institutional,4,high
JELD,us,97.0507000000001,74.5346,0.06051135975,19.2981,20,22.516100000000108,False,broad_institutional,4,high
JEM,us,11.829,11.829,0.010514786268000002,10.1727,13,0.0,False,fragmented_or_mixed,4,high
JENA,us,85.8902,64.1117,0.023098733084999996,6.6738,20,21.778499999999994,False,broad_institutional,4,high
JENA_R,us,,,,,20,,False,insufficient_data,0,low
JENA_U,us,14.8119,14.8119,0.004231449601,5.1644,20,0.0,False,fragmented_or_mixed,4,high
JETD,us,4.5351,4.5351,0.0009330965709999998,2.4029,6,0.0,False,fragmented_or_mixed,4,high
JETU,us,0.0,0.0,0.0,0.0,2,0.0,False,fragmented_or_mixed,4,high
JEWL,us,0.0,0.0,0.0,0.0,11,0.0,False,fragmented_or_mixed,4,high
JF,us,3.7814,3.7814,0.0008332277979999999,2.8588,18,0.0,False,fragmented_or_mixed,4,high
JFB,us,46.8068,45.8671,0.10667076291299998,32.1299,20,0.939700000000002,False,dominant_holder,4,high
JFIN,us,29.3917,29.0685,0.06504835258900002,25.4832,20,0.32319999999999993,False,dominant_holder,4,high
JFU,us,47.1385,47.1385,0.078083564101,25.0042,19,0.0,False,dominant_holder,4,high
JG,us,10.4203,10.4203,0.007576922043000002,8.6445,20,0.0,False,fragmented_or_mixed,4,high
JHG,us,91.9545000000002,59.3487,0.041046119963,16.6505,20,32.605800000000194,False,broad_institutional,4,high
JHX,us,49.3041000000001,33.4309,0.012634040323000001,7.9762,20,15.873200000000097,False,fragmented_or_mixed,4,high
JILL,us,102.8338,94.3051,0.2658760423789999,49.0852,20,8.5287,True,data_anomaly,3,medium
JJSF,us,100.0582,73.1895,0.064792300471,18.6553,20,26.868700000000004,True,data_anomaly,3,medium
JKHY,us,107.8578,55.8258,0.024035968463999996,7.6841,20,52.032,True,data_anomaly,3,medium
JKS,us,80.1721,70.624,0.060988532,20.0375,20,9.548100000000005,False,dominant_holder,4,high
JL,us,21.5725,21.5725,0.018324956689000003,10.3815,17,0.0,False,fragmented_or_mixed,4,high
JLHL,us,87.7713,87.7713,0.7629518511750001,87.3467,6,0.0,False,dominant_holder,4,high
JLL,us,99.4208000000001,58.9523,0.028768798939,9.3726,20,40.4685000000001,False,broad_institutional,4,high
JMG,us,40.9444,40.9444,0.161410959514,40.1723,7,0.0,False,dominant_holder,4,high
JMIA,us,39.5629,34.4539,0.022265888149,9.9513,20,5.109000000000002,False,fragmented_or_mixed,4,high
JMSB,us,62.6391,52.0569,0.030377699348999997,13.9279,20,10.5822,False,broad_institutional,4,high
JNJ,us,76.8982000000063,36.3425,0.013052314544999999,6.4984,20,40.5557000000063,False,broad_institutional,4,high
JOB,us,51.783,50.4231,0.028459761549000002,9.0586,20,1.3599000000000032,False,broad_institutional,4,high
JOBY,us,73.4221000000003,58.5533,0.038349617388999994,13.059,20,14.868800000000299,False,broad_institutional,4,high
JOBY_T,us,,,,,20,,False,insufficient_data,0,low
JOE,us,86.9729000000001,69.9421,0.117526603401,31.6712,20,17.0308000000001,False,dominant_holder,4,high
JOUT,us,77.7675000000001,51.1917,0.021590859209000002,10.2564,20,26.5758000000001,False,broad_institutional,4,high
JOYY,us,68.8649000000001,39.6876,0.009330794368,4.3107,20,29.177300000000102,False,broad_institutional,4,high
JPM,us,76.6442000000059,34.0596,0.010977056176,6.2177,20,42.58460000000589,False,broad_institutional,4,high
JPMO,us,6.8883,6.8883,0.0008799854189999999,1.6965,20,0.0,False,fragmented_or_mixed,4,high
JPM_PC,us,0.3329,0.3329,2.438565e-06,0.0991,20,0.0,False,fragmented_or_mixed,4,high
JPM_PD,us,0.1161,0.1161,4.06907e-07,0.0545,20,0.0,False,fragmented_or_mixed,4,high
JPM_PJ,us,15.3203,15.3203,0.007186238324999999,6.6604,20,0.0,False,fragmented_or_mixed,4,high
JPM_PL,us,17.3105,17.2962,0.007491388404000002,6.6996,20,0.0143000000000022,False,fragmented_or_mixed,4,high
JPY,us,33.055,33.055,0.07472236007599999,27.1023,12,0.0,False,dominant_holder,4,high
JRSH,us,59.0365,58.8646,0.10142700986,29.1015,20,0.17189999999999372,False,dominant_holder,4,high
JRVR,us,90.6411999999999,74.8474,0.05117000961600001,12.6725,20,15.793799999999905,False,broad_institutional,4,high
JSPR,us,50.4341,45.3419,0.017322862328999995,8.0193,20,5.092199999999998,False,broad_institutional,4,high
JSPRW,us,,,,,16,,False,insufficient_data,0,low
JTAI,us,14.8219,14.8217,0.016284214420999997,12.6607,20,0.00019999999999953388,False,fragmented_or_mixed,4,high
JUNS,us,41.2769,41.2769,0.056156173600999996,21.9382,20,0.0,False,dominant_holder,4,high
JVA,us,34.9211,33.9088,0.01436178329,7.1938,20,1.0123000000000033,False,fragmented_or_mixed,4,high
JWEL,us,14.3641,14.3641,0.019747382569,14.0496,13,0.0,False,fragmented_or_mixed,4,high
JWSM,us,100.0412,100.0412,0.993033501474,99.6503,20,0.0,True,data_anomaly,2,medium
JXG,us,27.7998,27.7998,0.049568794865999986,21.5216,11,0.0,False,dominant_holder,4,high
JXN,us,99.2342000000001,62.383,0.030102702040000002,8.6971,20,36.8512000000001,False,broad_institutional,4,high
JYD,us,18.8083,18.8071,0.0030961270029999997,2.686,20,0.001200000000000756,False,fragmented_or_mixed,4,high
JYNT,us,91.6452000000001,80.1202,0.10532562131200002,27.6197,20,11.525000000000105,False,dominant_holder,4,high
JZ,us,0.0024,0.0024,1.18e-10,0.0007,13,0.0,False,fragmented_or_mixed,4,high
JZXN,us,5.4791,5.4791,0.018168191434000006,13.4479,20,0.0,False,fragmented_or_mixed,4,high
K,us,0.6582,0.6214,4.934458e-06,0.1258,20,0.036800000000000055,False,fragmented_or_mixed,4,high
KACL,us,85.8084,85.8084,0.48006528587799996,67.7152,13,0.0,False,dominant_holder,4,high
KAI,us,113.3406,73.0458,0.04642078255800001,13.2885,20,40.294799999999995,True,data_anomaly,3,medium
KALA,us,1.8669,1.8579,0.00016254472500000004,1.241,20,0.008999999999999897,False,fragmented_or_mixed,4,high
KALU,us,102.0129,68.2844,0.045212744736,14.6372,20,33.7285,True,data_anomaly,3,medium
KALV,us,126.9191,93.5685,0.056493414597,12.2356,20,33.3506,True,data_anomaly,3,medium
KAPA,us,41.6423,41.6423,0.06850359372499999,24.9737,20,0.0,False,dominant_holder,4,high
KARD,us,68.2053,68.2053,0.089284372287,18.9358,20,0.0,False,broad_institutional,4,high
KARO,us,84.2781,82.1176,0.352958415444,57.9995,20,2.160499999999999,False,dominant_holder,4,high
KAVL,us,30.7646,30.7646,0.047319961028000006,15.3876,20,0.0,False,fragmented_or_mixed,4,high
KAZR,us,20.2558,20.2549,0.0061873003490000005,5.3595,20,0.0009000000000014552,False,fragmented_or_mixed,4,high
KB,us,6.1962,3.8562,0.00013422507400000003,0.7062,20,2.3400000000000003,False,fragmented_or_mixed,4,high
KBDC,us,76.4098,68.3968,0.06349177047800002,18.3592,20,8.013000000000005,False,broad_institutional,4,high
KBH,us,108.82,66.612,0.03535353396,12.1561,20,42.208,True,data_anomaly,3,medium
KBON,us,40.4075,40.1235,0.015472074411000004,7.6293,20,0.2839999999999989,False,fragmented_or_mixed,4,high
KBONU,us,19.9668,19.9667,0.003657083676999999,2.8257,20,9.999999999976694e-05,False,fragmented_or_mixed,4,high
KBR,us,101.6457,61.4957,0.032545628061,11.4292,20,40.150000000000006,True,data_anomaly,3,medium
KBSX,us,43.466,43.466,0.07451117274600001,25.2353,20,0.0,False,dominant_holder,4,high
KBWR,us,31.8165,30.9063,0.016210002789,11.3197,20,0.9101999999999997,False,fragmented_or_mixed,4,high
KC,us,5.6545,4.9006,0.00030786867800000004,1.3648,20,0.7538999999999998,False,fragmented_or_mixed,4,high
KCA_U,us,0.2,0.2,4e-06,0.2,1,0.0,False,fragmented_or_mixed,4,high
KCHV,us,99.5604,77.7634,0.037541870988,8.3256,20,21.796999999999997,False,broad_institutional,4,high
KCHVR,us,,,,,20,,False,insufficient_data,0,low
KCHVU,us,5.3015,5.3015,0.0007339761930000001,2.0293,20,0.0,False,fragmented_or_mixed,4,high
KD,us,88.8890000000004,57.5971,0.026336115993,8.8565,20,31.291900000000396,False,broad_institutional,4,high
KDK,us,70.5665,66.0299,0.046543991869000004,14.2776,20,4.536600000000007,False,broad_institutional,4,high
KDP,us,107.6751,72.3426,0.03534452824,8.1112,20,35.332499999999996,True,data_anomaly,3,medium
KE,us,89.7476,55.4855,0.022393000416999993,7.3974,20,34.262100000000004,False,broad_institutional,4,high
KEEL,us,54.7389000000001,37.0326,0.00913688686,4.9523,20,17.7063000000001,False,broad_institutional,4,high
KELYA,us,106.8709,64.7359,0.025491095043000005,6.5492,20,42.135000000000005,True,data_anomaly,3,medium
KELYB,us,94.913,94.913,0.850977385848,92.23,20,0.0,False,dominant_holder,4,high
KEN,us,88.1998000000001,86.608,0.40066617922600006,62.3653,20,1.5918000000000916,False,dominant_holder,4,high
KEP,us,1.9014,1.2704,1.2727203999999998e-05,0.2347,20,0.631,False,fragmented_or_mixed,4,high
KEQU,us,67.7195,61.5344,0.029321138384,7.9888,20,6.1850999999999985,False,broad_institutional,4,high
KEX,us,104.2817,60.853,0.025170942712000002,8.5924,20,43.4287,True,data_anomaly,3,medium
KEY,us,90.4757000000004,56.8641,0.03736135835300001,14.98,20,33.6116000000004,False,broad_institutional,4,high
KEYS,us,93.0275000000007,50.2553,0.022351101679,8.5957,20,42.7722000000007,False,broad_institutional,4,high
KEY_PI,us,3.583,3.583,0.00115535564,3.3965,20,0.0,False,fragmented_or_mixed,4,high
KEY_PJ,us,0.7452,0.7452,5.2936108000000005e-05,0.7275,17,0.0,False,fragmented_or_mixed,4,high
KEY_PK,us,0.0168,0.0168,1.5458000000000002e-08,0.0111,14,0.0,False,fragmented_or_mixed,4,high
KFFB,us,66.0478,66.0112,0.34234794532800006,58.4655,20,0.03659999999999286,False,dominant_holder,4,high
KFII,us,98.4064,76.8603,0.033999044460999994,7.1347,20,21.54610000000001,False,broad_institutional,4,high
KFIIR,us,,,,,20,,False,insufficient_data,0,low
KFIIU,us,5.2052,5.2052,0.0009452557499999999,2.5276,20,0.0,False,fragmented_or_mixed,4,high
KFRC,us,105.4357,62.5926,0.028833590408,11.0159,20,42.8431,True,data_anomaly,3,medium
KFS,us,76.7944,71.8983,0.04683176539300001,11.6195,20,4.89609999999999,False,broad_institutional,4,high
KFY,us,105.1785,68.8024,0.042320022268,14.0897,20,36.376099999999994,True,data_anomaly,3,medium
KG,us,161.8399,155.4986,0.7323237171820001,82.9735,20,6.34129999999999,True,data_anomaly,2,medium
KGC,us,69.4345000000001,35.2457,0.012343274136999996,8.8126,20,34.1888000000001,False,broad_institutional,4,high
KGEI,us,71.7156,66.2051,0.081158719019,19.7727,20,5.510499999999993,False,broad_institutional,4,high
KGS,us,93.3910000000001,55.8339,0.027774220063000003,11.2683,20,37.557100000000105,False,broad_institutional,4,high
KHC,us,94.5214000000004,61.9371,0.085286292111,27.4617,20,32.5843000000004,False,dominant_holder,4,high
KIDS,us,99.4574,76.4661,0.089521950449,26.8708,20,22.99130000000001,False,dominant_holder,4,high
KIDZ,us,0.3624,0.3624,3.389978e-06,0.1678,20,0.0,False,fragmented_or_mixed,4,high
KIDZW,us,,,,,20,,False,insufficient_data,0,low
KIM,us,106.6971,65.7586,0.03404412569799999,8.6161,20,40.938500000000005,True,data_anomaly,3,medium
KIM_PL,us,0.1945,0.1945,1.9831950000000004e-06,0.1269,15,0.0,False,fragmented_or_mixed,4,high
KIM_PM,us,0.4493,0.4493,1.0656189000000001e-05,0.2896,18,0.0,False,fragmented_or_mixed,4,high
KIM_PN,us,37.5639,37.5639,0.023930996229,10.8292,20,0.0,False,fragmented_or_mixed,4,high
KINS,us,77.0428,52.8726,0.018397544294,6.343,20,24.1702,False,broad_institutional,4,high
KITT,us,4.272,4.1769,0.024679500893,15.6474,20,0.0951000000000004,False,fragmented_or_mixed,4,high
KITTW,us,,,,,17,,False,insufficient_data,0,low
KKR,us,85.3354000000005,55.9892,0.026981461306,9.3402,20,29.346200000000508,False,broad_institutional,4,high
KKR_PD,us,193.8927,184.9012,1.0941422749340002,97.971,20,8.991500000000002,True,data_anomaly,1,low
KLAC,us,97.1245000000028,49.6537,0.017672367157,6.5219,20,47.4708000000028,False,broad_institutional,4,high
KLAR,us,72.8751,60.6204,0.04250749322800001,14.5536,20,12.254700000000007,False,broad_institutional,4,high
KLC,us,92.8902,87.9605,0.47728166120300003,68.7494,20,4.929699999999997,False,dominant_holder,4,high
KLIC,us,98.1510000000001,57.1813,0.032172216309,14.3107,20,40.969700000000095,False,broad_institutional,4,high
KLRA,us,47.1282,47.0671,0.07278979876700001,20.2643,20,0.06109999999999616,False,dominant_holder,4,high
KLRS,us,85.9211,81.949,0.3010531545519999,54.2217,20,3.9720999999999975,False,dominant_holder,4,high
KLTR,us,68.2553000000001,60.1342,0.040055000954000004,11.1669,20,8.121100000000105,False,broad_institutional,4,high
KLXE,us,32.4169,28.4787,0.009215369587000002,7.4185,20,3.9381999999999984,False,fragmented_or_mixed,4,high
KMB,us,93.6697000000002,48.3856,0.019143753162,6.5219,20,45.28410000000021,False,broad_institutional,4,high
KMDA,us,56.2205,55.0075,0.15049357975899996,38.2867,20,1.213000000000001,False,dominant_holder,4,high
KMI,us,83.1484000000003,46.5946,0.025524147402,11.6003,20,36.553800000000294,False,broad_institutional,4,high
KMPR,us,92.5775,60.6696,0.030603643216,11.1815,20,31.907899999999998,False,broad_institutional,4,high
KMRK,us,98.0891,98.0891,0.34858863470099993,48.1928,9,0.0,False,dominant_holder,4,high
KMT,us,116.7709,78.4567,0.05802510405299999,13.9295,20,38.3142,True,data_anomaly,3,medium
KMTS,us,108.8742,97.261,0.21173208786400002,42.9544,20,11.613200000000006,True,data_anomaly,3,medium
KMX,us,109.292,69.628,0.033805868238,10.8652,20,39.664,True,data_anomaly,3,medium
KN,us,105.1975,67.8798,0.04168222961,14.1045,20,37.3177,True,data_anomaly,3,medium
KNDI,us,15.5579,15.5156,0.016572191478,12.7684,20,0.04230000000000089,False,fragmented_or_mixed,4,high
KNF,us,104.0975,70.3342,0.036061430639999996,11.0048,20,33.7633,True,data_anomaly,3,medium
KNRX,us,46.2678,46.2678,0.05661587903999999,17.1084,14,0.0,False,fragmented_or_mixed,4,high
KNSA,us,108.678,63.2846,0.031309168378000005,10.4838,20,45.3934,True,data_anomaly,3,medium
KNSL,us,103.6807,63.9441,0.033461093259000006,10.8563,20,39.7366,True,data_anomaly,3,medium
KNTK,us,106.4588,73.2998,0.049360978516000006,16.192,20,33.15899999999999,True,data_anomaly,3,medium
KNW,us,95.6495,95.649,0.8507294406280002,92.186,20,0.0005000000000023874,False,dominant_holder,4,high
KNX,us,106.2585,64.7934,0.029359478833999995,8.5607,20,41.46509999999999,True,data_anomaly,3,medium
KO,us,77.9681000000055,40.9353,0.018099215139,9.297,20,37.03280000000551,False,broad_institutional,4,high
KOD,us,102.9947,80.2865,0.117048177409,31.8307,20,22.70819999999999,True,data_anomaly,3,medium
KODK,us,75.0133000000001,63.0403,0.04654391018500001,15.4744,20,11.973000000000098,False,broad_institutional,4,high
KOF,us,36.8771,27.3581,0.015822301403000002,11.8329,20,9.518999999999998,False,fragmented_or_mixed,4,high
KOP,us,113.3026,75.9643,0.047547291275,14.4062,20,37.338300000000004,True,data_anomaly,3,medium
KOPN,us,60.1449000000001,47.791,0.019524445843999996,6.376,20,12.353900000000102,False,broad_institutional,4,high
KORE,us,70.2592,65.8637,0.047806854633,11.951,20,4.395500000000013,False,broad_institutional,4,high
KOS,us,73.0164000000001,44.6419,0.013938448489000001,5.8266,20,28.374500000000104,False,broad_institutional,4,high
KOSS,us,48.771,48.612,0.13722608460600008,36.7989,20,0.15899999999999892,False,dominant_holder,4,high
KOYN,us,75.0237,53.6918,0.017111829577999997,5.3924,20,21.331900000000005,False,broad_institutional,4,high
KOYNU,us,11.2946,11.2946,0.0029469295839999994,4.6042,20,0.0,False,fragmented_or_mixed,4,high
KPET,us,75.8478,75.8478,0.14517827317600002,22.2391,8,0.0,False,dominant_holder,4,high
KPLT,us,66.9221,65.1516,0.08369988629200001,20.4836,20,1.7704999999999984,False,dominant_holder,4,high
KPLTW,us,,,,,20,,False,insufficient_data,0,low
KPRX,us,25.5122,25.4407,0.013003951470999996,9.8934,20,0.07150000000000034,False,fragmented_or_mixed,4,high
KPTI,us,81.671,65.8959,0.035855084849,8.6044,20,15.775100000000009,False,broad_institutional,4,high
KR,us,91.1602000000006,52.5191,0.023148224714999995,8.1613,20,38.6411000000006,False,broad_institutional,4,high
KRAQ,us,38.5311,38.3544,0.016098937302000006,7.3255,20,0.17670000000000385,False,fragmented_or_mixed,4,high
KRC,us,128.2989,84.3527,0.048119792803,9.8805,20,43.946200000000005,True,data_anomaly,3,medium
KREF,us,86.8141000000002,65.2798,0.05249757836400001,17.0713,20,21.5343000000002,False,broad_institutional,4,high
KREF_PA,us,24.9135,24.9135,0.012808245171000002,7.3029,19,0.0,False,fragmented_or_mixed,4,high
KRG,us,108.6896,74.4234,0.056035803520000003,13.6382,20,34.2662,True,data_anomaly,3,medium
KRKR,us,8.4954,8.4954,0.005236757574000001,7.1736,14,0.0,False,fragmented_or_mixed,4,high
KRMD,us,65.7293,55.3922,0.032986760906,11.029,20,10.337099999999992,False,broad_institutional,4,high
KRMN,us,100.1197,55.7198,0.020072322915999998,8.6437,20,44.399899999999995,True,data_anomaly,3,medium
KRNT,us,101.0041,74.7505,0.040155010890999994,9.6386,20,26.25359999999999,True,data_anomaly,3,medium
KRNY,us,80.6606,58.2006,0.024672008312000004,7.902,20,22.46,False,broad_institutional,4,high
KRO,us,97.3672000000001,93.4322,0.349610368538,50.4028,20,3.9350000000001017,False,dominant_holder,4,high
KROS,us,101.6099,64.2085,0.027080837528999997,10.0956,20,37.401399999999995,True,data_anomaly,3,medium
KRRO,us,87.9766,75.4516,0.042956224056000004,10.6659,20,12.525000000000006,False,broad_institutional,4,high
KRSP,us,60.6153,55.2805,0.025977799285000006,6.956,20,5.334799999999994,False,broad_institutional,4,high
KRSP_U,us,42.0221,41.8959,0.024107501511,9.3763,20,0.1262000000000043,False,fragmented_or_mixed,4,high
KRT,us,92.6416000000001,78.3481,0.16571135716699997,30.5814,20,14.293500000000094,False,dominant_holder,4,high
KRUS,us,132.3789,103.5517,0.170487501511,37.0097,20,28.82719999999999,True,data_anomaly,2,medium
KRYS,us,112.1008,83.9345,0.06276970435899999,14.7308,20,28.166300000000007,True,data_anomaly,3,medium
KSCP,us,19.6727,18.3839,0.008336765606000003,8.6843,20,1.2887999999999984,False,fragmented_or_mixed,4,high
KSPI,us,69.7201000000002,56.7516,0.06461429381799999,21.4025,20,12.968500000000198,False,dominant_holder,4,high
KSS,us,114.0259,66.3248,0.038079516092,13.9891,20,47.7011,True,data_anomaly,3,medium
KT,us,33.2850000000001,23.1613,0.004629438187,4.7584,20,10.123700000000103,False,fragmented_or_mixed,4,high
KTB,us,102.0838,61.9321,0.033692308919,13.0156,20,40.1517,True,data_anomaly,3,medium
KTCC,us,50.9522,48.8917,0.034384904481000005,14.6092,20,2.0604999999999976,False,broad_institutional,4,high
KTOS,us,93.4394000000003,51.5311,0.027977410695,13.3312,20,41.9083000000003,False,broad_institutional,4,high
KTTA,us,68.1998,67.4499,0.043498206787,11.4772,20,0.7498999999999967,False,broad_institutional,4,high
KTTAW,us,,,,,10,,False,insufficient_data,0,low
KTWO,us,53.5278,53.0074,0.022463262733999997,8.7624,20,0.5204000000000022,False,broad_institutional,4,high
KTWOR,us,,,,,20,,False,insufficient_data,0,low
KTWOU,us,11.4246,11.4246,0.002463832708,3.5394,12,0.0,False,fragmented_or_mixed,4,high
KUKE,us,6.7765,6.7765,0.0044677791590000005,6.6839,18,0.0,False,fragmented_or_mixed,4,high
KULR,us,29.976,26.951,0.010126297286000003,6.7399,20,3.0249999999999986,False,fragmented_or_mixed,4,high
KURA,us,101.6665,70.1324,0.038986672634,9.7068,20,31.534099999999995,True,data_anomaly,3,medium
KUST,us,7.5361,7.5361,0.002276177655,4.5104,20,0.0,False,fragmented_or_mixed,4,high
KVAC,us,118.611,118.3447,0.6297529750730003,77.6547,20,0.2663000000000011,True,data_anomaly,2,medium
KVACU,us,0.0484,0.0484,9.640800000000001e-08,0.0228,13,0.0,False,fragmented_or_mixed,4,high
KVHI,us,66.009,56.7647,0.045837733170999984,17.996,20,9.244300000000003,False,broad_institutional,4,high
KVUE,us,92.6553000000005,51.2472,0.019308207001999998,6.4804,20,41.408100000000495,False,broad_institutional,4,high
KVYO,us,106.5004,66.3313,0.028273927568999997,8.3067,20,40.1691,True,data_anomaly,3,medium
KW,us,76.8091000000001,54.6365,0.030786390353,12.6163,20,22.172600000000102,False,broad_institutional,4,high
KWM,us,31.7971,31.7971,0.019865149531000003,9.7406,20,0.0,False,fragmented_or_mixed,4,high
KWR,us,114.8389,78.3902,0.070191091604,20.9607,20,36.4487,True,data_anomaly,3,medium
KWY,us,76.7944,71.8983,0.04683176539300001,11.6195,20,4.89609999999999,False,broad_institutional,4,high
KXIN,us,1.5561,1.5561,0.00023379425099999998,1.5288,19,0.0,False,fragmented_or_mixed,4,high
KYIV,us,93.5586,92.4693,0.6997270800509999,83.585,20,1.0892999999999944,False,dominant_holder,4,high
KYMR,us,115.8204,87.2137,0.056407204035,10.5246,20,28.606700000000004,True,data_anomaly,3,medium
KYNB,us,28.9184,28.5404,0.013353595865999998,9.8811,20,0.37799999999999656,False,fragmented_or_mixed,4,high
KYTX,us,82.0081,65.2025,0.032618653666999994,7.8576,20,16.8056,False,broad_institutional,4,high
KZIA,us,54.0232,53.8013,0.05341284969500001,19.7036,20,0.2219000000000051,False,broad_institutional,4,high
KZR,us,77.0377999999999,70.224,0.04376343858000001,9.7566,20,6.813799999999901,False,broad_institutional,4,high
L,us,80.0765000000003,56.144,0.023999260026000006,7.8124,20,23.932500000000296,False,broad_institutional,4,high
LAB,us,78.836,70.1298,0.08566345288799998,22.68,20,8.706199999999995,False,dominant_holder,4,high
LABT,us,0.0006,0.0006,0.022679499898999998,11.6153,8,0.0,False,fragmented_or_mixed,4,high
LAC,us,38.0852000000001,27.7691,0.009129168707000002,7.1093,20,10.316100000000098,False,fragmented_or_mixed,4,high
LAD,us,113.519,71.3872,0.042190854869999996,10.9206,20,42.1318,True,data_anomaly,3,medium
LADR,us,76.4643000000001,53.8105,0.021352445944999996,6.9599,20,22.653800000000096,False,broad_institutional,4,high
LAES,us,14.7083,13.6188,0.004208786858000001,5.5921,20,1.0894999999999992,False,fragmented_or_mixed,4,high
LAFA,us,79.8848999999999,65.6299,0.040760960967,16.3025,20,14.254999999999896,False,broad_institutional,4,high
LAFAR,us,,,,,20,,False,insufficient_data,0,low
LAFAU,us,9.3719,9.3719,0.001737953239,2.964,20,0.0,False,fragmented_or_mixed,4,high
LAKE,us,102.5462,87.918,0.07361202385400001,15.2822,20,14.628199999999993,True,data_anomaly,3,medium
LAMR,us,104.1986,60.721,0.030123880774000005,10.6782,20,43.4776,True,data_anomaly,3,medium
LAND,us,43.9638,33.6789,0.011800476363,6.1634,20,10.2849,False,fragmented_or_mixed,4,high
LANDM,us,0.0,0.0,0.0,0.0,5,0.0,False,fragmented_or_mixed,4,high
LANDO,us,8.0775,8.0775,0.004814348623,6.8467,6,0.0,False,fragmented_or_mixed,4,high
LANDP,us,1.2601,1.2601,0.000130901665,1.141,5,0.0,False,fragmented_or_mixed,4,high
LANV,us,91.1643,91.1643,0.6041596056790002,77.2453,20,0.0,False,dominant_holder,4,high
LANV_T,us,,,,,20,,False,insufficient_data,0,low
LAR,us,54.4989000000001,42.7681,0.018374713063000005,9.633,20,11.730800000000102,False,broad_institutional,4,high
LARK,us,57.3947,50.1917,0.019498273067000003,6.381,20,7.203000000000003,False,broad_institutional,4,high
LASE,us,28.3134,28.1387,0.017309429736999997,9.3157,20,0.1747000000000014,False,fragmented_or_mixed,4,high
LASR,us,92.6475000000001,48.1848,0.014768115859999998,6.4111,20,44.46270000000009,False,broad_institutional,4,high
LATA,us,85.6729,68.3736,0.027189128268,7.8261,20,17.299300000000002,False,broad_institutional,4,high
LATAU,us,7.6688,7.6688,0.002099373302,4.3478,20,0.0,False,fragmented_or_mixed,4,high
LAUR,us,115.5771,73.1079,0.04457056410300001,13.3442,20,42.4692,True,data_anomaly,3,medium
LAW,us,102.2976,85.9192,0.078617568124,13.4917,20,16.3784,True,data_anomaly,3,medium
LAWR,us,67.5053,67.5053,0.3859654684949999,61.906,9,0.0,False,dominant_holder,4,high
LAZ,us,96.3637000000003,66.1777,0.035025567447,9.6308,20,30.186000000000305,False,broad_institutional,4,high
LAZR,us,4.8804,4.8801,0.000658525799,2.3203,20,0.000300000000000189,False,fragmented_or_mixed,4,high
LB,us,110.2698,92.3622,0.135626626738,24.6485,20,17.907600000000002,True,data_anomaly,3,medium
LBGJ,us,6.1095,6.1095,0.0017491704309999998,3.9953,13,0.0,False,fragmented_or_mixed,4,high
LBRDA,us,96.9829999999999,64.7888,0.025470408785999998,6.902,20,32.19419999999991,False,broad_institutional,4,high
LBRDK,us,95.6310000000001,56.8637,0.020011320027000006,5.8916,20,38.7673000000001,False,broad_institutional,4,high
LBRDP,us,22.8107,22.8107,0.011769074837,6.5857,16,0.0,False,fragmented_or_mixed,4,high
LBRT,us,114.9553,65.07,0.037212653694,13.7773,20,49.8853,True,data_anomaly,3,medium
LBRX,us,108.1903,89.327,0.04985239076399999,11.6918,20,18.863299999999995,True,data_anomaly,3,medium
LBTYA,us,109.7614,76.0379,0.044145951199,13.4759,20,33.7235,True,data_anomaly,3,medium
LBTYB,us,98.0811,98.0811,0.514168142547,67.7585,20,0.0,False,dominant_holder,4,high
LBTYK,us,88.1587999999999,66.2746,0.035366111438,11.1069,20,21.884199999999893,False,broad_institutional,4,high
LC,us,93.5241000000002,62.8689,0.032057267899,11.0601,20,30.655200000000207,False,broad_institutional,4,high
LCCC,us,90.9962,83.2736,0.07246569557400001,22.1786,20,7.7226,False,dominant_holder,4,high
LCCCR,us,,,,,20,,False,insufficient_data,0,low
LCCCU,us,14.4024,14.4024,0.003139707161999999,3.3689,20,0.0,False,fragmented_or_mixed,4,high
LCFY,us,23.4969,23.4969,0.016120693763000002,9.7288,16,0.0,False,fragmented_or_mixed,4,high
LCFYW,us,,,,,6,,False,insufficient_data,0,low
LCID,us,72.7985000000003,67.3599,0.21663005253699996,45.3775,20,5.4386000000003065,False,dominant_holder,4,high
LCII,us,99.5679,60.6985,0.029817033599000002,11.1895,20,38.86939999999999,False,broad_institutional,4,high
LCLN,us,55.0221,54.618,0.03246735068599999,10.6177,20,0.4040999999999997,False,broad_institutional,4,high
LCNB,us,46.9927000000001,33.3766,0.009386410878,4.7968,20,13.616100000000095,False,fragmented_or_mixed,4,high
LCTX,us,50.4518,45.8258,0.045431138919999996,19.8802,20,4.625999999999998,False,broad_institutional,4,high
LCUT,us,86.156,75.5691,0.08751435964899999,26.2223,20,10.5869,False,dominant_holder,4,high
LDI,us,76.2594,67.4207,0.20480834309700002,44.7844,20,8.838700000000003,False,dominant_holder,4,high
LDOS,us,82.0211000000004,46.2176,0.015865386579999998,6.5675,20,35.803500000000405,False,broad_institutional,4,high
LDTC,us,67.2,67.2,0.09024966424400001,20.2453,20,0.0,False,dominant_holder,4,high
LDWY,us,33.034,33.034,0.023476523403999996,10.3906,20,0.0,False,fragmented_or_mixed,4,high
LE,us,105.1195,90.6008,0.277868102176,51.4427,20,14.518699999999995,True,data_anomaly,3,medium
LEA,us,111.5721,73.1298,0.044436368452,13.4913,20,38.4423,True,data_anomaly,3,medium
LECO,us,81.6970000000001,44.1818,0.016800623388,8.3408,20,37.5152000000001,False,broad_institutional,4,high
LEDS,us,60.1563,60.1563,0.180417970001,38.2937,20,0.0,False,dominant_holder,4,high
LEE,us,90.9502,89.0525,0.29873226792499996,51.8346,20,1.8977000000000004,False,dominant_holder,4,high
LEG,us,93.7509000000003,55.7658,0.035547449012,14.12,20,37.9851000000003,False,broad_institutional,4,high
LEGH,us,106.1817,92.23,0.09105313123399998,17.5064,20,13.951700000000002,True,data_anomaly,3,medium
LEGN,us,57.8625,42.019,0.02103483048600001,11.8838,20,15.843499999999999,False,broad_institutional,4,high
LEGO,us,23.6354,23.6354,0.007411782927,5.7569,20,0.0,False,fragmented_or_mixed,4,high
LEGO_U,us,34.2313,31.1522,0.006312171886000001,3.5181,20,3.079099999999997,False,fragmented_or_mixed,4,high
LEGT,us,102.6318,77.5179,0.03696188965700001,8.2921,20,25.1139,True,data_anomaly,3,medium
LEGT_U,us,0.4105,0.4105,6.369801e-06,0.2196,20,0.0,False,fragmented_or_mixed,4,high
LEN,us,104.0097,60.0633,0.024739388569,6.238,20,43.9464,True,data_anomaly,3,medium
LENZ,us,113.4944,90.2061,0.068021165221,13.3277,20,23.288299999999992,True,data_anomaly,3,medium
LENB,us,97.2291000000002,90.7856,0.5218164355239999,71.9058,20,6.443500000000199,False,dominant_holder,4,high
LESL,us,72.6349,67.6566,0.10519007897000002,30.803,20,4.978300000000004,False,dominant_holder,4,high
LEU,us,92.1257000000001,61.0836,0.029413219751999998,7.4057,20,31.042100000000097,False,broad_institutional,4,high
LEV,us,0.0017,0.0017,1.5700000000000003e-10,0.0011,20,0.0,False,fragmented_or_mixed,4,high
LEVI,us,99.4468000000001,52.9125,0.017349213720999998,6.5696,20,46.534300000000094,False,broad_institutional,4,high
LEXX,us,9.1178,8.8334,0.0011196132799999997,2.2409,20,0.28440000000000154,False,fragmented_or_mixed,4,high
LFAC,us,42.0276,41.3078,0.015013845024,7.8261,20,0.7197999999999993,False,fragmented_or_mixed,4,high
LFACU,us,23.7766,23.6275,0.005625650882999998,4.7265,20,0.14909999999999712,False,fragmented_or_mixed,4,high
LFCR,us,80.5397,71.377,0.052286824244,12.5388,20,9.162700000000001,False,broad_institutional,4,high
LFLY,us,14.4861,14.4861,0.010556548774999997,10.0239,20,0.0,False,fragmented_or_mixed,4,high
LFMD,us,59.5387,44.8005,0.015284307341000001,5.6814,20,14.738199999999999,False,broad_institutional,4,high
LFS,us,52.3474,52.3474,0.128449620836,27.96,16,0.0,False,dominant_holder,4,high
LFST,us,88.6738000000001,71.6453,0.10394386023700002,28.8125,20,17.028500000000093,False,dominant_holder,4,high
LFT,us,66.4584,63.9273,0.094615683485,27.305,20,2.531099999999995,False,dominant_holder,4,high
LFTO,us,79.1582,79.1582,0.28366745765800006,50.3549,20,0.0,False,dominant_holder,4,high
LFT_PA,us,10.0,10.0,0.007222177777999998,8.3333,3,0.0,False,fragmented_or_mixed,4,high
LFUS,us,104.2667,52.1475,0.020316543233,8.3349,20,52.1192,True,data_anomaly,3,medium
LFVN,us,76.9518000000001,59.3412,0.039665741537999996,14.8893,20,17.610600000000105,False,broad_institutional,4,high
LFWD,us,47.9983,47.9868,0.197484396412,44.4272,20,0.011499999999998067,False,dominant_holder,4,high
LGCB,us,15.3769,15.3769,0.002989995707,3.0437,17,0.0,False,fragmented_or_mixed,4,high
LGCL,us,96.4066,96.4066,0.08049659532199999,9.1609,20,0.0,False,broad_institutional,4,high
LGCY,us,74.7291,65.6545,0.034897338443000005,8.6782,20,9.074600000000004,False,broad_institutional,4,high
LGFA,us,6.6952,6.6952,0.002522848072,4.8392,20,0.0,False,fragmented_or_mixed,4,high
LGFB,us,2.1245,2.1245,0.000155397819,0.9661,20,0.0,False,fragmented_or_mixed,4,high
LGHL,us,0.1184,0.1184,5.35886e-07,0.0655,19,0.0,False,fragmented_or_mixed,4,high
LGIH,us,104.4719,77.0709,0.046809574101,13.1752,20,27.40100000000001,True,data_anomaly,3,medium
LGL,us,74.0535,73.5237,0.10751512523500001,20.4897,20,0.5297999999999945,False,dominant_holder,4,high
LGL_R_W,us,,,,,1,,False,insufficient_data,0,low
LGMK,us,12.2494,12.2494,0.007781582762,8.3317,20,0.0,False,fragmented_or_mixed,4,high
LGN,us,95.4774,63.2368,0.074533772016,25.3373,20,32.2406,False,dominant_holder,4,high
LGND,us,109.3877,64.8689,0.034599780301,13.4194,20,44.5188,True,data_anomaly,3,medium
LGO,us,47.6665,47.0288,0.10535176113599998,31.895,20,0.6377000000000024,False,dominant_holder,4,high
LGPS,us,73.3058,73.3058,0.24326516875600002,39.6999,18,0.0,False,dominant_holder,4,high
LGVN,us,21.3776,20.0373,0.0036830587510000004,4.2832,20,1.3403000000000027,False,fragmented_or_mixed,4,high
LH,us,101.0271,50.905,0.019154801052,6.5562,20,50.1221,True,data_anomaly,3,medium
LHAI,us,49.9869,49.9869,0.11122977113500002,30.6715,20,0.0,False,dominant_holder,4,high
LHSW,us,66.9396,66.9396,0.17329474976999995,28.9135,17,0.0,False,dominant_holder,4,high
LHX,us,88.9980000000006,48.5748,0.020200029876,6.5521,20,40.4232000000006,False,broad_institutional,4,high
LI,us,4.2325,3.4807,0.00014359747300000006,0.8186,20,0.7517999999999998,False,fragmented_or_mixed,4,high
LICN,us,0.0335,0.0335,5.5887e-08,0.023,17,0.0,False,fragmented_or_mixed,4,high
LICY,us,17.8696,17.8696,0.015395554264000001,10.2585,20,0.0,False,fragmented_or_mixed,4,high
LIDR,us,25.4974,23.5891,0.006279460641000002,5.4241,20,1.9083000000000006,False,fragmented_or_mixed,4,high
LIDRW,us,,,,,16,,False,insufficient_data,0,low
LIEN,us,31.7101,29.524,0.021150342340000006,13.6668,20,2.1860999999999997,False,fragmented_or_mixed,4,high
LIF,us,54.5187000000001,44.3309,0.023225671405,10.3998,20,10.187800000000102,False,broad_institutional,4,high
LIFE,us,58.9498,52.2322,0.024141957686000002,9.9113,20,6.7176000000000045,False,broad_institutional,4,high
LII,us,90.2416000000002,60.6029,0.031861882446999994,9.2718,20,29.638700000000206,False,broad_institutional,4,high
LILA,us,98.1346,71.3976,0.038391020716,11.0464,20,26.73700000000001,False,broad_institutional,4,high
LILAK,us,95.4564999999999,71.8125,0.04756628161299999,14.6994,20,23.643999999999906,False,broad_institutional,4,high
LILAP,us,0.3726,0.3726,4.03267e-06,0.1474,20,0.0,False,fragmented_or_mixed,4,high
LILM,us,0.0,0.0,0.0,0.0,20,0.0,False,fragmented_or_mixed,4,high
LILPV,us,0.3726,0.3726,4.03267e-06,0.1474,20,0.0,False,fragmented_or_mixed,4,high
LIME,us,25.3196,25.3196,0.030396141942000004,15.3312,5,0.0,False,fragmented_or_mixed,4,high
LIMN,us,35.9437,35.9026,0.017507385168000003,7.8087,20,0.041100000000000136,False,fragmented_or_mixed,4,high
LIMNW,us,,,,,20,,False,insufficient_data,0,low
LIN,us,92.0903000000028,43.3276,0.014171492768000001,6.539,20,48.7627000000028,False,broad_institutional,4,high
LINC,us,94.3376000000001,56.0144,0.020105935502000002,6.1239,20,38.32320000000009,False,broad_institutional,4,high
LIND,us,89.0622000000001,56.8892,0.038225256036,16.2865,20,32.1730000000001,False,broad_institutional,4,high
LINE,us,104.4543,94.176,0.4720658851119998,68.2006,20,10.278300000000002,True,data_anomaly,3,medium
LINK,us,79.9362000000001,79.9128,0.3534166151719999,57.4591,20,0.02340000000009468,False,dominant_holder,4,high
LION,us,94.9838,71.0886,0.04826707237800001,12.9539,20,23.895200000000003,False,broad_institutional,4,high
LIPO,us,7.6138,7.6138,0.001551079486,2.4314,14,0.0,False,fragmented_or_mixed,4,high
LIQT,us,45.2239,45.1356,0.06488133841999999,22.9808,20,0.08830000000000382,False,dominant_holder,4,high
LITB,us,40.9066,40.9066,0.05833347460999999,22.6193,20,0.0,False,dominant_holder,4,high
LITE,us,106.5465,54.0727,0.024160314227,9.5857,20,52.4738,True,data_anomaly,3,medium
LITM,us,104.2292,104.0761,0.7916886245370001,88.8102,20,0.15310000000000912,True,data_anomaly,2,medium
LITS,us,32.8316,32.48,0.017982276188000003,10.8004,20,0.3516000000000048,False,fragmented_or_mixed,4,high
LIVE,us,79.0535,79.0177,0.23710472172899996,44.1881,20,0.035799999999994725,False,dominant_holder,4,high
LIVN,us,106.724,66.5155,0.033342367853,11.5178,20,40.2085,True,data_anomaly,3,medium
LIXT,us,15.2346,14.8126,0.0036941819220000006,4.2381,20,0.4220000000000006,False,fragmented_or_mixed,4,high
LKCO,us,0.0002,0.0002,2e-12,0.0001,11,0.0,False,fragmented_or_mixed,4,high
LKFN,us,90.0237,60.2402,0.036061110356,13.2331,20,29.783500000000004,False,broad_institutional,4,high
LKFT,us,48.7464,47.2478,0.07115580389400003,25.3539,20,1.4986000000000033,False,dominant_holder,4,high
LKQ,us,115.0355,69.7105,0.037615833721000004,13.1907,20,45.325,True,data_anomaly,3,medium
LKSP,us,70.3559,57.9485,0.022048890953000007,8.182,20,12.407400000000003,False,broad_institutional,4,high
LKSPR,us,,,,,20,,False,insufficient_data,0,low
LKSPU,us,8.4018,8.4018,0.0018471331419999998,2.9511,19,0.0,False,fragmented_or_mixed,4,high
LLY,us,84.9990000000065,49.9275,0.022357984836999998,9.5968,20,35.0715000000065,False,broad_institutional,4,high
LLYVA,us,102.4167,85.9683,0.06991868017499998,19.4989,20,16.448400000000007,True,data_anomaly,3,medium
LLYVK,us,104.2338,87.0839,0.07919085193500001,16.5684,20,17.149900000000002,True,data_anomaly,3,medium
LMAT,us,105.2541,64.4452,0.035285539203999995,12.6022,20,40.808899999999994,True,data_anomaly,3,medium
LMB,us,93.9891000000001,59.7484,0.023787403475999995,7.3789,20,34.240700000000096,False,broad_institutional,4,high
LMFA,us,19.3843,19.3407,0.006168920090999998,4.7006,20,0.043600000000001415,False,fragmented_or_mixed,4,high
LMND,us,70.4719000000001,45.9838,0.013912629176,5.4533,20,24.488100000000102,False,broad_institutional,4,high
LMNR,us,69.7042,55.178,0.039276101916000006,16.1387,20,14.526200000000003,False,broad_institutional,4,high
LMRI,us,117.3032,105.2686,0.542325826222,73.0819,20,12.034599999999998,True,data_anomaly,2,medium
LMT,us,75.8007000000022,43.6095,0.029607882967,14.1061,20,32.1912000000022,False,broad_institutional,4,high
LNAI,us,43.2456,42.9688,0.034785846636,12.2083,20,0.2768000000000015,False,fragmented_or_mixed,4,high
LNC,us,83.9692000000003,54.9089,0.028372793199,9.8108,20,29.060300000000296,False,broad_institutional,4,high
LNC_PD,us,32.804,32.7917,0.014754501395,6.8739,20,0.012300000000003308,False,fragmented_or_mixed,4,high
LND,us,8.1397,8.1267,0.004337490899,6.5346,20,0.0129999999999999,False,fragmented_or_mixed,4,high
LNG,us,93.6865000000006,40.1386,0.011056868473999998,5.1043,20,53.54790000000061,False,broad_institutional,4,high
LNKB,us,65.6846,55.538,0.06419928613,23.2875,20,10.146600000000007,False,dominant_holder,4,high
LNKS,us,3.2569,3.2569,0.000508065233,1.7188,14,0.0,False,fragmented_or_mixed,4,high
LNN,us,107.4819,71.0676,0.043379016045999995,14.0299,20,36.4143,True,data_anomaly,3,medium
LNSR,us,71.8954,56.3408,0.028679045724000003,9.2761,20,15.554599999999994,False,broad_institutional,4,high
LNT,us,92.8161000000001,55.8645,0.024387229691,7.2071,20,36.951600000000106,False,broad_institutional,4,high
LNTH,us,119.5257,70.8038,0.040069513502,10.995,20,48.721900000000005,True,data_anomaly,3,medium
LNW,us,17.4651,17.3622,0.014091359896000001,10.3468,20,0.10289999999999822,False,fragmented_or_mixed,4,high
LNZA,us,79.0095,78.967,0.140234971254,28.1072,20,0.04250000000000398,False,dominant_holder,4,high
LNZAW,us,,,,,18,,False,insufficient_data,0,low
LOAN,us,51.2149,46.8487,0.05720504965499999,22.8436,20,4.366199999999999,False,dominant_holder,4,high
LOAR,us,119.0698,94.1691,0.14189678138099998,33.5793,20,24.9007,True,data_anomaly,3,medium
LOB,us,95.6435000000001,70.0352,0.05257839317800001,14.3024,20,25.6083000000001,False,broad_institutional,4,high
LOBO,us,1.7331,1.7331,0.00011587821500000001,0.8307,12,0.0,False,fragmented_or_mixed,4,high
LOCL,us,105.5612,104.5438,0.5376036247379999,72.5996,20,1.017399999999995,True,data_anomaly,2,medium
LOCO,us,94.8978000000001,68.2846,0.038337534058,13.5435,20,26.613200000000106,False,broad_institutional,4,high
LODE,us,51.3902,40.076,0.0171429807,8.2704,20,11.3142,False,broad_institutional,4,high
LOGC,us,48.2705,48.2705,0.161081063159,39.9504,20,0.0,False,dominant_holder,4,high
LOGI,us,67.4968000000003,36.0246,0.009768043246000002,6.0813,20,31.472200000000306,False,broad_institutional,4,high
LOKV,us,82.3665,69.0045,0.038994015117,10.4162,20,13.362000000000009,False,broad_institutional,4,high
LOKVU,us,9.35,9.35,0.004938515417999999,6.5217,20,0.0,False,fragmented_or_mixed,4,high
LOMA,us,20.249,17.4085,0.003157165978999999,4.0144,20,2.8404999999999987,False,fragmented_or_mixed,4,high
LONA,us,77.2165000000001,74.3776,0.064169359986,19.7937,20,2.838900000000095,False,broad_institutional,4,high
LOOP,us,60.7008,59.1417,0.156386522815,38.4453,20,1.5591000000000008,False,dominant_holder,4,high
LOPE,us,104.2184,57.8939,0.023430699983000004,8.7168,20,46.3245,True,data_anomaly,3,medium
LOT,us,99.3417,99.3417,0.208488391975,28.7979,20,0.0,False,dominant_holder,4,high
LOTWW,us,,,,,20,,False,insufficient_data,0,low
LOVE,us,113.5028,81.9159,0.041493869481000006,8.0882,20,31.5869,True,data_anomaly,3,medium
LOW,us,82.0733000000022,41.7223,0.015481935982999998,6.5017,20,40.35100000000221,False,broad_institutional,4,high
LPA,us,92.4328,92.2761,0.697313864261,83.2268,20,0.15670000000000073,False,dominant_holder,4,high
LPAA,us,85.9988,76.0656,0.036387442288,7.2,20,9.9332,False,broad_institutional,4,high
LPAAU,us,0.6823,0.6823,2.1082209e-05,0.4307,20,0.0,False,fragmented_or_mixed,4,high
LPBB,us,103.2178,81.1697,0.039143381087,8.6087,20,22.04809999999999,True,data_anomaly,3,medium
LPCN,us,32.8907,31.0124,0.009117245579999999,6.4287,20,1.878300000000003,False,fragmented_or_mixed,4,high
LPCV,us,37.093,36.292,0.010590633199999998,5.4348,20,0.8010000000000019,False,fragmented_or_mixed,4,high
LPCVU,us,28.3398,27.8441,0.007447568201,4.3478,20,0.49569999999999936,False,fragmented_or_mixed,4,high
LPG,us,85.9275000000001,56.886,0.037611320998000006,12.0997,20,29.04150000000009,False,broad_institutional,4,high
LPL,us,4.13140000000001,3.2758,0.00012461865199999997,0.8412,20,0.8556000000000101,False,fragmented_or_mixed,4,high
LPLA,us,104.3847,59.2285,0.021568100769,5.1843,20,45.1562,True,data_anomaly,3,medium
LPRO,us,74.2128,60.735,0.025580259790000004,6.3932,20,13.477800000000002,False,broad_institutional,4,high
LPSN,us,27.5659,25.2106,0.008226588932000001,5.1158,20,2.3552999999999997,False,fragmented_or_mixed,4,high
LPTH,us,65.9317,42.002,0.011427260838,4.4225,20,23.929700000000004,False,broad_institutional,4,high
LPTV,us,21.1019,21.1019,0.012364721139000001,9.0582,20,0.0,False,fragmented_or_mixed,4,high
LPX,us,104.4245,60.1614,0.027414282204000006,8.1082,20,44.263099999999994,True,data_anomaly,3,medium
LQDA,us,86.3564000000001,60.1662,0.030911224065999998,9.7337,20,26.19020000000009,False,broad_institutional,4,high
LQDT,us,104.139,77.2338,0.07003368181000001,21.5341,20,26.905199999999994,True,data_anomaly,3,medium
LRCX,us,91.075600000003,44.3984,0.015972987755999996,6.5874,20,46.677200000003005,False,broad_institutional,4,high
LRE,us,90.3679,90.3679,0.8043238345189999,89.6831,13,0.0,False,dominant_holder,4,high
LRHC,us,6.1122,6.1122,0.002547727726,5.023,20,0.0,False,fragmented_or_mixed,4,high
LRMR,us,84.4499,69.1595,0.12793161853699997,34.2761,20,15.290400000000005,False,dominant_holder,4,high
LRN,us,118.9317,68.0309,0.036743090779,13.5163,20,50.900800000000004,True,data_anomaly,3,medium
LSAK,us,61.2616,60.7708,0.057095106342,18.2321,20,0.4908000000000001,False,broad_institutional,4,high
LSB,us,36.5387,36.5387,0.07120656286899998,23.8665,20,0.0,False,dominant_holder,4,high
LSBK,us,44.6411,40.5246,0.021059122266000003,9.8384,20,4.116500000000002,False,fragmented_or_mixed,4,high
LSCC,us,105.1055,66.8017,0.03935314474300001,11.6342,20,38.30380000000001,True,data_anomaly,3,medium
LSDI,us,0.0,0.0,0.0,0.0,4,0.0,False,fragmented_or_mixed,4,high
LSE,us,64.8673,64.8673,0.21161857662899997,35.9212,11,0.0,False,dominant_holder,4,high
LSF,us,41.4496,38.4604,0.016262292174,7.9162,20,2.9891999999999967,False,fragmented_or_mixed,4,high
LSH,us,27.2147,27.2147,0.021207051357,8.7139,20,0.0,False,fragmented_or_mixed,4,high
LSPD,us,74.4039000000001,64.8231,0.063911204187,18.2149,20,9.58080000000011,False,broad_institutional,4,high
LSTA,us,29.9121,29.1572,0.017563116852,12.1124,20,0.7548999999999992,False,fragmented_or_mixed,4,high
LSTR,us,107.9848,67.112,0.034026807395999996,10.1162,20,40.87280000000001,True,data_anomaly,3,medium
LTBR,us,55.9725,45.8665,0.016447652077000004,6.7754,20,10.105999999999995,False,broad_institutional,4,high
LTC,us,81.6101000000001,55.6819,0.038424568611,14.2795,20,25.928200000000103,False,broad_institutional,4,high
LTH,us,99.9199000000001,64.4818,0.028757458591999997,9.1371,20,35.43810000000009,False,broad_institutional,4,high
LTM,us,12.4291,9.5949,0.0007692350969999998,1.9174,20,2.834199999999999,False,fragmented_or_mixed,4,high
LTRN,us,31.5173,30.6957,0.016026643219,7.6417,20,0.8216000000000001,False,fragmented_or_mixed,4,high
LTRX,us,57.4388,39.7993,0.012706739855,7.0614,20,17.639499999999998,False,broad_institutional,4,high
LTRY,us,12.3711,12.3698,0.001936297588,3.06,20,0.001300000000000523,False,fragmented_or_mixed,4,high
LTRYW,us,,,,,20,,False,insufficient_data,0,low
LU,us,13.9711,12.5692,0.0021375027039999997,3.727,20,1.4018999999999995,False,fragmented_or_mixed,4,high
LUCD,us,46.4260000000001,40.746,0.044401658208,20.3473,20,5.680000000000099,False,dominant_holder,4,high
LUCK,us,96.8544,95.8293,0.6650526698789999,81.2081,20,1.0250999999999948,False,dominant_holder,4,high
LUCY,us,15.9462,15.9462,0.011064542302,7.808,20,0.0,False,fragmented_or_mixed,4,high
LUD,us,88.514,88.514,0.7769548590099998,88.1446,6,0.0,False,dominant_holder,4,high
LULU,us,87.2079000000004,48.5997,0.018394740349000002,6.4702,20,38.608200000000394,False,broad_institutional,4,high
LUMN,us,80.6564000000003,51.6457,0.027021035057000008,11.813,20,29.010700000000305,False,broad_institutional,4,high
LUNA,us,22.603,22.603,0.014118578384,9.5835,20,0.0,False,fragmented_or_mixed,4,high
LUNG,us,84.9098000000001,66.1665,0.03714783624299999,11.1868,20,18.743300000000104,False,broad_institutional,4,high
LUNR,us,105.8167,67.9786,0.03922471933,14.3289,20,37.8381,True,data_anomaly,3,medium
LUV,us,92.2856000000002,63.5086,0.035039762554,9.6216,20,28.7770000000002,False,broad_institutional,4,high
LUXE,us,104.8418,102.9797,0.368169607039,48.3969,20,1.8621000000000123,True,data_anomaly,2,medium
LVLU,us,80.0314,79.9329,0.14832242549699998,32.0995,20,0.09850000000000136,False,dominant_holder,4,high
LVO,us,39.2035,37.2694,0.019092914656000003,8.3859,20,1.9341000000000008,False,fragmented_or_mixed,4,high
LVRO,us,95.9784,95.9784,0.7497376070579999,86.0119,18,0.0,False,dominant_holder,4,high
LVROW,us,,,,,20,,False,insufficient_data,0,low
LVS,us,93.2275000000003,71.3602,0.06072775952799999,18.1005,20,21.8673000000003,False,broad_institutional,4,high
LVWR,us,96.3424000000001,95.7862,0.7831071335719999,88.3954,20,0.5562000000001035,False,dominant_holder,4,high
LVWR_T,us,,,,,20,,False,insufficient_data,0,low
LW,us,96.4007000000005,60.4598,0.031454654480000004,11.3464,20,35.9409000000005,False,broad_institutional,4,high
LWAC,us,84.416,58.775,0.019815866819999996,4.8146,20,25.641,False,broad_institutional,4,high
LWACU,us,9.6599,9.6599,0.002287183675,4.0598,20,0.0,False,fragmented_or_mixed,4,high
LWAY,us,82.1058,76.4952,0.07368270829,15.3615,20,5.610600000000005,False,broad_institutional,4,high
LWLG,us,32.1031,25.0641,0.005155986343,3.9661,20,7.038999999999998,False,fragmented_or_mixed,4,high
LX,us,48.737,39.3394,0.009900358961999998,5.1806,20,9.397600000000004,False,fragmented_or_mixed,4,high
LXEH,us,6.8316,6.8316,0.003956404972,6.2846,17,0.0,False,fragmented_or_mixed,4,high
LXEO,us,111.3563,86.9928,0.04414885036399999,7.227,20,24.363500000000002,True,data_anomaly,3,medium
LXFR,us,93.5331,68.9205,0.032249023705000004,7.7354,20,24.6126,False,broad_institutional,4,high
LXP,us,104.3505,63.3432,0.04552942404799999,15.7021,20,41.007299999999994,True,data_anomaly,3,medium
LXP_PC,us,72.6793000000001,72.5144000000001,0.10091725156,26.2544,20,0.16490000000000293,False,dominant_holder,4,high
LXRX,us,72.8114000000001,68.942,0.17317511780800002,39.4321,20,3.8694000000001125,False,dominant_holder,4,high
LXU,us,84.3217,61.4681,0.034893157545000004,14.4244,20,22.853600000000007,False,broad_institutional,4,high
LYB,us,96.3434000000004,64.6584,0.05573045828799998,19.9624,20,31.6850000000004,False,broad_institutional,4,high
LYEL,us,93.9943000000001,85.4032,0.06201266294200001,13.916,20,8.591100000000097,False,broad_institutional,4,high
LYFT,us,116.8586,71.1923,0.04136132110299999,11.6672,20,45.66629999999999,True,data_anomaly,3,medium
LYG,us,4.2178,3.2353,0.00015174600399999998,1.0559,20,0.9825000000000004,False,fragmented_or_mixed,4,high
LYRA,us,15.7885,15.7885,0.008093657377,6.6353,20,0.0,False,fragmented_or_mixed,4,high
LYT,us,78.8769,78.8769,0.6221518027589998,78.8766,10,0.0,False,dominant_holder,4,high
LYTS,us,88.8011,58.1391,0.021654877587,6.8183,20,30.662000000000006,False,broad_institutional,4,high
LYV,us,117.624,80.3432,0.10642666605199998,29.9275,20,37.2808,True,data_anomaly,3,medium
LZ,us,104.1395,74.9436,0.05870317206000001,16.677,20,29.195899999999995,True,data_anomaly,3,medium
LZB,us,108.3396,70.7985,0.043379850012999994,14.6172,20,37.5411,True,data_anomaly,3,medium
LZM,us,83.6611,80.1839,0.10714113314700001,25.826,20,3.4772000000000105,False,dominant_holder,4,high
LZMH,us,75.0768,75.0768,0.15422948408,24.5121,20,0.0,False,dominant_holder,4,high
LZM_T,us,,,,,20,,False,insufficient_data,0,low
M,us,101.3518,62.4683,0.027218982107000002,8.7981,20,38.8835,True,data_anomaly,3,medium
MA,us,91.5285000000058,44.6743,0.017112068691,7.4381,20,46.854200000005804,False,broad_institutional,4,high
MAA,us,98.3755000000002,58.0153,0.028789879587000005,8.5126,20,40.3602000000002,False,broad_institutional,4,high
MAAS,us,68.9427,68.9427,0.11742637836300002,19.3962,19,0.0,False,dominant_holder,4,high
MAA_PI,us,26.2972,26.2972,0.04951272388399999,21.9731,6,0.0,False,dominant_holder,4,high
MAC,us,97.5275000000001,66.7449,0.04218754559699999,13.9196,20,30.7826000000001,False,broad_institutional,4,high
MACI,us,399.2557,352.2518,0.8487998392200002,37.8448,20,47.00389999999999,True,data_anomaly,2,medium
MACIU,us,2.1227,2.1227,0.00027468579900000005,1.5744,20,0.0,False,fragmented_or_mixed,4,high
MAGH,us,62.8685,62.8685,0.390140694605,62.4606,5,0.0,False,dominant_holder,4,high
MAGN,us,107.0287,67.4685,0.028783769763,6.776,20,39.560199999999995,True,data_anomaly,3,medium
MAIA,us,28.8314,28.5327,0.011538211159,7.0674,20,0.2987000000000002,False,fragmented_or_mixed,4,high
MAIN,us,30.1728,16.5973,0.002391481551000001,2.9055,20,13.575499999999998,False,fragmented_or_mixed,4,high
MAIR,us,55.3592,54.818,0.07712555557400001,25.35,20,0.5412000000000035,False,dominant_holder,4,high
MAKO,us,52.1445,51.7589,0.210220322423,45.7868,20,0.3856000000000037,False,dominant_holder,4,high
MAMA,us,71.3892,41.3492,0.010692584548,4.0302,20,30.04,False,broad_institutional,4,high
MAMK,us,81.0068,81.0068,0.3777906562799999,56.4946,4,0.0,False,dominant_holder,4,high
MAMO,us,79.3305,79.3305,0.596583405311,77.2317,20,0.0,False,dominant_holder,4,high
MAN,us,120.8522,70.0808,0.036807608044000004,11.2938,20,50.7714,True,data_anomaly,3,medium
MANE,us,72.3384,64.7477,0.037920154791,11.1393,20,7.590699999999998,False,broad_institutional,4,high
MANH,us,113.9385,67.3801,0.033530836517,10.0415,20,46.558400000000006,True,data_anomaly,3,medium
MANU,us,116.467,109.7313,0.20476675833500002,28.863,20,6.735699999999994,True,data_anomaly,2,medium
MAPS,us,50.7532,40.8389,0.014084941454999998,5.5701,20,9.914299999999997,False,broad_institutional,4,high
MAPSW,us,,,,,20,,False,insufficient_data,0,low
MAQC,us,95.2368,95.2368,0.907004807424,95.2368,6,0.0,False,dominant_holder,4,high
MAR,us,83.6115000000003,49.663,0.019165464896,8.3535,20,33.94850000000031,False,broad_institutional,4,high
MARA,us,69.6934,47.5145,0.031086653385,14.2375,20,22.1789,False,broad_institutional,4,high
MAS,us,107.663900000001,57.4741,0.022841622657,6.5555,20,50.18980000000099,True,data_anomaly,3,medium
MASI,us,95.4895000000003,60.9506,0.034922719574,12.5096,20,34.538900000000304,False,broad_institutional,4,high
MASK,us,15.8236,15.8236,0.024065844495999997,15.51,12,0.0,False,fragmented_or_mixed,4,high
MASS,us,91.0248,74.3776,0.06493970709800002,14.8013,20,16.647199999999998,False,broad_institutional,4,high
MAT,us,103.9103,75.1224,0.05706735709400001,16.2909,20,28.787900000000008,True,data_anomaly,3,medium
MATH,us,41.4311,41.4311,0.053867493923,17.0653,20,0.0,False,fragmented_or_mixed,4,high
MATV,us,95.5735000000001,62.2345,0.028641138503000003,8.0077,20,33.3390000000001,False,broad_institutional,4,high
MATW,us,101.2555,74.8553,0.041049613033,13.1974,20,26.400199999999998,True,data_anomaly,3,medium
MATX,us,91.1015,59.9566,0.038854428498000006,14.5997,20,31.1449,False,broad_institutional,4,high
MAX,us,102.2063,70.7988,0.11811236954000003,33.0298,20,31.4075,True,data_anomaly,3,medium
MAXN,us,73.4443,73.3322,0.35126235899,58.8171,20,0.11209999999999809,False,dominant_holder,4,high
MAYS,us,28.5637,28.5637,0.016066082813,7.7564,20,0.0,False,fragmented_or_mixed,4,high
MAZE,us,97.3336,72.2113,0.04039943986899999,9.8017,20,25.12230000000001,False,broad_institutional,4,high
MB,us,72.9854,72.9854,0.316673783554,52.5612,7,0.0,False,dominant_holder,4,high
MBAI,us,37.9501,37.9501,0.044521019221000005,16.6597,20,0.0,False,fragmented_or_mixed,4,high
MBAV,us,124.1865,110.2101,0.10113214994700001,16.2374,20,13.976399999999998,True,data_anomaly,2,medium
MBAVU,us,0.0324,0.0324,3.9094e-08,0.0184,20,0.0,False,fragmented_or_mixed,4,high
MBBC,us,40.3823,40.3694,0.015537743772,7.3226,20,0.01290000000000191,False,fragmented_or_mixed,4,high
MBC,us,84.9171000000001,59.2237,0.027303042487,8.7439,20,25.693400000000103,False,broad_institutional,4,high
MBGL,us,0.2139,0.2139,3.0979530000000004e-06,0.1716,8,0.0,False,fragmented_or_mixed,4,high
MBGL_W,us,0.2139,0.2139,3.1052330000000006e-06,0.1716,8,0.0,False,fragmented_or_mixed,4,high
MBI,us,68.0182000000001,53.7602,0.021583594746000002,6.5417,20,14.25800000000011,False,broad_institutional,4,high
MBIN,us,147.3042,130.6858,0.411672361148,58.3616,20,16.61840000000001,True,data_anomaly,2,medium
MBINM,us,13.8528,13.8528,0.00710435911,6.5675,8,0.0,False,fragmented_or_mixed,4,high
MBINO,us,0.0,0.0,0.0,0.0,2,0.0,False,fragmented_or_mixed,4,high
MBIO,us,15.4728,15.469,0.007458821823999999,7.9704,20,0.0038000000000000256,False,fragmented_or_mixed,4,high
MBLY,us,92.4211000000001,60.3184,0.05412681419399999,19.8083,20,32.1027000000001,False,broad_institutional,4,high
MBNKO,us,15.1064,15.1064,0.02233820317,14.9451,2,0.0,False,fragmented_or_mixed,4,high
MBOT,us,20.2324,18.0694,0.0036174505500000008,4.3319,20,2.1629999999999967,False,fragmented_or_mixed,4,high
MBRX,us,3.6851,3.6836,0.000211068396,1.0619,20,0.0014999999999996128,False,fragmented_or_mixed,4,high
MBUU,us,110.9318,79.4958,0.04050511871,8.6442,20,31.435999999999993,True,data_anomaly,3,medium
MBVI,us,88.1475000000001,63.5348,0.02178201109,6.0304,20,24.612700000000096,False,broad_institutional,4,high
MBVIU,us,6.9415,6.9415,0.0006015627829999999,1.8116,20,0.0,False,fragmented_or_mixed,4,high
MBWM,us,73.0558000000001,48.696,0.019467166733999997,6.8786,20,24.359800000000106,False,broad_institutional,4,high
MBX,us,121.284,90.9098,0.061720044912,13.9755,20,30.374200000000002,True,data_anomaly,3,medium
MC,us,114.3799,69.2632,0.035205088718,10.9852,20,45.11670000000001,True,data_anomaly,3,medium
MCAG,us,65.1925,65.1925,0.4217484280749999,64.942,12,0.0,False,dominant_holder,4,high
MCAH,us,33.9492,33.9492,0.08511925112999999,28.6989,2,0.0,False,dominant_holder,4,high
MCB,us,99.1598000000001,63.8049,0.029496814220999996,9.706,20,35.3549000000001,False,broad_institutional,4,high
MCBS,us,44.9329000000001,37.1356,0.010057398482,4.763,20,7.7973000000001065,False,fragmented_or_mixed,4,high
MCD,us,77.719800000004,37.3765,0.012990781783000001,6.5047,20,40.343300000004,False,broad_institutional,4,high
MCFT,us,91.6089000000001,73.7784,0.06987911439399999,18.3305,20,17.8305000000001,False,broad_institutional,4,high
MCGA,us,88.6769,72.3237,0.036874281577000005,9.2286,20,16.3532,False,broad_institutional,4,high
MCGAU,us,7.3962,7.3962,0.0013662432219999998,2.727,20,0.0,False,fragmented_or_mixed,4,high
MCHB,us,95.2583999999999,90.7691,0.6093969467869998,77.9737,20,4.489299999999901,False,dominant_holder,4,high
MCHP,us,104.772,55.6857,0.022093521613,7.1521,20,49.08630000000001,True,data_anomaly,3,medium
MCHX,us,72.0119,70.9684,0.15233099976599998,36.9749,20,1.0434999999999945,False,dominant_holder,4,high
MCK,us,95.5981000000008,43.5036,0.015284397723999999,6.7995,20,52.0945000000008,False,broad_institutional,4,high
MCO,us,96.4201,55.1313,0.037054340821,14.2451,20,41.2888,False,broad_institutional,4,high
MCRB,us,37.5502,36.0444,0.028688400998,11.9357,20,1.5057999999999936,False,fragmented_or_mixed,4,high
MCRI,us,95.7981000000002,69.7845,0.05663232365300001,17.5085,20,26.01360000000021,False,broad_institutional,4,high
MCRP,us,86.4985,86.4985,0.103079049487,18.1426,20,0.0,False,dominant_holder,4,high
MCS,us,89.2333,60.7866,0.027286905598,8.0685,20,28.4467,False,broad_institutional,4,high
MCTA,us,68.4669,68.4669,0.4650346048490001,68.1932,4,0.0,False,dominant_holder,4,high
MCW,us,35.8290000000001,28.9929,0.007572753171,5.0319,20,6.836100000000101,False,fragmented_or_mixed,4,high
MCY,us,100.0521,84.4538,0.162685100264,35.3284,20,15.598299999999995,True,data_anomaly,3,medium
MD,us,110.1991,67.3691,0.041785706191,14.432,20,42.83,True,data_anomaly,3,medium
MDA,us,68.6268000000001,39.518,0.01270327117,6.6817,20,29.1088000000001,False,broad_institutional,4,high
MDAI,us,28.0055,27.2012,0.011878792782,8.5842,20,0.8043000000000013,False,fragmented_or_mixed,4,high
MDAIW,us,,,,,20,,False,insufficient_data,0,low
MDB,us,97.8934000000003,41.5405,0.011675837255,5.5967,20,56.3529000000003,False,broad_institutional,4,high
MDBH,us,15.6028,15.6028,0.002806397718,3.268,20,0.0,False,fragmented_or_mixed,4,high
MDCX,us,19.6157,19.4888,0.006171844114,5.1437,20,0.12689999999999912,False,fragmented_or_mixed,4,high
MDGL,us,109.7731,74.7219,0.042865839409,9.2971,20,35.051199999999994,True,data_anomaly,3,medium
MDIA,us,93.3445,93.3445,0.422348253989,46.0615,20,0.0,False,dominant_holder,4,high
MDLN,us,98.0320000000003,78.3295,0.070267081999,14.836,20,19.7025000000003,False,broad_institutional,4,high
MDLZ,us,91.2868000000003,52.2505,0.020276101199,6.4916,20,39.036300000000296,False,broad_institutional,4,high
MDRR,us,68.9483,68.9483,0.27427371507699994,51.9605,20,0.0,False,dominant_holder,4,high
MDT,us,89.9856000000014,40.8173,0.013887723285000002,6.5102,20,49.168300000001395,False,broad_institutional,4,high
MDU,us,95.7286000000002,60.3067,0.031484402509,11.2056,20,35.4219000000002,False,broad_institutional,4,high
MDV,us,35.1892,28.6604,0.008068527564,5.1933,20,6.5288,False,fragmented_or_mixed,4,high
MDV_PA,us,0.1367,0.1367,1.868689e-06,0.1367,1,0.0,False,fragmented_or_mixed,4,high
MDWD,us,71.2903,63.8794,0.038060655118,11.5273,20,7.410900000000005,False,broad_institutional,4,high
MDXG,us,79.0880000000001,57.6228,0.047441862322,18.9299,20,21.465200000000095,False,broad_institutional,4,high
MDXH,us,49.3457,47.2331,0.037294967453,14.3646,20,2.1126000000000005,False,fragmented_or_mixed,4,high
MEC,us,88.2359,61.4496,0.026922159491999997,8.5316,20,26.786300000000004,False,broad_institutional,4,high
MED,us,88.4105000000001,64.4589,0.029491441391,7.7659,20,23.9516000000001,False,broad_institutional,4,high
MEDP,us,109.1173,62.4903,0.045037779640999996,16.9571,20,46.627,True,data_anomaly,3,medium
MEDS,us,16.9325,16.8803,0.0036714077629999998,3.8148,20,0.05220000000000269,False,fragmented_or_mixed,4,high
MEG,us,110.5509,61.365,0.022280340354000002,6.4443,20,49.1859,True,data_anomaly,3,medium
MEGL,us,1.0387,1.0387,4.6101383000000006e-05,0.5157,13,0.0,False,fragmented_or_mixed,4,high
MEHA,us,8.5747,8.5747,0.0032674253469999995,5.4243,19,0.0,False,fragmented_or_mixed,4,high
MEI,us,98.027,64.9706,0.026603038828000004,8.0905,20,33.0564,False,broad_institutional,4,high
MELI,us,89.8457000000006,44.5246,0.017355765332000003,6.7068,20,45.321100000000605,False,broad_institutional,4,high
MENS,us,62.9809,62.9491,0.13485369178099998,33.3425,20,0.03179999999999694,False,dominant_holder,4,high
MEOH,us,82.0112999999999,58.8716,0.03862112949799999,16.0971,20,23.139699999999905,False,broad_institutional,4,high
MERC,us,87.1373,78.4678,0.09687407166999999,25.708,20,8.6695,False,dominant_holder,4,high
MER_PK,us,14.0176,14.0176,0.0051366755800000006,4.872,20,0.0,False,fragmented_or_mixed,4,high
MESH,us,42.8245,40.4326,0.011629166266,5.0899,20,2.3918999999999997,False,fragmented_or_mixed,4,high
MESHU,us,20.7411,20.1296,0.00467212926,4.3478,20,0.6114999999999995,False,fragmented_or_mixed,4,high
MESO,us,8.06229999999999,7.3654,0.00250071968,4.9479,20,0.6968999999999896,False,fragmented_or_mixed,4,high
MET,us,94.9074000000006,59.6298,0.04435021181799999,16.1454,20,35.277600000000604,False,broad_institutional,4,high
META,us,80.2748000000065,39.8285,0.013746444353,6.4725,20,40.446300000006495,False,broad_institutional,4,high
METC,us,114.8261,82.5025,0.05548626089300001,13.729,20,32.3236,True,data_anomaly,3,medium
METCB,us,68.0612,60.8673,0.09709522076700002,29.4708,20,7.193899999999999,False,dominant_holder,4,high
MET_PA,us,14.4167,14.4167,0.006035890287000001,6.6947,20,0.0,False,fragmented_or_mixed,4,high
MET_PE,us,0.1271,0.1271,1.542897e-06,0.1242,17,0.0,False,fragmented_or_mixed,4,high
MEVO,us,46.8274,45.1341,0.017121067327000004,8.1,20,1.6933000000000007,False,fragmented_or_mixed,4,high
MEVOU,us,25.2029,24.9273,0.0053202201649999985,3.3333,20,0.27560000000000073,False,fragmented_or_mixed,4,high
MFA,us,58.0465,39.5769,0.014189863919,8.206,20,18.4696,False,broad_institutional,4,high
MFA_PB,us,19.9206,19.9206,0.01588703835,10.5596,8,0.0,False,fragmented_or_mixed,4,high
MFA_PC,us,40.5324,40.5324,0.03305694019599999,15.3548,20,0.0,False,fragmented_or_mixed,4,high
MFC,us,55.3046000000004,28.4671,0.005046223575,3.371,20,26.8375000000004,False,broad_institutional,4,high
MFG,us,2.20940000000002,1.7133,2.4682383e-05,0.2655,20,0.49610000000001997,False,fragmented_or_mixed,4,high
MFI,us,1.1158,1.1158,0.00010451884600000001,1.0195,14,0.0,False,fragmented_or_mixed,4,high
MFIC,us,42.1901,26.4526,0.005152813684,3.9307,20,15.7375,False,fragmented_or_mixed,4,high
MFIN,us,71.2104,55.906,0.028856272664,10.2852,20,15.304400000000008,False,broad_institutional,4,high
MFP,us,7.4775,7.4775,0.005591001532999999,7.4773,2,0.0,False,fragmented_or_mixed,4,high
MFPVV,us,7.4775,7.4775,0.005591001532999999,7.4773,2,0.0,False,fragmented_or_mixed,4,high
MG,us,96.6779,71.1354,0.04079827107600001,13.5489,20,25.54249999999999,False,broad_institutional,4,high
MGA,us,83.2258,43.6543,0.016200074470999998,8.8381,20,39.57150000000001,False,broad_institutional,4,high
MGAM,us,34.6635,34.6635,0.022190703261,9.8944,6,0.0,False,fragmented_or_mixed,4,high
MGEE,us,58.5062000000001,43.6539,0.028857395639,13.3212,20,14.852300000000099,False,broad_institutional,4,high
MGIC,us,100.8598,100.8596,1.00001374831,100.0,20,0.0002000000000066393,True,data_anomaly,1,low
MGIH,us,89.7773,89.7773,0.790186101249,88.8889,7,0.0,False,dominant_holder,4,high
MGLD,us,76.9381,76.9381,0.22671509845499996,43.7996,20,0.0,False,dominant_holder,4,high
MGM,us,99.7796000000003,72.0928,0.08728904583600001,26.1177,20,27.686800000000304,False,dominant_holder,4,high
MGN,us,20.1046,20.1046,0.03358426130599999,18.2656,9,0.0,False,fragmented_or_mixed,4,high
MGNI,us,94.3045000000001,59.3394,0.023275877268,6.8115,20,34.965100000000106,False,broad_institutional,4,high
MGNX,us,70.5336,55.4545,0.023737748907,9.9492,20,15.079100000000004,False,broad_institutional,4,high
MGPI,us,104.9051,80.3698,0.057132998094000007,14.3065,20,24.535300000000007,True,data_anomaly,3,medium
MGRC,us,91.2786000000001,56.3324,0.023774284278000005,8.3314,20,34.9462000000001,False,broad_institutional,4,high
MGRM,us,35.2624,35.2624,0.06396830986799999,24.0061,14,0.0,False,dominant_holder,4,high
MGRT,us,77.3622,77.3622,0.597135538039,77.2745,5,0.0,False,dominant_holder,4,high
MGRX,us,24.0631,23.9469,0.014543297557,9.0526,20,0.11619999999999919,False,fragmented_or_mixed,4,high
MGTX,us,76.2416,65.7151,0.047182102739,13.1711,20,10.526499999999999,False,broad_institutional,4,high
MGX,us,38.806,36.1956,0.018473937506,10.7605,20,2.6103999999999985,False,fragmented_or_mixed,4,high
MGY,us,89.5806000000001,55.2526,0.024928444116,10.9059,20,34.3280000000001,False,broad_institutional,4,high
MGYR,us,47.807,45.6739,0.021955995728999998,9.7708,20,2.133099999999999,False,fragmented_or_mixed,4,high
MH,us,106.0696,101.3391,0.748051633583,86.3465,20,4.730499999999992,True,data_anomaly,2,medium
MHH,us,88.8471000000001,86.6109,0.13530585342900003,27.4112,20,2.236200000000096,False,dominant_holder,4,high
MHK,us,108.5199,67.2472,0.040353968356,13.3425,20,41.2727,True,data_anomaly,3,medium
MHN,us,0.0167,0.0167,2.0104999999999997e-08,0.0139,20,0.0,False,fragmented_or_mixed,4,high
MHO,us,100.5352,63.9576,0.04099073901599999,15.6794,20,36.577600000000004,True,data_anomaly,3,medium
MHUA,us,18.5741,18.5741,0.034499719081,18.5741,13,0.0,False,fragmented_or_mixed,4,high
MI,us,1.0282,1.0282,2.8527773999999997e-05,0.4096,12,0.0,False,fragmented_or_mixed,4,high
MIAX,us,68.2492000000001,40.8085,0.013500372816999999,7.6459,20,27.4407000000001,False,broad_institutional,4,high
MICC,us,93.2467000000005,66.8625,0.05312084077099999,19.8616,20,26.384200000000504,False,broad_institutional,4,high
MIDD,us,114.5497,80.5382,0.05067820485400001,14.0651,20,34.0115,True,data_anomaly,3,medium
MIDDV,us,,,,,1,,False,insufficient_data,0,low
MIGI,us,43.94,43.94,0.091858823962,28.0733,20,0.0,False,dominant_holder,4,high
MIMI,us,8.784,8.784,0.002346140816,3.0549,20,0.0,False,fragmented_or_mixed,4,high
MIND,us,17.3657,15.4862,0.0021811236219999998,3.4067,20,1.8795000000000002,False,fragmented_or_mixed,4,high
MINE,us,44.7359,44.6646,0.045791111046,16.0989,20,0.07130000000000081,False,fragmented_or_mixed,4,high
MINM,us,69.2717,69.2717,0.179377132191,36.5808,20,0.0,False,dominant_holder,4,high
MIR,us,112.3355,64.8683,0.03819882362500001,13.7216,20,47.46719999999999,True,data_anomaly,3,medium
MIRA,us,13.9375,13.7158,0.004489009705999999,6.0451,20,0.22170000000000023,False,fragmented_or_mixed,4,high
MIRM,us,108.6179,63.47,0.039526567780000015,12.5935,20,45.14790000000001,True,data_anomaly,3,medium
MIST,us,25.8744,22.8814,0.007122468599999998,5.0852,20,2.993000000000002,False,fragmented_or_mixed,4,high
MITK,us,91.5454000000001,57.3526,0.020474977752,6.4643,20,34.1928000000001,False,broad_institutional,4,high
MITQ,us,40.134,40.134,0.050492398188000005,20.8713,20,0.0,False,dominant_holder,4,high
MITT,us,40.3859,28.5883,0.008662257559,6.9853,20,11.7976,False,fragmented_or_mixed,4,high
MITT_PA,us,0.1148,0.1148,1.0603599999999998e-06,0.1022,2,0.0,False,fragmented_or_mixed,4,high
MITT_PB,us,18.4016,18.4016,0.032878935490000004,18.1305,3,0.0,False,fragmented_or_mixed,4,high
MITT_PC,us,17.3484,17.3484,0.027600904418,16.6052,4,0.0,False,fragmented_or_mixed,4,high
MKC,us,97.4256000000004,53.0469,0.023840895546999998,6.8408,20,44.3787000000004,False,broad_institutional,4,high
MKCV,us,29.6348,26.1202,0.016994421986000006,12.2308,20,3.514599999999998,False,fragmented_or_mixed,4,high
MKDW,us,62.905,62.905,0.05080575100799999,9.3209,20,0.0,False,broad_institutional,4,high
MKL,us,83.2333000000003,42.2403,0.011596980775,4.3513,20,40.9930000000003,False,broad_institutional,4,high
MKLY,us,92.0125000000001,72.7355,0.03644116864899999,10.6923,20,19.2770000000001,False,broad_institutional,4,high
MKLYR,us,,,,,20,,False,insufficient_data,0,low
MKLYU,us,13.1554,13.1554,0.004326743664000001,5.7971,20,0.0,False,fragmented_or_mixed,4,high
MKSI,us,104.5728,58.0177,0.023004922075,8.2977,20,46.5551,True,data_anomaly,3,medium
MKTW,us,55.5882,50.4581,0.03151802124100001,13.9992,20,5.130099999999999,False,broad_institutional,4,high
MKTX,us,111.8731,74.1623,0.041901472507,10.7631,20,37.71079999999999,True,data_anomaly,3,medium
MKZR,us,14.9001,14.8805,0.005324234450999999,6.5037,20,0.019600000000000506,False,fragmented_or_mixed,4,high
MLAAU,us,1.4694,1.4694,0.00019045223599999998,1.3791,6,0.0,False,fragmented_or_mixed,4,high
MLAB,us,102.1418,63.7972,0.025661063814,8.5264,20,38.34460000000001,True,data_anomaly,3,medium
MLAC,us,106.0333,87.4191,0.05717843890499999,14.6923,20,18.614199999999997,True,data_anomaly,3,medium
MLACR,us,,,,,20,,False,insufficient_data,0,low
MLCI,us,31.5959,29.1124,0.007775670362,5.3348,20,2.4834999999999994,False,fragmented_or_mixed,4,high
MLCO,us,35.7668000000001,27.6681,0.005458616077,3.7364,20,8.098700000000104,False,fragmented_or_mixed,4,high
MLEC,us,23.3561,23.3561,0.039715187283,19.7749,20,0.0,False,fragmented_or_mixed,4,high
MLECW,us,,,,,20,,False,insufficient_data,0,low
MLGO,us,47.5953,47.5953,0.220193473085,46.9236,20,0.0,False,dominant_holder,4,high
MLI,us,95.9135000000002,54.7392,0.022346697455999997,9.185,20,41.1743000000002,False,broad_institutional,4,high
MLKN,us,102.8691,71.3018,0.042281544793999995,13.9701,20,31.567300000000003,True,data_anomaly,3,medium
MLM,us,103.9132,56.2895,0.021129458877000004,6.524,20,47.62370000000001,True,data_anomaly,3,medium
MLNK,us,17.022,17.022,0.024043564332000004,15.468,20,0.0,False,fragmented_or_mixed,4,high
MLP,us,93.2292,90.0123,0.37805187821900016,60.7126,20,3.2169000000000096,False,dominant_holder,4,high
MLR,us,100.8974,67.5319,0.035031162108999994,9.5853,20,33.36550000000001,True,data_anomaly,3,medium
MLSS,us,21.1189,20.4653,0.011717572141000004,10.0586,20,0.6536000000000008,False,fragmented_or_mixed,4,high
MLTX,us,86.8737,66.2365,0.054600072921000005,19.364,20,20.637199999999993,False,broad_institutional,4,high
MLYS,us,110.6806,67.7928,0.032858081962,8.9699,20,42.8878,True,data_anomaly,3,medium
MMA,us,21.9389,21.9389,0.009569915220999998,7.9925,20,0.0,False,fragmented_or_mixed,4,high
MMAT,us,0.0001,0.0001,1e-12,0.0001,20,0.0,False,fragmented_or_mixed,4,high
MMC,us,96.5175000000002,49.8929,0.017316518057000005,6.5941,20,46.6246000000002,False,broad_institutional,4,high
MMED,us,95.8739,95.4484,0.811030929488,90.0195,20,0.42549999999999955,False,dominant_holder,4,high
MMI,us,102.402,84.4318,0.160932147478,37.3543,20,17.970200000000006,True,data_anomaly,3,medium
MMM,us,78.7121,43.3639,0.017406486515000003,6.9774,20,35.348200000000006,False,broad_institutional,4,high
MMS,us,118.3738,72.9794,0.042806061114,11.355,20,45.394400000000005,True,data_anomaly,3,medium
MMSI,us,107.9715,58.3564,0.03147307378200001,13.361,20,49.615100000000005,True,data_anomaly,3,medium
MMTX,us,57.513,56.9998,0.04718577189399999,18.6337,20,0.5131999999999977,False,broad_institutional,4,high
MMTXU,us,13.5052,13.5052,0.00325273793,3.556,20,0.0,False,fragmented_or_mixed,4,high
MMYT,us,113.9477,74.8155,0.055431587633000004,16.7086,20,39.1322,True,data_anomaly,3,medium
MNDO,us,30.3103,30.3103,0.030733625769000003,15.4645,20,0.0,False,fragmented_or_mixed,4,high
MNDR,us,33.4149,33.4149,0.047527162511000004,16.4388,17,0.0,False,fragmented_or_mixed,4,high
MNDY,us,104.2587,69.4973,0.035699440035,11.2433,20,34.76140000000001,True,data_anomaly,3,medium
MNKD,us,62.8419000000001,41.8329,0.014339841145,7.3297,20,21.0090000000001,False,broad_institutional,4,high
MNMD,us,75.1774,45.7809,0.015849359541000002,6.3373,20,29.396500000000003,False,broad_institutional,4,high
MNOV,us,13.7803,13.2075,0.001780575895,2.2469,20,0.5728000000000009,False,fragmented_or_mixed,4,high
MNPR,us,113.369,93.1543,0.077892705267,19.6656,20,20.214699999999993,True,data_anomaly,3,medium
MNRO,us,134.8904,93.2741,0.07283355724100002,16.2531,20,41.616299999999995,True,data_anomaly,3,medium
MNSB,us,87.7956000000001,73.7648,0.042583185883999994,10.7875,20,14.030800000000113,False,broad_institutional,4,high
MNSO,us,9.00929999999999,8.1757,0.0010806581110000002,2.9009,20,0.8335999999999899,False,fragmented_or_mixed,4,high
MNST,us,101.8736,64.4236,0.05885365853200001,20.8836,20,37.45,True,data_anomaly,3,medium
MNTK,us,87.0975,83.0121,0.20529913552700002,40.4818,20,4.085399999999993,False,dominant_holder,4,high
MNTN,us,80.7915000000001,68.9728,0.05069726246799999,10.9994,20,11.818700000000092,False,broad_institutional,4,high
MNTS,us,10.4262,10.3936,0.004694418792,6.3708,20,0.032600000000000406,False,fragmented_or_mixed,4,high
MNTSW,us,,,,,20,,False,insufficient_data,0,low
MNY,us,66.8003,66.6422,0.10713687859,23.1332,20,0.15809999999999036,False,dominant_holder,4,high
MNYWW,us,,,,,20,,False,insufficient_data,0,low
MO,us,63.3970000000012,35.1091,0.012269840075,6.5176,20,28.2879000000012,False,broad_institutional,4,high
MOB,us,31.9651,31.6737,0.014234407965000001,7.0799,20,0.29139999999999944,False,fragmented_or_mixed,4,high
MOBI,us,35.5477,35.5477,0.027910444672999996,10.2586,13,0.0,False,fragmented_or_mixed,4,high
MOBX,us,20.727,20.0724,0.0034104620759999997,3.1363,20,0.6546000000000021,False,fragmented_or_mixed,4,high
MOBXW,us,,,,,20,,False,insufficient_data,0,low
MOD,us,110.7723,49.3208,0.015693302864,6.5174,20,61.4515,True,data_anomaly,3,medium
MODD,us,33.8589,33.6446,0.013734652219999997,6.7736,20,0.2143000000000015,False,fragmented_or_mixed,4,high
MODG,us,96.3750000000002,65.4079,0.03680556465700001,10.3433,20,30.9671000000002,False,broad_institutional,4,high
MODV,us,47.0658,47.0658,0.118884205794,31.1436,20,0.0,False,dominant_holder,4,high
MOGO,us,28.0038,27.8523,0.016872189151000003,10.1317,20,0.15149999999999864,False,fragmented_or_mixed,4,high
MOGU,us,37.8184,37.8184,0.04079226069399999,12.9127,12,0.0,False,fragmented_or_mixed,4,high
MOGA,us,105.5784,60.26,0.032508091632000004,12.3277,20,45.318400000000004,True,data_anomaly,3,medium
MOGB,us,107.9885,107.0526,0.392836633632,54.8292,20,0.9359000000000037,True,data_anomaly,2,medium
MOH,us,113.6814,66.9597,0.033245752799,11.0325,20,46.7217,True,data_anomaly,3,medium
MOLN,us,9.577,9.577,0.0048102666460000006,5.9222,13,0.0,False,fragmented_or_mixed,4,high
MOMO,us,75.1746,60.4035,0.031358398147,10.8125,20,14.771099999999997,False,broad_institutional,4,high
MOND,us,6.0746,6.0746,0.0022839965459999995,4.6495,20,0.0,False,fragmented_or_mixed,4,high
MORN,us,117.365,91.3872,0.17300993149000002,38.6814,20,25.977799999999988,True,data_anomaly,3,medium
MOS,us,99.2717000000003,57.8213,0.027282944453,9.9176,20,41.45040000000029,False,broad_institutional,4,high
MOV,us,92.9792000000001,59.5118,0.022781398175999994,6.4036,20,33.467400000000104,False,broad_institutional,4,high
MOVE,us,41.9411,41.9366,0.06420740554399998,20.0477,20,0.0045000000000001705,False,dominant_holder,4,high
MP,us,89.6260000000003,55.1204,0.024971691131999995,8.348,20,34.50560000000031,False,broad_institutional,4,high
MPAA,us,99.1164,74.5231,0.045678247151,12.1517,20,24.5933,False,broad_institutional,4,high
MPB,us,69.1385,51.6872,0.026938146284,9.6221,20,17.451299999999996,False,broad_institutional,4,high
MPC,us,79.0337000000003,42.6977,0.016955848875,6.5665,20,36.3360000000003,False,broad_institutional,4,high
MPLT,us,109.2143,95.7669,0.23631113983500002,46.2185,20,13.447399999999988,True,data_anomaly,3,medium
MPT,us,78.5349000000001,58.9382,0.03469363031600001,10.7505,20,19.596700000000105,False,broad_institutional,4,high
MPTI,us,51.4018,35.1792,0.007502072968000001,3.8968,20,16.2226,False,broad_institutional,4,high
MPTI_R,us,,,,,20,,False,insufficient_data,0,low
MPTI_R_W,us,,,,,20,,False,insufficient_data,0,low
MPU,us,5.8963,5.8963,0.002109557669,4.5611,20,0.0,False,fragmented_or_mixed,4,high
MPW,us,78.5349000000001,58.9382,0.03469363031600001,10.7505,20,19.596700000000105,False,broad_institutional,4,high
MPWR,us,106.8953,57.9224,0.026980654678,8.3424,20,48.9729,True,data_anomaly,3,medium
MPX,us,17.2628,15.7259,0.002075894843,2.2419,20,1.5368999999999993,False,fragmented_or_mixed,4,high
MQ,us,84.8238000000001,63.4833,0.036503557677,13.4759,20,21.340500000000105,False,broad_institutional,4,high
MQT,us,0.6367,0.6367,2.6954401000000003e-05,0.5086,20,0.0,False,fragmented_or_mixed,4,high
MRAI,us,51.1056,51.1056,0.11543403775000001,33.2166,11,0.0,False,dominant_holder,4,high
MRAM,us,71.0212000000001,56.7305,0.027201718045,8.859,20,14.290700000000108,False,broad_institutional,4,high
MRBK,us,86.8825,64.564,0.028907443798,9.4344,20,22.3185,False,broad_institutional,4,high
MRCC,us,28.8038,22.9747,0.006091659131000001,4.611,20,5.8291,False,fragmented_or_mixed,4,high
MRCY,us,114.8152,63.5825,0.036227549730999994,13.4246,20,51.2327,True,data_anomaly,3,medium
MRDN,us,86.4518,85.8272,0.37676729814200005,60.5143,20,0.6246000000000009,False,dominant_holder,4,high
MREO,us,52.5002,50.4069,0.033768255041,9.59,20,2.0932999999999993,False,broad_institutional,4,high
MRK,us,82.7615000000053,39.6959,0.013852252991000001,6.5182,20,43.0656000000053,False,broad_institutional,4,high
MRKR,us,29.1159,28.712,0.013617943661999999,9.7503,20,0.40390000000000015,False,fragmented_or_mixed,4,high
MRM,us,26.9768,26.9768,0.05993794857800001,24.456,20,0.0,False,dominant_holder,4,high
MRNA,us,86.6831000000002,57.5069,0.022327991305999998,6.7364,20,29.176200000000193,False,broad_institutional,4,high
MRNO,us,95.2973,95.2973,0.721299408393,84.2479,19,0.0,False,dominant_holder,4,high
MRNOW,us,,,,,20,,False,insufficient_data,0,low
MRP,us,91.7765000000002,60.1574,0.035381348092000005,12.3271,20,31.619100000000195,False,broad_institutional,4,high
MRP_W,us,91.7765000000002,60.1574,0.035381348092000005,12.3271,20,31.619100000000195,False,broad_institutional,4,high
MRSH,us,96.5175000000002,49.8929,0.017316518057000005,6.5941,20,46.6246000000002,False,broad_institutional,4,high
MRSN,us,8.9659,8.9624,0.0014085076300000003,3.0525,20,0.0034999999999989484,False,fragmented_or_mixed,4,high
MRT,us,72.6187,72.4965,0.08073575462900001,16.7654,20,0.12220000000000653,False,broad_institutional,4,high
MRTN,us,101.9785,75.6512,0.07302714689,21.7012,20,26.327299999999994,True,data_anomaly,3,medium
MRVI,us,99.9333000000001,73.1637,0.042356757163000004,13.6604,20,26.769600000000096,False,broad_institutional,4,high
MRVL,us,89.3498000000012,48.7773,0.029324575335000002,14.1051,20,40.5725000000012,False,broad_institutional,4,high
MRX,us,95.2538000000001,55.5631,0.015912484484,5.0533,20,39.6907000000001,False,broad_institutional,4,high
MS,us,87.5395000000032,56.3032,0.06881620506400002,24.2055,20,31.236300000003205,False,dominant_holder,4,high
MSA,us,102.0433,56.6926,0.02203569646,7.7947,20,45.3507,True,data_anomaly,3,medium
MSAI,us,45.2008,44.8557,0.10868888830700002,32.7937,20,0.3451000000000022,False,dominant_holder,4,high
MSAIW,us,,,,,20,,False,insufficient_data,0,low
MSB,us,50.735,47.9639,0.05976414629099999,23.0769,20,2.771099999999997,False,dominant_holder,4,high
MSBI,us,80.2834000000001,53.5123,0.020767933092999995,9.1048,20,26.771100000000096,False,broad_institutional,4,high
MSC,us,47.0232,47.0232,0.056719718402,16.174,20,0.0,False,fragmented_or_mixed,4,high
MSCI,us,97.7006000000001,48.5138,0.017652902231999997,6.4004,20,49.18680000000009,False,broad_institutional,4,high
MSDL,us,34.4395,24.6825,0.005060403050999999,4.9912,20,9.757000000000001,False,fragmented_or_mixed,4,high
MSEX,us,89.4619,65.2634,0.042022989546000006,13.2489,20,24.198499999999996,False,broad_institutional,4,high
MSFT,us,76.6655000000092,35.7081,0.011462024487,6.4961,20,40.9574000000092,False,broad_institutional,4,high
MSGE,us,111.1584,78.824,0.051234269002,15.0984,20,32.3344,True,data_anomaly,3,medium
MSGM,us,61.9455,61.333,0.08717855655399999,26.0131,20,0.6125000000000043,False,dominant_holder,4,high
MSGS,us,105.661,69.6682,0.036897714674,9.7202,20,35.9928,True,data_anomaly,3,medium
MSGY,us,75.1409,75.1409,0.5449187345509998,73.8137,11,0.0,False,dominant_holder,4,high
MSI,us,91.0633000000004,42.2544,0.01594195203,6.4868,20,48.8089000000004,False,broad_institutional,4,high
MSIF,us,30.6144,21.3365,0.004438240416999999,5.1116,20,9.277899999999999,False,fragmented_or_mixed,4,high
MSLE,us,46.3811,45.7427,0.018341143502999997,8.2791,20,0.6384000000000043,False,fragmented_or_mixed,4,high
MSM,us,108.6821,67.948,0.042499293014,14.9385,20,40.73410000000001,True,data_anomaly,3,medium
MSN,us,76.5474,76.5474,0.525709024914,72.4399,20,0.0,False,dominant_holder,4,high
MSPR,us,1.9538,1.9538,0.000126000242,0.7572,20,0.0,False,fragmented_or_mixed,4,high
MSS,us,36.6049,36.6049,0.09070024360900002,29.8073,20,0.0,False,dominant_holder,4,high
MSSA,us,98.1466,98.1466,0.9632755091560001,98.1466,20,0.0,False,dominant_holder,4,high
MSTR,us,65.6638000000004,44.45,0.017542281059999998,9.3681,20,21.213800000000404,False,broad_institutional,4,high
MSW,us,11.7025,11.7025,0.011779670528999997,10.8439,14,0.0,False,fragmented_or_mixed,4,high
MS_PA,us,0.997,0.997,4.031911999999999e-05,0.5295,19,0.0,False,fragmented_or_mixed,4,high
MS_PE,us,24.0536,23.9968,0.009223262474000002,6.6726,20,0.05679999999999907,False,fragmented_or_mixed,4,high
MS_PF,us,0.0969,0.0969,3.13015e-07,0.0393,20,0.0,False,fragmented_or_mixed,4,high
MS_PI,us,21.0262,20.9854,0.008418257906000001,6.7249,20,0.040800000000000836,False,fragmented_or_mixed,4,high
MS_PK,us,1.6802,1.6802,0.000229646936,1.512,20,0.0,False,fragmented_or_mixed,4,high
MS_PL,us,15.4354,15.4354,0.007121883734,6.6022,19,0.0,False,fragmented_or_mixed,4,high
MS_PP,us,25.1797,25.009,0.008823964565999997,6.6852,20,0.17070000000000007,False,fragmented_or_mixed,4,high
MT,us,4.5394,2.8182,6.6354448e-05,0.5022,20,1.7211999999999996,False,fragmented_or_mixed,4,high
MTA,us,60.6206,52.9557,0.037956954757000005,13.6256,20,7.664900000000003,False,broad_institutional,4,high
MTAL,us,12.0988,12.0988,0.011898416587999998,10.8696,7,0.0,False,fragmented_or_mixed,4,high
MTB,us,94.6282000000003,57.2262,0.026492524553999995,7.0419,20,37.40200000000031,False,broad_institutional,4,high
MTB_PH,us,15.0948,15.0948,0.006822527156,6.7247,20,0.0,False,fragmented_or_mixed,4,high
MTC,us,0.2439,0.2439,1.233991e-06,0.0722,20,0.0,False,fragmented_or_mixed,4,high
MTCH,us,109.8638,65.347,0.03136189269,11.2842,20,44.5168,True,data_anomaly,3,medium
MTD,us,103.6513,54.2196,0.021024031108000003,6.5414,20,49.431700000000006,True,data_anomaly,3,medium
MTDR,us,105.014,58.8202,0.025070847856,8.0001,20,46.193799999999996,True,data_anomaly,3,medium
MTEK,us,50.4877,50.4877,0.072962379117,23.812,20,0.0,False,dominant_holder,4,high
MTEKW,us,,,,,13,,False,insufficient_data,0,low
MTEN,us,23.3467,23.3467,0.052777919455,22.972,16,0.0,False,dominant_holder,4,high
MTEX,us,73.6693,73.568,0.076824593724,18.7475,20,0.10130000000000905,False,broad_institutional,4,high
MTG,us,105.3919,67.3053,0.034604761585,9.3218,20,38.086600000000004,True,data_anomaly,3,medium
MTH,us,105.0269,61.449,0.037820901658,14.8759,20,43.5779,True,data_anomaly,3,medium
MTLS,us,18.515,17.0254,0.0036203285740000007,4.8038,20,1.4895999999999994,False,fragmented_or_mixed,4,high
MTN,us,125.32,91.3286,0.071646520672,14.1539,20,33.9914,True,data_anomaly,3,medium
MTNB,us,20.6262,20.6018,0.011417819692,9.5414,20,0.024399999999999977,False,fragmented_or_mixed,4,high
MTNE,us,15.5429,15.5429,0.008052725033,5.1825,3,0.0,False,fragmented_or_mixed,4,high
MTR,us,30.1846,30.1846,0.03705459154600001,14.2407,20,0.0,False,fragmented_or_mixed,4,high
MTRN,us,101.0869,66.0547,0.039466764587,14.1505,20,35.0322,True,data_anomaly,3,medium
MTRX,us,87.7998,54.0081,0.018323082871,6.4925,20,33.791700000000006,False,broad_institutional,4,high
MTSI,us,105.7692,64.5358,0.035955023884,9.9773,20,41.2334,True,data_anomaly,3,medium
MTSR,us,0.0286,0.0286,4.1097999999999995e-08,0.0153,20,0.0,False,fragmented_or_mixed,4,high
MTUS,us,100.4526,72.9481,0.044615777891,12.2944,20,27.504500000000007,True,data_anomaly,3,medium
MTVA,us,47.2184,47.2184,0.12680396290999996,34.2069,20,0.0,False,dominant_holder,4,high
MTW,us,85.2234000000001,56.6728,0.026229427564000006,9.2504,20,28.550600000000095,False,broad_institutional,4,high
MTX,us,98.3550000000002,67.6978,0.040771330328,13.7967,20,30.657200000000202,False,broad_institutional,4,high
MTZ,us,96.5521000000001,57.7203,0.037437660177,15.0245,20,38.831800000000094,False,broad_institutional,4,high
MU,us,83.5851000000042,43.5348,0.015344077591999999,6.4758,20,40.050300000004206,False,broad_institutional,4,high
MUE,us,5.0909,5.0909,0.002520361083,5.0201,20,0.0,False,fragmented_or_mixed,4,high
MUFG,us,3.23910000000003,2.4012,0.00010224693599999998,0.8501,20,0.8379000000000301,False,fragmented_or_mixed,4,high
MUR,us,101.2607,65.5654,0.031759842786000005,10.6739,20,35.6953,True,data_anomaly,3,medium
MUSA,us,99.1461000000002,56.4304,0.0226434093,8.2112,20,42.715700000000204,False,broad_institutional,4,high
MUX,us,72.7116000000001,48.932,0.027859768108,13.7427,20,23.7796000000001,False,broad_institutional,4,high
MUZE,us,27.269,27.2685,0.010209067111000003,7.6412,20,0.0004999999999988347,False,fragmented_or_mixed,4,high
MVBF,us,67.8727000000001,51.4201,0.031720380257000004,13.7449,20,16.452600000000096,False,broad_institutional,4,high
MVF,us,0.0112,0.0112,1.2103999999999997e-08,0.011,20,0.0,False,fragmented_or_mixed,4,high
MVIS,us,27.4733,23.183,0.006260772634,5.2104,20,4.2902999999999984,False,fragmented_or_mixed,4,high
MVST,us,79.9289,71.6479,0.18553707980100004,41.1748,20,8.280999999999992,False,dominant_holder,4,high
MVSTW,us,,,,,20,,False,insufficient_data,0,low
MVT,us,0.0203,0.0203,1.9579000000000003e-08,0.0123,20,0.0,False,fragmented_or_mixed,4,high
MWA,us,103.3008,61.3339,0.03514407575299999,13.7439,20,41.966899999999995,True,data_anomaly,3,medium
MWC,us,59.265,59.265,0.054516026668,11.5472,7,0.0,False,broad_institutional,4,high
MWG,us,3.5996,3.5996,0.0007397816299999999,2.5555,17,0.0,False,fragmented_or_mixed,4,high
MWH,us,83.5972000000001,78.1114,0.45775746931599987,67.6073,20,5.485800000000097,False,dominant_holder,4,high
MWYN,us,30.7902,30.7902,0.08811527120999998,29.6772,20,0.0,False,dominant_holder,4,high
MX,us,67.9374,53.3529,0.023409891521,8.4187,20,14.584499999999998,False,broad_institutional,4,high
MXC,us,77.986,77.9606,0.228606213432,46.1388,20,0.025400000000004752,False,dominant_holder,4,high
MXCT,us,72.2849000000001,57.1878,0.024211218191999995,7.6548,20,15.097100000000104,False,broad_institutional,4,high
MXL,us,97.3138,65.9485,0.041609576163,12.7967,20,31.365300000000005,False,broad_institutional,4,high
MYD,us,0.0993,0.0993,2.2442900000000003e-07,0.032,20,0.0,False,fragmented_or_mixed,4,high
MYE,us,98.5308,68.0992,0.037751614532000016,13.1209,20,30.431600000000003,False,broad_institutional,4,high
MYFW,us,82.6395,60.9602,0.025104124682000004,7.4823,20,21.679299999999998,False,broad_institutional,4,high
MYGN,us,100.081,62.3001,0.026125358676999996,7.7043,20,37.7809,True,data_anomaly,3,medium
MYNA,us,0.0,0.0,0.0,0.0,16,0.0,False,fragmented_or_mixed,4,high
MYND,us,1.6035,1.6035,0.000138005365,1.1435,19,0.0,False,fragmented_or_mixed,4,high
MYNZ,us,16.1863,15.9511,0.005240092075,6.1945,20,0.23519999999999897,False,fragmented_or_mixed,4,high
MYO,us,50.3331000000001,42.5535,0.019228864242999997,9.9571,20,7.7796000000001015,False,broad_institutional,4,high
MYPS,us,57.3461000000001,48.3459,0.031176206483,14.8285,20,9.000200000000099,False,broad_institutional,4,high
MYPSW,us,,,,,15,,False,insufficient_data,0,low
MYRG,us,105.2288,57.0174,0.030383959310000003,13.6265,20,48.211400000000005,True,data_anomaly,3,medium
MYSE,us,10.6346,10.6346,0.002476739224,3.7433,20,0.0,False,fragmented_or_mixed,4,high
MYSEW,us,,,,,5,,False,insufficient_data,0,low
MYSZ,us,15.7343,15.7343,0.006732497889,7.5306,20,0.0,False,fragmented_or_mixed,4,high
MYX,us,12.0808,12.0808,0.005562907215999999,5.2431,7,0.0,False,fragmented_or_mixed,4,high
MZTI,us,93.0222000000002,67.4862,0.063247728688,20.9234,20,25.5360000000002,False,dominant_holder,4,high
MZYX,us,10.2353,10.2353,0.003945619708999999,5.8333,7,0.0,False,fragmented_or_mixed,4,high
NA,us,60.7096,60.6123,0.043761698956999995,12.571,20,0.09730000000000416,False,broad_institutional,4,high
NAAS,us,0.8208,0.8208,4.391900000000001e-05,0.654,20,0.0,False,fragmented_or_mixed,4,high
NABL,us,101.4396,87.3587,0.18471608165300002,32.6886,20,14.0809,True,data_anomaly,3,medium
NAGE,us,76.6351,59.7573,0.037509083832999994,14.3246,20,16.877799999999993,False,broad_institutional,4,high
NAII,us,56.6632,56.1808,0.041515611134,15.3151,20,0.4824000000000055,False,broad_institutional,4,high
NAK,us,26.5479,22.4842,0.009495079424,8.2435,20,4.063699999999997,False,fragmented_or_mixed,4,high
NAMI,us,22.9618,22.9618,0.01857929276,11.2803,15,0.0,False,fragmented_or_mixed,4,high
NAMM,us,94.6159000000001,94.6159000000001,0.41529508360499995,62.7887,20,0.0,False,dominant_holder,4,high
NAMMW,us,,,,,20,,False,insufficient_data,0,low
NAMS,us,104.5281,79.3137,0.05603594734100001,14.4938,20,25.214399999999998,True,data_anomaly,3,medium
NAMSW,us,,,,,14,,False,insufficient_data,0,low
NAT,us,53.7961000000001,39.5142,0.011557919572000001,5.7567,20,14.2819000000001,False,broad_institutional,4,high
NATH,us,81.7337,68.5336,0.08109965245,24.1755,20,13.200099999999992,False,dominant_holder,4,high
NATL,us,99.5107000000002,61.0063,0.03225279711900001,13.2924,20,38.504400000000196,False,broad_institutional,4,high
NATR,us,91.9679,66.3689,0.043332258051,14.0671,20,25.599000000000004,False,broad_institutional,4,high
NAUT,us,74.1405,70.4826,0.06742975478,16.2839,20,3.657899999999998,False,broad_institutional,4,high
NAVI,us,104.359,77.0175,0.12042500389300004,31.3333,20,27.341499999999996,True,data_anomaly,3,medium
NAVN,us,79.5466,71.1872,0.06978053438800001,15.6007,20,8.359399999999994,False,broad_institutional,4,high
NB,us,32.2822000000001,21.5338,0.003848577302,4.0533,20,10.748400000000103,False,fragmented_or_mixed,4,high
NBBK,us,66.4208000000001,44.5952,0.01742038273,7.6218,20,21.8256000000001,False,broad_institutional,4,high
NBGR,us,0.0,0.0,0.0,0.0,1,0.0,False,fragmented_or_mixed,4,high
NBHC,us,102.227,67.7815,0.034356198589000006,11.4464,20,34.44550000000001,True,data_anomaly,3,medium
NBIS,us,66.6429000000004,38.5082,0.010101494062,5.6305,20,28.134700000000393,False,broad_institutional,4,high
NBIX,us,101.5966,53.6354,0.025526599023999997,10.4522,20,47.9612,True,data_anomaly,3,medium
NBN,us,86.1084000000001,60.7753,0.02771711524100001,8.2466,20,25.3331000000001,False,broad_institutional,4,high
NBOS,us,75.8098,74.9165,0.178059818845,40.4713,20,0.8932999999999964,False,dominant_holder,4,high
NBP,us,57.9533,55.7776,0.04300025823200001,13.702,20,2.175699999999999,False,broad_institutional,4,high
NBR,us,83.5628,55.8696,0.019736779274,6.9559,20,27.693199999999997,False,broad_institutional,4,high
NBST,us,92.4738,92.4738,0.8551403686439999,92.4738,19,0.0,False,dominant_holder,4,high
NBTB,us,68.2305000000002,47.638,0.029886213776,13.2574,20,20.592500000000207,False,broad_institutional,4,high
NBTX,us,11.7904,11.7904,0.013448933634,11.5966,20,0.0,False,fragmented_or_mixed,4,high
NBY,us,104.0619,104.0225,0.410891693711,44.9328,20,0.039400000000000546,True,data_anomaly,2,medium
NC,us,69.3863000000001,56.466,0.03548897873400001,10.5958,20,12.920300000000104,False,broad_institutional,4,high
NCDL,us,75.4888,69.3936,0.095689088316,27.2936,20,6.095199999999991,False,dominant_holder,4,high
NCEL,us,69.1947,69.1947,0.09372436931099998,20.6647,20,0.0,False,dominant_holder,4,high
NCI,us,0.083,0.083,3.5300600000000006e-07,0.0555,13,0.0,False,fragmented_or_mixed,4,high
NCL,us,4.5896,4.5896,0.001181465948,3.3569,20,0.0,False,fragmented_or_mixed,4,high
NCLH,us,94.3018000000004,55.0406,0.021582368654,6.5304,20,39.2612000000004,False,broad_institutional,4,high
NCMI,us,91.0673000000001,78.0708,0.10630120163400002,28.9449,20,12.996500000000097,False,dominant_holder,4,high
NCNA,us,1.0532,1.0532,3.064206e-05,0.3604,20,0.0,False,fragmented_or_mixed,4,high
NCNC,us,50.7841,50.7841,0.20424306692699995,44.8576,20,0.0,False,dominant_holder,4,high
NCNO,us,116.5331,63.9763,0.024332299557000003,6.3519,20,52.5568,True,data_anomaly,3,medium
NCPL,us,45.6831,45.683,0.050602536033999994,12.7423,20,0.00010000000000331966,False,fragmented_or_mixed,4,high
NCRA,us,16.6259,16.6259,0.011084628557,9.8635,20,0.0,False,fragmented_or_mixed,4,high
NCSM,us,86.5897,81.9479,0.32288624443300007,56.3312,20,4.641799999999989,False,dominant_holder,4,high
NCT,us,9.7811,9.7811,0.0022863057290000003,3.7882,19,0.0,False,fragmented_or_mixed,4,high
NCTY,us,19.4324,19.4324,0.014368834938000001,11.1448,20,0.0,False,fragmented_or_mixed,4,high
NCV,us,29.3806,26.3919,0.005932597921,3.5511,20,2.9887000000000015,False,fragmented_or_mixed,4,high
NCV_PA,us,14.6137,14.6137,0.011228832625,8.9664,3,0.0,False,fragmented_or_mixed,4,high
NCZ,us,38.8601,36.0217,0.017426059042999997,9.6156,20,2.8384,False,fragmented_or_mixed,4,high
NCZ_PA,us,5.7046,5.7046,0.002882629108,5.3578,3,0.0,False,fragmented_or_mixed,4,high
NDAQ,us,98.8916000000003,63.9164,0.038804933742,10.4445,20,34.97520000000029,False,broad_institutional,4,high
NDLS,us,67.4141,62.8699,0.052621304380999996,14.7769,20,4.544200000000004,False,broad_institutional,4,high
NDRA,us,18.3911,18.3911,0.006498404857,5.4501,20,0.0,False,fragmented_or_mixed,4,high
NDSN,us,83.3688000000001,47.1812,0.017539950531999998,6.186,20,36.18760000000011,False,broad_institutional,4,high
NE,us,109.3246,79.1491,0.068391400959,19.4619,20,30.1755,True,data_anomaly,3,medium
NECB,us,63.6959,45.0134,0.0200784229,9.3301,20,18.682500000000005,False,broad_institutional,4,high
NEE,us,86.6481000000033,42.1946,0.015251556603999999,6.4907,20,44.453500000003295,False,broad_institutional,4,high
NEE_PS,us,90.8205000000001,77.4634,0.06684490789999999,17.6213,20,13.357100000000102,False,broad_institutional,4,high
NEE_PT,us,85.3993,75.4925,0.078486903389,21.4101,20,9.90679999999999,False,dominant_holder,4,high
NEE_PV,us,,,,,20,,False,insufficient_data,0,low
NEGG,us,95.626,95.568,0.353727963628,53.1209,20,0.058000000000006935,False,dominant_holder,4,high
NEM,us,82.7031000000011,41.6934,0.015645174624,6.7123,20,41.009700000001104,False,broad_institutional,4,high
NEN,us,69.593,69.593,0.14617410029400005,31.5031,20,0.0,False,dominant_holder,4,high
NEO,us,111.5111,78.9787,0.050815532679,13.7685,20,32.532399999999996,True,data_anomaly,3,medium
NEOG,us,117.5481,79.1101,0.045299479446999996,13.5898,20,38.438,True,data_anomaly,3,medium
NEON,us,44.1505,42.1184,0.028853946086000004,11.0473,20,2.0321,False,fragmented_or_mixed,4,high
NEOV,us,35.9847,34.4116,0.020423551847999995,9.6984,20,1.5730999999999966,False,fragmented_or_mixed,4,high
NEPH,us,61.3291,59.2434,0.11759997863200002,33.3166,20,2.0856999999999957,False,dominant_holder,4,high
NERV,us,99.4806,96.1048,0.07914933472599998,18.6546,20,3.375799999999998,False,broad_institutional,4,high
NESR,us,96.5899,69.8078,0.051193390314000005,17.2092,20,26.7821,False,broad_institutional,4,high
NET,us,90.3520000000006,52.4897,0.020189221183,7.0787,20,37.8623000000006,False,broad_institutional,4,high
NEU,us,84.9370000000001,61.331,0.030283241562,10.2803,20,23.606000000000094,False,broad_institutional,4,high
NEUP,us,38.9612,38.9477,0.031828503237000004,16.1961,20,0.013500000000000512,False,fragmented_or_mixed,4,high
NEWP,us,81.6742,78.1604,0.11168348924400001,27.7673,20,3.5138000000000034,False,dominant_holder,4,high
NEWT,us,60.7136000000001,44.6504,0.01788841905,7.9965,20,16.0632000000001,False,broad_institutional,4,high
NEXA,us,100.7763,97.5036,0.4420651897759999,64.6753,20,3.2727000000000004,True,data_anomaly,3,medium
NEXM,us,39.5679,38.617,0.041782267776000005,17.534,20,0.9509000000000043,False,fragmented_or_mixed,4,high
NEXN,us,83.5008000000001,75.333,0.11721169195800003,31.0955,20,8.1678000000001,False,dominant_holder,4,high
NEXR,us,0.1468,0.1468,3.0885e-07,0.0382,20,0.0,False,fragmented_or_mixed,4,high
NEXT,us,89.3424,75.0296,0.10150678112799999,25.1205,20,14.312799999999996,False,dominant_holder,4,high
NE_T,us,,,,,20,,False,insufficient_data,0,low
NE_TA,us,,,,,20,,False,insufficient_data,0,low
NFBK,us,73.5573,52.9989,0.023421686744000008,8.1544,20,20.5584,False,broad_institutional,4,high
NFE,us,92.4162,82.509,0.07382630047199998,18.7774,20,9.907200000000003,False,broad_institutional,4,high
NFG,us,83.4142000000002,51.7853,0.023469595107000002,8.6622,20,31.628900000000208,False,broad_institutional,4,high
NFGC,us,44.2501,41.3369,0.025178837445,11.5691,20,2.9132000000000033,False,fragmented_or_mixed,4,high
NFLX,us,89.0887000000049,44.4564,0.015233900119999998,6.5899,20,44.6323000000049,False,broad_institutional,4,high
NG,us,83.5714,69.9665,0.07310945951100001,22.3779,20,13.6049,False,dominant_holder,4,high
NGD,us,23.4841,19.9822,0.003041508622,3.4655,20,3.5019000000000027,False,fragmented_or_mixed,4,high
NGEN,us,17.2861,16.8347,0.019300158489,13.832,20,0.4513999999999996,False,fragmented_or_mixed,4,high
NGG,us,6.2923,3.7316,8.8987946e-05,0.5628,20,2.5607,False,fragmented_or_mixed,4,high
NGL,us,70.1559000000001,66.1939,0.051520409231,15.8182,20,3.9620000000001028,False,broad_institutional,4,high
NGL_PB,us,22.4976,22.4976,0.009097375130000002,7.1689,17,0.0,False,fragmented_or_mixed,4,high
NGL_PC,us,1.1285,1.1285,0.000127351225,1.1285,1,0.0,False,fragmented_or_mixed,4,high
NGNE,us,97.7463000000001,83.003,0.044374696635999994,8.6984,20,14.743300000000104,False,broad_institutional,4,high
NGS,us,95.6872,60.8547,0.022246100427000006,6.6785,20,34.8325,False,broad_institutional,4,high
NGVC,us,85.2460000000002,68.009,0.05298011959999999,14.3853,20,17.237000000000194,False,broad_institutional,4,high
NGVT,us,107.6484,69.4022,0.038614931102000004,14.038,20,38.2462,True,data_anomaly,3,medium
NHC,us,86.9869000000001,67.7621,0.036056968165,10.9582,20,19.2248000000001,False,broad_institutional,4,high
NHI,us,77.3245000000002,50.7609,0.022392736117000003,8.5457,20,26.5636000000002,False,broad_institutional,4,high
NHIC,us,93.8712,67.1745,0.025744272989,5.9794,20,26.696700000000007,False,broad_institutional,4,high
NHICU,us,8.8461,8.8461,0.0026431768030000004,4.7835,20,0.0,False,fragmented_or_mixed,4,high
NHIV,us,5.6585,5.6585,0.001419022369,2.7692,3,0.0,False,fragmented_or_mixed,4,high
NHP,us,46.254,45.3237,0.028721549152999994,11.4935,20,0.9302999999999955,False,fragmented_or_mixed,4,high
NHPAP,us,7.3951,7.3951,0.005468750401,7.3951,3,0.0,False,fragmented_or_mixed,4,high
NHPBP,us,17.3835,17.3835,0.017817197660999994,12.3738,4,0.0,False,fragmented_or_mixed,4,high
NHS_R,us,,,,,20,,False,insufficient_data,0,low
NHS_R_W,us,,,,,20,,False,insufficient_data,0,low
NHTC,us,25.5967,25.5307,0.010298498710999998,6.475,20,0.06599999999999895,False,fragmented_or_mixed,4,high
NI,us,98.4342000000003,56.8137,0.030198657800999996,10.3903,20,41.620500000000305,False,broad_institutional,4,high
NIC,us,63.7095,40.3166,0.011976103443999998,6.157,20,23.392899999999997,False,broad_institutional,4,high
NICE,us,60.2885000000001,41.4567,0.014352902086999998,7.8349,20,18.8318000000001,False,broad_institutional,4,high
NICM,us,0.0245,0.0245,6.0025e-08,0.0245,1,0.0,False,fragmented_or_mixed,4,high
NINE,us,63.7777,63.6751,0.072362037317,21.9816,20,0.10260000000000247,False,dominant_holder,4,high
NIO,us,12.6391,8.8575,0.0005929585729999999,1.6459,20,3.781599999999999,False,fragmented_or_mixed,4,high
NIPG,us,3.2059,3.2059,0.000709019185,2.6407,20,0.0,False,fragmented_or_mixed,4,high
NIQ,us,102.9124,96.0691,0.3223394553689998,54.3059,20,6.843299999999999,True,data_anomaly,3,medium
NISN,us,32.8142,32.8142,0.10627035053599997,32.599,20,0.0,False,dominant_holder,4,high
NITO,us,19.0488,19.0285,0.005884186444999999,4.8239,20,0.020299999999998875,False,fragmented_or_mixed,4,high
NIU,us,32.2187,30.8556,0.023234358533999997,12.6745,20,1.3630999999999993,False,fragmented_or_mixed,4,high
NIVF,us,0.508,0.508,2.3797794e-05,0.4876,18,0.0,False,fragmented_or_mixed,4,high
NIVFW,us,,,,,20,,False,insufficient_data,0,low
NIXX,us,43.5333,43.4324,0.0237526949,7.1954,20,0.10089999999999577,False,fragmented_or_mixed,4,high
NIXXW,us,,,,,6,,False,insufficient_data,0,low
NJR,us,80.0113000000002,52.7445,0.033657214677,14.565,20,27.266800000000202,False,broad_institutional,4,high
NKE,us,83.9722000000007,41.158,0.014518078017999998,6.4362,20,42.814200000000696,False,broad_institutional,4,high
NKGN,us,61.0769,61.0769,0.070904879637,16.6558,20,0.0,False,broad_institutional,4,high
NKLR,us,87.2933,86.8267,0.24260649137699997,43.0766,20,0.4665999999999997,False,dominant_holder,4,high
NKSH,us,40.8636,32.1038,0.010453433350000003,6.2647,20,8.759799999999998,False,fragmented_or_mixed,4,high
NKTR,us,63.5488,37.895,0.010429958894,5.7988,20,25.653799999999997,False,broad_institutional,4,high
NKTX,us,85.0445,70.6969,0.042444286378999996,15.1025,20,14.3476,False,broad_institutional,4,high
NL,us,95.6133,93.9035,0.6844527069669998,82.5942,20,1.7098000000000013,False,dominant_holder,4,high
NLOP,us,50.6408000000001,36.0038,0.01702686709,9.8366,20,14.6370000000001,False,broad_institutional,4,high
NLY,us,60.6390000000004,38.6058,0.01568791928,8.987,20,22.0332000000004,False,broad_institutional,4,high
NLY_PF,us,21.6473,21.6211,0.008019866495000002,6.7262,20,0.026200000000002888,False,fragmented_or_mixed,4,high
NLY_PG,us,22.5857,22.5857,0.009349076565,6.7256,18,0.0,False,fragmented_or_mixed,4,high
NLY_PI,us,18.0445,18.0445,0.006915252362999998,7.0031,18,0.0,False,fragmented_or_mixed,4,high
NLY_PJ,us,21.0921,21.0921,0.011013313467,6.4341,10,0.0,False,fragmented_or_mixed,4,high
NMAD,us,15.2346,14.8126,0.0036941819220000006,4.2381,20,0.4220000000000006,False,fragmented_or_mixed,4,high
NMAX,us,84.3375000000001,81.0336,0.179133492686,25.6283,20,3.303900000000098,False,dominant_holder,4,high
NMFC,us,51.4877,39.3093,0.022087918272999996,13.0544,20,12.178399999999996,False,broad_institutional,4,high
NMG,us,67.3798,66.5589,0.088988135341,19.5354,20,0.8209000000000088,False,broad_institutional,4,high
NMHI,us,14.8723,14.8723,0.017732092338999996,13.2714,20,0.0,False,fragmented_or_mixed,4,high
NMIH,us,102.4767,57.1362,0.034382482286,14.4454,20,45.34049999999999,True,data_anomaly,3,medium
NMP,us,98.5849,87.2947,0.044590838017000006,8.2438,20,11.290199999999999,False,broad_institutional,4,high
NMPAR,us,,,,,20,,False,insufficient_data,0,low
NMPAU,us,11.1325,11.1325,0.006549260531000001,7.8631,14,0.0,False,fragmented_or_mixed,4,high
NMR,us,2.96950000000001,2.4269,6.344907899999999e-05,0.4506,20,0.54260000000001,False,fragmented_or_mixed,4,high
NMRA,us,81.513,70.5616,0.078247447272,19.0889,20,10.951400000000007,False,broad_institutional,4,high
NMRK,us,82.9879000000002,49.8885,0.020181192935,8.8934,20,33.099400000000195,False,broad_institutional,4,high
NMTC,us,47.8848,46.0612,0.031431471928,12.4777,20,1.823599999999999,False,fragmented_or_mixed,4,high
NN,us,102.5161,82.6584,0.05546413034,13.3159,20,19.857699999999994,True,data_anomaly,3,medium
NNAVW,us,,,,,20,,False,insufficient_data,0,low
NNBR,us,42.8714,34.6067,0.010624371086999998,6.4841,20,8.264700000000005,False,fragmented_or_mixed,4,high
NNDM,us,40.8906,38.3557,0.017563467089,8.191,20,2.5349000000000004,False,fragmented_or_mixed,4,high
NNE,us,67.9952000000002,55.4344,0.037315042720000004,15.7901,20,12.5608000000002,False,broad_institutional,4,high
NNI,us,78.5875,65.492,0.042924638264,13.8728,20,13.095500000000001,False,broad_institutional,4,high
NNN,us,97.7585000000003,62.3467,0.03448994980100001,10.5608,20,35.4118000000003,False,broad_institutional,4,high
NNNN,us,9.6668,9.6668,0.004578900928,4.7846,16,0.0,False,fragmented_or_mixed,4,high
NNOX,us,34.5647000000001,28.8604,0.010967127233999998,7.5619,20,5.704300000000103,False,fragmented_or_mixed,4,high
NNVC,us,17.5014,16.8277,0.005284099364999999,6.3348,20,0.6737000000000002,False,fragmented_or_mixed,4,high
NOA,us,82.0214,64.0725,0.033706850633,9.3357,20,17.948899999999995,False,broad_institutional,4,high
NOAH,us,40.0922,35.7738,0.016006927944000004,9.7855,20,4.318399999999997,False,fragmented_or_mixed,4,high
NOC,us,84.8020000000003,51.9713,0.024182584315,9.1515,20,32.830700000000306,False,broad_institutional,4,high
NODK,us,93.1897,89.4083,0.3926823490569999,61.7632,20,3.781400000000005,False,dominant_holder,4,high
NOEM,us,102.668,99.8606,0.11040045252599999,26.7585,20,2.8074000000000012,True,data_anomaly,3,medium
NOEMR,us,,,,,20,,False,insufficient_data,0,low
NOEMU,us,12.393,12.393,0.006590840924,6.155,20,0.0,False,fragmented_or_mixed,4,high
NOG,us,110.7242,69.1206,0.040688772012,13.0249,20,41.6036,True,data_anomaly,3,medium
NOK,us,21.4648999999999,15.6431,0.003158549419000001,3.9163,20,5.8217999999999,False,fragmented_or_mixed,4,high
NOMA,us,67.137,67.137,0.282128944532,52.73,20,0.0,False,dominant_holder,4,high
NOMD,us,90.7158,57.106,0.023075472609999998,7.7802,20,33.6098,False,broad_institutional,4,high
NOTE,us,18.9962,18.9276,0.010158538813999996,9.2808,20,0.0686,False,fragmented_or_mixed,4,high
NOTV,us,24.5188,21.825,0.004630418508,4.2188,20,2.6937999999999995,False,fragmented_or_mixed,4,high
NOV,us,112.888,77.8536,0.049416859454000005,10.4588,20,35.034400000000005,True,data_anomaly,3,medium
NOVA,us,2.6351,2.6351,0.000157274201,1.0519,20,0.0,False,fragmented_or_mixed,4,high
NOVT,us,124.1255,67.3486,0.03307490809,11.2477,20,56.7769,True,data_anomaly,3,medium
NOVTU,us,98.1690999999999,87.2242,0.048929367211999995,9.4483,20,10.944899999999905,False,broad_institutional,4,high
NOW,us,90.2085000000012,38.1958,0.013506185032,6.5745,20,52.012700000001196,False,broad_institutional,4,high
NP,us,91.321,82.6664,0.10465944968800002,20.8273,20,8.654600000000002,False,dominant_holder,4,high
NPAC,us,94.2772,68.7166,0.02788889004,7.1227,20,25.560599999999994,False,broad_institutional,4,high
NPACU,us,9.25,9.25,0.0028975189259999997,4.8564,20,0.0,False,fragmented_or_mixed,4,high
NPB,us,106.5901,79.907,0.054028059620000006,13.0355,20,26.68310000000001,True,data_anomaly,3,medium
NPCE,us,99.0199000000001,82.521,0.055174771404000005,13.0022,20,16.498900000000106,False,broad_institutional,4,high
NPK,us,89.8247,72.8401,0.08931712871299999,25.5607,20,16.9846,False,dominant_holder,4,high
NPKI,us,98.9794,53.0419,0.019308986013000004,7.301,20,45.9375,False,broad_institutional,4,high
NPO,us,102.0232,67.1318,0.036627593837999996,13.4655,20,34.891400000000004,True,data_anomaly,3,medium
NPT,us,80.6708,80.6708,0.179248932249,26.881,9,0.0,False,dominant_holder,4,high
NPWR,us,91.2562,81.7222,0.16772597690200003,38.4686,20,9.534000000000006,False,dominant_holder,4,high
NPWR_T,us,,,,,20,,False,insufficient_data,0,low
NRC,us,100.7381,84.1272,0.096867313006,21.1003,20,16.6109,True,data_anomaly,3,medium
NRDS,us,92.8631,64.0256,0.029270355668,9.6423,20,28.837500000000006,False,broad_institutional,4,high
NRDY,us,70.5605,66.9907,0.162478717209,39.2457,20,3.5698000000000008,False,dominant_holder,4,high
NREF,us,80.0003,73.3744,0.25468583253199994,50.0829,20,6.6259000000000015,False,dominant_holder,4,high
NREF_PA,us,9.1779,9.1779,0.008423384841,9.1779,1,0.0,False,fragmented_or_mixed,4,high
NRG,us,96.5932000000004,54.9405,0.023813170151,6.5403,20,41.652700000000394,False,broad_institutional,4,high
NRGV,us,63.1903000000001,50.6962,0.028046957921999998,11.7697,20,12.494100000000103,False,broad_institutional,4,high
NRIM,us,77.5169000000002,51.6023,0.021234109045000005,9.2649,20,25.914600000000206,False,broad_institutional,4,high
NRIX,us,117.5262,76.5469,0.035411465372999995,7.5255,20,40.97930000000001,True,data_anomaly,3,medium
NRSN,us,34.7523,34.6349,0.027121724916999997,12.525,20,0.1173999999999964,False,fragmented_or_mixed,4,high
NRSNW,us,,,,,6,,False,insufficient_data,0,low
NRXP,us,25.2307,24.446,0.010768896795999999,8.2807,20,0.7846999999999973,False,fragmented_or_mixed,4,high
NRXPW,us,,,,,10,,False,insufficient_data,0,low
NRXS,us,42.1443,40.1695,0.022661476681000006,9.7423,20,1.9748000000000019,False,fragmented_or_mixed,4,high
NSA,us,102.4363,60.5373,0.028213816423000002,9.1407,20,41.899,True,data_anomaly,3,medium
NSA_PA,us,32.5586,32.5586,0.013694210394,6.5917,20,0.0,False,fragmented_or_mixed,4,high
NSA_PB,us,7.1459,7.1459,0.004324533338999998,6.5629,4,0.0,False,fragmented_or_mixed,4,high
NSC,us,78.8525999999999,37.6548,0.011835826882,6.4943,20,41.197799999999894,False,broad_institutional,4,high
NSIT,us,109.089,76.9179,0.052143467393,14.3582,20,32.171099999999996,True,data_anomaly,3,medium
NSLR,us,30.9198,25.4931,0.009063659237,6.5453,20,5.4267,False,fragmented_or_mixed,4,high
NSP,us,113.7684,78.5282,0.045141212228,12.7708,20,35.2402,True,data_anomaly,3,medium
NSPR,us,69.0397,65.6539,0.032497929973,8.3387,20,3.3858000000000033,False,broad_institutional,4,high
NSRX,us,67.8246,67.8246,0.07259540605799998,16.4333,15,0.0,False,broad_institutional,4,high
NSSC,us,108.9248,64.049,0.035627054132,13.9165,20,44.8758,True,data_anomaly,3,medium
NSTS,us,39.9583,38.0186,0.019420739038,9.7548,20,1.939700000000002,False,fragmented_or_mixed,4,high
NSYS,us,69.0493,69.0492,0.24667582345800002,48.5519,20,0.00010000000000331966,False,dominant_holder,4,high
NTAP,us,107.0116,56.0689,0.022769035830999998,6.5535,20,50.9427,True,data_anomaly,3,medium
NTB,us,78.2764000000002,50.315,0.015961199738,4.9707,20,27.961400000000197,False,broad_institutional,4,high
NTBL,us,0.0,0.0,0.0,0.0,19,0.0,False,fragmented_or_mixed,4,high
NTCL,us,16.2343,16.2343,0.010014123441,8.5928,20,0.0,False,fragmented_or_mixed,4,high
NTCT,us,101.0937,67.1058,0.04024581009299999,13.6054,20,33.987899999999996,True,data_anomaly,3,medium
NTES,us,11.2392,7.74,0.0005045289520000001,1.3838,20,3.4992,False,fragmented_or_mixed,4,high
NTGR,us,108.7081,70.2757,0.03749727214100001,11.2072,20,38.4324,True,data_anomaly,3,medium
NTHI,us,70.5126,68.5981,0.081186617785,17.8955,20,1.9145000000000039,False,broad_institutional,4,high
NTIC,us,53.7103,47.8129,0.028170682072999994,12.6714,20,5.8973999999999975,False,broad_institutional,4,high
NTIP,us,60.9824,60.1151,0.09818658272699998,29.7305,20,0.8673000000000002,False,dominant_holder,4,high
NTLA,us,80.5546000000001,55.9942,0.02620587983,10.3843,20,24.560400000000094,False,broad_institutional,4,high
NTNX,us,92.3181000000002,63.2938,0.04201343196999999,14.6257,20,29.024300000000203,False,broad_institutional,4,high
NTR,us,73.5956000000001,33.0629,0.006523299993,3.3525,20,40.532700000000105,False,broad_institutional,4,high
NTRA,us,97.7017000000001,55.1621,0.023685274795000006,8.4068,20,42.5396000000001,False,broad_institutional,4,high
NTRB,us,59.8414,59.7384,0.09875012198400002,26.4112,20,0.10300000000000153,False,dominant_holder,4,high
NTRBW,us,,,,,7,,False,insufficient_data,0,low
NTRP,us,51.1566,51.1561,0.046747950041,14.0444,20,0.000499999999995282,False,broad_institutional,4,high
NTRS,us,88.8647000000002,51.1821,0.019095824446999997,6.4406,20,37.6826000000002,False,broad_institutional,4,high
NTRSO,us,22.6624,22.6624,0.009461081607999999,6.7262,20,0.0,False,fragmented_or_mixed,4,high
NTSK,us,71.9019,57.3003,0.07647413332500003,26.3153,20,14.601599999999998,False,dominant_holder,4,high
NTST,us,143.9893,83.6208,0.052993510076,14.5775,20,60.36849999999998,True,data_anomaly,3,medium
NTWK,us,40.6249,38.6121,0.016071272331000003,8.2853,20,2.0127999999999986,False,fragmented_or_mixed,4,high
NTWO,us,106.7941,87.4609,0.044768768029,8.0563,20,19.333200000000005,True,data_anomaly,3,medium
NTWOU,us,2.4237,2.4237,0.00034711368500000005,1.8388,20,0.0,False,fragmented_or_mixed,4,high
NTZ,us,30.6408,30.6408,0.043447187507999994,20.1757,19,0.0,False,dominant_holder,4,high
NU,us,85.3831000000002,37.8792,0.012639433851999999,6.4751,20,47.5039000000002,False,broad_institutional,4,high
NUAG,us,34.4025,34.2931,0.013135548369000001,8.4847,20,0.10940000000000083,False,fragmented_or_mixed,4,high
NUAI,us,40.4096,35.8473,0.012823682540999998,5.3186,20,4.5623000000000005,False,fragmented_or_mixed,4,high
NUAIW,us,,,,,20,,False,insufficient_data,0,low
NUCL,us,62.9381,62.5446,0.068256244682,20.8758,20,0.39349999999999596,False,dominant_holder,4,high
NUE,us,82.2209000000005,50.1072,0.027030161362,10.8811,20,32.1137000000005,False,broad_institutional,4,high
NUKK,us,31.8506,31.5648,0.028911167404,12.7482,20,0.2857999999999983,False,fragmented_or_mixed,4,high
NUKKW,us,,,,,16,,False,insufficient_data,0,low
NUS,us,80.6338000000001,55.3275,0.020078860277,7.0971,20,25.306300000000093,False,broad_institutional,4,high
NUTR,us,63.0063,63.0063,0.373660386555,61.1195,16,0.0,False,dominant_holder,4,high
NUTX,us,69.8883000000001,57.9304,0.07918830704000003,26.3606,20,11.957900000000102,False,dominant_holder,4,high
NUVB,us,80.8014,65.1509,0.06294680301099999,17.0249,20,15.650500000000008,False,broad_institutional,4,high
NUVB_T,us,,,,,20,,False,insufficient_data,0,low
NUVL,us,116.1113,85.7525,0.08529054658500002,23.4058,20,30.358800000000002,True,data_anomaly,3,medium
NUWE,us,1.3899,1.3899,0.000175403281,1.3235,20,0.0,False,fragmented_or_mixed,4,high
NVA,us,12.5474,12.3679,0.0024948475090000007,4.1694,20,0.1794999999999991,False,fragmented_or_mixed,4,high
NVAC,us,1.5953,1.5953,4.3649931000000015e-05,0.4792,20,0.0,False,fragmented_or_mixed,4,high
NVAX,us,72.6449000000001,57.6321,0.026264251205,8.9485,20,15.012800000000105,False,broad_institutional,4,high
NVCR,us,97.6330000000001,70.8655,0.04956474995099999,14.6584,20,26.767500000000098,False,broad_institutional,4,high
NVCT,us,49.9126,47.4537,0.032113933182999994,11.6998,20,2.4589,False,fragmented_or_mixed,4,high
NVDA,us,75.4548000000078,38.8242,0.01316994834,6.3576,20,36.630600000007796,False,broad_institutional,4,high
NVEC,us,90.1051000000001,70.9308,0.044838585286,12.0007,20,19.174300000000102,False,broad_institutional,4,high
NVGS,us,83.9211000000001,65.2372,0.12909669680599997,34.352,20,18.683900000000094,False,dominant_holder,4,high
NVMI,us,73.3692,48.4675,0.020524291167000004,8.6141,20,24.901700000000005,False,broad_institutional,4,high
NVNI,us,20.2219,20.2219,0.021524599771,13.8733,20,0.0,False,fragmented_or_mixed,4,high
NVNIW,us,,,,,20,,False,insufficient_data,0,low
NVNO,us,36.5472,36.3934,0.01920123191,7.7989,20,0.15379999999999683,False,fragmented_or_mixed,4,high
NVO,us,10.5014999999999,5.2616,0.00016790839200000004,0.5748,20,5.239899999999901,False,fragmented_or_mixed,4,high
NVOS,us,6.5866,6.5866,0.004280625106000001,6.5425,20,0.0,False,fragmented_or_mixed,4,high
NVR,us,95.5054000000001,53.6631,0.023006094129,7.4468,20,41.842300000000094,False,broad_institutional,4,high
NVRI,us,21.8391,21.6638,0.008310873172,5.9079,20,0.1753,False,fragmented_or_mixed,4,high
NVRI_W,us,21.8391,21.6638,0.008310873172,5.9079,20,0.1753,False,fragmented_or_mixed,4,high
NVS,us,7.67890000000002,4.2386,0.000138080568,0.7306,20,3.44030000000002,False,fragmented_or_mixed,4,high
NVST,us,114.2279,69.4201,0.031428748723,8.7121,20,44.8078,True,data_anomaly,3,medium
NVT,us,98.7753000000003,45.9576,0.016662703812000003,8.3757,20,52.8177000000003,False,broad_institutional,4,high
NVTS,us,64.2651,47.5882,0.016984715057999998,6.0541,20,16.676900000000003,False,broad_institutional,4,high
NVVE,us,41.1961,41.1898,0.037581759526,10.9863,20,0.006300000000003081,False,fragmented_or_mixed,4,high
NVVEW,us,,,,,11,,False,insufficient_data,0,low
NVX,us,2.0493,2.0033,5.065068100000001e-05,0.4809,20,0.04600000000000026,False,fragmented_or_mixed,4,high
NWAX,us,26.3153,25.3464,0.006835305797999999,5.3579,20,0.9689000000000014,False,fragmented_or_mixed,4,high
NWAX_U,us,34.0232,31.7605,0.015949705137,8.4572,20,2.2627000000000024,False,fragmented_or_mixed,4,high
NWBI,us,71.2148,53.0839,0.033368154169000006,13.2707,20,18.130899999999997,False,broad_institutional,4,high
NWE,us,99.1711000000002,54.3365,0.025814542983,11.695,20,44.834600000000194,False,broad_institutional,4,high
NWFL,us,50.1425,38.0901,0.012840471143000003,6.8932,20,12.052399999999999,False,broad_institutional,4,high
NWG,us,5.3268,3.9127,0.00017556625100000002,1.0671,20,1.4141000000000004,False,fragmented_or_mixed,4,high
NWGL,us,1.9089,1.9089,0.00018220606099999997,0.9619,10,0.0,False,fragmented_or_mixed,4,high
NWL,us,100.9537,73.0097,0.044533965603,11.2504,20,27.944000000000003,True,data_anomaly,3,medium
NWN,us,82.7185,52.4116,0.030427207641999993,13.6946,20,30.306900000000006,False,broad_institutional,4,high
NWPX,us,89.8264000000001,56.9855,0.023847623306999997,7.1404,20,32.840900000000104,False,broad_institutional,4,high
NWS,us,88.2181000000002,75.9434,0.13240531730400001,34.2832,20,12.274700000000209,False,dominant_holder,4,high
NWSA,us,110.2288,71.0085,0.03756977405100001,10.6376,20,39.22030000000001,True,data_anomaly,3,medium
NWTG,us,39.5388,39.5388,0.019532450772,7.2592,20,0.0,False,fragmented_or_mixed,4,high
NX,us,120.1447,85.9591,0.054901293635,14.6236,20,34.185599999999994,True,data_anomaly,3,medium
NXB,us,68.7802,68.7441,0.218797807901,44.9389,20,0.03609999999999047,False,dominant_holder,4,high
NXDR,us,65.6739,43.1822,0.013560338408,6.3941,20,22.4917,False,broad_institutional,4,high
NXDT,us,79.7705000000001,69.1816,0.07049662021199997,21.6001,20,10.588900000000095,False,dominant_holder,4,high
NXDT_PA,us,17.3252,17.3252,0.009358509916000003,8.4497,5,0.0,False,fragmented_or_mixed,4,high
NXE,us,62.2353,40.0426,0.013957112256,6.464,20,22.192700000000002,False,broad_institutional,4,high
NXGL,us,28.4499,28.2154,0.011642400228,8.0757,20,0.2345000000000006,False,fragmented_or_mixed,4,high
NXGLW,us,,,,,8,,False,insufficient_data,0,low
NXG_R_W,us,,,,,1,,False,insufficient_data,0,low
NXL,us,15.6806,15.1419,0.004101023039000001,5.4907,20,0.5387000000000004,False,fragmented_or_mixed,4,high
NXPI,us,102.7535,56.6504,0.025077043799999997,8.9323,20,46.103100000000005,True,data_anomaly,3,medium
NXPL,us,49.9756,49.7183,0.053846691408999996,16.9533,20,0.25730000000000075,False,fragmented_or_mixed,4,high
NXPLW,us,,,,,4,,False,insufficient_data,0,low
NXRT,us,91.7194000000001,64.7067,0.038175826532999994,14.0281,20,27.01270000000011,False,broad_institutional,4,high
NXST,us,109.2042,62.1437,0.026991593713,9.6332,20,47.0605,True,data_anomaly,3,medium
NXT,us,109.4625,62.4684,0.03957254754199999,12.3296,20,46.9941,True,data_anomaly,3,medium
NXTC,us,63.1171,61.5654,0.029713177744,8.3224,20,1.5517000000000039,False,broad_institutional,4,high
NXTS,us,19.0488,19.0285,0.005884186444999999,4.8239,20,0.020299999999998875,False,fragmented_or_mixed,4,high
NXTT,us,3.315,3.2858,1.9533561000000002e-05,0.1443,20,0.029199999999999893,False,fragmented_or_mixed,4,high
NXU,us,2.5475,2.5475,0.000317365113,1.4312,20,0.0,False,fragmented_or_mixed,4,high
NXXT,us,60.0331,59.1206,0.14848772273199995,36.7701,20,0.9124999999999943,False,dominant_holder,4,high
NYAX,us,86.227,83.3268,0.12237063195,23.218,20,2.900199999999998,False,dominant_holder,4,high
NYC,us,78.1951,78.1858,0.388599219636,61.4438,20,0.00929999999999609,False,dominant_holder,4,high
NYT,us,104.2147,64.916,0.02852234307,8.4396,20,39.2987,True,data_anomaly,3,medium
NYXH,us,60.7078,59.8934,0.05405760677600001,14.5243,20,0.8143999999999991,False,broad_institutional,4,high
O,us,81.1528000000006,48.9246,0.025292974458000002,8.7115,20,32.2282000000006,False,broad_institutional,4,high
OABI,us,65.7692,57.191,0.032580602913999994,10.9419,20,8.578199999999995,False,broad_institutional,4,high
OABIW,us,,,,,18,,False,insufficient_data,0,low
OACC,us,87.6904,63.8442,0.023708018108000006,7.1412,20,23.846199999999996,False,broad_institutional,4,high
OAK_PA,us,32.6657,32.6657,0.021234001439,10.6009,18,0.0,False,fragmented_or_mixed,4,high
OAK_PB,us,40.7048,40.7048,0.033067377792,11.9284,15,0.0,False,fragmented_or_mixed,4,high
OB,us,82.8905,78.1647,0.21554349101099998,45.1071,20,4.725800000000007,False,dominant_holder,4,high
OBA,us,87.1275,57.878,0.018530020426000007,4.9407,20,29.249499999999998,False,broad_institutional,4,high
OBAI,us,47.8933,47.8933,0.064436303885,19.722,17,0.0,False,fragmented_or_mixed,4,high
OBAWU,us,13.7928,13.7928,0.0034529342920000005,3.7549,20,0.0,False,fragmented_or_mixed,4,high
OBDC,us,55.6171000000001,32.5903,0.0069771920230000005,3.3136,20,23.0268000000001,False,broad_institutional,4,high
OBE,us,46.6733000000001,37.5572,0.01316282506,6.613,20,9.116100000000095,False,fragmented_or_mixed,4,high
OBIO,us,66.706,60.415,0.06581349142399999,16.8312,20,6.291000000000004,False,broad_institutional,4,high
OBK,us,73.6043000000001,44.7547,0.014531369939000002,6.514,20,28.849600000000095,False,broad_institutional,4,high
OBT,us,62.9615,50.6501,0.023250382169,8.8321,20,12.311399999999999,False,broad_institutional,4,high
OC,us,109.0258,55.2744,0.023778649653999995,9.6198,20,53.751400000000004,True,data_anomaly,3,medium
OCC,us,59.7938,55.3543,0.03240742327100001,11.6998,20,4.439499999999995,False,broad_institutional,4,high
OCCI,us,8.5846,8.3593,0.000767692485,1.5734,20,0.22530000000000072,False,fragmented_or_mixed,4,high
OCCIM,us,26.4151,26.4151,0.055036349941,23.2446,3,0.0,False,dominant_holder,4,high
OCCIN,us,36.3728,36.3728,0.10479492109000002,32.0871,2,0.0,False,dominant_holder,4,high
OCCIO,us,0.0,0.0,0.0,0.0,2,0.0,False,fragmented_or_mixed,4,high
OCEA,us,10.311,10.311,0.008790069117999998,9.3572,20,0.0,False,fragmented_or_mixed,4,high
OCFC,us,67.9851000000002,45.3616,0.019187129975999997,9.8896,20,22.6235000000002,False,broad_institutional,4,high
OCG,us,1.9104,1.9104,0.00011493184999999999,0.8865,20,0.0,False,fragmented_or_mixed,4,high
OCGN,us,33.6696000000001,29.2267,0.007573837044999999,5.0439,20,4.442900000000101,False,fragmented_or_mixed,4,high
OCS,us,42.2039,37.2684,0.015371199496,9.5102,20,4.9354999999999976,False,fragmented_or_mixed,4,high
OCSL,us,41.5234,30.0939,0.006593791933000002,4.2248,20,11.4295,False,fragmented_or_mixed,4,high
OCTV,us,19.5084,19.5084,0.033958031986000003,18.4176,20,0.0,False,fragmented_or_mixed,4,high
OCTVV,us,19.5084,19.5084,0.033958031986000003,18.4176,20,0.0,False,fragmented_or_mixed,4,high
OCUL,us,96.1493000000001,65.3324,0.038656912914,14.1775,20,30.81690000000009,False,broad_institutional,4,high
ODC,us,80.9826000000001,58.521,0.027954237856000003,9.219,20,22.461600000000104,False,broad_institutional,4,high
ODD,us,116.7923,93.0668,0.09997241028800002,22.3702,20,23.725499999999997,True,data_anomaly,3,medium
ODFL,us,90.9402000000004,54.7923,0.020016681663,5.8094,20,36.147900000000405,False,broad_institutional,4,high
ODTX,us,51.0172,51.0172,0.037945376159999995,9.5297,15,0.0,False,broad_institutional,4,high
ODV,us,78.2995999999999,63.5394,0.049952335724,15.8881,20,14.760199999999898,False,broad_institutional,4,high
ODYS,us,65.6817,65.6817,0.124853773867,31.6066,20,0.0,False,dominant_holder,4,high
OEC,us,100.6822,63.3512,0.026779948576000003,8.1575,20,37.330999999999996,True,data_anomaly,3,medium
OESX,us,63.7191,59.8609,0.03631493732299999,12.9901,20,3.8581999999999965,False,broad_institutional,4,high
OFAL,us,79.7983000000001,79.7983000000001,0.171212801899,35.1565,13,0.0,False,dominant_holder,4,high
OFG,us,99.0788,70.0224,0.04304309827800001,13.7828,20,29.056399999999996,False,broad_institutional,4,high
OFIX,us,94.006,78.0554,0.055189750977999996,11.3199,20,15.950599999999994,False,broad_institutional,4,high
OFLX,us,95.6336,86.4843,0.171336612779,29.6432,20,9.149299999999997,False,dominant_holder,4,high
OFRM,us,85.2401,79.2116,0.10561661267800002,26.4035,20,6.028499999999994,False,dominant_holder,4,high
OFS,us,30.8776,29.9016,0.04890957132,21.9918,20,0.9760000000000026,False,dominant_holder,4,high
OGC,us,56.0568,37.6841,0.013482372592999996,9.1273,20,18.372700000000002,False,broad_institutional,4,high
OGCP,us,6.5811,6.5811,0.000323361517,0.7726,20,0.0,False,fragmented_or_mixed,4,high
OGE,us,80.1018000000002,46.5031,0.021891217059,11.1038,20,33.59870000000019,False,broad_institutional,4,high
OGEN,us,7.2119,7.2118,0.0009594732639999998,1.822,20,9.999999999976694e-05,False,fragmented_or_mixed,4,high
OGI,us,38.6361000000001,37.5631,0.09058621702499998,29.999,20,1.0730000000000999,False,dominant_holder,4,high
OGN,us,76.4242000000004,52.2829,0.027206628335,11.1031,20,24.1413000000004,False,broad_institutional,4,high
OGS,us,96.1374000000002,60.3221,0.031045791767000005,11.9548,20,35.8153000000002,False,broad_institutional,4,high
OHI,us,81.6662000000003,49.4058,0.027552592512000002,10.4864,20,32.2604000000003,False,broad_institutional,4,high
OI,us,103.4896,64.9813,0.037645191211,13.4317,20,38.50829999999999,True,data_anomaly,3,medium
OII,us,111.3652,71.5383,0.043775825167,14.4527,20,39.826899999999995,True,data_anomaly,3,medium
OIM,us,39.0584,38.5523,0.016012563041,7.8261,20,0.5060999999999964,False,fragmented_or_mixed,4,high
OIMAU,us,37.028,36.9912,0.01299453179,6.4661,20,0.0367999999999995,False,fragmented_or_mixed,4,high
OIO,us,90.7046,90.7046,0.5048999550879999,67.5619,17,0.0,False,dominant_holder,4,high
OIOWW,us,,,,,20,,False,insufficient_data,0,low
OIS,us,100.0081,61.9689,0.023590389157000003,7.9628,20,38.0392,True,data_anomaly,3,medium
OKE,us,83.6153000000008,46.3351,0.018855622869,6.5988,20,37.280200000000804,False,broad_institutional,4,high
OKLO,us,69.4182000000002,50.3875,0.022130255803,7.9159,20,19.030700000000195,False,broad_institutional,4,high
OKTA,us,100.3518,54.6361,0.024112097039,9.3541,20,45.7157,True,data_anomaly,3,medium
OKUR,us,73.3804,68.0711,0.041957433716999996,9.898,20,5.309299999999993,False,broad_institutional,4,high
OKYO,us,50.6746,50.6746,0.058489768814000004,20.0581,20,0.0,False,dominant_holder,4,high
OLB,us,47.8437,47.8437,0.101409496851,29.8536,20,0.0,False,dominant_holder,4,high
OLED,us,98.2747000000001,60.2745,0.027708888928999996,8.2285,20,38.00020000000009,False,broad_institutional,4,high
OLLI,us,121.1097,70.5109,0.038440066689,11.1897,20,50.5988,True,data_anomaly,3,medium
OLMA,us,108.9478,73.1914,0.035654765738,8.637,20,35.7564,True,data_anomaly,3,medium
OLN,us,112.9751,72.998,0.043385586782,13.2338,20,39.97709999999999,True,data_anomaly,3,medium
OLOX,us,29.4045,29.4011,0.057741938371,23.9755,20,0.0033999999999991815,False,dominant_holder,4,high
OLP,us,64.4624,49.7627,0.022623531957,10.4155,20,14.6997,False,broad_institutional,4,high
OLPX,us,24.2848,20.6839,0.006578866432999999,5.674,20,3.6008999999999993,False,fragmented_or_mixed,4,high
OM,us,93.6809,77.5781,0.060403596941,14.2459,20,16.102799999999988,False,broad_institutional,4,high
OMAB,us,14.294,10.2747,0.001334466187,3.0393,20,4.019300000000001,False,fragmented_or_mixed,4,high
OMC,us,117.2846,60.7649,0.028910875565,9.7402,20,56.5197,True,data_anomaly,3,medium
OMCC,us,51.3938,51.3938,0.14259897978799999,36.9034,20,0.0,False,dominant_holder,4,high
OMCL,us,110.1583,71.7751,0.04351177078899999,14.1741,20,38.3832,True,data_anomaly,3,medium
OMDA,us,94.2136000000001,75.4849,0.040488376511,8.7606,20,18.728700000000103,False,broad_institutional,4,high
OMER,us,51.3161,39.4105,0.012914605217,6.6579,20,11.9056,False,broad_institutional,4,high
OMEX,us,56.1457,53.1038,0.03526038886999999,10.3321,20,3.0418999999999983,False,broad_institutional,4,high
OMF,us,90.3140000000003,57.0864,0.023198800016000002,6.6989,20,33.22760000000031,False,broad_institutional,4,high
OMH,us,0.5223,0.5223,1.1830057000000001e-05,0.3236,14,0.0,False,fragmented_or_mixed,4,high
OMI,us,102.1623,80.9253,0.054146027095,17.1065,20,21.23700000000001,True,data_anomaly,3,medium
OMQS,us,22.6971,22.6971,0.032286083141,17.1814,5,0.0,False,fragmented_or_mixed,4,high
OMSE,us,64.8102,64.8102,0.382196227628,61.7829,20,0.0,False,dominant_holder,4,high
ON,us,109.9334,63.8488,0.041137134344,14.5995,20,46.08460000000001,True,data_anomaly,3,medium
ONB,us,90.1023000000001,58.08,0.027442288361999995,10.0662,20,32.0223000000001,False,broad_institutional,4,high
ONBPO,us,11.4417,11.4417,0.005910096175000001,6.6603,14,0.0,False,fragmented_or_mixed,4,high
ONBPP,us,10.8413,10.8413,0.005987097861,6.6584,5,0.0,False,fragmented_or_mixed,4,high
ONC,us,50.0783000000001,44.5032,0.0415558952,17.2655,20,5.5751000000000985,False,broad_institutional,4,high
ONCH,us,92.3985,76.228,0.042589581738,8.9218,20,16.170500000000004,False,broad_institutional,4,high
ONCHU,us,27.9583,27.7756,0.012868165992,8.6957,20,0.18270000000000053,False,fragmented_or_mixed,4,high
ONCO,us,0.2485,0.2485,2.4073769999999996e-06,0.148,20,0.0,False,fragmented_or_mixed,4,high
ONDS,us,49.2057,31.3946,0.007980215026000001,6.1694,20,17.8111,False,fragmented_or_mixed,4,high
ONEG,us,57.0633,57.0633,0.316423444101,56.25,13,0.0,False,dominant_holder,4,high
ONEW,us,98.736,83.9945,0.060998324381,14.0494,20,14.741500000000002,False,broad_institutional,4,high
ONFO,us,34.5958,34.5958,0.042025180785999997,17.6128,20,0.0,False,fragmented_or_mixed,4,high
ONIT,us,78.2571000000001,57.1745,0.025197103000999997,7.3183,20,21.08260000000009,False,broad_institutional,4,high
ONL,us,78.7496,67.0921,0.049434449942999996,14.1818,20,11.657499999999999,False,broad_institutional,4,high
ONMD,us,88.9989,88.495,0.150484401952,29.9494,20,0.5039000000000016,False,dominant_holder,4,high
ONMDW,us,,,,,20,,False,insufficient_data,0,low
ONON,us,98.1458000000001,64.0396,0.030645564847999997,9.7433,20,34.1062000000001,False,broad_institutional,4,high
ONT,us,110.5509,61.365,0.022280340354000002,6.4443,20,49.1859,True,data_anomaly,3,medium
ONTF,us,46.9667,35.9801,0.009819675497,5.4186,20,10.986600000000003,False,fragmented_or_mixed,4,high
ONTO,us,98.1692000000001,45.0463,0.017556483773,8.964,20,53.1229000000001,False,broad_institutional,4,high
OOMA,us,80.0449,50.1656,0.018303363815999996,7.8683,20,29.8793,False,broad_institutional,4,high
OPAD,us,47.4265,45.2869,0.025770785631000003,10.819,20,2.1395999999999944,False,fragmented_or_mixed,4,high
OPAL,us,84.4082,71.0119,0.041179302495,10.5443,20,13.396299999999997,False,broad_institutional,4,high
OPBK,us,82.9172999999999,65.6255,0.03682951894099999,12.308,20,17.291799999999895,False,broad_institutional,4,high
OPCH,us,109.8571,66.6506,0.035093809717999996,11.1984,20,43.206500000000005,True,data_anomaly,3,medium
OPEN,us,47.3539000000001,34.8201,0.011435602462999999,7.263,20,12.533800000000106,False,fragmented_or_mixed,4,high
OPFI,us,85.2683000000001,75.2721,0.17093141008300003,32.0176,20,9.996200000000101,False,dominant_holder,4,high
OPFI_T,us,,,,,20,,False,insufficient_data,0,low
OPGN,us,85.4989,85.4989,0.622937635671,78.7587,20,0.0,False,dominant_holder,4,high
OPHC,us,31.6678,31.4508,0.018212849233,9.2139,20,0.21699999999999875,False,fragmented_or_mixed,4,high
OPI,us,59.3405,59.3405,0.112730612021,25.2884,20,0.0,False,dominant_holder,4,high
OPK,us,77.1646000000001,70.1182,0.101824647076,29.4834,20,7.046400000000105,False,dominant_holder,4,high
OPLN,us,119.809,81.5959,0.062486996181,15.5029,20,38.2131,True,data_anomaly,3,medium
OPP,us,36.1875,32.2268,0.013332820632000001,7.971,20,3.9607000000000028,False,fragmented_or_mixed,4,high
OPP_PA,us,8.0108,8.0108,0.005605683862000001,7.4703,3,0.0,False,fragmented_or_mixed,4,high
OPP_PB,us,15.5573,15.5573,0.024073558224999996,15.5156,2,0.0,False,fragmented_or_mixed,4,high
OPRA,us,25.8067,20.1846,0.00736883244,7.5197,20,5.6221,False,fragmented_or_mixed,4,high
OPRT,us,93.3517,66.8279,0.033608188133,9.8195,20,26.523799999999994,False,broad_institutional,4,high
OPRX,us,91.468,64.6507,0.028761654610999998,8.0378,20,26.817300000000003,False,broad_institutional,4,high
OPTH,us,21.4381,21.4381,0.013247883181,7.577,8,0.0,False,fragmented_or_mixed,4,high
OPTT,us,14.1954,12.881,0.0018730109999999995,3.3619,20,1.3143999999999991,False,fragmented_or_mixed,4,high
OPTU,us,118.5684,75.084,0.033316325816000004,8.5289,20,43.484399999999994,True,data_anomaly,3,medium
OPTX,us,81.7521999999999,81.2675,0.5786482498629999,76.0456,20,0.4846999999999042,False,dominant_holder,4,high
OPTXW,us,,,,,20,,False,insufficient_data,0,low
OPXS,us,73.5675,69.8747,0.049736470841000004,11.4475,20,3.692799999999991,False,broad_institutional,4,high
OPY,us,83.8105,70.5588,0.11750553554200001,31.9308,20,13.2517,False,dominant_holder,4,high
OR,us,89.2555,58.1404,0.027629149460000002,9.9744,20,31.115099999999998,False,broad_institutional,4,high
ORA,us,96.1200000000001,59.5657,0.029690281185000004,11.8876,20,36.554300000000104,False,broad_institutional,4,high
ORAN,us,0.0724,0.0722,1.88456e-07,0.0411,20,0.00020000000000000573,False,fragmented_or_mixed,4,high
ORBS,us,88.6002,86.2899,0.26120576968900006,49.9266,20,2.310299999999998,False,dominant_holder,4,high
ORC,us,42.6838000000001,32.7708,0.011130637164,7.7288,20,9.913000000000096,False,fragmented_or_mixed,4,high
ORCL,us,84.5558000000062,61.1195,0.166004733047,40.2098,20,23.4363000000062,False,dominant_holder,4,high
ORGN,us,30.1193,28.6144,0.013145477196,7.7694,20,1.5048999999999992,False,fragmented_or_mixed,4,high
ORGNW,us,,,,,20,,False,insufficient_data,0,low
ORGO,us,97.4720000000001,79.2398,0.049090426378,9.519,20,18.23220000000009,False,broad_institutional,4,high
ORGS,us,46.9388,46.9388,0.12772903195,33.5678,20,0.0,False,dominant_holder,4,high
ORI,us,86.2821000000003,57.4752,0.026538765501999993,9.9012,20,28.806900000000297,False,broad_institutional,4,high
ORIC,us,126.3865,80.3966,0.036557295884,6.9192,20,45.98989999999999,True,data_anomaly,3,medium
ORIO,us,28.0038,27.8523,0.016872189151000003,10.1317,20,0.15149999999999864,False,fragmented_or_mixed,4,high
ORIQ,us,95.5542,91.6985,0.07426861871899999,16.8,20,3.855699999999999,False,broad_institutional,4,high
ORIQU,us,1.0733,1.0733,4.5319247e-05,0.5746,9,0.0,False,fragmented_or_mixed,4,high
ORIS,us,22.1775,22.1775,0.013591237433,9.2944,20,0.0,False,fragmented_or_mixed,4,high
ORKA,us,100.3472,71.0887,0.03690375699299999,12.0057,20,29.258499999999998,True,data_anomaly,3,medium
ORKT,us,61.9053,61.9053,0.17053742653700002,29.1225,20,0.0,False,dominant_holder,4,high
ORLA,us,89.524,69.4486,0.0562930779,16.8789,20,20.075400000000002,False,broad_institutional,4,high
ORLY,us,90.8905000000004,42.595,0.014073235203999999,6.6057,20,48.2955000000004,False,broad_institutional,4,high
ORMP,us,45.4231,40.9975,0.016073373922999994,6.8721,20,4.425599999999996,False,fragmented_or_mixed,4,high
ORN,us,90.4172,59.626,0.030823696946000005,12.3772,20,30.791199999999996,False,broad_institutional,4,high
ORRF,us,70.9433000000001,46.3201,0.015817193099000003,6.4597,20,24.623200000000097,False,broad_institutional,4,high
OSBC,us,81.4365,52.3352,0.01750615384,6.8339,20,29.101299999999995,False,broad_institutional,4,high
OSCR,us,74.3311,47.2603,0.014346936625,5.4242,20,27.070800000000006,False,broad_institutional,4,high
OSG,us,85.0435000000001,55.8961,0.019816707569000003,7.1495,20,29.147400000000097,False,broad_institutional,4,high
OSIS,us,123.6806,71.1304,0.043643801442,13.3495,20,52.550200000000004,True,data_anomaly,3,medium
OSK,us,109.2088,68.8682,0.032516558067999995,8.7056,20,40.340599999999995,True,data_anomaly,3,medium
OSPN,us,98.7163999999999,63.1536,0.025882821242,8.3067,20,35.562799999999896,False,broad_institutional,4,high
OSRH,us,49.7544,49.7544,0.076834242972,24.5244,20,0.0,False,dominant_holder,4,high
OSS,us,56.7927,44.4542,0.015994325541999997,7.7748,20,12.338500000000003,False,broad_institutional,4,high
OST,us,17.2026,17.1991,0.004238075299,3.2412,20,0.0034999999999989484,False,fragmented_or_mixed,4,high
OSTX,us,28.6533,27.9879,0.011076977659,5.9594,20,0.6654000000000018,False,fragmented_or_mixed,4,high
OSUR,us,98.1484,70.033,0.031808627702,7.894,20,28.115399999999994,False,broad_institutional,4,high
OSW,us,118.2032,68.6135,0.04342352880900001,15.2021,20,49.58969999999999,True,data_anomaly,3,medium
OTAI,us,18.1801,18.1801,0.03252609746700001,18.0347,3,0.0,False,fragmented_or_mixed,4,high
OTEX,us,97.3843000000001,61.5232,0.03411966386,11.2249,20,35.86110000000009,False,broad_institutional,4,high
OTF,us,39.1035,34.0578,0.016635409036,9.4294,20,5.0456999999999965,False,fragmented_or_mixed,4,high
OTGA,us,84.4919,65.8972,0.026347451652,7.571,20,18.594700000000003,False,broad_institutional,4,high
OTGAU,us,8.7462,8.7462,0.0014982356139999998,3.3649,20,0.0,False,fragmented_or_mixed,4,high
OTH,us,68.7802,68.7441,0.218797807901,44.9389,20,0.03609999999999047,False,dominant_holder,4,high
OTIS,us,95.4572000000003,47.4566,0.016814950566000002,6.6346,20,48.0006000000003,False,broad_institutional,4,high
OTLK,us,23.1127,22.3622,0.015778820829999998,11.8141,20,0.7504999999999988,False,fragmented_or_mixed,4,high
OTLY,us,66.7488,65.7259,0.210641099157,44.5368,20,1.022900000000007,False,dominant_holder,4,high
OTRK,us,43.5976,43.5976,0.12259664519799997,34.4075,20,0.0,False,dominant_holder,4,high
OTTR,us,79.6849000000002,54.5183,0.033722121777,13.2089,20,25.166600000000194,False,broad_institutional,4,high
OUST,us,54.3580000000001,31.6608,0.008765808608000001,6.3429,20,22.697200000000098,False,broad_institutional,4,high
OUT,us,108.5925,75.03,0.05274541019799999,12.2889,20,33.5625,True,data_anomaly,3,medium
OVBC,us,50.4778,44.8506,0.019233616873999996,7.6212,20,5.627200000000002,False,broad_institutional,4,high
OVID,us,61.6056,52.3615,0.020299093283,5.7405,20,9.244100000000003,False,broad_institutional,4,high
OVLY,us,49.1715,36.6891,0.009706820173,4.2816,20,12.482399999999998,False,fragmented_or_mixed,4,high
OVV,us,94.6780000000001,60.8405,0.025221055213999997,8.6901,20,33.8375000000001,False,broad_institutional,4,high
OWL,us,98.1693000000001,66.5097,0.03768701834900001,10.3782,20,31.65960000000011,False,broad_institutional,4,high
OWLS,us,55.5714,55.5714,0.17151084401399996,40.4723,20,0.0,False,dominant_holder,4,high
OWLT,us,87.5956,74.2278,0.08843422797800002,26.4962,20,13.367800000000003,False,dominant_holder,4,high
OXBR,us,21.5814,21.5363,0.006219048887000001,6.1398,20,0.04509999999999792,False,fragmented_or_mixed,4,high
OXBRW,us,,,,,10,,False,insufficient_data,0,low
OXLC,us,14.8493,12.7387,0.0020359823069999996,3.4383,20,2.1106,False,fragmented_or_mixed,4,high
OXLCN,us,23.6576,23.6576,0.05596820377599999,23.6576,2,0.0,False,dominant_holder,4,high
OXLCO,us,19.2189,19.2189,0.03693622734500001,19.2188,3,0.0,False,fragmented_or_mixed,4,high
OXLCP,us,5.8317,5.8317,0.002992128209,5.4572,5,0.0,False,fragmented_or_mixed,4,high
OXM,us,125.3422,77.4437,0.044383673732999986,13.1874,20,47.8985,True,data_anomaly,3,medium
OXSQ,us,10.3291,9.6742,0.0014743461480000001,2.3026,20,0.6548999999999996,False,fragmented_or_mixed,4,high
OXY,us,80.4546000000008,61.0108,0.08451336054800002,26.6371,20,19.443800000000792,False,dominant_holder,4,high
OXY_T,us,,,,,20,,False,insufficient_data,0,low
OYSE,us,101.7897,71.9171,0.029405299819000003,5.9597,20,29.87259999999999,True,data_anomaly,3,medium
OYSER,us,,,,,20,,False,insufficient_data,0,low
OYSEU,us,3.1944,3.1944,0.000208152818,1.1921,20,0.0,False,fragmented_or_mixed,4,high
OZK,us,102.4696,62.6945,0.028880905433000002,9.0261,20,39.7751,True,data_anomaly,3,medium
OZKAP,us,14.8943,14.8943,0.007827840985,6.8591,11,0.0,False,fragmented_or_mixed,4,high
P,us,91.1322000000001,56.1742,0.039230730512,14.9093,20,34.9580000000001,False,broad_institutional,4,high
PAAC,us,38.4568,38.4568,0.073438313508,26.1002,6,0.0,False,dominant_holder,4,high
PAAS,us,63.2507000000002,30.8508,0.0071638289039999995,5.109,20,32.3999000000002,False,broad_institutional,4,high
PAC,us,16.2773,12.4847,0.0022483760070000003,3.5459,20,3.7926,False,fragmented_or_mixed,4,high
PACB,us,65.0210000000002,49.8505,0.027544343728999998,11.6784,20,15.170500000000203,False,broad_institutional,4,high
PACH,us,107.6004,69.7798,0.027726191405999995,6.7862,20,37.8206,True,data_anomaly,3,medium
PACHU,us,11.2443,11.2443,0.0025490543790000005,2.9644,20,0.0,False,fragmented_or_mixed,4,high
PACK,us,101.3282,83.5307,0.14315418103900002,35.6899,20,17.7975,True,data_anomaly,3,medium
PACS,us,100.0925,91.0464,0.24003896630399998,34.5435,20,9.046099999999996,True,data_anomaly,3,medium
PAG,us,101.6515,91.3341,0.31443431103299996,51.9871,20,10.317399999999992,True,data_anomaly,3,medium
PAGS,us,85.9839,53.0067,0.023228037133000003,8.6874,20,32.9772,False,broad_institutional,4,high
PAHC,us,97.7239,55.444,0.029764144232,13.7226,20,42.2799,False,broad_institutional,4,high
PAII,us,93.4788,68.0631,0.025269486502999997,5.7382,20,25.4157,False,broad_institutional,4,high
PAII_U,us,1.6286,1.6286,8.323417399999999e-05,0.8336,20,0.0,False,fragmented_or_mixed,4,high
PAL,us,89.2184,72.7604,0.038319918095999994,10.1299,20,16.458,False,broad_institutional,4,high
PALI,us,98.8227000000001,77.9746,0.03762192096000001,6.9421,20,20.8481000000001,False,broad_institutional,4,high
PALO,us,0.7794,0.7794,2.408063e-05,0.4417,5,0.0,False,fragmented_or_mixed,4,high
PAM,us,9.0158,6.549,0.00026187779399999996,0.6997,20,2.4668,False,fragmented_or_mixed,4,high
PAMT,us,97.5119,95.8966,0.590405165992,76.406,20,1.6152999999999906,False,dominant_holder,4,high
PANL,us,84.2841000000001,69.2265,0.106489583959,28.8471,20,15.057600000000093,False,dominant_holder,4,high
PANW,us,86.4568000000025,39.908,0.013386694034000002,6.4743,20,46.5488000000025,False,broad_institutional,4,high
PAPL,us,72.4748,72.4748,0.19010881703599997,38.0488,20,0.0,False,dominant_holder,4,high
PAR,us,116.5125,76.9486,0.04808347978600001,15.1442,20,39.563900000000004,True,data_anomaly,3,medium
PARAA,us,77.3909,77.3909,0.5989320446529999,77.3907,20,0.0,False,dominant_holder,4,high
PARK,us,43.359,42.8552,0.016396928605999995,6.5383,20,0.5037999999999982,False,fragmented_or_mixed,4,high
PARR,us,110.5418,61.7084,0.03190021256999999,12.7366,20,48.8334,True,data_anomaly,3,medium
PASG,us,68.9174,66.9247,0.066186080617,20.971,20,1.9926999999999992,False,dominant_holder,4,high
PASW,us,56.3976,56.3976,0.30745383664399994,55.4452,8,0.0,False,dominant_holder,4,high
PATH,us,93.6372000000002,62.2764,0.030966126359999995,8.4439,20,31.360800000000204,False,broad_institutional,4,high
PATK,us,121.498,72.8929,0.04520323212699999,13.8482,20,48.60510000000001,True,data_anomaly,3,medium
PAVM,us,61.0468,60.7145,0.043824581227,12.7531,20,0.3322999999999965,False,broad_institutional,4,high
PAVS,us,0.0385,0.0385,1.8741000000000002e-08,0.006,20,0.0,False,fragmented_or_mixed,4,high
PAX,us,84.6249,67.4966,0.043976826844,12.4515,20,17.128299999999996,False,broad_institutional,4,high
PAY,us,94.3131000000001,68.063,0.038051855394,10.9234,20,26.250100000000103,False,broad_institutional,4,high
PAYC,us,115.5205,70.5983,0.038580388171,11.6315,20,44.922200000000004,True,data_anomaly,3,medium
PAYO,us,95.8066000000002,67.714,0.03971577124,11.0012,20,28.092600000000203,False,broad_institutional,4,high
PAYP,us,202.9439,202.6267,0.698048133568,50.0,20,0.3172000000000139,True,data_anomaly,2,medium
PAYS,us,67.2491000000001,53.565,0.038790618814,15.8696,20,13.6841000000001,False,broad_institutional,4,high
PAYX,us,98.4492000000001,58.2291,0.031083644284999996,10.1114,20,40.2201000000001,False,broad_institutional,4,high
PB,us,78.3013000000001,50.2715,0.019073057040999996,7.0116,20,28.029800000000094,False,broad_institutional,4,high
PBA,us,60.8883000000001,30.528,0.005898155081999999,4.2279,20,30.3603000000001,False,broad_institutional,4,high
PBF,us,101.7987,64.1187,0.03521373462300001,12.3368,20,37.67999999999999,True,data_anomaly,3,medium
PBFS,us,82.6083999999999,79.0951,0.33330437828500004,56.9759,20,3.5132999999999015,False,dominant_holder,4,high
PBH,us,115.9043,72.0277,0.047398615348999994,13.9939,20,43.87660000000001,True,data_anomaly,3,medium
PBHC,us,56.1876,52.638,0.029976368852,9.7233,20,3.549600000000005,False,broad_institutional,4,high
PBI,us,95.4787000000001,57.2039,0.026748113963,10.0339,20,38.274800000000106,False,broad_institutional,4,high
PBK,us,18.3242,18.1675,0.0073818393049999995,6.4882,20,0.15670000000000073,False,fragmented_or_mixed,4,high
PBLS,us,60.7865,60.7865,0.079488419887,25.0316,19,0.0,False,dominant_holder,4,high
PBM,us,6.9898,6.9898,0.001991620796,3.9653,20,0.0,False,fragmented_or_mixed,4,high
PBMWW,us,,,,,20,,False,insufficient_data,0,low
PBR,us,21.6022999999999,13.7536,0.0030916296780000006,5.0307,20,7.8486999999999,False,fragmented_or_mixed,4,high
PBRA,us,9.3856,7.0197,0.00043243851500000005,1.3793,20,2.3659,False,fragmented_or_mixed,4,high
PBYI,us,88.3953,67.2493,0.03969522430500001,13.7579,20,21.146,False,broad_institutional,4,high
PC,us,1.4272,1.4272,7.563571e-05,0.6138,10,0.0,False,fragmented_or_mixed,4,high
PCAP,us,97.0978,74.2171,0.032854682032999995,8.7299,20,22.880700000000004,False,broad_institutional,4,high
PCAPU,us,4.0328,4.0328,0.00018928077199999998,0.7708,20,0.0,False,fragmented_or_mixed,4,high
PCAR,us,77.8210000000003,44.5124,0.015200522050000003,6.4899,20,33.3086000000003,False,broad_institutional,4,high
PCB,us,68.6569,55.0432,0.033658458764000004,14.4113,20,13.613699999999994,False,broad_institutional,4,high
PCG,us,101.7378,53.7978,0.021808664332,6.4051,20,47.93999999999999,True,data_anomaly,3,medium
PCG_PA,us,14.7244,14.7244,0.008108203800000002,7.1063,6,0.0,False,fragmented_or_mixed,4,high
PCG_PB,us,0.0341,0.0341,7.2761e-08,0.0256,2,0.0,False,fragmented_or_mixed,4,high
PCG_PD,us,0.6748,0.6748,4.052855199999999e-05,0.6354,2,0.0,False,fragmented_or_mixed,4,high
PCG_PX,us,85.6176,69.9876,0.07967771594999999,25.1254,20,15.629999999999995,False,dominant_holder,4,high
PCLA,us,33.8554,33.8554,0.052831461082,18.3049,20,0.0,False,fragmented_or_mixed,4,high
PCOR,us,109.0403,64.815,0.027715556925999998,9.6898,20,44.225300000000004,True,data_anomaly,3,medium
PCRX,us,119.7707,75.8916,0.047979128973999995,14.9056,20,43.87910000000001,True,data_anomaly,3,medium
PCSA,us,21.3214,21.3209,0.013581632645000001,11.0419,20,0.0004999999999988347,False,fragmented_or_mixed,4,high
PCSC,us,141.7199,130.8924,0.14751152263599998,27.5829,20,10.827499999999986,True,data_anomaly,2,medium
PCT,us,80.376,61.6124,0.054461547414,17.1752,20,18.763600000000004,False,broad_institutional,4,high
PCTTU,us,0.157,0.157,1.8485000000000002e-06,0.134,4,0.0,False,fragmented_or_mixed,4,high
PCTTW,us,,,,,20,,False,insufficient_data,0,low
PCTY,us,103.946,65.9622,0.04486806787400001,15.8033,20,37.9838,True,data_anomaly,3,medium
PCVX,us,109.4759,75.4351,0.04220260369499999,9.2711,20,34.04079999999999,True,data_anomaly,3,medium
PCYO,us,78.7846000000001,65.3711,0.040390231157,14.7277,20,13.413500000000099,False,broad_institutional,4,high
PD,us,111.3337,65.0155,0.031848445441,9.4475,20,46.31819999999999,True,data_anomaly,3,medium
PDC,us,10.1232,10.1232,0.004631698911999998,6.4353,17,0.0,False,fragmented_or_mixed,4,high
PDCC,us,94.7286,94.7286,0.43862974056799997,62.4243,11,0.0,False,dominant_holder,4,high
PDD,us,34.2436000000004,17.9735,0.0020231424709999998,1.9919,20,16.270100000000397,False,fragmented_or_mixed,4,high
PDEX,us,68.4315,64.1176,0.114439454339,31.8789,20,4.313900000000004,False,dominant_holder,4,high
PDFS,us,94.4549000000001,67.6287,0.030344890243,10.5291,20,26.8262000000001,False,broad_institutional,4,high
PDLB,us,67.6913000000001,57.9724,0.030553683278,8.285,20,9.718900000000097,False,broad_institutional,4,high
PDM,us,96.3292999999999,66.4358,0.03325802935200001,9.9882,20,29.893499999999904,False,broad_institutional,4,high
PDPA,us,65.2269,65.2269,0.192200585435,30.9941,4,0.0,False,dominant_holder,4,high
PDS,us,75.6616000000001,52.6046,0.02056021231,7.7948,20,23.05700000000011,False,broad_institutional,4,high
PDSB,us,10.9922,10.3139,0.0013703478930000002,2.9167,20,0.6783000000000001,False,fragmented_or_mixed,4,high
PDYN,us,61.9246,51.2007,0.033948684565,15.6969,20,10.7239,False,broad_institutional,4,high
PDYNW,us,,,,,20,,False,insufficient_data,0,low
PEB,us,136.7822,87.9914,0.059305021392,15.6842,20,48.79079999999999,True,data_anomaly,3,medium
PEBK,us,62.6869,52.2002,0.020746522568,7.6647,20,10.486699999999999,False,broad_institutional,4,high
PEBO,us,71.5837000000001,46.8132,0.017504068372000005,6.8319,20,24.770500000000105,False,broad_institutional,4,high
PEB_PE,us,71.2682,70.1321,0.039839712623,10.0082,20,1.136099999999999,False,broad_institutional,4,high
PEB_PF,us,73.1813,71.6288,0.049227782065999995,14.4041,20,1.5524999999999949,False,broad_institutional,4,high
PEB_PG,us,40.0027,40.0027,0.018307220697000002,6.72,20,0.0,False,fragmented_or_mixed,4,high
PEB_PH,us,33.3801,33.3801,0.017073739839,7.3823,15,0.0,False,fragmented_or_mixed,4,high
PECE,us,27.897,27.897,0.037594747556,17.6538,3,0.0,False,fragmented_or_mixed,4,high
PECO,us,90.1150000000001,61.1244,0.044334124262,14.9553,20,28.990600000000093,False,broad_institutional,4,high
PED,us,90.9457,90.5484,0.37631563016199987,51.626,20,0.3973000000000013,False,dominant_holder,4,high
PEG,us,78.2477000000007,43.6229,0.018501668179,6.7285,20,34.624800000000704,False,broad_institutional,4,high
PEGA,us,108.8276,78.8703,0.227833698497,46.8905,20,29.957300000000004,True,data_anomaly,3,medium
PEN,us,93.5514000000002,55.6994,0.030667647598000003,11.3976,20,37.8520000000002,False,broad_institutional,4,high
PENG,us,132.1557,88.6953,0.05718912067499999,13.7556,20,43.46039999999999,True,data_anomaly,3,medium
PENN,us,104.9875,64.0891,0.029859017492999997,10.5388,20,40.898399999999995,True,data_anomaly,3,medium
PEP,us,83.7745000000039,39.1804,0.013177541603999999,6.5066,20,44.5941000000039,False,broad_institutional,4,high
PEPG,us,95.9337000000001,81.6248,0.10328938632399998,29.0079,20,14.308900000000108,False,dominant_holder,4,high
PERF,us,67.5138,66.9894,0.19642572240400002,43.4528,20,0.5244,False,dominant_holder,4,high
PERF_T,us,,,,,20,,False,insufficient_data,0,low
PERI,us,55.0802,46.7956,0.024965118294,9.5397,20,8.284599999999998,False,broad_institutional,4,high
PESI,us,56.1247,45.793,0.017184617295999998,7.6069,20,10.331699999999998,False,broad_institutional,4,high
PETS,us,61.3455,53.1892,0.037222072812000004,12.1655,20,8.156300000000002,False,broad_institutional,4,high
PETZ,us,34.5108,34.5108,0.04744156215600001,20.3395,17,0.0,False,dominant_holder,4,high
PEV,us,51.8302,51.8302,0.10722383160400002,31.324,20,0.0,False,dominant_holder,4,high
PFAI,us,12.1508,12.1508,0.009402945346,9.4023,7,0.0,False,fragmented_or_mixed,4,high
PFBC,us,96.7352000000001,65.8907,0.033980306715000005,9.6121,20,30.84450000000011,False,broad_institutional,4,high
PFE,us,69.3801000000029,34.7491,0.011933787473,6.4819,20,34.6310000000029,False,broad_institutional,4,high
PFG,us,82.5923000000004,53.5808,0.024544675537999997,8.3963,20,29.011500000000403,False,broad_institutional,4,high
PFGC,us,105.4818,68.6073,0.042677978901,14.6608,20,36.87450000000001,True,data_anomaly,3,medium
PFIS,us,40.3958000000001,29.1205,0.008593626112999998,5.7658,20,11.275300000000101,False,fragmented_or_mixed,4,high
PFLT,us,23.5785,19.3605,0.004404518783,5.2638,20,4.218,False,fragmented_or_mixed,4,high
PFS,us,79.4026,55.2513,0.034518696398999994,13.2872,20,24.151300000000006,False,broad_institutional,4,high
PFSA,us,1.5953,1.5953,4.3649931000000015e-05,0.4792,20,0.0,False,fragmented_or_mixed,4,high
PFSI,us,102.525,82.8162,0.115226713052,30.3154,20,19.70880000000001,True,data_anomaly,3,medium
PFX,us,52.5559,52.5459,0.052254997054999995,14.2541,20,0.00999999999999801,False,broad_institutional,4,high
PG,us,71.8327000000057,34.5409,0.011621844705,6.4867,20,37.2918000000057,False,broad_institutional,4,high
PGAC,us,309.2807,295.6673,0.587259413669,29.3411,20,13.613400000000013,True,data_anomaly,2,medium
PGACR,us,,,,,20,,False,insufficient_data,0,low
PGC,us,90.6281,58.6014,0.021979736064,6.4018,20,32.026700000000005,False,broad_institutional,4,high
PGEN,us,87.3805000000001,74.249,0.12129812684400003,32.622,20,13.131500000000102,False,dominant_holder,4,high
PGNY,us,118.2917,70.361,0.041109387612,13.7213,20,47.9307,True,data_anomaly,3,medium
PGR,us,91.0432000000014,45.0808,0.015216182058,6.5529,20,45.9624000000014,False,broad_institutional,4,high
PGY,us,62.7394000000001,36.774,0.008913165158000001,4.7129,20,25.965400000000102,False,broad_institutional,4,high
PGYWW,us,,,,,20,,False,insufficient_data,0,low
PH,us,91.107900000001,42.0739,0.015920262698999998,7.4099,20,49.034000000000994,False,broad_institutional,4,high
PHAR,us,0.167,0.167,5.55058e-07,0.0588,20,0.0,False,fragmented_or_mixed,4,high
PHAT,us,91.1205,67.3784,0.045459470422,15.6308,20,23.742100000000008,False,broad_institutional,4,high
PHB,us,74.6508,64.319,0.06220838336599999,21.0352,20,10.331800000000001,False,dominant_holder,4,high
PHG,us,5.44060000000001,3.8653,0.00014934891100000004,0.8196,20,1.5753000000000097,False,fragmented_or_mixed,4,high
PHGE,us,34.8545,34.7566,0.022862558482000004,11.0193,20,0.09790000000000276,False,fragmented_or_mixed,4,high
PHH,us,31.646,31.646,0.011644145314000001,5.2487,20,0.0,False,fragmented_or_mixed,4,high
PHI,us,2.9362,2.6412,0.00015050476599999998,1.0771,20,0.29499999999999993,False,fragmented_or_mixed,4,high
PHIN,us,107.4983,67.2934,0.04044484089400001,14.1194,20,40.204899999999995,True,data_anomaly,3,medium
PHIO,us,11.7347,11.6135,0.0025430482809999998,4.6371,20,0.12119999999999997,False,fragmented_or_mixed,4,high
PHM,us,99.4929,56.3411,0.025253383799000002,7.7211,20,43.15180000000001,False,broad_institutional,4,high
PHOE,us,74.6051,74.6051,0.5555767883410001,74.537,6,0.0,False,dominant_holder,4,high
PHR,us,117.6006,66.2837,0.039015396821,14.4379,20,51.316900000000004,True,data_anomaly,3,medium
PHUN,us,26.1256,25.9088,0.009430366099999999,6.8673,20,0.21679999999999922,False,fragmented_or_mixed,4,high
PHVS,us,92.1058000000001,73.1077,0.043709078563000006,11.5281,20,18.998100000000107,False,broad_institutional,4,high
PHYT,us,111.6717,111.6717,0.6328178990710001,78.0631,20,0.0,True,data_anomaly,2,medium
PI,us,109.4944,75.2608,0.054773069268,14.6788,20,34.233599999999996,True,data_anomaly,3,medium
PICS,us,66.9628,63.1863,0.076951007675,23.5057,20,3.7764999999999986,False,dominant_holder,4,high
PII,us,102.2164,64.4832,0.030935741619999995,10.2874,20,37.7332,True,data_anomaly,3,medium
PIII,us,68.7266,67.7978,0.19352362284800007,42.3434,20,0.9288000000000096,False,dominant_holder,4,high
PIIIW,us,,,,,20,,False,insufficient_data,0,low
PIK,us,0.0,0.0,0.0,0.0,5,0.0,False,fragmented_or_mixed,4,high
PINE,us,64.9147000000001,46.0531,0.017937870061,7.0809,20,18.861600000000095,False,broad_institutional,4,high
PINE_PA,us,32.695,32.695,0.025486868450000002,10.6052,6,0.0,False,fragmented_or_mixed,4,high
PINS,us,109.5481,62.4721,0.031020344931,10.6006,20,47.07600000000001,True,data_anomaly,3,medium
PIPR,us,91.1622000000002,53.9496,0.030505691678,13.232,20,37.2126000000002,False,broad_institutional,4,high
PITA,us,0.0,0.0,0.0,0.0,20,0.0,False,fragmented_or_mixed,4,high
PJT,us,91.7031000000003,56.2236,0.030656953512,12.7682,20,35.47950000000031,False,broad_institutional,4,high
PK,us,113.5179,69.9415,0.036070636941,9.8113,20,43.57639999999999,True,data_anomaly,3,medium
PKBK,us,81.9570000000001,55.2854,0.018553079230000002,5.2928,20,26.67160000000009,False,broad_institutional,4,high
PKE,us,89.0919000000001,59.0095,0.029659583544999996,12.7916,20,30.082400000000092,False,broad_institutional,4,high
PKG,us,101.5009,58.2287,0.023917112783000002,7.1713,20,43.2722,True,data_anomaly,3,medium
PKOH,us,87.2379,76.2693,0.073518907387,19.9381,20,10.968599999999995,False,broad_institutional,4,high
PKST,us,64.5722,46.691,0.019282931337,7.5838,20,17.881199999999993,False,broad_institutional,4,high
PKX,us,3.18910000000001,2.4823,7.610611299999999e-05,0.6294,20,0.7068000000000101,False,fragmented_or_mixed,4,high
PL,us,83.4944000000001,52.9501,0.023146355985,10.5882,20,30.5443000000001,False,broad_institutional,4,high
PLAB,us,103.5255,64.6467,0.038203108193,14.0446,20,38.8788,True,data_anomaly,3,medium
PLAG,us,18.7163,18.7163,0.03322893632300001,18.227,13,0.0,False,fragmented_or_mixed,4,high
PLAY,us,116.9887,79.8973,0.064425149955,20.4967,20,37.09139999999999,True,data_anomaly,3,medium
PLBC,us,55.2255,42.3333,0.011841241807,4.5236,20,12.892199999999995,False,broad_institutional,4,high
PLBL,us,99.1424,99.1424,0.96044980363,97.9983,20,0.0,False,dominant_holder,4,high
PLBY,us,63.2218,58.4078,0.064214614248,15.5999,20,4.814,False,broad_institutional,4,high
PLCE,us,82.9806,79.278,0.376613849634,61.1287,20,3.7025999999999897,False,dominant_holder,4,high
PLD,us,99.0003000000011,48.2273,0.019623114829,6.8976,20,50.773000000001105,False,broad_institutional,4,high
PLG,us,36.2117,33.9192,0.049521473510000004,21.7132,20,2.292500000000004,False,dominant_holder,4,high
PLGO,us,96.9560000000001,79.356,0.06625924825599999,16.669,20,17.600000000000108,False,broad_institutional,4,high
PLMJ,us,73.2794,73.2794,0.5369870464359999,73.2794,20,0.0,False,dominant_holder,4,high
PLMK,us,218.6796,179.4122,0.420880354786,58.1173,20,39.26739999999998,True,data_anomaly,2,medium
PLMKU,us,4.4825,4.4825,0.0007451641670000002,2.3793,17,0.0,False,fragmented_or_mixed,4,high
PLMR,us,103.211,59.8287,0.033063864675,14.1437,20,43.3823,True,data_anomaly,3,medium
PLNT,us,115.8589,71.5051,0.04636594686499999,14.7006,20,44.35380000000001,True,data_anomaly,3,medium
PLOW,us,109.1784,71.0994,0.03779204552,10.1176,20,38.07899999999999,True,data_anomaly,3,medium
PLPC,us,124.1376,104.3039,0.17508888087299998,30.1264,20,19.833700000000007,True,data_anomaly,2,medium
PLRX,us,83.4458,62.8379,0.026976544922999997,9.921,20,20.607900000000008,False,broad_institutional,4,high
PLRZ,us,7.9577,7.9577,0.004331128141,6.5512,20,0.0,False,fragmented_or_mixed,4,high
PLSE,us,84.0644000000001,82.1554,0.5115222805380001,71.45,20,1.9090000000001055,False,dominant_holder,4,high
PLSM,us,48.6111,48.6111,0.093894507889,28.7888,8,0.0,False,dominant_holder,4,high
PLTK,us,100.5363,94.2034,0.38875587093399994,58.439,20,6.332899999999995,True,data_anomaly,3,medium
PLTR,us,67.9230000000046,36.9797,0.012817634587000002,6.3081,20,30.943300000004605,False,broad_institutional,4,high
PLTS,us,33.049,33.049,0.029158514679999997,11.8956,8,0.0,False,fragmented_or_mixed,4,high
PLUG,us,63.4343000000001,46.5651,0.016943947713,7.6718,20,16.8692000000001,False,broad_institutional,4,high
PLUN,us,18.1995,18.1995,0.016584681592999997,9.4432,2,0.0,False,fragmented_or_mixed,4,high
PLUR,us,59.1222,59.1141,0.066240620647,17.9193,20,0.008099999999998886,False,broad_institutional,4,high
PLUS,us,101.911,66.159,0.038569846489,14.0226,20,35.751999999999995,True,data_anomaly,3,medium
PLUT,us,76.3266,76.3266,0.23630478202800007,36.9772,8,0.0,False,dominant_holder,4,high
PLX,us,27.4286,23.5168,0.006269209033999999,4.4883,20,3.9117999999999995,False,fragmented_or_mixed,4,high
PLXS,us,102.9741,68.9509,0.04346398595499999,14.0405,20,34.0232,True,data_anomaly,3,medium
PLYX,us,73.5726,73.5726,0.22994215742800003,45.6301,20,0.0,False,dominant_holder,4,high
PL_T,us,,,,,20,,False,insufficient_data,0,low
PM,us,84.1115000000038,52.796,0.023842102628000003,8.5624,20,31.3155000000038,False,broad_institutional,4,high
PMA,us,11.7025,11.7025,0.011779670528999997,10.8439,14,0.0,False,fragmented_or_mixed,4,high
PMAX,us,14.6962,14.6962,0.019572634618000004,13.9777,10,0.0,False,fragmented_or_mixed,4,high
PMCB,us,12.947,12.5367,0.0020624376430000003,3.4115,20,0.41029999999999944,False,fragmented_or_mixed,4,high
PMD,us,55.5409,55.5409,0.11060159729699999,28.4269,20,0.0,False,dominant_holder,4,high
PMEC,us,50.4273,50.4273,0.20411920518499999,44.8754,14,0.0,False,dominant_holder,4,high
PMI,us,57.4195,57.3682,0.15829734571199996,38.5789,20,0.05129999999999768,False,dominant_holder,4,high
PMN,us,65.2285,64.4704,0.03280738561799999,9.3185,20,0.7580999999999989,False,broad_institutional,4,high
PMNT,us,76.2761,76.2761,0.11763615252299997,20.3102,20,0.0,False,dominant_holder,4,high
PMT,us,80.5049000000001,62.5909,0.044949655801,14.4787,20,17.914000000000108,False,broad_institutional,4,high
PMTR,us,85.8118,68.6813,0.032454384491,9.2807,20,17.130500000000012,False,broad_institutional,4,high
PMTRU,us,8.8615,8.8615,0.0038435789650000003,6.0513,20,0.0,False,fragmented_or_mixed,4,high
PMTS,us,80.7427,71.2087,0.09784408638499999,23.4229,20,9.534000000000006,False,dominant_holder,4,high
PMT_PA,us,20.1777,20.1777,0.015698195865,10.1064,6,0.0,False,fragmented_or_mixed,4,high
PMT_PB,us,29.9322,29.9322,0.039240397405999994,18.3475,8,0.0,False,fragmented_or_mixed,4,high
PMT_PC,us,15.0466,15.0466,0.006758932974000001,6.7207,8,0.0,False,fragmented_or_mixed,4,high
PMVP,us,70.1561,62.8628,0.034068992879999996,9.9753,20,7.293299999999995,False,broad_institutional,4,high
PN,us,9.5822,9.5822,0.008520536737999998,9.2287,10,0.0,False,fragmented_or_mixed,4,high
PNBK,us,50.7635000000001,47.0091,0.021916339793000002,9.6525,20,3.7544000000001034,False,broad_institutional,4,high
PNC,us,86.7441000000001,42.0898,0.013791985109999998,6.5679,20,44.654300000000106,False,broad_institutional,4,high
PNFP,us,83.7118000000001,53.6018,0.022839917581999998,8.5757,20,30.1100000000001,False,broad_institutional,4,high
PNFP_PA,us,19.3213,19.3213,0.008954656570999997,6.5962,10,0.0,False,fragmented_or_mixed,4,high
PNFP_PB,us,32.1359,32.1359,0.02476615408899999,10.4847,15,0.0,False,fragmented_or_mixed,4,high
PNFP_PC,us,11.2616,11.2616,0.0062303042800000005,6.6871,10,0.0,False,fragmented_or_mixed,4,high
PNNT,us,23.577,18.1001,0.0033807707469999996,3.6245,20,5.4769000000000005,False,fragmented_or_mixed,4,high
PNR,us,99.8337000000004,55.1808,0.022652522758000004,6.8144,20,44.65290000000041,False,broad_institutional,4,high
PNRG,us,95.5972000000001,84.3749,0.17584894205900004,38.6632,20,11.222300000000104,False,dominant_holder,4,high
PNST,us,33.5849,33.5849,0.056890148367,23.4681,20,0.0,False,dominant_holder,4,high
PNTG,us,100.4297,62.2073,0.025163655647,7.6779,20,38.2224,True,data_anomaly,3,medium
PNW,us,107.3268,70.2202,0.04323560837600001,13.5632,20,37.1066,True,data_anomaly,3,medium
POAS,us,39.2388,39.2388,0.020838835636,7.9395,13,0.0,False,fragmented_or_mixed,4,high
POCI,us,60.9057,59.0383,0.03800748149499998,15.2633,20,1.8674000000000035,False,broad_institutional,4,high
PODC,us,78.6681,78.0788,0.41592588586799994,64.2933,20,0.5892999999999944,False,dominant_holder,4,high
PODD,us,106.3104,56.8188,0.024894176234,8.175,20,49.4916,True,data_anomaly,3,medium
POET,us,36.9171,34.0014,0.023191216437999998,11.036,20,2.915700000000001,False,fragmented_or_mixed,4,high
POLA,us,24.5727,24.5727,0.048282624437,21.952,20,0.0,False,dominant_holder,4,high
POLE,us,114.2755,89.2389,0.045125209518999995,8.3333,20,25.036599999999993,True,data_anomaly,3,medium
POLEU,us,0.0968,0.0968,4.06592e-07,0.0448,20,0.0,False,fragmented_or_mixed,4,high
POM,us,0.2678,0.2678,2.712528e-06,0.1537,14,0.0,False,fragmented_or_mixed,4,high
PONO,us,12.6122,12.6122,0.006332801624000001,5.6936,6,0.0,False,fragmented_or_mixed,4,high
PONY,us,35.8584,26.2961,0.004443990293,3.2705,20,9.562300000000004,False,fragmented_or_mixed,4,high
POOL,us,115.1643,68.6146,0.036060853294,8.4211,20,46.5497,True,data_anomaly,3,medium
POR,us,102.9016,58.0369,0.029272811317000002,11.8948,20,44.8647,True,data_anomaly,3,medium
POST,us,116.9627,79.4212,0.04297545715,10.7793,20,37.5415,True,data_anomaly,3,medium
POWI,us,121.6417,76.2608,0.046580603438,13.7787,20,45.3809,True,data_anomaly,3,medium
POWL,us,115.8345,74.4562,0.070289764566,18.2372,20,41.37830000000001,True,data_anomaly,3,medium
POWW,us,70.7113,61.6742,0.060073378579999996,14.9521,20,9.037099999999995,False,broad_institutional,4,high
POWWP,us,1.7238,1.7238,0.000297148644,1.7238,2,0.0,False,fragmented_or_mixed,4,high
PPBT,us,12.5898,12.5898,0.003328619118,3.7386,20,0.0,False,fragmented_or_mixed,4,high
PPC,us,103.3287,95.9051,0.6762478085029998,82.1471,20,7.423599999999993,True,data_anomaly,3,medium
PPCB,us,42.0344,42.0344,0.06129848928000001,22.9111,17,0.0,False,dominant_holder,4,high
PPG,us,95.1282000000004,55.3434,0.021954544200000002,6.5228,20,39.7848000000004,False,broad_institutional,4,high
PPHC,us,67.8281,60.2175,0.021820349907000002,7.434,20,7.610600000000005,False,broad_institutional,4,high
PPIH,us,59.0907,42.8022,0.013443427022,6.2362,20,16.2885,False,broad_institutional,4,high
PPL,us,84.1029000000001,50.8888,0.019392533305999996,6.3482,20,33.2141000000001,False,broad_institutional,4,high
PPLI,us,122.2931,83.4791,0.04946444955899999,10.4837,20,38.81399999999999,True,data_anomaly,3,medium
PPSI,us,31.2954,30.0207,0.03327347874100001,17.8213,20,1.2746999999999993,False,fragmented_or_mixed,4,high
PPTA,us,81.7063,61.6622,0.07744950749000003,25.858,20,20.0441,False,dominant_holder,4,high
PPYA,us,96.8818,96.8818,0.938608317124,96.8818,16,0.0,False,dominant_holder,4,high
PR,us,92.8750000000003,52.0167,0.018334989604999997,7.1832,20,40.8583000000003,False,broad_institutional,4,high
PRA,us,92.9485000000001,63.4354,0.032648542792,13.1672,20,29.513100000000094,False,broad_institutional,4,high
PRAA,us,104.5023,75.9647,0.054515491403,15.1164,20,28.537600000000012,True,data_anomaly,3,medium
PRAX,us,111.929,77.7214,0.042416557157999996,12.4068,20,34.2076,True,data_anomaly,3,medium
PRCH,us,99.9971000000001,76.9585,0.07023499769900003,20.4645,20,23.038600000000102,False,dominant_holder,4,high
PRCT,us,112.5249,68.0793,0.029998756733,8.1016,20,44.4456,True,data_anomaly,3,medium
PRDO,us,103.6078,65.3922,0.036452691082000006,13.3224,20,38.215599999999995,True,data_anomaly,3,medium
PRE,us,25.5861,24.2172,0.0075773488100000005,6.1877,20,1.3689,False,fragmented_or_mixed,4,high
PRENW,us,,,,,20,,False,insufficient_data,0,low
PRFX,us,1.0171,1.0171,4.4089946999999995e-05,0.4984,20,0.0,False,fragmented_or_mixed,4,high
PRG,us,117.8246,66.2137,0.035414820221,13.6846,20,51.6109,True,data_anomaly,3,medium
PRGO,us,114.91,80.0415,0.047882002159,11.199,20,34.8685,True,data_anomaly,3,medium
PRGS,us,108.7384,64.6376,0.041136578542,15.197,20,44.10079999999999,True,data_anomaly,3,medium
PRHI,us,83.0166,83.0079,0.44193922467100005,65.1286,20,0.008699999999990382,False,dominant_holder,4,high
PRI,us,98.3105000000003,67.049,0.03679180575799999,9.8499,20,31.261500000000296,False,broad_institutional,4,high
PRIF_PD,us,0.0,0.0,0.0,0.0,1,0.0,False,fragmented_or_mixed,4,high
PRIF_PJ,us,0.8043,0.8043,6.4689849e-05,0.8043,3,0.0,False,fragmented_or_mixed,4,high
PRIF_PL,us,0.0,0.0,0.0,0.0,1,0.0,False,fragmented_or_mixed,4,high
PRIM,us,104.5401,62.3041,0.03628564488699999,13.5042,20,42.236,True,data_anomaly,3,medium
PRK,us,54.5573,43.2196,0.025844619218,11.891,20,11.337699999999998,False,broad_institutional,4,high
PRKS,us,136.567,111.6899,0.358195251067,57.7325,20,24.877100000000013,True,data_anomaly,2,medium
PRLB,us,97.6323,69.5545,0.04761877483700001,13.7165,20,28.077799999999996,False,broad_institutional,4,high
PRLD,us,74.8733,71.15,0.07882451400000001,18.1908,20,3.7232999999999947,False,broad_institutional,4,high
PRM,us,88.7140000000001,59.9013,0.029534652807000003,9.8994,20,28.8127000000001,False,broad_institutional,4,high
PRMB,us,108.633,77.0119,0.11834682673699999,32.0256,20,31.6211,True,data_anomaly,3,medium
PRME,us,90.7856000000001,72.4786,0.044665314598,11.2065,20,18.3070000000001,False,broad_institutional,4,high
PRMW,us,108.633,77.0119,0.11834682673699999,32.0256,20,31.6211,True,data_anomaly,3,medium
PROC,us,89.3888,89.3888,0.15474467379600002,26.9201,20,0.0,False,dominant_holder,4,high
PROF,us,49.7583,43.301,0.013622405951999999,6.439,20,6.4572999999999965,False,fragmented_or_mixed,4,high
PROK,us,72.1788,68.5089,0.14804241991699996,35.9858,20,3.6698999999999984,False,dominant_holder,4,high
PROP,us,49.6266,44.0372,0.03167625449599999,15.8408,20,5.589400000000005,False,fragmented_or_mixed,4,high
PROV,us,71.9512000000001,69.3624,0.039558199536,11.1488,20,2.5888000000001057,False,broad_institutional,4,high
PRPH,us,2.7037,2.7037,0.0005331847830000001,2.294,20,0.0,False,fragmented_or_mixed,4,high
PRPL,us,63.5039,60.5294,0.18933171554999997,43.0554,20,2.974499999999999,False,dominant_holder,4,high
PRPO,us,29.3385,29.3088,0.012603274759999996,8.8753,20,0.029699999999998283,False,fragmented_or_mixed,4,high
PRQR,us,54.1616,49.4012,0.04675963200600001,16.5399,20,4.760399999999997,False,broad_institutional,4,high
PRSO,us,6.2961,6.228,0.0005924651160000001,2.0569,20,0.06810000000000027,False,fragmented_or_mixed,4,high
PRST,us,0.0,0.0,0.0,0.0,20,0.0,False,fragmented_or_mixed,4,high
PRSU,us,111.4837,86.2962,0.09085238123199997,24.5296,20,25.1875,True,data_anomaly,3,medium
PRTA,us,113.5625,82.9232,0.057494833520000004,14.4236,20,30.639300000000006,True,data_anomaly,3,medium
PRTC,us,0.5716,0.5716,1.430624e-05,0.287,18,0.0,False,fragmented_or_mixed,4,high
PRTH,us,85.6031000000001,78.4586,0.324317025908,56.5438,20,7.144500000000093,False,dominant_holder,4,high
PRTS,us,27.6658,25.3687,0.007745789001000001,6.874,20,2.2971000000000004,False,fragmented_or_mixed,4,high
PRU,us,64.5244000000004,37.6994,0.015008177432000003,6.5814,20,26.8250000000004,False,broad_institutional,4,high
PRVA,us,103.8776,72.8725,0.046990194219000005,13.0736,20,31.0051,True,data_anomaly,3,medium
PRXG,us,20.2921,20.2921,0.008610559040999999,6.6009,13,0.0,False,fragmented_or_mixed,4,high
PRZO,us,8.6393,8.638,0.001627006002,2.8162,20,0.001300000000000523,False,fragmented_or_mixed,4,high
PS,us,78.7686,78.7686,0.21238505632799998,37.7024,16,0.0,False,dominant_holder,4,high
PSA,us,91.7642000000007,58.4104,0.02862086358399999,9.2495,20,33.353800000000696,False,broad_institutional,4,high
PSA_PF,us,18.7499,18.7499,0.007499612069,6.6445,20,0.0,False,fragmented_or_mixed,4,high
PSA_PG,us,20.262,20.262,0.008192313986000002,6.6524,20,0.0,False,fragmented_or_mixed,4,high
PSA_PH,us,23.7868,23.7868,0.008458208996,6.655,20,0.0,False,fragmented_or_mixed,4,high
PSA_PI,us,20.7784,20.7783,0.007538916827000001,6.6527,20,9.999999999976694e-05,False,fragmented_or_mixed,4,high
PSA_PJ,us,27.0166,26.984,0.009963950618,6.6288,20,0.03259999999999863,False,fragmented_or_mixed,4,high
PSA_PL,us,14.9003,14.8187,0.003425163043,4.3482,20,0.0815999999999999,False,fragmented_or_mixed,4,high
PSA_PN,us,18.475,18.475,0.0074177273099999995,6.5396,18,0.0,False,fragmented_or_mixed,4,high
PSA_PS,us,26.8424,26.8424,0.009707410135999999,6.5362,20,0.0,False,fragmented_or_mixed,4,high
PSBD,us,73.4894,70.5142,0.057772603688,12.7994,20,2.975200000000001,False,broad_institutional,4,high
PSEC,us,46.1596000000001,41.9442,0.04203841726200001,17.8872,20,4.215400000000095,False,fragmented_or_mixed,4,high
PSEC_PA,us,34.9872,34.9872,0.08214628555400001,27.9063,10,0.0,False,dominant_holder,4,high
PSFE,us,86.5219000000001,78.299,0.12007746116400002,25.3638,20,8.222900000000095,False,dominant_holder,4,high
PSHG,us,15.3502,15.3502,0.008736101892000001,8.316,20,0.0,False,fragmented_or_mixed,4,high
PSIG,us,59.9383,59.9383,0.051069851431000006,13.5856,20,0.0,False,broad_institutional,4,high
PSIX,us,92.9459000000002,79.8292,0.227104476258,45.985,20,13.116700000000193,False,dominant_holder,4,high
PSKY,us,82.6432000000002,72.562,0.15953107824,38.0471,20,10.081200000000209,False,dominant_holder,4,high
PSMT,us,105.7896,70.8298,0.039878696822,11.4208,20,34.95979999999999,True,data_anomaly,3,medium
PSN,us,105.7332,80.8245,0.22740922331700003,46.868,20,24.908699999999996,True,data_anomaly,3,medium
PSNL,us,91.9711,77.3246,0.05374467678,13.1567,20,14.646500000000003,False,broad_institutional,4,high
PSNY,us,99.0725,98.4317,0.27689647537699996,45.6335,20,0.6407999999999987,False,dominant_holder,4,high
PSNYW,us,4.9952,4.9952,0.0009486184540000001,2.3927,20,0.0,False,fragmented_or_mixed,4,high
PSO,us,4.5508,3.2715,8.1179227e-05,0.446,20,1.2792999999999997,False,fragmented_or_mixed,4,high
PSQH,us,36.4074,31.8695,0.008604930765000001,4.8735,20,4.537900000000004,False,fragmented_or_mixed,4,high
PSQH_T,us,,,,,20,,False,insufficient_data,0,low
PSTG,us,91.1322000000001,56.1742,0.039230730512,14.9093,20,34.9580000000001,False,broad_institutional,4,high
PSTL,us,84.7337,47.799,0.016328287536,6.3832,20,36.9347,False,broad_institutional,4,high
PSTV,us,16.1976,16.1559,0.008052614010999997,7.6465,20,0.04170000000000229,False,fragmented_or_mixed,4,high
PSUS,us,12.3387,12.3379,0.010608470503000001,10.27,20,0.0007999999999999119,False,fragmented_or_mixed,4,high
PSX,us,81.7839000000007,48.8728,0.02084710494,6.5118,20,32.9111000000007,False,broad_institutional,4,high
PT,us,3.7814,3.7814,0.0008332277979999999,2.8588,18,0.0,False,fragmented_or_mixed,4,high
PTAC,us,0.0286,0.0286,8.179600000000001e-08,0.0286,1,0.0,False,fragmented_or_mixed,4,high
PTC,us,107.2544,66.5475,0.047391204571000003,16.5437,20,40.706900000000005,True,data_anomaly,3,medium
PTCT,us,127.6832,80.3205,0.050931481854999995,13.8231,20,47.362700000000004,True,data_anomaly,3,medium
PTEN,us,118.2467,68.3199,0.038874718617,13.4995,20,49.9268,True,data_anomaly,3,medium
PTGX,us,122.5404,85.4806,0.05612331443999999,12.9657,20,37.05980000000001,True,data_anomaly,3,medium
PTHL,us,1.933,1.933,0.00015643580399999997,0.8886,20,0.0,False,fragmented_or_mixed,4,high
PTHS,us,89.9281,88.1746,0.210223811312,43.1575,20,1.7535000000000025,False,dominant_holder,4,high
PTIX,us,10.5625,10.5625,0.001911517477,2.914,20,0.0,False,fragmented_or_mixed,4,high
PTIXW,us,,,,,9,,False,insufficient_data,0,low
PTLE,us,0.1291,0.1291,5.57201e-07,0.057,20,0.0,False,fragmented_or_mixed,4,high
PTLO,us,88.0406000000001,62.2763,0.028665439639,9.6639,20,25.764300000000098,False,broad_institutional,4,high
PTN,us,67.6489,67.3053,0.03864981195099999,9.3697,20,0.343599999999995,False,broad_institutional,4,high
PTNM,us,83.6074,83.6074,0.346790735424,41.6406,17,0.0,False,dominant_holder,4,high
PTON,us,93.6044000000002,55.8634,0.021531422236,6.4857,20,37.7410000000002,False,broad_institutional,4,high
PTOR,us,44.3015,44.3015,0.020251361711000004,7.8463,20,0.0,False,fragmented_or_mixed,4,high
PTPI,us,44.6458,44.6458,0.03841570361,15.4888,20,0.0,False,fragmented_or_mixed,4,high
PTRN,us,99.4889,96.6728,0.191501076202,29.6236,20,2.816100000000006,False,dominant_holder,4,high
PUBM,us,76.1689000000001,56.107,0.022461551352000005,7.4159,20,20.061900000000094,False,broad_institutional,4,high
PUCK,us,23.8298,23.8298,0.015758283762,9.0764,8,0.0,False,fragmented_or_mixed,4,high
PUK,us,2.93830000000001,2.3041,4.2188099e-05,0.3241,20,0.6342000000000101,False,fragmented_or_mixed,4,high
PULM,us,9.744,9.744,0.0014763646420000002,2.9885,20,0.0,False,fragmented_or_mixed,4,high
PUMP,us,98.2939000000002,58.6789,0.021995263166999998,5.906,20,39.61500000000021,False,broad_institutional,4,high
PURR,us,41.1519,34.8062,0.011543197310000001,5.9426,20,6.345700000000001,False,fragmented_or_mixed,4,high
PUSA,us,36.6654,36.5247,0.036769005673,15.2282,20,0.14069999999999538,False,fragmented_or_mixed,4,high
PVH,us,114.6564,76.0979,0.046000164335,12.5117,20,38.55850000000001,True,data_anomaly,3,medium
PVLA,us,103.5617,67.3274,0.027252117513999998,6.2219,20,36.234300000000005,True,data_anomaly,3,medium
PW,us,33.0197,33.0197,0.040730927758999995,17.7501,20,0.0,False,fragmented_or_mixed,4,high
PWP,us,106.1233,68.155,0.031335917632000006,10.3899,20,37.9683,True,data_anomaly,3,medium
PWR,us,90.6890000000004,41.4582,0.014425125964,6.4679,20,49.23080000000041,False,broad_institutional,4,high
PW_PA,us,59.8689,59.8689,0.08551363798099999,23.5073,6,0.0,False,dominant_holder,4,high
PX,us,107.8928,86.5768,0.05033095471599999,13.024,20,21.31599999999999,True,data_anomaly,3,medium
PXED,us,101.11,97.0694,0.4983513383400001,69.0794,20,4.040599999999998,True,data_anomaly,3,medium
PXLW,us,38.1329,36.0108,0.013218730466,7.4936,20,2.122099999999996,False,fragmented_or_mixed,4,high
PXMD,us,0.1519,0.1519,2.3073610000000005e-06,0.1519,2,0.0,False,fragmented_or_mixed,4,high
PXS,us,62.2788,62.2788,0.34445250670399996,58.6725,20,0.0,False,dominant_holder,4,high
PYPD,us,56.2036,56.0528,0.05531873800800001,18.5153,20,0.15080000000000382,False,broad_institutional,4,high
PYPL,us,83.9770000000007,43.5871,0.014475068132999997,6.348,20,40.3899000000007,False,broad_institutional,4,high
PYXS,us,56.5676,51.2504,0.03636849192799999,12.0847,20,5.3172,False,broad_institutional,4,high
PZG,us,44.0183,40.2501,0.023655925361,11.2985,20,3.7682,False,fragmented_or_mixed,4,high
PZZA,us,98.9588,65.1789,0.037398351319,13.549,20,33.7799,False,broad_institutional,4,high
Q,us,76.8269000000005,40.0615,0.013951938311,6.5096,20,36.765400000000504,False,broad_institutional,4,high
QADR,us,1.5,1.5,0.000125,1.0,2,0.0,False,fragmented_or_mixed,4,high
QALT,us,16.2932,16.1619,0.0048246440230000015,4.8434,20,0.13129999999999953,False,fragmented_or_mixed,4,high
QBTS,us,52.2142000000002,35.328,0.013020608928000003,7.1859,20,16.886200000000194,False,broad_institutional,4,high
QCLS,us,15.946,15.9389,0.0032970053670000003,3.3386,20,0.00709999999999944,False,fragmented_or_mixed,4,high
QCOM,us,86.2968000000033,43.1764,0.016083054548000002,6.5789,20,43.1204000000033,False,broad_institutional,4,high
QCRH,us,84.2584,50.7801,0.018521988448999997,6.9613,20,33.4783,False,broad_institutional,4,high
QDEL,us,127.2871,89.9771,0.057195289711,14.0013,20,37.31,True,data_anomaly,3,medium
QETA,us,96.845,96.8445,0.3109323605509999,52.5661,20,0.0005000000000023874,False,dominant_holder,4,high
QETAR,us,,,,,20,,False,insufficient_data,0,low
QETAU,us,0.0448,0.0448,6.8002e-08,0.0168,9,0.0,False,fragmented_or_mixed,4,high
QFIN,us,69.1551000000001,44.4241,0.012957599830999996,5.218,20,24.7310000000001,False,broad_institutional,4,high
QGEN,us,81.3811000000001,50.5807,0.022860087111000002,9.2423,20,30.800400000000103,False,broad_institutional,4,high
QH,us,7.6315,7.6315,0.0034618544949999996,5.7885,20,0.0,False,fragmented_or_mixed,4,high
QLEP,us,6.4879,6.4879,0.002919915753,5.2978,4,0.0,False,fragmented_or_mixed,4,high
QLYS,us,107.7235,59.8678,0.032346426552,12.8895,20,47.8557,True,data_anomaly,3,medium
QMCO,us,41.7836,40.8555,0.128613966151,35.8217,20,0.9281000000000006,False,dominant_holder,4,high
QMMM,us,3.4607,3.4607,0.0009512868329999999,3.0765,20,0.0,False,fragmented_or_mixed,4,high
QNC,us,28.1274,27.9745,0.025166516489,11.0445,20,0.15290000000000248,False,fragmented_or_mixed,4,high
QNCX,us,14.5127,14.3296,0.0061060659759999995,7.1767,20,0.18310000000000137,False,fragmented_or_mixed,4,high
QNRX,us,49.0204,49.0027,0.024541107977000005,10.5326,20,0.017700000000004934,False,fragmented_or_mixed,4,high
QNST,us,96.3950000000001,60.3521,0.03602404856900001,14.589,20,36.042900000000095,False,broad_institutional,4,high
QNT,us,43.7897,42.4297,0.026457435185,13.8727,20,1.3600000000000065,False,fragmented_or_mixed,4,high
QNTM,us,24.5027,24.41,0.009601661644,5.8724,20,0.09270000000000067,False,fragmented_or_mixed,4,high
QRED,us,9.5829,9.5829,0.004349877425,5.7792,4,0.0,False,fragmented_or_mixed,4,high
QRHC,us,68.5067,64.3822,0.058779193672000005,13.4878,20,4.124499999999998,False,broad_institutional,4,high
QRVO,us,101.0337,58.8931,0.029283356703000002,10.8279,20,42.1406,True,data_anomaly,3,medium
QS,us,52.2867000000002,38.1262,0.019304122776000004,11.7986,20,14.160500000000205,False,broad_institutional,4,high
QSEA,us,109.9749,106.7451,0.21202786327899997,42.5279,20,3.2298000000000116,True,data_anomaly,2,medium
QSEAR,us,,,,,20,,False,insufficient_data,0,low
QSEAU,us,7.1657,7.1657,0.001370127893,2.4548,20,0.0,False,fragmented_or_mixed,4,high
QSI,us,42.1545,35.5388,0.013278615926,6.9288,20,6.615699999999997,False,fragmented_or_mixed,4,high
QSIAW,us,,,,,12,,False,insufficient_data,0,low
QSR,us,98.5883000000001,55.8047,0.029883612931,12.3516,20,42.783600000000106,False,broad_institutional,4,high
QTEX,us,23.0111,22.9804,0.012199426287999998,8.7186,20,0.030699999999999505,False,fragmented_or_mixed,4,high
QTEXW,us,,,,,5,,False,insufficient_data,0,low
QTI,us,37.7978,37.63,0.018420566366,8.1232,20,0.16779999999999973,False,fragmented_or_mixed,4,high
QTRX,us,94.9941,70.9328,0.034116806402,9.6072,20,24.061300000000003,False,broad_institutional,4,high
QTTB,us,112.1721,106.5965,0.11982711724299998,19.9836,20,5.575599999999994,True,data_anomaly,2,medium
QTWO,us,101.6571,57.3977,0.035253326430999994,14.389,20,44.2594,True,data_anomaly,3,medium
QUAD,us,81.5247,54.2063,0.021610970246999997,6.9222,20,27.318399999999997,False,broad_institutional,4,high
QUBT,us,56.1999000000001,40.3399,0.020082464143,10.7949,20,15.860000000000099,False,broad_institutional,4,high
QUCY,us,16.1863,15.9511,0.005240092075,6.1945,20,0.23519999999999897,False,fragmented_or_mixed,4,high
QUIK,us,31.6416,24.3856,0.005979991403999999,5.7943,20,7.256,False,fragmented_or_mixed,4,high
QUMS,us,90.5087,86.1616,0.10387933442999998,28.5902,20,4.3470999999999975,False,dominant_holder,4,high
QUMSR,us,,,,,20,,False,insufficient_data,0,low
QUMSU,us,5.4487,5.4487,0.0006874113810000001,2.0045,20,0.0,False,fragmented_or_mixed,4,high
QURE,us,91.2132000000001,52.6742,0.019672754321999997,8.7669,20,38.5390000000001,False,broad_institutional,4,high
QVCGA,us,50.3248,45.5937,0.021190361278999998,8.8825,20,4.731100000000005,False,broad_institutional,4,high
QVCGB,us,89.1798,89.1798,0.7953036728039999,89.1798,20,0.0,False,dominant_holder,4,high
QVCGP,us,33.2354,33.2354,0.0592708854,23.3127,20,0.0,False,dominant_holder,4,high
QXL,us,47.6348,47.6348,0.062436928598,21.1345,15,0.0,False,dominant_holder,4,high
QXO,us,72.0228000000003,44.1664,0.014576261661999998,7.128,20,27.8564000000003,False,broad_institutional,4,high
R,us,98.8241000000002,64.5927,0.028556478038999997,8.98,20,34.23140000000021,False,broad_institutional,4,high
RAAQ,us,5.4216,4.4799,0.000139050325,0.6551,20,0.9417,False,fragmented_or_mixed,4,high
RAAQU,us,13.0088,13.0088,0.007067585528000001,6.9565,18,0.0,False,fragmented_or_mixed,4,high
RAC,us,91.5448,76.274,0.03737497398800001,8.3686,20,15.270799999999994,False,broad_institutional,4,high
RACC,us,33.4826,33.4826,0.023039082979000005,9.6463,8,0.0,False,fragmented_or_mixed,4,high
RACD,us,32.6047,32.6047,0.021793524129,9.0032,7,0.0,False,fragmented_or_mixed,4,high
RACE,us,72.5153000000002,49.9998,0.053836254278000005,20.0982,20,22.515500000000195,False,dominant_holder,4,high
RAC_U,us,3.9852,3.9852,0.000850034506,2.7895,20,0.0,False,fragmented_or_mixed,4,high
RADX,us,2.5396,2.5396,0.00029068534800000007,1.5863,12,0.0,False,fragmented_or_mixed,4,high
RAIL,us,83.4006,70.5041,0.21920092785499995,46.274,20,12.896500000000003,False,dominant_holder,4,high
RAIN,us,78.7164,77.7249,0.13377085722899995,29.8071,20,0.9914999999999878,False,dominant_holder,4,high
RAL,us,108.49,71.9346,0.044643147912,12.2819,20,36.55539999999999,True,data_anomaly,3,medium
RAMP,us,106.7714,68.9415,0.04436889426300002,15.0405,20,37.829899999999995,True,data_anomaly,3,medium
RAND,us,77.0319,77.0319,0.41868304496700015,64.2017,20,0.0,False,dominant_holder,4,high
RANG,us,546.6422,465.7434,1.430241925532,51.962,20,80.8988,True,data_anomaly,1,low
RANGR,us,,,,,20,,False,insufficient_data,0,low
RANGU,us,9.0932,9.0932,0.005012075812000001,6.9721,20,0.0,False,fragmented_or_mixed,4,high
RANI,us,46.6531,43.5647,0.022391636160999998,9.2343,20,3.0884,False,fragmented_or_mixed,4,high
RAPP,us,113.8002,90.3925,0.071552976143,15.1583,20,23.407700000000006,True,data_anomaly,3,medium
RAPT,us,62.1222,56.435,0.024010419966000004,8.917,20,5.687199999999997,False,broad_institutional,4,high
RARE,us,99.9293000000002,55.4234,0.019111639239999995,5.7154,20,44.505900000000196,False,broad_institutional,4,high
RAVE,us,38.8013,37.7217,0.049045969228999994,21.4763,20,1.0795999999999992,False,dominant_holder,4,high
RAY,us,53.1124,53.1124,0.06431833742799999,17.0052,20,0.0,False,broad_institutional,4,high
RAYA,us,1.6499,1.6499,0.00013017025699999998,1.081,15,0.0,False,fragmented_or_mixed,4,high
RBA,us,101.4381,59.2029,0.025008377063,7.7246,20,42.235200000000006,True,data_anomaly,3,medium
RBB,us,63.7804,48.0638,0.020473041807999998,8.898,20,15.7166,False,broad_institutional,4,high
RBBN,us,93.1844,83.5222,0.12849612009199995,29.5372,20,9.662199999999999,False,dominant_holder,4,high
RBC,us,102.9434,54.7576,0.023669370890999998,8.6163,20,48.1858,True,data_anomaly,3,medium
RBCAA,us,82.2977,71.8502,0.176463700478,40.9491,20,10.447500000000005,False,dominant_holder,4,high
RBKB,us,57.6625,55.8884,0.16984379801200003,40.5799,20,1.7741000000000042,False,dominant_holder,4,high
RBLX,us,88.9494000000004,51.9553,0.017964504983,6.5167,20,36.994100000000394,False,broad_institutional,4,high
RBNE,us,2.3518,2.3518,0.0002229954,1.329,20,0.0,False,fragmented_or_mixed,4,high
RBOT,us,41.4398,41.4358,0.04112897821600001,14.9012,20,0.003999999999997783,False,fragmented_or_mixed,4,high
RBRK,us,81.2962,44.0826,0.013499822519999998,4.9887,20,37.2136,False,broad_institutional,4,high
RC,us,75.1992,54.3513,0.025108143749,8.6207,20,20.847900000000003,False,broad_institutional,4,high
RCAT,us,53.4198000000001,39.8807,0.017356118114999996,8.4387,20,13.539100000000104,False,broad_institutional,4,high
RCEL,us,18.47,15.4064,0.003674632152,4.3382,20,3.063599999999999,False,fragmented_or_mixed,4,high
RCFA,us,47.0352,46.9587,0.042829830353,14.8533,20,0.0765000000000029,False,fragmented_or_mixed,4,high
RCI,us,74.2567000000002,46.0513,0.018114026361,9.075,20,28.205400000000196,False,broad_institutional,4,high
RCKT,us,97.9503,69.7046,0.0441814075,16.1986,20,28.2457,False,broad_institutional,4,high
RCKY,us,84.9394,59.1024,0.02459462798,6.7976,20,25.837000000000003,False,broad_institutional,4,high
RCL,us,92.3809000000002,63.7425,0.039457440471,10.5355,20,28.638400000000196,False,broad_institutional,4,high
RCMT,us,82.837,68.9888,0.05899152979,19.7877,20,13.848200000000006,False,broad_institutional,4,high
RCON,us,7.1529,7.1529,0.0005839344489999999,0.9439,20,0.0,False,fragmented_or_mixed,4,high
RCT,us,61.1579,61.1579,0.146614641673,34.9446,20,0.0,False,dominant_holder,4,high
RCUS,us,105.1725,76.6286,0.08445478185399997,24.9853,20,28.543899999999994,True,data_anomaly,3,medium
RC_PE,us,8.3739,8.3739,0.004596036489,6.6579,4,0.0,False,fragmented_or_mixed,4,high
RDAC,us,75.7259,75.7259,0.104871248965,28.43,20,0.0,False,dominant_holder,4,high
RDACR,us,,,,,20,,False,insufficient_data,0,low
RDACU,us,0.0466,0.0466,1.9181000000000005e-07,0.0437,5,0.0,False,fragmented_or_mixed,4,high
RDAG,us,92.4386000000001,71.5898,0.034005980618000003,9.9,20,20.848800000000097,False,broad_institutional,4,high
RDAGU,us,7.393,7.393,0.0036391128679999995,6.0,20,0.0,False,fragmented_or_mixed,4,high
RDCM,us,69.5509,65.691,0.048269437054000004,15.6826,20,3.859899999999996,False,broad_institutional,4,high
RDDT,us,93.8094999999999,53.5066,0.019221409117999997,6.7241,20,40.3028999999999,False,broad_institutional,4,high
RDGT,us,1.2157,1.2157,7.3116033e-05,0.7502,15,0.0,False,fragmented_or_mixed,4,high
RDHL,us,8.5338,8.5338,0.0035710204999999996,5.77,20,0.0,False,fragmented_or_mixed,4,high
RDI,us,62.4907,58.7463,0.036281937566999996,11.9416,20,3.744399999999999,False,broad_institutional,4,high
RDIB,us,97.0908,97.0908,0.169318797652,25.4558,20,0.0,False,dominant_holder,4,high
RDN,us,99.3775000000001,62.7943,0.035189854973,12.9889,20,36.5832000000001,False,broad_institutional,4,high
RDNT,us,110.888,62.8491,0.031396448509,11.1944,20,48.038900000000005,True,data_anomaly,3,medium
RDNW,us,85.9721,81.6816,0.11070245091999999,18.435,20,4.290499999999994,False,dominant_holder,4,high
RDVT,us,88.0494,60.7191,0.023789217245,6.3133,20,27.33030000000001,False,broad_institutional,4,high
RDW,us,56.4076000000001,39.1646,0.012715186861999999,7.088,20,17.2430000000001,False,broad_institutional,4,high
RDWR,us,101.7178,84.0206,0.045253429314000004,9.6158,20,17.697199999999995,True,data_anomaly,3,medium
RDY,us,15.937,12.0069,0.001175750217,2.1634,20,3.9300999999999995,False,fragmented_or_mixed,4,high
RDZN,us,45.9901,45.4787,0.057377561947000014,20.786,20,0.5113999999999947,False,dominant_holder,4,high
RDZNW,us,,,,,20,,False,insufficient_data,0,low
REA,us,52.3259,52.3259,0.034841118925000004,9.2666,18,0.0,False,broad_institutional,4,high
REAL,us,109.9275,66.1136,0.030945165444000004,9.6202,20,43.81389999999999,True,data_anomaly,3,medium
REAX,us,65.8679000000001,54.9162,0.032326974824,10.8655,20,10.951700000000102,False,broad_institutional,4,high
REBN,us,51.7393,51.7393,0.049544266757,14.5208,20,0.0,False,broad_institutional,4,high
RECT,us,83.7724,83.7724,0.286324228138,45.1724,8,0.0,False,dominant_holder,4,high
REE,us,51.1841,51.1487,0.06228420486499999,17.9734,20,0.03540000000000276,False,broad_institutional,4,high
REED,us,62.905,62.905,0.28760803765199994,53.3384,20,0.0,False,dominant_holder,4,high
REFI,us,38.6164,30.5039,0.008890567198999999,5.0804,20,8.112499999999997,False,fragmented_or_mixed,4,high
REFR,us,29.2307,28.6536,0.010165008841999999,6.7995,20,0.577099999999998,False,fragmented_or_mixed,4,high
REG,us,105.5985,68.3839,0.038809535524999994,9.3651,20,37.214600000000004,True,data_anomaly,3,medium
REGCO,us,35.3267,35.3267,0.017412738815,6.9615,13,0.0,False,fragmented_or_mixed,4,high
REGCP,us,39.5719,39.5719,0.017556256418999997,6.6587,14,0.0,False,fragmented_or_mixed,4,high
REGN,us,97.8999,50.5135,0.017127310051,6.4597,20,47.3864,False,broad_institutional,4,high
REI,us,38.0052,29.0611,0.007228284065000001,5.8139,20,8.944100000000002,False,fragmented_or_mixed,4,high
REKR,us,41.0436,35.8919,0.011207989103,7.4056,20,5.151699999999998,False,fragmented_or_mixed,4,high
RELI,us,8.8823,8.8746,0.000830974132,2.0242,20,0.0077000000000015945,False,fragmented_or_mixed,4,high
RELIW,us,,,,,9,,False,insufficient_data,0,low
RELL,us,75.6886,59.8047,0.035606757267,11.3039,20,15.883899999999997,False,broad_institutional,4,high
RELX,us,5.0297,3.1191,6.659537500000001e-05,0.4984,20,1.9106,False,fragmented_or_mixed,4,high
RELY,us,88.8369000000001,54.6316,0.019499429263999994,6.3838,20,34.2053000000001,False,broad_institutional,4,high
RENE,us,119.5008,119.5008,0.496599782924,65.1477,20,0.0,True,data_anomaly,2,medium
RENT,us,96.2183,94.3111,0.38725731488299997,59.4992,20,1.9072000000000031,False,dominant_holder,4,high
RENX,us,14.9055,14.9042,0.005246582651999999,5.0562,20,0.001300000000000523,False,fragmented_or_mixed,4,high
REPL,us,102.017,75.68,0.046495771968000005,13.1578,20,26.33699999999999,True,data_anomaly,3,medium
REPX,us,79.9443,55.4911,0.026383021045000007,10.3103,20,24.453199999999995,False,broad_institutional,4,high
RERE,us,52.4356,44.2444,0.017175372105999998,7.464,20,8.191200000000002,False,broad_institutional,4,high
RES,us,101.1233,80.6683,0.141086707713,35.6355,20,20.455,True,data_anomaly,3,medium
RETO,us,1.0248,1.0248,1.6419138e-05,0.2148,20,0.0,False,fragmented_or_mixed,4,high
REVB,us,17.5583,17.5583,0.008634600117,8.2704,20,0.0,False,fragmented_or_mixed,4,high
REVBW,us,,,,,20,,False,insufficient_data,0,low
REX,us,98.8608,70.3955,0.041872046773,13.4613,20,28.4653,False,broad_institutional,4,high
REXR,us,109.3862,73.3421,0.049928008463,12.1695,20,36.0441,True,data_anomaly,3,medium
REXR_PB,us,20.8679,20.8679,0.007295950431,5.113,11,0.0,False,fragmented_or_mixed,4,high
REXR_PC,us,26.7506,26.7506,0.014289492939999997,8.0807,11,0.0,False,fragmented_or_mixed,4,high
REYN,us,105.3945,96.4477,0.5482822888510002,73.7567,20,8.946799999999996,True,data_anomaly,3,medium
REZI,us,99.4534000000001,66.8763,0.039045162527,12.1648,20,32.5771000000001,False,broad_institutional,4,high
RF,us,86.2643000000002,48.1179,0.019397739340999996,6.6639,20,38.146400000000206,False,broad_institutional,4,high
RFAI,us,234.6715,234.6498,1.051878957788,81.8505,20,0.021700000000009823,True,data_anomaly,1,low
RFAIR,us,,,,,20,,False,insufficient_data,0,low
RFAIU,us,4.4634,4.4634,0.0011250917919999996,3.2629,20,0.0,False,fragmented_or_mixed,4,high
RFAM,us,55.7535,55.6854,0.07551749068399997,25.7177,20,0.06810000000000116,False,dominant_holder,4,high
RFAMR,us,,,,,20,,False,insufficient_data,0,low
RFAMU,us,31.7748,31.7748,0.009352497945999998,4.2541,18,0.0,False,fragmented_or_mixed,4,high
RFIL,us,69.4995000000001,53.6591,0.024345973744999996,8.2,20,15.840400000000095,False,broad_institutional,4,high
RFL,us,45.0975,44.2181,0.082872714343,27.7272,20,0.8793999999999969,False,dominant_holder,4,high
RF_PC,us,30.8074,30.8056,0.015685156099999997,6.7068,20,0.0018000000000029104,False,fragmented_or_mixed,4,high
RGA,us,102.1785,63.7338,0.029914418756000004,8.5076,20,38.4447,True,data_anomaly,3,medium
RGC,us,88.5167000000001,88.5143,0.7810890249249999,88.3792,20,0.0024000000000938826,False,dominant_holder,4,high
RGCO,us,61.6734000000001,48.9645,0.026981287348999995,12.7564,20,12.7089000000001,False,broad_institutional,4,high
RGEN,us,124.5087,67.8209,0.031037858337000002,8.5482,20,56.68780000000001,True,data_anomaly,3,medium
RGF,us,24.1417,24.1417,0.040513500598999996,19.8785,20,0.0,False,fragmented_or_mixed,4,high
RGLD,us,85.7670000000004,53.7397,0.031739833391000005,12.3914,20,32.027300000000395,False,broad_institutional,4,high
RGNT,us,35.2544,35.2544,0.018014766824000005,8.7787,12,0.0,False,fragmented_or_mixed,4,high
RGNX,us,74.3696000000001,52.181,0.019685035629999993,6.903,20,22.188600000000108,False,broad_institutional,4,high
RGP,us,94.3704000000001,69.501,0.031073322708,7.5827,20,24.8694000000001,False,broad_institutional,4,high
RGR,us,80.5424000000001,54.6529,0.024732350969,9.9534,20,25.889500000000098,False,broad_institutional,4,high
RGS,us,44.4259,40.3124,0.029926855275999996,15.783,20,4.113500000000002,False,fragmented_or_mixed,4,high
RGTI,us,53.9580000000002,36.2489,0.012716665059,6.599,20,17.7091000000002,False,broad_institutional,4,high
RGTIW,us,,,,,20,,False,insufficient_data,0,low
RH,us,124.9118,85.9991,0.07058444729300001,17.0469,20,38.9127,True,data_anomaly,3,medium
RHE,us,28.0715,28.0715,0.015093819564999998,7.7176,20,0.0,False,fragmented_or_mixed,4,high
RHE_PA,us,0.0,0.0,0.0,0.0,2,0.0,False,fragmented_or_mixed,4,high
RHI,us,121.2086,70.1562,0.034857384606,10.6054,20,51.052400000000006,True,data_anomaly,3,medium
RHLD,us,103.0908,90.8487,0.25977132507899997,49.7434,20,12.242100000000008,True,data_anomaly,3,medium
RHP,us,110.8838,63.7315,0.041800573678999996,14.8932,20,47.1523,True,data_anomaly,3,medium
RIBB,us,130.2508,128.8176,0.21605220176999992,39.0599,20,1.4331999999999994,True,data_anomaly,2,medium
RIBBR,us,,,,,20,,False,insufficient_data,0,low
RIBBU,us,32.3576,32.3576,0.078129587866,27.5383,11,0.0,False,dominant_holder,4,high
RICK,us,63.8563,52.1396,0.023216816954000005,9.2402,20,11.716699999999996,False,broad_institutional,4,high
RIG,us,91.5818000000001,58.5871,0.023996043648999998,8.6502,20,32.9947000000001,False,broad_institutional,4,high
RIGL,us,96.5677999999999,62.3967,0.024987126429,7.8263,20,34.1710999999999,False,broad_institutional,4,high
RILY,us,64.659,56.5782,0.04792211162,16.8512,20,8.080800000000004,False,broad_institutional,4,high
RILYL,us,0.0,0.0,0.0,0.0,1,0.0,False,fragmented_or_mixed,4,high
RIME,us,6.5388,6.4753,0.000578923403,1.7626,20,0.06350000000000033,False,fragmented_or_mixed,4,high
RIO,us,10.8377999999999,6.0476,0.00042153419,1.6044,20,4.7901999999999,False,fragmented_or_mixed,4,high
RIOT,us,89.7613000000001,54.5629,0.019984333614999995,6.6873,20,35.198400000000106,False,broad_institutional,4,high
RITM,us,64.1529000000001,40.2796,0.021319077394,11.6569,20,23.8733000000001,False,broad_institutional,4,high
RITM_PA,us,0.9658,0.9658,3.599411e-05,0.4231,9,0.0,False,fragmented_or_mixed,4,high
RITM_PB,us,22.7022,22.7022,0.010777062948000002,6.7533,19,0.0,False,fragmented_or_mixed,4,high
RITM_PC,us,23.0167,23.0167,0.009226320359000001,6.7264,20,0.0,False,fragmented_or_mixed,4,high
RITM_PD,us,18.9543,18.9543,0.006628534089,6.7261,20,0.0,False,fragmented_or_mixed,4,high
RITM_PE,us,20.3893,20.3893,0.011633180000999999,6.7229,11,0.0,False,fragmented_or_mixed,4,high
RITM_PF,us,,,,,9,,False,insufficient_data,0,low
RITR,us,62.7151,62.7151,0.149269611655,32.4321,20,0.0,False,dominant_holder,4,high
RIV,us,37.7214,33.0748,0.015420467951999996,9.1264,20,4.646599999999999,False,fragmented_or_mixed,4,high
RIVN,us,70.6135000000003,53.1955,0.04224740024100001,14.5325,20,17.418000000000298,False,broad_institutional,4,high
RIV_PA,us,4.2064,4.2064,0.0017586444800000002,4.1936,2,0.0,False,fragmented_or_mixed,4,high
RJET,us,94.1208,91.9152,0.139489497136,22.402,20,2.205600000000004,False,dominant_holder,4,high
RJF,us,93.3956,58.9159,0.028242593461000002,10.064,20,34.4797,False,broad_institutional,4,high
RJF_PB,us,0.0,0.0,0.0,0.0,5,0.0,False,fragmented_or_mixed,4,high
RKDA,us,16.1794,16.1794,0.008399046302,7.3057,20,0.0,False,fragmented_or_mixed,4,high
RKLB,us,62.2206000000003,37.7188,0.012404685914,5.8324,20,24.5018000000003,False,broad_institutional,4,high
RKT,us,103.2099,55.4687,0.023669063615,10.1939,20,47.741200000000006,True,data_anomaly,3,medium
RKTO,us,6.4617,6.4581,0.000911129189,2.6038,20,0.0036000000000004917,False,fragmented_or_mixed,4,high
RL,us,111.4728,53.1397,0.018804370203,6.4981,20,58.33310000000001,True,data_anomaly,3,medium
RLAY,us,96.3925,69.3802,0.04280902784400001,12.9451,20,27.012299999999996,False,broad_institutional,4,high
RLGT,us,80.0178000000001,66.1542,0.06470731398599999,21.8497,20,13.86360000000009,False,dominant_holder,4,high
RLI,us,93.5905,60.0994,0.031875530512,9.7909,20,33.4911,False,broad_institutional,4,high
RLJ,us,103.638,70.8409,0.038287636299,9.8734,20,32.7971,True,data_anomaly,3,medium
RLJ_PA,us,41.938,38.9291,0.026935704881000003,13.7642,20,3.008900000000004,False,fragmented_or_mixed,4,high
RLMD,us,78.0169,60.0203,0.026403048557,7.0926,20,17.996600000000008,False,broad_institutional,4,high
RLX,us,116.0632,111.321,0.26392790794399995,45.1542,20,4.742199999999997,True,data_anomaly,2,medium
RLYB,us,79.6445,77.889,0.06421036677400001,17.4845,20,1.7554999999999978,False,broad_institutional,4,high
RM,us,97.7994000000001,71.6716,0.04296005639,10.3002,20,26.127800000000107,False,broad_institutional,4,high
RMAX,us,75.4183,51.0002,0.018553385362000005,7.0364,20,24.418100000000003,False,broad_institutional,4,high
RMBI,us,29.8479,23.9208,0.007182056188,6.3554,20,5.927099999999999,False,fragmented_or_mixed,4,high
RMBS,us,96.1742000000002,55.3063,0.030590304993000004,13.3111,20,40.8679000000002,False,broad_institutional,4,high
RMCF,us,71.6975,69.6519,0.081494077805,20.8295,20,2.0456000000000074,False,dominant_holder,4,high
RMCO,us,46.344,46.3324,0.032881356598000004,9.3677,20,0.011600000000001387,False,fragmented_or_mixed,4,high
RMCOW,us,,,,,20,,False,insufficient_data,0,low
RMD,us,70.1590000000004,38.4784,0.01504504031,6.526,20,31.680600000000403,False,broad_institutional,4,high
RMIX,us,57.196,57.1951,0.045534728637000005,12.7221,20,0.0009000000000014552,False,broad_institutional,4,high
RMNI,us,88.7473,77.9637,0.09600549535899996,25.4596,20,10.783599999999993,False,dominant_holder,4,high
RMR,us,88.3216000000001,63.9783,0.026532615543,7.1328,20,24.343300000000106,False,broad_institutional,4,high
RMSG,us,22.368,22.368,0.016859903938,10.792,20,0.0,False,fragmented_or_mixed,4,high
RMSGW,us,,,,,20,,False,insufficient_data,0,low
RMTI,us,25.7146,23.5252,0.009932425126,9.0131,20,2.189399999999999,False,fragmented_or_mixed,4,high
RNA,us,53.7712000000001,38.0536,0.014584942068,8.9246,20,15.717600000000097,False,broad_institutional,4,high
RNAC,us,79.7806,74.4833,0.12086510249299999,29.4121,20,5.297300000000007,False,dominant_holder,4,high
RNAZ,us,35.3114,35.3114,0.08214989091800001,28.3463,20,0.0,False,dominant_holder,4,high
RNG,us,121.2677,80.9879,0.064708870721,14.8873,20,40.27980000000001,True,data_anomaly,3,medium
RNGR,us,92.9141,63.6015,0.028398810938999996,8.4102,20,29.312600000000003,False,broad_institutional,4,high
RNGT,us,84.3563,61.034,0.023304502086000004,7.3115,20,23.322300000000006,False,broad_institutional,4,high
RNGTU,us,7.866,7.866,0.002948633518,5.0719,19,0.0,False,fragmented_or_mixed,4,high
RNLX,us,1.0669,1.0669,0.00011382756099999999,1.0669,20,0.0,False,fragmented_or_mixed,4,high
RNR,us,102.6471,60.6888,0.025754104876,8.848,20,41.958299999999994,True,data_anomaly,3,medium
RNR_PF,us,5.6443,5.6443,0.0008795525650000002,2.2928,20,0.0,False,fragmented_or_mixed,4,high
RNST,us,92.8457,65.5791,0.03806320772499999,13.612,20,27.266599999999997,False,broad_institutional,4,high
RNTX,us,26.3744,25.5308,0.010496072583999996,6.0733,20,0.8436000000000021,False,fragmented_or_mixed,4,high
RNW,us,111.8553,101.5388,0.17918003052999998,31.3009,20,10.316500000000005,True,data_anomaly,2,medium
RNWWW,us,,,,,20,,False,insufficient_data,0,low
RNXT,us,21.9594,21.3866,0.0077210229800000005,6.7511,20,0.5727999999999973,False,fragmented_or_mixed,4,high
ROAD,us,102.3251,58.0295,0.022606304649000004,8.1223,20,44.29560000000001,True,data_anomaly,3,medium
ROC,us,79.3133,79.3133,0.13891494718900002,24.904,20,0.0,False,dominant_holder,4,high
ROCK,us,102.8846,73.9471,0.047571819841,14.6673,20,28.9375,True,data_anomaly,3,medium
ROG,us,103.9416,73.4322,0.046870529654,13.3471,20,30.5094,True,data_anomaly,3,medium
ROIV,us,99.3456,71.0242,0.04891991443399999,14.2991,20,28.32140000000001,False,broad_institutional,4,high
ROK,us,92.3751000000007,41.8153,0.014954339389000003,6.562,20,50.5598000000007,False,broad_institutional,4,high
ROKU,us,88.2320000000002,49.0049,0.021095826058999997,10.202,20,39.2271000000002,False,broad_institutional,4,high
ROL,us,100.4823,64.9535,0.10026044687299997,30.1955,20,35.52879999999999,True,data_anomaly,3,medium
ROLR,us,56.6842,56.333,0.07158024225,18.3301,20,0.3511999999999986,False,broad_institutional,4,high
ROMA,us,24.6573,24.6573,0.021477920574999997,11.3492,13,0.0,False,fragmented_or_mixed,4,high
ROOT,us,71.9217000000002,47.3434,0.018340232632,8.4527,20,24.578300000000198,False,broad_institutional,4,high
ROP,us,109.7133,61.5042,0.028047145247999998,7.5814,20,48.20910000000001,True,data_anomaly,3,medium
ROST,us,100.5743,49.8658,0.017060133426,6.5527,20,50.708499999999994,True,data_anomaly,3,medium
RPAY,us,116.2776,86.6635,0.059277800711,13.4137,20,29.614100000000008,True,data_anomaly,3,medium
RPC,us,107.8928,86.5768,0.05033095471599999,13.024,20,21.31599999999999,True,data_anomaly,3,medium
RPD,us,99.968,60.2169,0.030471614962999993,10.1153,20,39.7511,False,broad_institutional,4,high
RPGL,us,5.7097,5.7097,0.0030375228249999993,5.5097,8,0.0,False,fragmented_or_mixed,4,high
RPID,us,54.5952,51.244,0.048145301504,18.7768,20,3.3511999999999986,False,broad_institutional,4,high
RPM,us,89.1840000000004,53.3494,0.023363741281999997,8.629,20,35.83460000000039,False,broad_institutional,4,high
RPRX,us,94.9166000000003,55.1296,0.024826524196,8.4165,20,39.7870000000003,False,broad_institutional,4,high
RPT,us,74.644,70.6488,0.07374184671600001,21.0874,20,3.995200000000011,False,dominant_holder,4,high
RPT_PC,us,35.2874,35.2874,0.06350121888600001,23.8256,8,0.0,False,dominant_holder,4,high
RR,us,37.2089000000001,28.5065,0.007797839311,6.094,20,8.7024000000001,False,fragmented_or_mixed,4,high
RRBI,us,63.1695,47.5973,0.016123075539000005,6.8139,20,15.572200000000002,False,broad_institutional,4,high
RRC,us,103.5102,68.9564,0.038470568998000006,11.5257,20,34.553799999999995,True,data_anomaly,3,medium
RREV,us,3.8,3.8,0.0007400000000000001,2.2,2,0.0,False,fragmented_or_mixed,4,high
RRGB,us,74.8721,65.0794,0.040442678656,10.115,20,9.792699999999996,False,broad_institutional,4,high
RRR,us,102.1602,79.9288,0.10452300819200003,27.9432,20,22.231400000000008,True,data_anomaly,3,medium
RRX,us,104.6782,59.5352,0.024801180884,8.0714,20,45.143,True,data_anomaly,3,medium
RS,us,87.1484000000002,51.7529,0.023203732714999998,9.1899,20,35.3955000000002,False,broad_institutional,4,high
RSF,us,46.0733,46.0733,0.039933005627,16.6657,20,0.0,False,fragmented_or_mixed,4,high
RSG,us,97.4943000000006,64.7405,0.136087089439,36.0146,20,32.75380000000061,False,dominant_holder,4,high
RSI,us,100.5671,57.9294,0.019461269522000002,6.2526,20,42.637699999999995,True,data_anomaly,3,medium
RSKD,us,75.8271000000001,63.8897,0.029806310358999995,8.8807,20,11.937400000000103,False,broad_institutional,4,high
RSMR,us,50.7728,50.7728,0.034940854612,13.1297,15,0.0,False,broad_institutional,4,high
RSSS,us,65.1055,57.9653,0.031054795925000003,9.4327,20,7.140200000000007,False,broad_institutional,4,high
RSVR,us,93.2468000000001,89.2647,0.244950183187,43.7239,20,3.982100000000102,False,dominant_holder,4,high
RSVRW,us,,,,,20,,False,insufficient_data,0,low
RTAC,us,51.3509,38.7796,0.011329111476,5.4491,20,12.5713,False,broad_institutional,4,high
RTACU,us,12.293,12.293,0.00516744864,6.9188,20,0.0,False,fragmented_or_mixed,4,high
RTB,us,28.8359,28.8359,0.077090670321,27.7605,20,0.0,False,dominant_holder,4,high
RTC,us,2.7807,2.7807,0.00044903642899999995,2.0685,17,0.0,False,fragmented_or_mixed,4,high
RTO,us,15.132,11.0193,0.0015182551709999996,3.187,20,4.1127,False,fragmented_or_mixed,4,high
RTX,us,78.8035000000041,43.7161,0.017241631565,6.8699,20,35.08740000000411,False,broad_institutional,4,high
RUBI,us,0.0323,0.0323,4.2303e-08,0.0192,15,0.0,False,fragmented_or_mixed,4,high
RUM,us,70.8105,68.0215,0.26771600663299994,51.4526,20,2.7890000000000015,False,dominant_holder,4,high
RUMBW,us,,,,,20,,False,insufficient_data,0,low
RUN,us,120.9544,76.6252,0.04443545465800001,14.0806,20,44.3292,True,data_anomaly,3,medium
RUSHA,us,104.8448,69.6689,0.04395184305099999,13.9593,20,35.17590000000001,True,data_anomaly,3,medium
RUSHB,us,91.7783000000001,83.9185,0.17815963231900006,39.5574,20,7.8598000000001065,False,dominant_holder,4,high
RVLV,us,120.0829,80.5686,0.05015526306599999,14.6389,20,39.51429999999999,True,data_anomaly,3,medium
RVMD,us,97.0373000000002,58.8135,0.021595201132999994,6.3994,20,38.2238000000002,False,broad_institutional,4,high
RVP,us,67.7652,67.3842,0.31169459648400005,55.6593,20,0.380999999999986,False,dominant_holder,4,high
RVPH,us,25.7295,25.3821,0.011154838567000001,6.0559,20,0.3474000000000004,False,fragmented_or_mixed,4,high
RVSB,us,78.5573,63.213,0.033770753372,10.0829,20,15.344299999999997,False,broad_institutional,4,high
RVSN,us,9.1358,9.1358,0.0022932657259999998,4.2787,20,0.0,False,fragmented_or_mixed,4,high
RVSNW,us,,,,,12,,False,insufficient_data,0,low
RVTY,us,107.8971,83.1962,0.07281670705000001,19.8982,20,24.70089999999999,True,data_anomaly,3,medium
RVYL,us,28.8359,28.8359,0.077090670321,27.7605,20,0.0,False,dominant_holder,4,high
RWAY,us,51.8935,44.7659,0.034210479471000005,16.5542,20,7.127600000000001,False,broad_institutional,4,high
RWT,us,76.1642,56.7269,0.038127498301000005,14.9514,20,19.437299999999993,False,broad_institutional,4,high
RWT_PA,us,7.6822,7.6822,0.001180172312,2.107,7,0.0,False,fragmented_or_mixed,4,high
RXO,us,112.5902,93.6026,0.10667513766999999,21.027,20,18.9876,True,data_anomaly,3,medium
RXRX,us,72.0676000000002,52.0215,0.022322921279000006,7.6643,20,20.046100000000195,False,broad_institutional,4,high
RXST,us,99.3222000000001,64.7507,0.024933505390999998,6.4008,20,34.5715000000001,False,broad_institutional,4,high
RXT,us,71.9177,66.8929,0.26266075239500003,51.0455,20,5.024799999999999,False,dominant_holder,4,high
RY,us,51.9214000000008,29.8745,0.005188480845000002,3.045,20,22.0469000000008,False,broad_institutional,4,high
RYAAY,us,42.8589000000002,31.5053,0.012513532993000002,7.2976,20,11.353600000000199,False,fragmented_or_mixed,4,high
RYAM,us,80.8176000000001,57.8289,0.025571561262999996,9.4291,20,22.9887000000001,False,broad_institutional,4,high
RYAN,us,103.5343,67.1891,0.035886531837,12.1099,20,36.345200000000006,True,data_anomaly,3,medium
RYDE,us,31.7407,31.7407,0.021384056673,9.7581,20,0.0,False,fragmented_or_mixed,4,high
RYET,us,56.4956,56.4956,0.062741314502,19.1747,19,0.0,False,broad_institutional,4,high
RYI,us,97.2427000000001,71.0342,0.031663966154,7.5633,20,26.2085000000001,False,broad_institutional,4,high
RYM,us,57.651,57.5776,0.11558350770800001,32.0753,20,0.07340000000000657,False,dominant_holder,4,high
RYN,us,90.6634000000002,62.669,0.032290068862,8.7901,20,27.994400000000198,False,broad_institutional,4,high
RYOJ,us,78.1756,78.1756,0.254258543804,41.671,14,0.0,False,dominant_holder,4,high
RYTM,us,111.2929,71.3871,0.035086631046999994,9.728,20,39.9058,True,data_anomaly,3,medium
RYZ,us,97.2427000000001,71.0342,0.031663966154,7.5633,20,26.2085000000001,False,broad_institutional,4,high
RZLT,us,103.3453,83.0219,0.053836004243,13.4909,20,20.323399999999992,True,data_anomaly,3,medium
RZLV,us,59.8112,53.5048,0.034884539284,11.9814,20,6.3063999999999965,False,broad_institutional,4,high
RZLVW,us,,,,,20,,False,insufficient_data,0,low
S,us,87.0123000000001,51.0514,0.018329427812,6.4367,20,35.960900000000095,False,broad_institutional,4,high
SA,us,75.412,60.5735,0.050322240936999996,15.0849,20,14.838500000000003,False,broad_institutional,4,high
SAAQ,us,36.2665,35.8675,0.015759315627,7.7029,20,0.3990000000000009,False,fragmented_or_mixed,4,high
SABR,us,106.5199,82.2095,0.058933847840999996,13.0068,20,24.3104,True,data_anomaly,3,medium
SABS,us,81.4568,74.9128,0.05188830723,14.9351,20,6.543999999999997,False,broad_institutional,4,high
SABSW,us,,,,,16,,False,insufficient_data,0,low
SAC,us,68.1519,65.5078,0.060593944542000004,20.7713,20,2.6440999999999946,False,dominant_holder,4,high
SACH,us,25.1389,24.5417,0.008239299525000002,5.8953,20,0.5972000000000008,False,fragmented_or_mixed,4,high
SACH_PA,us,0.1356,0.1356,1.838736e-06,0.1356,1,0.0,False,fragmented_or_mixed,4,high
SAC_U,us,15.8206,15.8206,0.0022114840359999995,2.1097,20,0.0,False,fragmented_or_mixed,4,high
SAFE,us,97.1688999999999,75.9542,0.069683274712,18.8837,20,21.214699999999894,False,broad_institutional,4,high
SAFT,us,90.13,65.321,0.04635860004000001,13.5333,20,24.808999999999997,False,broad_institutional,4,high
SAFX,us,90.2583,89.3627,0.17306054310299998,32.9259,20,0.8956000000000017,False,dominant_holder,4,high
SAGT,us,74.3196,74.3196,0.28030792110200003,44.3706,14,0.0,False,dominant_holder,4,high
SAGU,us,18.4988,18.4988,0.009521715474,6.6775,4,0.0,False,fragmented_or_mixed,4,high
SAH,us,114.3839,83.7947,0.09572858023700002,26.054,20,30.58919999999999,True,data_anomaly,3,medium
SAIA,us,110.8728,68.4058,0.034322333452,8.6767,20,42.467,True,data_anomaly,3,medium
SAIC,us,91.6970000000002,62.4173,0.029295655604999995,9.6336,20,29.279700000000204,False,broad_institutional,4,high
SAIH,us,9.6085,9.6085,0.005638586166999999,7.34,15,0.0,False,fragmented_or_mixed,4,high
SAIL,us,103.1328,96.5325,0.7168283351910002,84.601,20,6.600300000000004,True,data_anomaly,3,medium
SAM,us,110.6133,68.9005,0.032424659617,7.9281,20,41.7128,True,data_anomaly,3,medium
SAMG,us,87.6559000000001,65.9553,0.029414211705000002,8.958,20,21.700600000000108,False,broad_institutional,4,high
SAN,us,3.43090000000004,2.3684,3.7397126e-05,0.2759,20,1.06250000000004,False,fragmented_or_mixed,4,high
SANA,us,89.3171000000001,76.7176,0.066379275258,16.4794,20,12.599500000000091,False,broad_institutional,4,high
SANG,us,57.5178,56.1328,0.057082756623999996,19.3268,20,1.384999999999998,False,broad_institutional,4,high
SANM,us,107.7061,69.3384,0.046135069662000004,14.1707,20,38.36770000000001,True,data_anomaly,3,medium
SANW,us,44.1153,44.1153,0.11368008663899998,33.4603,20,0.0,False,dominant_holder,4,high
SAP,us,7.02220000000002,4.4434,0.00023953250799999993,1.2449,20,2.5788000000000206,False,fragmented_or_mixed,4,high
SAR,us,25.5967,21.3916,0.005999392397999999,6.0679,20,4.205099999999998,False,fragmented_or_mixed,4,high
SARO,us,107.9227,84.7246,0.09464553416200003,25.4419,20,23.19810000000001,True,data_anomaly,3,medium
SATA,us,14.786,14.786,0.015036343056,11.929,5,0.0,False,fragmented_or_mixed,4,high
SATL,us,71.1634000000001,56.1447,0.034249245535,14.5284,20,15.018700000000095,False,broad_institutional,4,high
SATLW,us,,,,,20,,False,insufficient_data,0,low
SATS,us,126.5436,72.7679,0.037736979403,9.1798,20,53.7757,True,data_anomaly,3,medium
SAVA,us,30.9359,26.3475,0.006384399215000001,4.1661,20,4.5884,False,fragmented_or_mixed,4,high
SB,us,85.4944000000001,75.8367,0.23174329899499993,47.5136,20,9.657700000000105,False,dominant_holder,4,high
SBAC,us,102.3497,62.9466,0.037106472822000004,11.3897,20,39.4031,True,data_anomaly,3,medium
SBC,us,83.3172,83.1507,0.6680585553669999,81.7332,20,0.1664999999999992,False,dominant_holder,4,high
SBCF,us,93.2532000000001,60.998,0.034185163098,13.4097,20,32.25520000000011,False,broad_institutional,4,high
SBDS,us,52.5906,52.5769,0.18771736535299993,43.0198,20,0.013700000000000045,False,dominant_holder,4,high
SBET,us,54.791,38.1558,0.013120610123999999,8.8279,20,16.635199999999998,False,broad_institutional,4,high
SBEV,us,3.1216,3.1216,0.00010893147799999999,0.5336,20,0.0,False,fragmented_or_mixed,4,high
SBFG,us,66.1535,53.5232,0.022257110038,7.5196,20,12.630299999999991,False,broad_institutional,4,high
SBFM,us,11.8649,11.8649,0.004048241424999999,4.1867,20,0.0,False,fragmented_or_mixed,4,high
SBFMW,us,,,,,4,,False,insufficient_data,0,low
SBGI,us,79.4913,61.8412,0.030521276131999994,10.8492,20,17.650099999999995,False,broad_institutional,4,high
SBH,us,123.4465,83.0634,0.051386639116,14.1081,20,40.3831,True,data_anomaly,3,medium
SBLK,us,64.5313,47.4981,0.025823718904999998,12.1679,20,17.0332,False,broad_institutional,4,high
SBLX,us,7.4074,7.4069,0.0027344463930000003,5.1687,20,0.0004999999999997229,False,fragmented_or_mixed,4,high
SBMT,us,23.3368,23.3368,0.014784267276000001,8.7323,16,0.0,False,fragmented_or_mixed,4,high
SBRA,us,108.519,64.1902,0.043570258570000006,13.0796,20,44.3288,True,data_anomaly,3,medium
SBS,us,11.0608,6.6781,0.00029734871699999997,0.9565,20,4.382700000000001,False,fragmented_or_mixed,4,high
SBSI,us,63.5874000000001,44.4727,0.024867959430000006,12.8146,20,19.1147000000001,False,broad_institutional,4,high
SBSW,us,21.7241,13.9875,0.001550768867,2.7666,20,7.736599999999999,False,fragmented_or_mixed,4,high
SBUX,us,88.8896000000009,54.7238,0.028177970330000003,9.0652,20,34.1658000000009,False,broad_institutional,4,high
SBXD,us,111.7555,92.9042,0.054020198838,9.7776,20,18.851299999999995,True,data_anomaly,3,medium
SBXD_U,us,0.2197,0.2197,3.071949e-06,0.1711,20,0.0,False,fragmented_or_mixed,4,high
SBXE,us,45.6368,44.8892,0.015836763232,6.3406,20,0.7475999999999985,False,fragmented_or_mixed,4,high
SBXE_U,us,20.962,20.9335,0.005214266351000001,3.9583,20,0.02850000000000108,False,fragmented_or_mixed,4,high
SB_PC,us,0.1989,0.1989,3.036573e-06,0.1722,3,0.0,False,fragmented_or_mixed,4,high
SB_PD,us,0.1878,0.1878,3.5268839999999996e-06,0.1878,2,0.0,False,fragmented_or_mixed,4,high
SCAG,us,71.6085,71.6085,0.222842588903,41.0209,7,0.0,False,dominant_holder,4,high
SCCO,us,98.817800000001,93.7447,0.7907338301450001,88.9107,20,5.073100000001006,False,dominant_holder,4,high
SCE_PN,us,38.7009,38.7009,0.017271102667000004,7.5259,20,0.0,False,fragmented_or_mixed,4,high
SCHL,us,125.5354,87.4035,0.055150724730999995,14.7805,20,38.1319,True,data_anomaly,3,medium
SCHW,us,96.6338000000024,49.8055,0.018387997419,6.2303,20,46.82830000000239,False,broad_institutional,4,high
SCHW_PD,us,0.1259,0.1259,5.36757e-07,0.0568,20,0.0,False,fragmented_or_mixed,4,high
SCI,us,99.2566000000003,59.0723,0.025363159987,8.3427,20,40.184300000000306,False,broad_institutional,4,high
SCII,us,67.6429,65.8634,0.053413407478000004,17.2892,20,1.7794999999999987,False,broad_institutional,4,high
SCIIR,us,,,,,20,,False,insufficient_data,0,low
SCIIU,us,10.6705,10.6705,0.001688865159,2.6164,20,0.0,False,fragmented_or_mixed,4,high
SCKT,us,40.7337,40.3736,0.04697136470999999,20.8859,20,0.36009999999999565,False,dominant_holder,4,high
SCL,us,91.8879000000001,64.2154,0.037245171066,12.9975,20,27.6725000000001,False,broad_institutional,4,high
SCLX,us,25.3157,25.0232,0.01765378954,11.2853,20,0.2925000000000004,False,fragmented_or_mixed,4,high
SCLXW,us,,,,,15,,False,insufficient_data,0,low
SCM,us,19.4484,16.0182,0.0017492236639999998,2.3133,20,3.4301999999999992,False,fragmented_or_mixed,4,high
SCNI,us,18.0657,18.0657,0.009136629861,6.9062,20,0.0,False,fragmented_or_mixed,4,high
SCNX,us,16.9325,16.8803,0.0036714077629999998,3.8148,20,0.05220000000000269,False,fragmented_or_mixed,4,high
SCOP,us,16.9087,16.9087,0.009149877268999998,6.7088,8,0.0,False,fragmented_or_mixed,4,high
SCOR,us,90.8188,89.1996,0.154536770904,22.6117,20,1.6191999999999922,False,dominant_holder,4,high
SCPH,us,0.2845,0.2845,5.514196999999999e-06,0.2279,20,0.0,False,fragmented_or_mixed,4,high
SCPQ,us,33.1683,33.1683,0.014839504412999999,7.9029,20,0.0,False,fragmented_or_mixed,4,high
SCPQU,us,25.9466,25.9464,0.006835468606,3.8647,20,0.00019999999999953388,False,fragmented_or_mixed,4,high
SCPX,us,0.0314,0.0314,8.6798e-08,0.0294,20,0.0,False,fragmented_or_mixed,4,high
SCSC,us,112.5776,77.915,0.05443354610400001,15.6513,20,34.6626,True,data_anomaly,3,medium
SCVL,us,111.4436,77.052,0.06291250525400001,15.4022,20,34.3916,True,data_anomaly,3,medium
SCWO,us,42.4249,36.852,0.028540902444000003,12.9476,20,5.572900000000004,False,fragmented_or_mixed,4,high
SCYX,us,41.9062,39.6134,0.018635135087999997,9.5776,20,2.2927999999999997,False,fragmented_or_mixed,4,high
SCZM,us,22.487,20.9,0.005768263153999999,5.2936,20,1.5869999999999997,False,fragmented_or_mixed,4,high
SD,us,81.148,60.5899,0.03301690220100001,13.3039,20,20.558099999999996,False,broad_institutional,4,high
SDAWW,us,,,,,20,,False,insufficient_data,0,low
SDEV,us,104.0619,104.0225,0.410891693711,44.9328,20,0.039400000000000546,True,data_anomaly,2,medium
SDGR,us,103.104,74.3889,0.045677134969,12.3046,20,28.715099999999993,True,data_anomaly,3,medium
SDHC,us,98.5441,88.2238,0.08657461049000001,17.1715,20,10.320300000000003,False,broad_institutional,4,high
SDHI,us,94.6177,70.5675,0.028496735767000004,6.2639,20,24.050200000000004,False,broad_institutional,4,high
SDHIR,us,,,,,20,,False,insufficient_data,0,low
SDHIU,us,10.9798,10.9798,0.004794718976,6.2639,16,0.0,False,fragmented_or_mixed,4,high
SDM,us,57.873,57.873,0.129820687004,31.5209,20,0.0,False,dominant_holder,4,high
SDOT,us,0.5579,0.5579,6.2898650000000015e-06,0.2112,20,0.0,False,fragmented_or_mixed,4,high
SDRL,us,107.4973,69.6672,0.031373815624,7.2905,20,37.8301,True,data_anomaly,3,medium
SDST,us,42.6611,42.4956,0.05286564717799999,21.0503,20,0.16549999999999443,False,dominant_holder,4,high
SDSTW,us,,,,,20,,False,insufficient_data,0,low
SE,us,97.2017000000001,58.9516,0.04911863192600001,18.3902,20,38.2501000000001,False,broad_institutional,4,high
SEA,us,28.4375,28.4375,0.026075785465,14.2174,15,0.0,False,fragmented_or_mixed,4,high
SEAL_PA,us,6.8861,6.8861,0.004442860224999999,6.6617,3,0.0,False,fragmented_or_mixed,4,high
SEAL_PB,us,7.2379,7.2379,0.004454973985000001,6.6615,5,0.0,False,fragmented_or_mixed,4,high
SEAT,us,104.5335,94.1513,0.17218112652499995,34.2996,20,10.382199999999997,True,data_anomaly,3,medium
SEATW,us,,,,,18,,False,insufficient_data,0,low
SEB,us,100.1831,92.3857,0.5522718381869999,74.0638,20,7.797399999999996,True,data_anomaly,3,medium
SECZ,us,24.3316,19.3987,0.0060838556330000005,6.0235,20,4.9329,False,fragmented_or_mixed,4,high
SEDG,us,110.9891,64.2746,0.028301371999999998,10.4828,20,46.71449999999999,True,data_anomaly,3,medium
SEE,us,94.5419,59.8997,0.027046005629000003,10.6997,20,34.642199999999995,False,broad_institutional,4,high
SEED,us,59.2989,59.2981,0.08066486111099999,18.069,20,0.000800000000005241,False,broad_institutional,4,high
SEEL,us,19.4581,19.4581,0.019104812680999998,10.6616,20,0.0,False,fragmented_or_mixed,4,high
SEER,us,67.9314,59.9131,0.032866246089,9.3402,20,8.018299999999996,False,broad_institutional,4,high
SEG,us,85.3573000000002,77.4547,0.16700214792100002,39.2424,20,7.9026000000001915,False,dominant_holder,4,high
SEGG,us,12.3711,12.3698,0.001936297588,3.06,20,0.001300000000000523,False,fragmented_or_mixed,4,high
SEI,us,120.0208,54.3044,0.016693032424000002,5.1418,20,65.7164,True,data_anomaly,3,medium
SEIC,us,93.2548000000002,61.2611,0.029293826526999994,9.2862,20,31.993700000000203,False,broad_institutional,4,high
SELF,us,37.4041,30.2629,0.008023338449,5.1349,20,7.141200000000001,False,fragmented_or_mixed,4,high
SELX,us,67.3939,67.3939,0.10490464907299998,24.1652,15,0.0,False,dominant_holder,4,high
SEM,us,80.8534000000001,56.4589,0.030142540736999998,12.502,20,24.394500000000093,False,broad_institutional,4,high
SEMR,us,89.461,73.2117,0.07065555370900001,20.2864,20,16.249300000000005,False,dominant_holder,4,high
SENEA,us,89.7244000000001,59.4177,0.026422387705,8.0498,20,30.3067000000001,False,broad_institutional,4,high
SENEB,us,87.4964,87.4766,0.13124002079799998,30.4027,20,0.01979999999998938,False,dominant_holder,4,high
SENS,us,29.112,24.0333,0.006562440589,5.9446,20,5.078699999999998,False,fragmented_or_mixed,4,high
SEPN,us,104.6266,92.9754,0.10253557682,23.1328,20,11.651200000000003,True,data_anomaly,3,medium
SER,us,95.5676,95.5505,0.3818670184510001,57.1054,20,0.017099999999999227,False,dominant_holder,4,high
SERA,us,65.6422,60.4317,0.044912382440999994,14.3965,20,5.210500000000003,False,broad_institutional,4,high
SERV,us,52.2691000000001,36.2279,0.009819705996999998,5.5664,20,16.041200000000103,False,broad_institutional,4,high
SES,us,50.1688,42.5502,0.021326317049999998,9.9128,20,7.618600000000001,False,broad_institutional,4,high
SES_T,us,,,,,20,,False,insufficient_data,0,low
SEV,us,36.2698,36.0946,0.05050178247999999,20.4029,20,0.1751999999999967,False,dominant_holder,4,high
SEVN,us,60.8995,53.7001,0.051716480977,20.2594,20,7.199400000000004,False,dominant_holder,4,high
SEZL,us,93.1370000000002,78.1169,0.202544438777,43.8633,20,15.020100000000198,False,dominant_holder,4,high
SF,us,97.4664000000001,54.8659,0.022126508341000002,8.5726,20,42.6005000000001,False,broad_institutional,4,high
SFBC,us,63.8085,58.0043,0.04185920548100001,15.9785,20,5.804200000000002,False,broad_institutional,4,high
SFBS,us,81.4004000000003,53.3816,0.028249623936,12.6515,20,28.018800000000304,False,broad_institutional,4,high
SFD,us,101.9355,94.9073,0.7560917080630001,86.9265,20,7.028199999999998,True,data_anomaly,3,medium
SFHG,us,9.674,9.674,0.008493883685999997,9.2099,9,0.0,False,fragmented_or_mixed,4,high
SFIX,us,100.4484,72.946,0.050394970904,15.8414,20,27.50240000000001,True,data_anomaly,3,medium
SFL,us,58.8243000000001,48.7081,0.04369018613900001,17.5131,20,10.116200000000099,False,broad_institutional,4,high
SFM,us,107.2068,55.376,0.023288932828,9.6357,20,51.8308,True,data_anomaly,3,medium
SFNC,us,86.7190000000001,56.55,0.033198024236,13.3737,20,30.169000000000096,False,broad_institutional,4,high
SFST,us,81.3037,58.9644,0.028915239432000004,8.6379,20,22.33930000000001,False,broad_institutional,4,high
SFWL,us,66.8332,66.8332,0.082278911248,21.508,19,0.0,False,dominant_holder,4,high
SF_PB,us,14.7474,14.7474,0.00749871404,6.6592,11,0.0,False,fragmented_or_mixed,4,high
SG,us,85.7820000000002,58.9873,0.025495003765,9.6467,20,26.794700000000198,False,broad_institutional,4,high
SGA,us,83.131,79.1423,0.08243888984500002,18.2456,20,3.9886999999999944,False,broad_institutional,4,high
SGBX,us,29.4045,29.4011,0.057741938371,23.9755,20,0.0033999999999991815,False,dominant_holder,4,high
SGC,us,77.7170999999999,62.624,0.045471580356000005,16.7557,20,15.0930999999999,False,broad_institutional,4,high
SGHC,us,88.5742,79.8051,0.238851148143,44.6498,20,8.769100000000009,False,dominant_holder,4,high
SGHT,us,72.4641000000001,60.6319,0.033049800198999994,10.1384,20,11.8322000000001,False,broad_institutional,4,high
SGI,us,107.0458,68.3663,0.035416675960999996,11.2612,20,38.679500000000004,True,data_anomaly,3,medium
SGLY,us,2.641,2.641,0.00015688767400000002,1.0452,19,0.0,False,fragmented_or_mixed,4,high
SGML,us,83.5943,72.3299,0.18632819445699997,42.409,20,11.264400000000009,False,dominant_holder,4,high
SGMO,us,15.4033,13.4308,0.0019307280380000001,3.0666,20,1.9725000000000001,False,fragmented_or_mixed,4,high
SGMT,us,25.5477,19.7867,0.0025975191170000004,2.4592,20,5.760999999999999,False,fragmented_or_mixed,4,high
SGP,us,90.1277,89.0459,0.131952583129,23.9959,20,1.0818000000000012,False,dominant_holder,4,high
SGRP,us,66.3365,66.1431,0.151557560637,31.341,20,0.1933999999999969,False,dominant_holder,4,high
SGRY,us,127.6522,106.6382,0.184279301832,38.1892,20,21.013999999999996,True,data_anomaly,2,medium
SHAK,us,108.0221,65.8363,0.034080124073,13.0825,20,42.1858,True,data_anomaly,3,medium
SHAZ,us,37.6251,37.4777,0.029754709497,15.3001,20,0.14740000000000464,False,fragmented_or_mixed,4,high
SHBI,us,78.7757,49.0189,0.017655396439000003,7.1364,20,29.7568,False,broad_institutional,4,high
SHC,us,86.5965000000001,66.059,0.03371979229999999,9.1175,20,20.537500000000108,False,broad_institutional,4,high
SHCO,us,62.2658,60.6998,0.09483459083200001,25.5959,20,1.5659999999999954,False,dominant_holder,4,high
SHEL,us,13.8768999999998,8.2754,0.001086868689,2.8699,20,5.601499999999801,False,fragmented_or_mixed,4,high
SHEN,us,78.9531000000001,63.8818,0.034663999976000004,11.5508,20,15.071300000000107,False,broad_institutional,4,high
SHFS,us,27.5915,27.5915,0.030807306769000002,16.7417,20,0.0,False,fragmented_or_mixed,4,high
SHFSW,us,,,,,20,,False,insufficient_data,0,low
SHG,us,4.8463,3.271,9.1106064e-05,0.5032,20,1.5753000000000004,False,fragmented_or_mixed,4,high
SHIM,us,84.1269,83.2119,0.299836576811,51.9366,20,0.9150000000000063,False,dominant_holder,4,high
SHIP,us,52.886,45.1295,0.029134471460999997,10.1703,20,7.756500000000003,False,broad_institutional,4,high
SHLS,us,125.8648,76.2119,0.038492508062999996,11.4797,20,49.6529,True,data_anomaly,3,medium
SHMD,us,62.7718,62.2025,0.10943985537500002,23.3267,20,0.5692999999999984,False,dominant_holder,4,high
SHMDW,us,,,,,20,,False,insufficient_data,0,low
SHO,us,110.4087,72.9931,0.05005600767699999,15.4854,20,37.4156,True,data_anomaly,3,medium
SHOE,us,111.4436,77.052,0.06291250525400001,15.4022,20,34.3916,True,data_anomaly,3,medium
SHOO,us,104.7727,68.3046,0.038575081098,13.3346,20,36.46810000000001,True,data_anomaly,3,medium
SHOP,us,76.942600000002,35.5078,0.008135294,4.1047,20,41.434800000002,False,broad_institutional,4,high
SHOT,us,6.0385,6.0264,0.0005955274720000002,1.5952,20,0.012100000000000222,False,fragmented_or_mixed,4,high
SHO_PH,us,31.3915,31.3915,0.013686814181000002,6.9467,14,0.0,False,fragmented_or_mixed,4,high
SHO_PI,us,15.0264,15.0264,0.00526947652,5.452,11,0.0,False,fragmented_or_mixed,4,high
SHPH,us,13.9049,13.9049,0.005400021607,5.1155,20,0.0,False,fragmented_or_mixed,4,high
SHPW,us,2.413,2.413,0.0005822568999999999,2.413,18,0.0,False,fragmented_or_mixed,4,high
SHW,us,88.6839999999999,43.6114,0.016628519504000003,6.324,20,45.072599999999895,False,broad_institutional,4,high
SI,us,81.2144,75.8378,0.07821964716799998,18.4485,20,5.376599999999996,False,broad_institutional,4,high
SIBN,us,109.9564,73.3125,0.05273283085899999,17.9743,20,36.6439,True,data_anomaly,3,medium
SID,us,3.4032,2.877,6.0001658000000004e-05,0.3785,20,0.5262000000000002,False,fragmented_or_mixed,4,high
SIDU,us,14.7396,13.5843,0.002646595891,3.4555,20,1.1552999999999987,False,fragmented_or_mixed,4,high
SIEB,us,72.5974,71.1441,0.10882030230100002,24.0046,20,1.4532999999999987,False,dominant_holder,4,high
SIF,us,43.1456,42.9154,0.027281314331999998,12.7913,20,0.2302000000000035,False,fragmented_or_mixed,4,high
SIFY,us,12.5372,12.4989,0.006341912930999998,7.5612,20,0.03829999999999956,False,fragmented_or_mixed,4,high
SIG,us,120.4415,79.2255,0.054329823251,14.219,20,41.21600000000001,True,data_anomaly,3,medium
SIGA,us,92.3129,70.9364,0.12557270747799995,33.6796,20,21.376499999999993,False,dominant_holder,4,high
SIGI,us,91.0933000000001,57.6912,0.028967997846,11.2304,20,33.4021000000001,False,broad_institutional,4,high
SII,us,92.7691999999999,70.1021,0.065116669465,16.3845,20,22.667099999999905,False,broad_institutional,4,high
SILA,us,70.2314999999999,49.7045,0.019984355892999996,8.3888,20,20.526999999999894,False,broad_institutional,4,high
SILC,us,38.0487,37.3045,0.018329146973,9.419,20,0.7441999999999993,False,fragmented_or_mixed,4,high
SILO,us,27.5323,27.5323,0.018869539717,11.1767,20,0.0,False,fragmented_or_mixed,4,high
SIM,us,0.1628,0.1628,1.840784e-06,0.1346,19,0.0,False,fragmented_or_mixed,4,high
SIMA,us,642.6692,554.1032,2.1263451510420004,84.4412,20,88.56600000000003,True,data_anomaly,1,low
SIMO,us,85.0648,42.55,0.015238670837999999,9.1869,20,42.51480000000001,False,broad_institutional,4,high
SIND,us,90.0524,90.0524,0.684559042678,82.5549,9,0.0,False,dominant_holder,4,high
SING,us,0.0024,0.0024,3.08e-10,0.0017,11,0.0,False,fragmented_or_mixed,4,high
SINT,us,44.2135,44.1366,0.029286828956000006,11.6244,20,0.07690000000000197,False,fragmented_or_mixed,4,high
SION,us,106.8613,91.0966,0.09177156909999999,21.9379,20,15.764700000000005,True,data_anomaly,3,medium
SIRI,us,89.4716000000004,67.0603,0.14453428846099997,37.0766,20,22.411300000000395,False,dominant_holder,4,high
SISI,us,51.4205,51.4205,0.04038276940300001,11.0266,20,0.0,False,broad_institutional,4,high
SITC,us,113.991,80.5929,0.037916436362999996,8.058,20,33.3981,True,data_anomaly,3,medium
SITE,us,118.3845,65.9212,0.029957054460000004,10.0723,20,52.463300000000004,True,data_anomaly,3,medium
SITM,us,113.0848,77.7189,0.06364200536100001,13.4815,20,35.365899999999996,True,data_anomaly,3,medium
SJ,us,49.0429,49.0429,0.11255376845299998,30.6374,18,0.0,False,dominant_holder,4,high
SJM,us,97.7544000000003,56.0752,0.021334032814,6.3118,20,41.6792000000003,False,broad_institutional,4,high
SKBL,us,20.2558,20.2549,0.0061873003490000005,5.3595,20,0.0009000000000014552,False,fragmented_or_mixed,4,high
SKE,us,80.2878,58.0582,0.033764962648,12.7146,20,22.229600000000005,False,broad_institutional,4,high
SKIL,us,89.3341,77.5383,0.13135665027899998,34.1575,20,11.7958,False,dominant_holder,4,high
SKIN,us,103.5056,95.0609,0.13072578619900002,25.7413,20,8.444699999999997,True,data_anomaly,3,medium
SKK,us,80.8235,80.8235,0.36124847626500006,57.3832,13,0.0,False,dominant_holder,4,high
SKLZ,us,89.3548,85.008,0.20857954949399998,42.7257,20,4.346800000000002,False,dominant_holder,4,high
SKM,us,8.7272,5.786,0.00033381568200000004,1.1342,20,2.9412000000000003,False,fragmented_or_mixed,4,high
SKT,us,94.8137,62.4271,0.046698579581,15.2318,20,32.386599999999994,False,broad_institutional,4,high
SKWD,us,111.3754,63.7836,0.026234545690000003,7.1391,20,47.5918,True,data_anomaly,3,medium
SKY,us,113.0772,68.8006,0.04278281369999999,14.7061,20,44.2766,True,data_anomaly,3,medium
SKYA,us,37.294,36.609,0.014443607225999999,7.2077,20,0.6849999999999952,False,fragmented_or_mixed,4,high
SKYAW,us,,,,,19,,False,insufficient_data,0,low
SKYE,us,47.1978,46.7509,0.081860049871,27.5491,20,0.4468999999999994,False,dominant_holder,4,high
SKYH,us,74.4455,69.9727,0.12363796670899997,32.8871,20,4.472799999999992,False,dominant_holder,4,high
SKYH_T,us,,,,,20,,False,insufficient_data,0,low
SKYQ,us,16.6768,16.5895,0.003502652605,4.0456,20,0.08729999999999905,False,fragmented_or_mixed,4,high
SKYT,us,80.2842,60.3197,0.031102297802999994,10.5523,20,19.9645,False,broad_institutional,4,high
SKYW,us,97.1534999999999,65.0647,0.04360592347799999,14.8661,20,32.08879999999989,False,broad_institutional,4,high
SKYX,us,48.1763,42.3179,0.023211844883000002,11.4833,20,5.858399999999996,False,fragmented_or_mixed,4,high
SLAB,us,102.3146,66.3886,0.04747290934399999,14.9413,20,35.926,True,data_anomaly,3,medium
SLAI,us,7.2974,7.2974,0.0005864085579999999,2.0691,20,0.0,False,fragmented_or_mixed,4,high
SLAM,us,103.0361,103.0361,0.9857396679650002,99.2107,20,0.0,True,data_anomaly,2,medium
SLB,us,94.9380000000003,49.8766,0.019732694840999994,6.5493,20,45.0614000000003,False,broad_institutional,4,high
SLBT,us,103.5042,103.4959,0.39376185419099996,59.5321,20,0.008299999999991314,True,data_anomaly,2,medium
SLDB,us,89.6543,74.3417,0.048894174309000005,12.2257,20,15.312600000000003,False,broad_institutional,4,high
SLDE,us,95.1258000000001,75.5877,0.16070007220300003,38.9983,20,19.5381000000001,False,dominant_holder,4,high
SLDP,us,51.5862000000001,39.6406,0.012630767926000002,5.5095,20,11.945600000000098,False,broad_institutional,4,high
SLDPW,us,,,,,20,,False,insufficient_data,0,low
SLE,us,14.5226,14.5214,0.00853036049,8.8451,20,0.001200000000000756,False,fragmented_or_mixed,4,high
SLF,us,56.0202000000002,31.4994,0.006206836874000001,3.3257,20,24.5208000000002,False,broad_institutional,4,high
SLG,us,105.4577,67.113,0.048877560887999986,15.8902,20,38.3447,True,data_anomaly,3,medium
SLGB,us,0.2992,0.2992,2.17476e-06,0.0996,7,0.0,False,fragmented_or_mixed,4,high
SLGL,us,93.5639,93.5028,0.3411687238819999,55.2726,20,0.06110000000001037,False,dominant_holder,4,high
SLGN,us,107.2417,76.1762,0.046248148194000006,11.6258,20,31.0655,True,data_anomaly,3,medium
SLG_PI,us,21.6997,21.6997,0.009636291144999998,6.7235,20,0.0,False,fragmented_or_mixed,4,high
SLI,us,37.6184,31.1127,0.011550929081,7.6228,20,6.505700000000001,False,fragmented_or_mixed,4,high
SLM,us,114.4309,76.2091,0.037650359678999996,8.9283,20,38.22179999999999,True,data_anomaly,3,medium
SLMBP,us,25.8913,25.8913,0.016430101421,10.4086,11,0.0,False,fragmented_or_mixed,4,high
SLMT,us,67.7729,66.9263,0.051291057549000006,12.1774,20,0.8466000000000093,False,broad_institutional,4,high
SLN,us,63.8776,59.0983,0.061033998262999996,21.7668,20,4.779299999999999,False,dominant_holder,4,high
SLND,us,86.9146,85.1478,0.2989148181479999,51.6033,20,1.7667999999999893,False,dominant_holder,4,high
SLND_T,us,,,,,20,,False,insufficient_data,0,low
SLNG,us,87.9081,87.4008,0.4661063369579999,67.6522,20,0.5073000000000008,False,dominant_holder,4,high
SLNH,us,45.6143,41.6513,0.023557869402999997,10.8607,20,3.963000000000001,False,fragmented_or_mixed,4,high
SLNHP,us,6.7567,6.7567,0.0042701118490000006,6.5307,2,0.0,False,fragmented_or_mixed,4,high
SLNO,us,114.6808,71.9548,0.04009571331199999,12.4674,20,42.726,True,data_anomaly,3,medium
SLP,us,100.8725,70.7593,0.053897499827,15.8574,20,30.113200000000006,True,data_anomaly,3,medium
SLQT,us,62.2827,46.9871,0.020745876819,10.0249,20,15.2956,False,broad_institutional,4,high
SLRC,us,42.8901,33.1136,0.013124109842,8.4932,20,9.776499999999999,False,fragmented_or_mixed,4,high
SLRX,us,6.0332,6.0332,0.0027764702759999994,5.2524,20,0.0,False,fragmented_or_mixed,4,high
SLS,us,29.0757,23.7061,0.007426516858999999,5.708,20,5.369600000000002,False,fragmented_or_mixed,4,high
SLSN,us,79.2076,78.7578,0.25698274549999994,43.0019,20,0.4497999999999962,False,dominant_holder,4,high
SLSR,us,81.0732,72.7234,0.14746830734399996,36.2082,20,8.349800000000002,False,dominant_holder,4,high
SLVM,us,104.2193,74.5746,0.056066683392,15.8859,20,29.6447,True,data_anomaly,3,medium
SLXN,us,25.9554,25.9553,0.03629854791300001,18.8594,20,9.999999999976694e-05,False,fragmented_or_mixed,4,high
SLXNW,us,,,,,20,,False,insufficient_data,0,low
SM,us,89.0722000000002,59.0307,0.036506123579,13.722,20,30.04150000000019,False,broad_institutional,4,high
SMA,us,94.1701000000002,61.0702,0.026723830530000006,8.2359,20,33.099900000000204,False,broad_institutional,4,high
SMBC,us,70.4252,46.3542,0.014869256908,6.1568,20,24.071000000000005,False,broad_institutional,4,high
SMBK,us,76.4050999999999,45.8029,0.014997723129,6.2646,20,30.602199999999904,False,broad_institutional,4,high
SMC,us,72.1949,60.8052,0.036165355764,10.9416,20,11.389700000000005,False,broad_institutional,4,high
SMCI,us,77.1082000000003,53.3968,0.028687965553999994,10.2309,20,23.711400000000296,False,broad_institutional,4,high
SMFG,us,1.97349999999999,1.312,1.4394706e-05,0.1984,20,0.66149999999999,False,fragmented_or_mixed,4,high
SMFL,us,0.0,0.0,1.1849999999999999e-08,0.009,13,0.0,False,fragmented_or_mixed,4,high
SMG,us,106.1053,67.7187,0.06690286244499999,22.7178,20,38.3866,True,data_anomaly,3,medium
SMHI,us,67.4231,55.7756,0.022501737895999997,7.1944,20,11.647500000000008,False,broad_institutional,4,high
SMID,us,72.1886,68.976,0.13653039938,34.7076,20,3.212599999999995,False,dominant_holder,4,high
SMJF,us,97.4161,97.4161,0.070276708967,8.4677,20,0.0,False,broad_institutional,4,high
SMLR,us,32.8107,32.2139,0.010558830543,5.5986,20,0.5967999999999947,False,fragmented_or_mixed,4,high
SMMT,us,96.3496,93.0423,0.5238499180169999,71.9378,20,3.307299999999998,False,dominant_holder,4,high
SMP,us,88.8946000000001,62.3856,0.038033457106,14.1456,20,26.5090000000001,False,broad_institutional,4,high
SMPL,us,111.5632,65.5703,0.034732250365,13.333,20,45.99289999999999,True,data_anomaly,3,medium
SMR,us,53.9324000000002,36.6349,0.009812983713000002,5.7881,20,17.2975000000002,False,broad_institutional,4,high
SMRT,us,76.9702,54.8405,0.019763604825000003,8.2378,20,22.129700000000007,False,broad_institutional,4,high
SMSI,us,30.9362,30.4557,0.044112682970999996,20.7918,20,0.48049999999999926,False,dominant_holder,4,high
SMTC,us,112.0003,68.0697,0.041675103663,13.8014,20,43.9306,True,data_anomaly,3,medium
SMTI,us,63.084,57.8204,0.15126951929,38.3217,20,5.263600000000004,False,dominant_holder,4,high
SMTK,us,30.6801,30.6748,0.04036274472999999,19.6394,20,0.005299999999998306,False,fragmented_or_mixed,4,high
SMU,us,1.2835,1.2835,3.6299266999999996e-05,0.3732,8,0.0,False,fragmented_or_mixed,4,high
SMWB,us,76.2221,68.0332,0.053528579734,12.7548,20,8.188900000000004,False,broad_institutional,4,high
SMX,us,0.9426,0.9426,1.5039865999999998e-05,0.2278,20,0.0,False,fragmented_or_mixed,4,high
SMXT,us,34.2965,34.287,0.021616882082,9.596,20,0.009500000000002728,False,fragmented_or_mixed,4,high
SMXWW,us,,,,,20,,False,insufficient_data,0,low
SN,us,106.3003,75.8747,0.16672562171700006,37.6679,20,30.42559999999999,True,data_anomaly,3,medium
SNA,us,101.4199,50.5451,0.018572345109,6.5131,20,50.8748,True,data_anomaly,3,medium
SNAL,us,7.597,7.597,0.000977773828,2.4468,20,0.0,False,fragmented_or_mixed,4,high
SNAP,us,71.7516000000001,49.7006,0.036025691667999994,16.2909,20,22.051000000000094,False,broad_institutional,4,high
SNAX,us,87.2391,87.2391,0.22218166129899997,43.7581,20,0.0,False,dominant_holder,4,high
SNBR,us,102.4826,73.2731,0.034881851853,9.2406,20,29.209500000000006,True,data_anomaly,3,medium
SNCR,us,12.2107,11.6621,0.0019263229889999998,3.5561,20,0.5485999999999986,False,fragmented_or_mixed,4,high
SNCY,us,110.1062,68.7432,0.036187576668,13.3071,20,41.363,True,data_anomaly,3,medium
SND,us,69.734,53.0734,0.030266478176000002,13.5922,20,16.660599999999995,False,broad_institutional,4,high
SNDA,us,71.2199000000001,61.0333,0.104661040299,30.8491,20,10.186600000000098,False,dominant_holder,4,high
SNDK,us,89.5675000000012,50.989,0.03206056569799999,14.225,20,38.578500000001206,False,broad_institutional,4,high
SNDL,us,28.7268,24.3303,0.004945236812999999,3.5237,20,4.3965,False,fragmented_or_mixed,4,high
SNDR,us,128.2042,95.1356,0.128846422204,31.8782,20,33.06859999999999,True,data_anomaly,3,medium
SNDX,us,116.7311,68.6189,0.032291770447000004,9.0858,20,48.1122,True,data_anomaly,3,medium
SNES,us,37.7236,37.7059,0.044189036302999994,19.9457,20,0.01769999999999783,False,fragmented_or_mixed,4,high
SNEX,us,97.1009,60.7191,0.031135904472999996,12.3868,20,36.3818,False,broad_institutional,4,high
SNFCA,us,71.5817,61.317,0.036418690505999995,11.9672,20,10.264699999999998,False,broad_institutional,4,high
SNGX,us,11.093,11.093,0.004553644398000001,6.0279,20,0.0,False,fragmented_or_mixed,4,high
SNN,us,10.275,7.4597,0.0007506114709999998,2.3886,20,2.8153000000000006,False,fragmented_or_mixed,4,high
SNOA,us,1.8418,1.8418,5.0884664000000006e-05,0.4167,20,0.0,False,fragmented_or_mixed,4,high
SNOW,us,80.8550000000006,35.3421,0.008702541828999997,4.2636,20,45.5129000000006,False,broad_institutional,4,high
SNPS,us,96.4279000000002,45.496,0.015379092912,6.4983,20,50.93190000000019,False,broad_institutional,4,high
SNRE,us,0.0006,0.0006,1.1999999999999997e-11,0.0003,20,0.0,False,fragmented_or_mixed,4,high
SNSE,us,45.2446,44.9906,0.083672469742,26.9181,20,0.2539999999999978,False,dominant_holder,4,high
SNT,us,49.0654,49.0652,0.179909392658,42.2352,20,0.00019999999999953388,False,dominant_holder,4,high
SNTG,us,63.8764,63.8764,0.34720540588,58.8167,10,0.0,False,dominant_holder,4,high
SNTI,us,66.2526,66.2076,0.12716669863800004,31.3921,20,0.045000000000001705,False,dominant_holder,4,high
SNWV,us,58.4915,54.85,0.032938577596,10.7917,20,3.6415000000000006,False,broad_institutional,4,high
SNX,us,100.6514,58.96,0.024032966928,8.173,20,41.691399999999994,True,data_anomaly,3,medium
SNY,us,8.97559999999996,5.0181,0.00023998763900000004,1.2291,20,3.9574999999999596,False,fragmented_or_mixed,4,high
SNYR,us,58.3008,58.2953,0.08352225493900002,24.6918,20,0.005500000000004945,False,dominant_holder,4,high
SO,us,72.6309000000011,44.3607,0.017138173887000004,6.3461,20,28.270200000001104,False,broad_institutional,4,high
SOAR,us,34.7694,34.6945,0.021510151551,9.4015,20,0.07489999999999952,False,fragmented_or_mixed,4,high
SOBO,us,68.4989000000002,40.772,0.010812887633999999,4.9276,20,27.726900000000207,False,broad_institutional,4,high
SOBR,us,30.2809,30.2809,0.028562323493,13.1833,20,0.0,False,fragmented_or_mixed,4,high
SOC,us,88.1897999999999,68.2199,0.034790843633,9.7017,20,19.96989999999991,False,broad_institutional,4,high
SOCA,us,89.024,65.3042,0.023578225508,5.175,20,23.719800000000006,False,broad_institutional,4,high
SOCAU,us,10.9416,10.9416,0.0019004537680000003,2.5424,20,0.0,False,fragmented_or_mixed,4,high
SOFI,us,57.7201000000003,33.7159,0.008893848277,4.4521,20,24.004200000000303,False,broad_institutional,4,high
SOGP,us,12.1726,12.1726,0.006103927066000001,7.0179,20,0.0,False,fragmented_or_mixed,4,high
SOHU,us,76.2452,74.6775,0.19585546484300004,42.3813,20,1.567700000000002,False,dominant_holder,4,high
SOL,us,0.0,0.0,0.0,0.0,20,0.0,False,fragmented_or_mixed,4,high
SOLS,us,87.6883000000006,43.3368,0.014838271366000003,7.6573,20,44.3515000000006,False,broad_institutional,4,high
SOLV,us,91.0090000000008,65.3898,0.04392730453600001,14.765,20,25.619200000000802,False,broad_institutional,4,high
SOMN,us,119.8298,116.3717,0.18917720768900004,33.2645,20,3.4581000000000017,True,data_anomaly,2,medium
SON,us,93.8683000000004,55.2584,0.025263639148,10.1157,20,38.6099000000004,False,broad_institutional,4,high
SOND,us,15.0387,15.0387,0.0045903120090000004,5.1898,20,0.0,False,fragmented_or_mixed,4,high
SONM,us,42.5079,42.5079,0.036760818437,14.9974,20,0.0,False,fragmented_or_mixed,4,high
SONN,us,3.786,3.786,0.00134965852,3.6734,20,0.0,False,fragmented_or_mixed,4,high
SONO,us,109.0847,69.4962,0.055003700754000004,15.1691,20,39.588499999999996,True,data_anomaly,3,medium
SONY,us,8.64089999999998,6.2356,0.0005596876860000001,1.8844,20,2.405299999999981,False,fragmented_or_mixed,4,high
SOPA,us,7.022,6.9071,0.0006155260329999999,2.0446,20,0.11490000000000045,False,fragmented_or_mixed,4,high
SOPH,us,55.0457,50.9925,0.025123541492999998,8.3363,20,4.053199999999997,False,broad_institutional,4,high
SORA,us,58.2771,58.2771,0.33775003468099996,58.1162,9,0.0,False,dominant_holder,4,high
SORN,us,48.2704,47.994,0.024847787375999998,7.5285,20,0.2764000000000024,False,fragmented_or_mixed,4,high
SORNU,us,25.6129,25.6127,0.008594951147,6.4639,20,0.00019999999999953388,False,fragmented_or_mixed,4,high
SOS,us,7.2964,7.2964,0.002968324802,5.3966,20,0.0,False,fragmented_or_mixed,4,high
SOTK,us,59.1522,57.8773,0.12955105448099996,34.8167,20,1.2749000000000024,False,dominant_holder,4,high
SOUL,us,117.1288,78.7474,0.034309296281999996,6.8306,20,38.3814,True,data_anomaly,3,medium
SOUL_R,us,,,,,20,,False,insufficient_data,0,low
SOUL_U,us,7.1541,7.1541,0.004676071852999998,6.8306,20,0.0,False,fragmented_or_mixed,4,high
SOUN,us,46.2195000000002,34.6453,0.013095066475,7.0127,20,11.574200000000204,False,fragmented_or_mixed,4,high
SOUNW,us,,,,,20,,False,insufficient_data,0,low
SOWG,us,4.7975,4.7934,0.0005018834059999997,1.9019,20,0.004100000000000215,False,fragmented_or_mixed,4,high
SPAI,us,60.7769,58.4424,0.07153644779799999,24.5216,20,2.3344999999999985,False,dominant_holder,4,high
SPB,us,122.7281,82.0552,0.045286627738000004,10.169,20,40.6729,True,data_anomaly,3,medium
SPC,us,41.235,41.235,0.044481604220000005,15.8045,20,0.0,False,fragmented_or_mixed,4,high
SPCB,us,20.354,20.3449,0.005633960327000001,4.8117,20,0.009100000000000108,False,fragmented_or_mixed,4,high
SPCE,us,20.1075,15.9701,0.0035306605550000005,4.8944,20,4.137400000000001,False,fragmented_or_mixed,4,high
SPCK,us,12.3967,12.3967,0.007577847001000002,6.9471,14,0.0,False,fragmented_or_mixed,4,high
SPCX,us,20.0731999999999,19.8436,0.017543699416,11.3819,20,0.22959999999990188,False,fragmented_or_mixed,4,high
SPE,us,46.1111,44.6031,0.052181533003,18.2858,20,1.5080000000000027,False,fragmented_or_mixed,4,high
SPEC,us,0.0,0.0,0.0,0.0,15,0.0,False,fragmented_or_mixed,4,high
SPEG,us,96.6645,78.5572,0.03745866432199999,8.6087,20,18.10730000000001,False,broad_institutional,4,high
SPEGR,us,,,,,20,,False,insufficient_data,0,low
SPEGU,us,14.371,14.371,0.005403226610000001,6.087,20,0.0,False,fragmented_or_mixed,4,high
SPE_PC,us,24.1989,24.1989,0.025349937733000004,14.4656,15,0.0,False,fragmented_or_mixed,4,high
SPFI,us,57.9999,41.3179,0.014659420957,8.1181,20,16.681999999999995,False,broad_institutional,4,high
SPG,us,95.3422000000004,52.5845,0.024115431013000004,7.7777,20,42.757700000000405,False,broad_institutional,4,high
SPGI,us,90.3358000000013,39.5254,0.013971979486,6.5486,20,50.8104000000013,False,broad_institutional,4,high
SPGI_W,us,,,,,17,,False,insufficient_data,0,low
SPG_PJ,us,3.6108,3.6108,0.0010005889740000002,3.137,4,0.0,False,fragmented_or_mixed,4,high
SPHL,us,45.3264,45.3264,0.154034236478,38.6829,10,0.0,False,dominant_holder,4,high
SPHR,us,140.9171,85.7447,0.053018048777,12.4497,20,55.17240000000001,True,data_anomaly,3,medium
SPI,us,0.0,0.0,0.0,0.0,20,0.0,False,fragmented_or_mixed,4,high
SPIR,us,49.9802,37.7407,0.009874389377,4.8435,20,12.239500000000007,False,fragmented_or_mixed,4,high
SPKL,us,110.4766,110.4405,0.443331214081,64.1363,20,0.036100000000004684,True,data_anomaly,2,medium
SPKLU,us,0.3619,0.3619,6.459043e-06,0.1797,10,0.0,False,fragmented_or_mixed,4,high
SPMA,us,16.1772,16.1772,0.015880665529999997,11.8273,3,0.0,False,fragmented_or_mixed,4,high
SPMC,us,107.6133,107.6089,0.501642603183,52.3099,20,0.0043999999999897454,True,data_anomaly,2,medium
SPME,us,0.0,0.0,0.0,0.0,1,0.0,False,fragmented_or_mixed,4,high
SPNT,us,98.3493000000001,75.8051,0.042325333932999996,9.4168,20,22.544200000000103,False,broad_institutional,4,high
SPNT_PB,us,0.0,0.0,0.0,0.0,9,0.0,False,fragmented_or_mixed,4,high
SPOK,us,60.4401,43.2914,0.016523028364000002,6.8791,20,17.148699999999998,False,broad_institutional,4,high
SPOT,us,92.4103000000005,49.0451,0.023455793024999998,9.0618,20,43.365200000000506,False,broad_institutional,4,high
SPPL,us,3.0638,3.0638,0.0009358717900000001,3.0592,14,0.0,False,fragmented_or_mixed,4,high
SPPP,us,27.6124,24.7051,0.007454956728999998,6.8881,20,2.9072999999999993,False,fragmented_or_mixed,4,high
SPR,us,0.2148,0.2148,1.1641120000000001e-06,0.0903,20,0.0,False,fragmented_or_mixed,4,high
SPRB,us,35.3646,32.9755,0.007630261660999999,4.4093,20,2.389100000000006,False,fragmented_or_mixed,4,high
SPRC,us,0.5509,0.5509,1.6169563e-05,0.3489,20,0.0,False,fragmented_or_mixed,4,high
SPRO,us,38.2068,35.087,0.029032335368,15.8728,20,3.119799999999998,False,fragmented_or_mixed,4,high
SPRU,us,48.3656,45.1804,0.040502620242,18.6691,20,3.185200000000002,False,fragmented_or_mixed,4,high
SPRY,us,113.9882,87.8163,0.055328487553,10.9372,20,26.171900000000008,True,data_anomaly,3,medium
SPSC,us,109.0795,61.4137,0.038342893738999996,14.5662,20,47.6658,True,data_anomaly,3,medium
SPT,us,87.4458000000002,53.8374,0.021321422695999997,7.2365,20,33.6084000000002,False,broad_institutional,4,high
SPTX,us,70.496,70.4755,0.128320624103,31.1691,20,0.02049999999999841,False,dominant_holder,4,high
SPVU,us,59.164,55.5929,0.045169669771,15.3148,20,3.5711000000000013,False,broad_institutional,4,high
SPWH,us,67.6485,58.506,0.038384963109999996,14.7925,20,9.142499999999998,False,broad_institutional,4,high
SPWR,us,56.4284,49.2704,0.05470203997,21.4423,20,7.158000000000001,False,dominant_holder,4,high
SPWRW,us,,,,,20,,False,insufficient_data,0,low
SPXC,us,102.5243,58.6992,0.02723043983,10.8487,20,43.8251,True,data_anomaly,3,medium
SPYU,us,2.6181,2.6181,0.00013465018299999997,0.7484,20,0.0,False,fragmented_or_mixed,4,high
SQFT,us,30.1782,30.0548,0.014439312352,8.4921,20,0.12340000000000018,False,fragmented_or_mixed,4,high
SQFTW,us,,,,,20,,False,insufficient_data,0,low
SQM,us,35.2174000000002,19.7848,0.0032879806700000006,3.9961,20,15.432600000000196,False,fragmented_or_mixed,4,high
SQNS,us,92.7871,89.3618,0.080161843594,13.2962,20,3.425299999999993,False,broad_institutional,4,high
SR,us,96.6225000000002,58.7892,0.028563950459999994,11.6161,20,37.8333000000002,False,broad_institutional,4,high
SRAD,us,92.3581,79.1542,0.12332232373399997,30.7926,20,13.20389999999999,False,dominant_holder,4,high
SRBK,us,50.8825,41.3532,0.017381318928,9.3471,20,9.5293,False,broad_institutional,4,high
SRCE,us,103.2557,81.25,0.080975617952,21.5066,20,22.005700000000004,True,data_anomaly,3,medium
SRDX,us,1.4377,1.4377,5.5625347e-05,0.549,20,0.0,False,fragmented_or_mixed,4,high
SRE,us,93.2032000000004,53.3508,0.022116820000000002,7.0575,20,39.852400000000394,False,broad_institutional,4,high
SRFM,us,36.7184,34.3071,0.016462932445,7.3919,20,2.411300000000004,False,fragmented_or_mixed,4,high
SRG,us,80.9952,67.7705,0.07253714075699999,23.8267,20,13.224699999999999,False,dominant_holder,4,high
SRG_PA,us,12.1282,12.1282,0.009021550141999997,9.2006,8,0.0,False,fragmented_or_mixed,4,high
SRI,us,90.8323,61.3641,0.024167504866999995,8.7372,20,29.468200000000003,False,broad_institutional,4,high
SRL,us,75.9003,75.9003,0.18903890688500002,34.7639,20,0.0,False,dominant_holder,4,high
SRPT,us,100.7832,67.4581,0.037881237839,12.159,20,33.32509999999999,True,data_anomaly,3,medium
SRRK,us,112.6769,77.772,0.04545068602199998,12.7126,20,34.9049,True,data_anomaly,3,medium
SRTA,us,83.8429000000001,65.8488,0.029183083798,9.1567,20,17.994100000000103,False,broad_institutional,4,high
SRTAW,us,,,,,19,,False,insufficient_data,0,low
SRTS,us,46.8222,42.3541,0.017603022533,7.5645,20,4.4681,False,fragmented_or_mixed,4,high
SRXH,us,2.6936,2.6876,0.00020294398600000002,1.1982,20,0.005999999999999783,False,fragmented_or_mixed,4,high
SRZN,us,102.6717,89.6654,0.062144876928,16.5107,20,13.006299999999996,True,data_anomaly,3,medium
SRZNW,us,,,,,20,,False,insufficient_data,0,low
SR_PA,us,0.0001,0.0001,1e-12,0.0001,20,0.0,False,fragmented_or_mixed,4,high
SSAC,us,48.6829,48.5671,0.026587538828999994,8.431,20,0.11579999999999302,False,fragmented_or_mixed,4,high
SSACR,us,,,,,20,,False,insufficient_data,0,low
SSACU,us,29.0087,28.7658,0.011548833837999999,8.2415,20,0.24290000000000234,False,fragmented_or_mixed,4,high
SSB,us,90.9482000000005,52.957,0.022118722842000005,8.7361,20,37.9912000000005,False,broad_institutional,4,high
SSBI,us,60.9375,57.5047,0.032891364851000006,11.0379,20,3.4328000000000003,False,broad_institutional,4,high
SSD,us,102.5657,61.6337,0.030028069573,9.4448,20,40.93200000000001,True,data_anomaly,3,medium
SSEA,us,91.6078,86.5574,0.07286675599800001,19.3772,20,5.050399999999996,False,broad_institutional,4,high
SSEAR,us,,,,,17,,False,insufficient_data,0,low
SSEAU,us,6.572,6.572,0.00150314928,3.2363,20,0.0,False,fragmented_or_mixed,4,high
SSII,us,80.0757000000001,80.0392,0.3185817697420001,54.7729,20,0.03650000000010323,False,dominant_holder,4,high
SSKN,us,51.9803,51.9803,0.07757048272299999,24.4869,20,0.0,False,dominant_holder,4,high
SSL,us,5.3685,3.7036,7.9049164e-05,0.3275,20,1.6649000000000003,False,fragmented_or_mixed,4,high
SSM,us,59.1241,59.1241,0.060778893285,16.1949,20,0.0,False,broad_institutional,4,high
SSMR,us,79.073,79.073,0.381544354708,59.1953,13,0.0,False,dominant_holder,4,high
SSNC,us,96.8576,57.754,0.03265225939,13.6055,20,39.10360000000001,False,broad_institutional,4,high
SSP,us,103.0663,63.9347,0.029142780067,9.5787,20,39.1316,True,data_anomaly,3,medium
SSRM,us,78.0014000000001,42.5169,0.014153502971,6.6195,20,35.484500000000104,False,broad_institutional,4,high
SSSS,us,30.9198,25.4931,0.009063659237,6.5453,20,5.4267,False,fragmented_or_mixed,4,high
SST,us,79.09,76.6718,0.11113991115399997,28.5307,20,2.418199999999999,False,dominant_holder,4,high
SSTI,us,90.8817,76.7864,0.074863022158,17.411,20,14.095299999999995,False,broad_institutional,4,high
SSTK,us,93.9234,75.6645,0.10775400115700003,29.7391,20,18.258899999999997,False,dominant_holder,4,high
SSYS,us,73.1809,61.8339,0.048717991047,14.9707,20,11.346999999999994,False,broad_institutional,4,high
ST,us,113.0872,70.2441,0.032920964359,8.2144,20,42.84309999999999,True,data_anomaly,3,medium
STAA,us,113.6545,93.8147,0.13876801577499998,32.3847,20,19.839799999999997,True,data_anomaly,3,medium
STAF,us,74.9961,74.9961,0.37389030345700003,60.8369,16,0.0,False,dominant_holder,4,high
STAG,us,96.5977000000002,59.1529,0.030125616327,10.3274,20,37.4448000000002,False,broad_institutional,4,high
STAI,us,32.4108,32.4108,0.04067128106599999,19.4854,20,0.0,False,fragmented_or_mixed,4,high
STAK,us,1.19,1.19,5.949023799999999e-05,0.5435,11,0.0,False,fragmented_or_mixed,4,high
STBA,us,77.9449,55.3789,0.037155031457,14.063,20,22.566000000000003,False,broad_institutional,4,high
STBX,us,0.0,0.0,0.0,0.0,10,0.0,False,fragmented_or_mixed,4,high
STC,us,104.2467,71.2651,0.045657723013,14.2582,20,32.9816,True,data_anomaly,3,medium
STDN,us,38.537,38.537,0.11310995297600002,29.0084,10,0.0,False,dominant_holder,4,high
STE,us,101.081,55.5117,0.020734613420999994,6.5325,20,45.569300000000005,True,data_anomaly,3,medium
STEC,us,71.2851,71.2851,0.5080196952809999,71.2755,15,0.0,False,dominant_holder,4,high
STEL,us,70.3074999999999,50.212,0.026838823964000003,12.1066,20,20.0954999999999,False,broad_institutional,4,high
STEM,us,26.5059,20.7052,0.0040511798219999996,3.8385,20,5.800699999999999,False,fragmented_or_mixed,4,high
STEP,us,106.7232,75.7936,0.044738065076000005,12.3651,20,30.929600000000008,True,data_anomaly,3,medium
STEX,us,47.6534,44.4417,0.038789380213,17.0816,20,3.2117000000000004,False,fragmented_or_mixed,4,high
STFS,us,17.7202,17.7202,0.011443375644,7.9654,20,0.0,False,fragmented_or_mixed,4,high
STG,us,9.6901,9.6901,0.0029192944429999998,4.3782,13,0.0,False,fragmented_or_mixed,4,high
STGW,us,103.767,89.7826,0.24153727909199998,46.8197,20,13.984399999999994,True,data_anomaly,3,medium
STHO,us,79.6753000000001,69.3196,0.041394549286,9.549,20,10.355700000000112,False,broad_institutional,4,high
STI,us,68.3851,68.3772,0.19226613199800005,38.7641,20,0.007899999999992247,False,dominant_holder,4,high
STIM,us,92.1487,81.8751,0.107287696689,26.6546,20,10.273600000000002,False,dominant_holder,4,high
STKE,us,27.7016,27.1064,0.025149950199999997,15.275,20,0.5951999999999984,False,fragmented_or_mixed,4,high
STKH,us,23.92,23.92,0.015088325529999998,10.9865,20,0.0,False,fragmented_or_mixed,4,high
STKL,us,139.8865,127.4587,1.007906488515,100.0,20,12.427800000000019,True,data_anomaly,1,low
STKS,us,72.7936,69.2293,0.049000952066999996,13.3932,20,3.564300000000003,False,broad_institutional,4,high
STLA,us,74.3690000000002,56.3856,0.03954626584,15.4771,20,17.983400000000202,False,broad_institutional,4,high
STLD,us,91.6675000000001,49.47,0.01737167817,6.2243,20,42.197500000000105,False,broad_institutional,4,high
STM,us,13.5232,7.8552,0.00044124965800000003,1.3061,20,5.667999999999999,False,fragmented_or_mixed,4,high
STN,us,80.0946000000002,40.8125,0.010346069395,4.266,20,39.2821000000002,False,broad_institutional,4,high
STNE,us,81.3769000000003,54.1988,0.028652565082,11.0566,20,27.178100000000306,False,broad_institutional,4,high
STNG,us,83.8962000000001,49.2703,0.016917104229,6.6975,20,34.62590000000011,False,broad_institutional,4,high
STOK,us,124.2418,90.7979,0.04886370582699999,9.0292,20,33.4439,True,data_anomaly,3,medium
STRA,us,103.9479,70.7994,0.044679774315999995,14.2172,20,33.1485,True,data_anomaly,3,medium
STRC,us,17.2485,17.2485,0.007137995515,5.3471,20,0.0,False,fragmented_or_mixed,4,high
STRD,us,57.4133,57.4133,0.16758073483699998,40.1622,19,0.0,False,dominant_holder,4,high
STRF,us,44.5109,44.5109,0.12928867695500001,35.4795,19,0.0,False,dominant_holder,4,high
STRK,us,43.676,40.0081,0.021628004483000004,10.8602,20,3.667900000000003,False,fragmented_or_mixed,4,high
STRL,us,99.7128000000001,53.2493,0.024426837573,11.1742,20,46.4635000000001,False,broad_institutional,4,high
STRO,us,73.8633999999999,61.8896,0.026752492512,7.5543,20,11.973799999999898,False,broad_institutional,4,high
STRR,us,67.0699,64.2753,0.10347263213100003,30.0395,20,2.7946000000000026,False,dominant_holder,4,high
STRRP,us,0.2972,0.2972,8.832784e-06,0.2972,4,0.0,False,fragmented_or_mixed,4,high
STRS,us,66.5918,62.7992,0.043081233964,11.2306,20,3.7926000000000073,False,broad_institutional,4,high
STRT,us,91.9781000000001,67.5205,0.05308801820899999,18.6622,20,24.4576000000001,False,broad_institutional,4,high
STRW,us,69.8708000000001,61.6711,0.03306389907500001,9.3341,20,8.1997000000001,False,broad_institutional,4,high
STRZ,us,104.7012,81.9794,0.066999520726,17.0538,20,22.7218,True,data_anomaly,3,medium
STSSW,us,,,,,19,,False,insufficient_data,0,low
STT,us,96.0574000000004,50.4123,0.018751737674999994,6.3785,20,45.6451000000004,False,broad_institutional,4,high
STTK,us,64.8683,53.2689,0.026447899815000005,10.9166,20,11.599400000000003,False,broad_institutional,4,high
STT_PG,us,26.7263,26.3899,0.009098050588999998,6.7259,20,0.3363999999999976,False,fragmented_or_mixed,4,high
STUB,us,80.4101999999999,67.3481,0.066737096245,21.609,20,13.062099999999901,False,dominant_holder,4,high
STVN,us,91.5669,66.4216,0.04437623428599999,14.0971,20,25.145300000000006,False,broad_institutional,4,high
STWD,us,58.9939000000001,40.0636,0.016222819293999997,8.6656,20,18.930300000000102,False,broad_institutional,4,high
STX,us,91.2671000000012,49.5161,0.017785106212999998,6.2566,20,41.75100000000119,False,broad_institutional,4,high
STXS,us,61.9228,53.469,0.036650921174000005,13.7316,20,8.453800000000001,False,broad_institutional,4,high
STZ,us,101.5103,56.6109,0.020639336009,7.1486,20,44.8994,True,data_anomaly,3,medium
SU,us,76.0591000000003,37.3533,0.008232414715,4.4608,20,38.7058000000003,False,broad_institutional,4,high
SUGP,us,1.7414,1.7414,0.00015452238600000004,1.1807,9,0.0,False,fragmented_or_mixed,4,high
SUI,us,106.0626,74.588,0.04927943653,11.5767,20,31.47460000000001,True,data_anomaly,3,medium
SUIG,us,42.1363,40.0536,0.019985903072,8.6595,20,2.0826999999999956,False,fragmented_or_mixed,4,high
SUJA,us,20.8866,20.8866,0.006732040938,5.6038,16,0.0,False,fragmented_or_mixed,4,high
SUMA,us,6.6747,6.6747,0.0016224050309999998,2.8255,6,0.0,False,fragmented_or_mixed,4,high
SUMAR,us,,,,,1,,False,insufficient_data,0,low
SUNB,us,73.0362000000002,45.5031,0.026340210461,12.9643,20,27.533100000000204,False,broad_institutional,4,high
SUNE,us,52.9216,52.9196,0.06323116382800001,19.8876,20,0.001999999999995339,False,broad_institutional,4,high
SUNS,us,57.1032,52.6998,0.07988316097999999,27.1504,20,4.403399999999998,False,dominant_holder,4,high
SUPN,us,107.5018,70.7352,0.03986929033400002,13.6118,20,36.7666,True,data_anomaly,3,medium
SUPV,us,42.1158,40.7258,0.024996092358000002,13.4159,20,1.3900000000000006,False,fragmented_or_mixed,4,high
SUPX,us,76.2633,75.9665,0.06297568261700001,16.983,20,0.2968000000000046,False,broad_institutional,4,high
SURG,us,46.1907,45.4558,0.085994967448,28.6678,20,0.7348999999999961,False,dominant_holder,4,high
SUUN,us,18.3242,18.1675,0.0073818393049999995,6.4882,20,0.15670000000000073,False,fragmented_or_mixed,4,high
SUZ,us,8.27619999999999,6.9088,0.0006892727040000001,1.8229,20,1.3673999999999902,False,fragmented_or_mixed,4,high
SVA,us,98.0742,98.0686,0.14919318129400005,25.7656,20,0.00560000000000116,False,dominant_holder,4,high
SVAC,us,97.0537999999999,76.1322,0.046061278101999996,14.7391,20,20.9215999999999,False,broad_institutional,4,high
SVACU,us,0.8805,0.8805,2.0841145e-05,0.3261,20,0.0,False,fragmented_or_mixed,4,high
SVAQ,us,77.8388,76.9789,0.118930189399,32.3446,20,0.8599000000000103,False,dominant_holder,4,high
SVAQU,us,25.7878,25.6753,0.006462510597000001,4.965,20,0.11250000000000071,False,fragmented_or_mixed,4,high
SVC,us,53.1547000000001,45.207,0.022807648916,8.5997,20,7.947700000000097,False,broad_institutional,4,high
SVCC,us,91.6599,70.4211,0.030822051326999996,8.3574,20,21.238799999999998,False,broad_institutional,4,high
SVCCU,us,5.2469,5.2469,0.001571216421,3.8573,20,0.0,False,fragmented_or_mixed,4,high
SVCO,us,84.072,76.8484,0.12185607500399996,28.0722,20,7.223600000000005,False,dominant_holder,4,high
SVIV,us,69.4493,66.4696,0.09475273042800002,28.4638,20,2.979699999999994,False,dominant_holder,4,high
SVIVU,us,28.8235,28.2464,0.006813846872,4.3478,20,0.577099999999998,False,fragmented_or_mixed,4,high
SVM,us,75.4393,51.517,0.019269630467999996,8.0026,20,23.9223,False,broad_institutional,4,high
SVMH,us,2.8633,2.8633,0.0005489555649999999,2.3082,20,0.0,False,fragmented_or_mixed,4,high
SVRA,us,106.2146,81.0291,0.046409865664999994,11.9414,20,25.185500000000005,True,data_anomaly,3,medium
SVRE,us,2.8145,2.8145,0.0005793743169999999,2.3646,20,0.0,False,fragmented_or_mixed,4,high
SVREW,us,,,,,16,,False,insufficient_data,0,low
SVRN,us,42.1306,42.1306,0.02741630311,9.0803,20,0.0,False,fragmented_or_mixed,4,high
SVV,us,109.7953,102.9736,0.58998745476,76.2726,20,6.821699999999993,True,data_anomaly,2,medium
SW,us,103.9636,60.2176,0.029237464728000002,10.1953,20,43.746,True,data_anomaly,3,medium
SWAG,us,65.0399,64.8014,0.116499370094,27.7162,20,0.23850000000000193,False,dominant_holder,4,high
SWAGW,us,,,,,8,,False,insufficient_data,0,low
SWBI,us,61.7042000000001,44.1806,0.017983713018000003,8.0632,20,17.5236000000001,False,broad_institutional,4,high
SWIM,us,101.2792,86.9876,0.21016572718999998,44.1572,20,14.291600000000003,True,data_anomaly,3,medium
SWK,us,97.1997000000004,61.4707,0.027797245640999998,8.3471,20,35.729000000000404,False,broad_institutional,4,high
SWKH,us,10.3487,9.3306,0.000664895862,1.4493,20,1.0180999999999987,False,fragmented_or_mixed,4,high
SWKS,us,117.7669,72.1127,0.04171339922699999,10.7098,20,45.6542,True,data_anomaly,3,medium
SWMR,us,85.1444,84.5561,0.11267254472700002,24.5562,20,0.5883000000000038,False,dominant_holder,4,high
SWP,us,105.1216,105.1216,0.84747285416,91.0773,12,0.0,True,data_anomaly,2,medium
SWSS,us,93.2062,93.2062,0.5239597411439998,71.4009,10,0.0,False,dominant_holder,4,high
SWVL,us,28.997,28.997,0.016087855998,7.1828,20,0.0,False,fragmented_or_mixed,4,high
SWVLW,us,,,,,20,,False,insufficient_data,0,low
SWX,us,93.1048000000001,63.6277,0.03520775274099999,12.3905,20,29.4771000000001,False,broad_institutional,4,high
SXC,us,82.7116,57.4827,0.025605767361,7.6578,20,25.228900000000003,False,broad_institutional,4,high
SXI,us,103.2283,68.1279,0.038539122875,13.2034,20,35.10040000000001,True,data_anomaly,3,medium
SXT,us,114.1855,80.0591,0.06353548447099998,14.8111,20,34.126400000000004,True,data_anomaly,3,medium
SXTC,us,109.7257,109.7257,0.11819343702299998,11.4842,20,0.0,True,data_anomaly,2,medium
SXTP,us,9.8127,9.8127,0.003424729925,5.4407,20,0.0,False,fragmented_or_mixed,4,high
SY,us,43.4806,43.0351,0.04071000448699999,16.3251,20,0.44550000000000267,False,fragmented_or_mixed,4,high
SYBT,us,72.6129000000001,48.2966,0.017705337039999994,5.5657,20,24.316300000000098,False,broad_institutional,4,high
SYBX,us,78.7531,78.7531,0.159243379277,28.3177,20,0.0,False,dominant_holder,4,high
SYF,us,113.2191,61.1018,0.030679602180000005,10.3872,20,52.1173,True,data_anomaly,3,medium
SYF_PA,us,10.3436,10.3436,0.0022195266740000002,3.9927,19,0.0,False,fragmented_or_mixed,4,high
SYF_PB,us,30.9777,30.9174,0.014735929496000002,6.7079,20,0.06029999999999802,False,fragmented_or_mixed,4,high
SYK,us,87.9850000000018,44.3384,0.014993539278,5.8387,20,43.646600000001804,False,broad_institutional,4,high
SYM,us,108.664,89.078,0.112515371774,20.5035,20,19.586,True,data_anomaly,3,medium
SYNA,us,113.702,79.8042,0.06537219818600001,18.5288,20,33.897800000000004,True,data_anomaly,3,medium
SYNX,us,60.2303,60.2303,0.18469691209100003,41.8671,20,0.0,False,dominant_holder,4,high
SYPR,us,66.4632,65.0852,0.06174647824400001,14.2308,20,1.3780000000000001,False,broad_institutional,4,high
SYRA,us,52.4287,52.4287,0.07529854675099998,18.1024,20,0.0,False,broad_institutional,4,high
SYRE,us,100.9428,69.2091,0.036917776155000005,13.2786,20,31.7337,True,data_anomaly,3,medium
SYRS,us,0.5695,0.5695,2.4326275e-05,0.4875,20,0.0,False,fragmented_or_mixed,4,high
SYY,us,90.5154000000002,44.3607,0.017316062213000003,6.5018,20,46.1547000000002,False,broad_institutional,4,high
SZZL,us,111.375,80.5236,0.038525743542,7.4153,20,30.851399999999998,True,data_anomaly,3,medium
SZZLR,us,,,,,20,,False,insufficient_data,0,low
SZZLU,us,8.7709,8.7709,0.005580009232999999,7.4153,20,0.0,False,fragmented_or_mixed,4,high
T,us,70.5541000000039,36.8785,0.012408517240999999,6.6366,20,33.6756000000039,False,broad_institutional,4,high
TAC,us,76.1926,55.312,0.022871168711999998,8.5291,20,20.8806,False,broad_institutional,4,high
TACH,us,97.1819999999999,75.1818,0.034060447083999995,7.971,20,22.000199999999907,False,broad_institutional,4,high
TACHU,us,2.7669,2.7669,0.00042925905499999987,2.0258,20,0.0,False,fragmented_or_mixed,4,high
TACO,us,89.1846,62.3016,0.0224673272,5.8072,20,26.883000000000003,False,broad_institutional,4,high
TACOU,us,21.7847,21.7847,0.014422419730999999,7.6522,20,0.0,False,fragmented_or_mixed,4,high
TACT,us,74.5338,68.3257,0.047656466099,15.2171,20,6.208100000000002,False,broad_institutional,4,high
TAIT,us,39.6604,39.6604,0.06813464501199999,23.0533,20,0.0,False,dominant_holder,4,high
TAK,us,3.26990000000001,2.3212,5.739425799999999e-05,0.5982,20,0.9487000000000099,False,fragmented_or_mixed,4,high
TAL,us,61.6271000000001,39.3197,0.010324098299000002,4.6749,20,22.3074000000001,False,broad_institutional,4,high
TALK,us,83.192,61.0586,0.024227174174,6.77,20,22.133399999999995,False,broad_institutional,4,high
TALKW,us,,,,,20,,False,insufficient_data,0,low
TALO,us,100.8954,74.4506,0.082677986406,24.2383,20,26.4448,True,data_anomaly,3,medium
TANH,us,0.9417,0.9417,3.2170945000000004e-05,0.4986,20,0.0,False,fragmented_or_mixed,4,high
TAOP,us,65.7667,65.7667,0.07079536246899999,9.99,20,0.0,False,broad_institutional,4,high
TAOX,us,9.4338,9.3069,0.000929139007,1.8967,20,0.12689999999999912,False,fragmented_or_mixed,4,high
TAP,us,111.4679,70.0694,0.044193796302,12.2836,20,41.3985,True,data_anomaly,3,medium
TAPA,us,3.3426,3.3426,0.000730364568,2.6532,14,0.0,False,fragmented_or_mixed,4,high
TARA,us,79.5109,63.2106,0.027118089881999995,9.1481,20,16.300300000000007,False,broad_institutional,4,high
TARS,us,107.8124,69.3999,0.032046492095000004,7.7771,20,38.412499999999994,True,data_anomaly,3,medium
TASK,us,109.234,94.6692,0.11870430965799998,27.6222,20,14.564799999999991,True,data_anomaly,3,medium
TATT,us,63.5139,51.0778,0.020833124007999998,7.2713,20,12.436099999999996,False,broad_institutional,4,high
TAVI,us,95.4241,88.3458,0.09676461399200001,25.0768,20,7.078299999999999,False,dominant_holder,4,high
TAVIR,us,,,,,20,,False,insufficient_data,0,low
TAVIU,us,3.9535,3.9535,0.0004639168810000001,1.6878,20,0.0,False,fragmented_or_mixed,4,high
TAYD,us,52.2601,41.3422,0.016049749918,9.2468,20,10.917900000000003,False,broad_institutional,4,high
TBBB,us,119.8955,87.3393,0.052156071751,10.6095,20,32.556200000000004,True,data_anomaly,3,medium
TBBK,us,112.2372,74.31,0.0435937263,13.5832,20,37.9272,True,data_anomaly,3,medium
TBCH,us,90.5411,70.1908,0.039992065305999996,10.3848,20,20.350300000000004,False,broad_institutional,4,high
TBH,us,6.4215,6.4215,0.0024128287410000006,4.8585,20,0.0,False,fragmented_or_mixed,4,high
TBI,us,110.6443,84.236,0.052119896562,10.7466,20,26.408299999999997,True,data_anomaly,3,medium
TBIO,us,29.33,29.33,0.08602489,29.33,19,0.0,False,dominant_holder,4,high
TBLA,us,80.2242,61.0872,0.045799113179999996,16.2565,20,19.136999999999993,False,broad_institutional,4,high
TBLAW,us,,,,,20,,False,insufficient_data,0,low
TBLT,us,12.7009,12.7009,0.016129762045000003,12.7003,17,0.0,False,fragmented_or_mixed,4,high
TBN,us,43.2117,36.4223,0.016080927811,9.4882,20,6.7894000000000005,False,fragmented_or_mixed,4,high
TBPH,us,104.5729,80.2953,0.07587319678900001,18.3513,20,24.277600000000007,True,data_anomaly,3,medium
TBRG,us,67.9908,54.2203,0.022327040093,7.4283,20,13.770499999999991,False,broad_institutional,4,high
TC,us,0.3534,0.3534,1.231341e-05,0.3509,14,0.0,False,fragmented_or_mixed,4,high
TCBI,us,110.7981,67.7009,0.037830327851000004,11.2021,20,43.0972,True,data_anomaly,3,medium
TCBIO,us,17.7172,17.7172,0.008633573438000001,6.6741,12,0.0,False,fragmented_or_mixed,4,high
TCBK,us,80.8924000000002,55.1976,0.023900006071999998,8.5886,20,25.694800000000193,False,broad_institutional,4,high
TCBP,us,0.0,0.0,0.0,0.0,20,0.0,False,fragmented_or_mixed,4,high
TCBS,us,39.9077,38.5655,0.015326394622999999,8.6001,20,1.3421999999999983,False,fragmented_or_mixed,4,high
TCBX,us,65.8243,36.8103,0.008948560381000002,4.81,20,29.013999999999996,False,broad_institutional,4,high
TCGL,us,78.5906,78.5906,0.216123951768,44.1216,20,0.0,False,dominant_holder,4,high
TCI,us,106.3857,106.1081,0.6466803467569997,78.3826,20,0.27760000000000673,True,data_anomaly,2,medium
TCMD,us,104.3354,65.8926,0.025932104161999998,6.8514,20,38.442800000000005,True,data_anomaly,3,medium
TCOM,us,26.8412,17.2255,0.0042000500770000004,5.5256,20,9.6157,False,fragmented_or_mixed,4,high
TCPC,us,28.3376,23.1861,0.004593715829,3.6346,20,5.151499999999999,False,fragmented_or_mixed,4,high
TCRT,us,21.0358,20.9746,0.008120269721999999,7.7416,20,0.06119999999999948,False,fragmented_or_mixed,4,high
TCRX,us,55.5721,50.8606,0.033491246344000004,13.1302,20,4.711500000000001,False,broad_institutional,4,high
TCX,us,88.9253000000001,82.6172,0.07679767979200001,19.0021,20,6.30810000000011,False,broad_institutional,4,high
TD,us,57.6625000000007,32.8136,0.006145595848000001,3.0215,20,24.848900000000697,False,broad_institutional,4,high
TDAC,us,84.8919,65.4451,0.025216227857000006,6.7327,20,19.44680000000001,False,broad_institutional,4,high
TDACU,us,5.554,5.554,0.0009735307720000001,2.1739,20,0.0,False,fragmented_or_mixed,4,high
TDAY,us,103.829,77.331,0.040697916144,9.9198,20,26.49799999999999,True,data_anomaly,3,medium
TDC,us,116.9038,70.0723,0.04084509910299999,11.7575,20,46.831500000000005,True,data_anomaly,3,medium
TDG,us,99.4051999999999,64.8235,0.03513242966499999,9.8236,20,34.5816999999999,False,broad_institutional,4,high
TDI,us,22.6208,22.35,0.009751565046000001,9.0389,20,0.2707999999999977,False,fragmented_or_mixed,4,high
TDIC,us,43.888,43.888,0.11114370431,30.663,11,0.0,False,dominant_holder,4,high
TDOC,us,85.1451000000001,55.5602,0.021828346378,6.958,20,29.584900000000097,False,broad_institutional,4,high
TDS,us,108.9218,72.367,0.041289135654,12.7294,20,36.5548,True,data_anomaly,3,medium
TDTH,us,0.8298,0.8298,1.9533748e-05,0.3133,20,0.0,False,fragmented_or_mixed,4,high
TDUP,us,97.8075,62.2933,0.028367849724999995,8.5585,20,35.5142,False,broad_institutional,4,high
TDW,us,114.2102,72.9456,0.041578822614000005,13.1783,20,41.2646,True,data_anomaly,3,medium
TDWD,us,76.6182,59.2939,0.021223454189000006,7.5864,20,17.3243,False,broad_institutional,4,high
TDWDR,us,,,,,20,,False,insufficient_data,0,low
TDWDU,us,8.1708,8.1708,0.001094757922,2.2478,20,0.0,False,fragmented_or_mixed,4,high
TDY,us,101.7625,59.7213,0.025728724075,7.2481,20,42.0412,True,data_anomaly,3,medium
TE,us,85.7315000000002,64.4542,0.03954091251399999,12.5303,20,21.277300000000196,False,broad_institutional,4,high
TEAD,us,82.8905,78.1647,0.21554349101099998,45.1071,20,4.725800000000007,False,dominant_holder,4,high
TEAM,us,111.6019,60.8743,0.025875423179,8.4151,20,50.7276,True,data_anomaly,3,medium
TECH,us,118.8381,60.0288,0.021788341202000003,6.5334,20,58.8093,True,data_anomaly,3,medium
TECK,us,80.4629000000003,38.9446,0.009382647622000001,4.574,20,41.5183000000003,False,broad_institutional,4,high
TECX,us,119.027,99.2972,0.10619652197400001,23.9596,20,19.729799999999997,True,data_anomaly,3,medium
TEF,us,0.510199999999999,0.4828,3.0821060000000003e-06,0.1147,20,0.02739999999999898,False,fragmented_or_mixed,4,high
TEKY,us,6.4493,6.4493,0.001481525049,3.168,6,0.0,False,fragmented_or_mixed,4,high
TEL,us,99.2550000000004,48.3322,0.017917223589999996,6.579,20,50.92280000000039,False,broad_institutional,4,high
TELA,us,76.5656,73.6098,0.06302605263399998,17.2334,20,2.9557999999999964,False,broad_institutional,4,high
TELO,us,51.0935,50.9032,0.07989127720000001,25.3902,20,0.19030000000000058,False,dominant_holder,4,high
TEM,us,92.0954000000001,68.6242,0.03480274191,9.0123,20,23.471200000000096,False,broad_institutional,4,high
TEN,us,58.9100000000001,48.4638,0.018959066600000005,8.2483,20,10.446200000000104,False,broad_institutional,4,high
TENB,us,108.6955,64.1044,0.031020156634000005,9.5691,20,44.5911,True,data_anomaly,3,medium
TENX,us,51.4008,38.6564,0.008741208098,3.8364,20,12.744399999999999,False,broad_institutional,4,high
TEN_PE,us,1.0923,1.0923,0.00011931192900000001,1.0923,2,0.0,False,fragmented_or_mixed,4,high
TEN_PF,us,1.141,1.141,0.00010728534799999999,1.0298,2,0.0,False,fragmented_or_mixed,4,high
TEO,us,12.5428,11.3616,0.0012072109919999997,1.9903,20,1.1812000000000005,False,fragmented_or_mixed,4,high
TER,us,98.5858000000002,47.5385,0.018390462545000003,7.1236,20,51.047300000000206,False,broad_institutional,4,high
TERN,us,105.9643,54.177,0.017933665248,6.2787,20,51.787299999999995,True,data_anomaly,3,medium
TEVA,us,65.1550000000002,42.0862,0.011623352816,3.9467,20,23.068800000000202,False,broad_institutional,4,high
TEX,us,91.0670000000004,55.8381,0.027370982649,10.9104,20,35.22890000000041,False,broad_institutional,4,high
TE_T,us,,,,,20,,False,insufficient_data,0,low
TFC,us,79.1672000000002,43.2793,0.017372479621000005,6.9181,20,35.887900000000194,False,broad_institutional,4,high
TFC_PI,us,12.0475,12.0475,0.005270173638999998,6.725,14,0.0,False,fragmented_or_mixed,4,high
TFC_PR,us,23.1752,23.1288,0.0091697308,6.7063,20,0.046400000000001995,False,fragmented_or_mixed,4,high
TFII,us,85.0952000000001,59.6402,0.026288691195999997,8.707,20,25.455000000000105,False,broad_institutional,4,high
TFIN,us,103.8469,71.2501,0.04197626885700001,12.8503,20,32.5968,True,data_anomaly,3,medium
TFPM,us,90.1558000000002,79.8964,0.419891552692,64.6794,20,10.259400000000198,False,dominant_holder,4,high
TFSL,us,95.0870000000001,91.4514,0.656707612142,80.989,20,3.635600000000096,False,dominant_holder,4,high
TFX,us,109.2283,76.1614,0.04507549957599999,11.3464,20,33.066900000000004,True,data_anomaly,3,medium
TG,us,92.3927,75.1109,0.088746234191,20.9432,20,17.281800000000004,False,dominant_holder,4,high
TGAA,us,74.9628,74.9628,0.28920466893799995,49.3916,20,0.0,False,dominant_holder,4,high
TGB,us,59.2705000000001,37.4001,0.015219448653,9.5975,20,21.870400000000096,False,broad_institutional,4,high
TGE,us,9.8358,9.8358,0.0025837867979999997,3.3419,20,0.0,False,fragmented_or_mixed,4,high
TGEN,us,74.1006,61.5781,0.038037200071,12.3659,20,12.5225,False,broad_institutional,4,high
TGHL,us,16.0622,16.0622,0.007357280690000001,7.0629,15,0.0,False,fragmented_or_mixed,4,high
TGL,us,9.6756,9.6756,0.0018398071540000002,2.6567,20,0.0,False,fragmented_or_mixed,4,high
TGLS,us,93.6384000000002,83.391,0.20439272218799998,42.7675,20,10.247400000000198,False,dominant_holder,4,high
TGNA,us,19.3008,16.1056,0.002343155876,3.1279,20,3.1952,False,fragmented_or_mixed,4,high
TGS,us,14.1916,11.8297,0.0018586889989999997,3.3768,20,2.3618999999999986,False,fragmented_or_mixed,4,high
TGT,us,81.2589000000008,40.3055,0.017579765353,8.254,20,40.953400000000805,False,broad_institutional,4,high
TGTX,us,78.7079000000001,53.0473,0.030808668939,12.6005,20,25.660600000000095,False,broad_institutional,4,high
TH,us,82.7194000000001,71.4875,0.21757201438300006,46.1698,20,11.23190000000011,False,dominant_holder,4,high
THAR,us,34.4066,32.0152,0.008521672008,4.7425,20,2.3913999999999973,False,fragmented_or_mixed,4,high
THC,us,102.0939,65.2533,0.03374129803100001,8.8079,20,36.84060000000001,True,data_anomaly,3,medium
THCH,us,70.6701,70.6701,0.2580650948390001,48.59,20,0.0,False,dominant_holder,4,high
THFF,us,87.8925,57.2922,0.024060076743999997,8.7664,20,30.600299999999997,False,broad_institutional,4,high
THG,us,93.3892000000001,56.4888,0.022895898434000004,8.9164,20,36.900400000000104,False,broad_institutional,4,high
THH,us,42.722,42.722,0.1656427972,40.6655,13,0.0,False,dominant_holder,4,high
THM,us,75.1601,74.3873,0.18306592329099997,39.9357,20,0.7728000000000037,False,dominant_holder,4,high
THMO,us,0.0,0.0,0.0,0.0,2,0.0,False,fragmented_or_mixed,4,high
THO,us,110.463,77.6866,0.04292497603199999,9.4187,20,32.776399999999995,True,data_anomaly,3,medium
THR,us,109.4747,64.0601,0.027435311652999995,8.4012,20,45.41459999999999,True,data_anomaly,3,medium
THRM,us,106.4643,70.2016,0.038702605244,13.4304,20,36.262699999999995,True,data_anomaly,3,medium
THRY,us,101.0473,74.667,0.058524355756000006,19.0392,20,26.380300000000005,True,data_anomaly,3,medium
THS,us,24.0951,21.4266,0.005151941728,4.294,20,2.668499999999998,False,fragmented_or_mixed,4,high
THTX,us,0.0959,0.0959,9.19681e-07,0.0959,12,0.0,False,fragmented_or_mixed,4,high
TIC,us,96.3358999999999,81.5243,0.06026376729900001,15.5445,20,14.811599999999899,False,broad_institutional,4,high
TIGO,us,93.6144,72.3406,0.21722261434600001,45.9482,20,21.27380000000001,False,dominant_holder,4,high
TIGR,us,51.8813,43.8488,0.017839475627999996,8.9719,20,8.032500000000006,False,broad_institutional,4,high
TII,us,66.1165,65.9308,0.25634549442399995,49.6309,20,0.1856999999999971,False,dominant_holder,4,high
TIL,us,70.6537,68.7972,0.097098247416,28.0007,20,1.856499999999997,False,dominant_holder,4,high
TILE,us,104.087,63.2984,0.03623580794000002,14.1302,20,40.7886,True,data_anomaly,3,medium
TIMB,us,5.1037,3.7417,0.000146352423,0.7998,20,1.362,False,fragmented_or_mixed,4,high
TIPT,us,84.9619999999999,68.7625,0.090429017511,26.8443,20,16.1994999999999,False,dominant_holder,4,high
TIRX,us,0.3206,0.3206,2.22539e-06,0.0972,15,0.0,False,fragmented_or_mixed,4,high
TISI,us,66.1277,64.1767,0.13213950613099998,35.095,20,1.9510000000000076,False,dominant_holder,4,high
TITN,us,106.1333,74.6864,0.03755270598600001,10.1637,20,31.4469,True,data_anomaly,3,medium
TIVC,us,25.3397,25.3397,0.014083900597000001,10.605,20,0.0,False,fragmented_or_mixed,4,high
TIXT,us,0.1444,0.1444,6.967060000000001e-07,0.0534,20,0.0,False,fragmented_or_mixed,4,high
TJGC,us,37.3258,37.3258,0.04178950695599999,16.1056,15,0.0,False,fragmented_or_mixed,4,high
TJX,us,94.1288000000027,37.8509,0.012895985495,6.532,20,56.277900000002695,False,broad_institutional,4,high
TK,us,88.9791000000001,71.5768,0.14532410428999998,36.7031,20,17.402300000000096,False,dominant_holder,4,high
TKC,us,8.8274,7.4444,0.0006626466360000001,2.0691,20,1.383000000000001,False,fragmented_or_mixed,4,high
TKLF,us,66.2674,66.2674,0.15523814569200003,32.0713,20,0.0,False,dominant_holder,4,high
TKNO,us,94.5991000000001,91.9928,0.49973488749399997,70.3502,20,2.606300000000104,False,dominant_holder,4,high
TKO,us,120.6997,76.0201,0.039486884365,8.5935,20,44.67960000000001,True,data_anomaly,3,medium
TKR,us,101.4363,52.7903,0.018791864331000004,7.5151,20,48.646,True,data_anomaly,3,medium
TLF,us,61.019,60.6102,0.13721473365799994,35.0944,20,0.4087999999999994,False,dominant_holder,4,high
TLGY,us,22.8363,22.8363,0.019047617241,12.6286,20,0.0,False,fragmented_or_mixed,4,high
TLIH,us,80.8868,80.8868,0.6451721075500001,80.3223,10,0.0,False,dominant_holder,4,high
TLK,us,5.9964,4.8519,0.000696638237,2.5418,20,1.1445000000000007,False,fragmented_or_mixed,4,high
TLN,us,109.9174,65.3982,0.031443504438,8.3916,20,44.5192,True,data_anomaly,3,medium
TLNC,us,60.5335,53.3048,0.021138293260000003,7.8858,20,7.228699999999996,False,broad_institutional,4,high
TLNCU,us,36.2117,36.2106,0.017824311212000003,8.8433,20,0.001100000000000989,False,fragmented_or_mixed,4,high
TLPH,us,56.8533,55.5738,0.048611510512000015,17.5163,20,1.2794999999999987,False,broad_institutional,4,high
TLRY,us,10.7577,7.2127,0.0005907275649999999,2.0766,20,3.545,False,fragmented_or_mixed,4,high
TLS,us,83.3861000000001,60.6455,0.034629188783,12.5856,20,22.7406000000001,False,broad_institutional,4,high
TLSA,us,50.9414,50.8064,0.12949848431399996,35.0897,20,0.13500000000000512,False,dominant_holder,4,high
TLSI,us,56.0314000000001,49.2526,0.02420182095,11.3809,20,6.778800000000096,False,broad_institutional,4,high
TLSIW,us,,,,,20,,False,insufficient_data,0,low
TLX,us,0.6646,0.6357,5.0665670000000005e-06,0.1662,20,0.028899999999999926,False,fragmented_or_mixed,4,high
TLYS,us,105.8999,94.7269,0.15352867860099997,34.7604,20,11.173000000000002,True,data_anomaly,3,medium
TM,us,2.17020000000004,1.4951,4.1186111e-05,0.5968,20,0.6751000000000398,False,fragmented_or_mixed,4,high
TMAR,us,56.4692,56.4692,0.07410023765999997,22.6922,13,0.0,False,dominant_holder,4,high
TMC,us,60.9352000000001,55.1082,0.050016707532,14.639,20,5.827000000000105,False,broad_institutional,4,high
TMCI,us,80.7658,66.3362,0.057741119598,18.6977,20,14.429599999999994,False,broad_institutional,4,high
TMCR,us,60.3594,60.3594,0.10939122462400001,22.9323,9,0.0,False,dominant_holder,4,high
TMCWW,us,,,,,20,,False,insufficient_data,0,low
TMDE,us,83.2054,83.2054,0.434060959014,65.0818,16,0.0,False,dominant_holder,4,high
TMDX,us,115.1651,66.3562,0.046773149449999996,13.7451,20,48.808899999999994,True,data_anomaly,3,medium
TME,us,58.6451000000001,32.8055,0.007789023609,5.7392,20,25.839600000000097,False,broad_institutional,4,high
TMHC,us,105.3834,63.9303,0.03421361412499999,12.5523,20,41.45309999999999,True,data_anomaly,3,medium
TMO,us,93.7744000000025,36.8562,0.0115550747,6.5337,20,56.9182000000025,False,broad_institutional,4,high
TMP,us,78.3254,58.9936,0.037506280074,12.2989,20,19.3318,False,broad_institutional,4,high
TMQ,us,61.3519000000001,56.643,0.054318313978,18.2955,20,4.708900000000099,False,broad_institutional,4,high
TMS,us,82.3665,69.0045,0.038994015117,10.4162,20,13.362000000000009,False,broad_institutional,4,high
TMTS,us,8.1299,8.1299,0.004427621037,6.5217,5,0.0,False,fragmented_or_mixed,4,high
TMUS,us,102.349600000002,79.0498,0.29900132248799993,54.2632,20,23.299800000001994,True,data_anomaly,3,medium
TNC,us,104.1901,70.5425,0.04252054444699999,14.6115,20,33.6476,True,data_anomaly,3,medium
TNDM,us,118.2469,76.9146,0.043983840473999995,14.0087,20,41.332300000000004,True,data_anomaly,3,medium
TNET,us,96.9417,73.968,0.16265043976000004,39.3643,20,22.973699999999994,False,dominant_holder,4,high
TNGX,us,116.535,83.7722,0.042882041156,8.1936,20,32.7628,True,data_anomaly,3,medium
TNK,us,89.6646000000001,63.2628,0.05525408302800001,20.0491,20,26.401800000000108,False,dominant_holder,4,high
TNL,us,111.2545,59.5574,0.028935811625999997,9.8131,20,51.69709999999999,True,data_anomaly,3,medium
TNMG,us,28.2645,28.2645,0.012555206075,5.8427,20,0.0,False,fragmented_or_mixed,4,high
TNON,us,12.6645,12.6289,0.003760373581,5.6775,20,0.03560000000000052,False,fragmented_or_mixed,4,high
TNXP,us,46.9151,42.9066,0.016976165802,6.9066,20,4.008500000000005,False,fragmented_or_mixed,4,high
TNYA,us,50.8771,46.083,0.05591668542800001,22.7253,20,4.7941,False,dominant_holder,4,high
TOI,us,63.3678,51.0024,0.022803711034,10.6327,20,12.365400000000001,False,broad_institutional,4,high
TOIIW,us,,,,,20,,False,insufficient_data,0,low
TOL,us,93.9454000000005,55.1665,0.025100930450999995,9.3516,20,38.778900000000505,False,broad_institutional,4,high
TOMZ,us,34.2258,34.1732,0.023469676576000003,10.3906,20,0.052599999999998204,False,fragmented_or_mixed,4,high
TONX,us,74.9819999999999,69.3215,0.073919901455,21.2659,20,5.6604999999998995,False,dominant_holder,4,high
TOON,us,31.363,30.1492,0.013599160885999996,8.7896,20,1.213799999999999,False,fragmented_or_mixed,4,high
TOP,us,3.3245,3.3245,0.001080192591,3.2866,18,0.0,False,fragmented_or_mixed,4,high
TOPP,us,53.6305,53.6305,0.08526857947499998,23.0769,17,0.0,False,dominant_holder,4,high
TOPS,us,62.5877,62.5877,0.286079165447,52.8851,20,0.0,False,dominant_holder,4,high
TORO,us,77.2231,77.223,0.5512050142359999,74.2187,20,0.00010000000000331966,False,dominant_holder,4,high
TOST,us,91.3812000000002,47.2007,0.016061992536999994,5.9309,20,44.18050000000021,False,broad_institutional,4,high
TOUR,us,9.2024,9.2024,0.0024437733460000006,3.9606,20,0.0,False,fragmented_or_mixed,4,high
TOVX,us,5.8099,5.8087,0.0004296701849999999,1.6107,20,0.0011999999999998678,False,fragmented_or_mixed,4,high
TOWN,us,68.4331000000001,45.4788,0.016237598416,5.877,20,22.954300000000096,False,broad_institutional,4,high
TOYO,us,79.6822,79.588,0.507100800556,71.0206,20,0.09420000000000073,False,dominant_holder,4,high
TPB,us,103.5474,58.5329,0.021250324977,6.6589,20,45.0145,True,data_anomaly,3,medium
TPC,us,98.8311,55.1592,0.025573619876,11.1579,20,43.67190000000001,False,broad_institutional,4,high
TPCS,us,32.8483,31.4388,0.00819007477,4.3255,20,1.4095000000000013,False,fragmented_or_mixed,4,high
TPET,us,6.4754,6.4702,0.000733815514,2.0961,20,0.005199999999999427,False,fragmented_or_mixed,4,high
TPG,us,91.2975000000002,58.087,0.022525468079999996,6.5179,20,33.210500000000195,False,broad_institutional,4,high
TPH,us,105.0023,69.6798,0.042120510898,14.5051,20,35.322500000000005,True,data_anomaly,3,medium
TPHS,us,60.9732,60.9732,0.181374141592,40.2823,20,0.0,False,dominant_holder,4,high
TPIC,us,41.3185,41.3177,0.04216619057899999,15.5687,20,0.0007999999999981355,False,fragmented_or_mixed,4,high
TPL,us,74.8965000000002,50.2635,0.035173025387,14.6576,20,24.6330000000002,False,broad_institutional,4,high
TPR,us,99.9961000000002,48.4537,0.017654937047,6.5113,20,51.5424000000002,False,broad_institutional,4,high
TPST,us,58.0677,58.0659,0.14728398387099997,31.7193,20,0.0018000000000029104,False,dominant_holder,4,high
TPVG,us,12.6292,10.35,0.0013190952820000001,3.0505,20,2.2792000000000012,False,fragmented_or_mixed,4,high
TR,us,89.5509,80.055,0.233526806166,47.2416,20,9.495899999999992,False,dominant_holder,4,high
TRAD,us,19.0051,19.0051,0.010799620833000002,7.2282,5,0.0,False,fragmented_or_mixed,4,high
TRAK,us,59.9771,50.6062,0.047664996284,20.0913,20,9.370899999999999,False,dominant_holder,4,high
TRAW,us,45.2118,44.6579,0.024350080835,9.1181,20,0.5538999999999987,False,fragmented_or_mixed,4,high
TRAX,us,59.0512,56.8376,0.065801512624,22.584,20,2.2135999999999996,False,dominant_holder,4,high
TRAXV,us,59.0512,56.8376,0.065801512624,22.584,20,2.2135999999999996,False,dominant_holder,4,high
TRC,us,87.3738999999999,72.4578,0.04409004851800001,14.2404,20,14.9160999999999,False,broad_institutional,4,high
TRDA,us,90.4020000000001,75.0043,0.056031120463,13.0671,20,15.3977000000001,False,broad_institutional,4,high
TREE,us,98.0299,69.6173,0.046036801175,15.9143,20,28.412599999999998,False,broad_institutional,4,high
TREX,us,111.9921,63.0669,0.029678648498999996,9.0381,20,48.9252,True,data_anomaly,3,medium
TRGP,us,99.9769000000004,54.8504,0.025105234408000002,7.0086,20,45.1265000000004,False,broad_institutional,4,high
TRGS,us,2.9625,2.9625,0.00043862501300000005,1.8642,3,0.0,False,fragmented_or_mixed,4,high
TRI,us,101.4043,86.8990999999999,0.49853691283499996,70.4618,20,14.505200000000102,True,data_anomaly,3,medium
TRIB,us,22.6554,22.6534,0.016519303812,11.0512,20,0.0019999999999988916,False,fragmented_or_mixed,4,high
TRIN,us,28.0171,18.2408,0.002034548946,1.7193,20,9.776299999999999,False,fragmented_or_mixed,4,high
TRIP,us,111.4142,70.0799,0.038867374629,13.3081,20,41.3343,True,data_anomaly,3,medium
TRLV,us,15.9781,15.7614,0.007487627346000001,6.2632,20,0.21669999999999945,False,fragmented_or_mixed,4,high
TRMB,us,98.7055000000002,53.7931,0.019909280750999996,6.582,20,44.9124000000002,False,broad_institutional,4,high
TRMD,us,59.8185,50.3755,0.060913312692999995,19.8598,20,9.442999999999998,False,broad_institutional,4,high
TRMK,us,84.4558000000001,63.0392,0.039170084346,13.2517,20,21.416600000000095,False,broad_institutional,4,high
TRML,us,4.6853,4.6853,0.0011456118490000002,2.8797,20,0.0,False,fragmented_or_mixed,4,high
TRN,us,93.8819000000001,66.2855,0.042933391231,14.2643,20,27.596400000000102,False,broad_institutional,4,high
TRNO,us,112.6513,72.345,0.049521734092,14.7019,20,40.30630000000001,True,data_anomaly,3,medium
TRNR,us,1.7165,1.7165,0.00013966432899999997,0.8941,20,0.0,False,fragmented_or_mixed,4,high
TRNS,us,104.214,71.0092,0.033080319508,8.8222,20,33.20479999999999,True,data_anomaly,3,medium
TRON,us,91.4544,91.2607,0.783936649793,88.5362,20,0.19370000000000687,False,dominant_holder,4,high
TROO,us,60.1668,60.1668,0.079918786276,18.9362,20,0.0,False,broad_institutional,4,high
TROW,us,90.6248000000001,49.4545,0.021877483686999998,7.8025,20,41.170300000000104,False,broad_institutional,4,high
TROX,us,98.9216000000001,71.7758,0.07081477017400001,23.5576,20,27.145800000000094,False,dominant_holder,4,high
TRP,us,76.3175000000004,38.6179,0.008803954595,4.304,20,37.699600000000395,False,broad_institutional,4,high
TRS,us,123.2689,85.7879,0.052739874723000006,11.6409,20,37.48100000000001,True,data_anomaly,3,medium
TRSG,us,83.127,83.127,0.09840319376999998,19.0783,16,0.0,False,broad_institutional,4,high
TRST,us,85.1899999999999,64.6845,0.04104873340100001,14.1082,20,20.5054999999999,False,broad_institutional,4,high
TRT,us,55.6433,54.1907,0.03503830802699999,12.4621,20,1.4526000000000039,False,broad_institutional,4,high
TRTN_PB,us,8.3415,8.3415,0.004473043571000003,6.5688,7,0.0,False,fragmented_or_mixed,4,high
TRTN_PC,us,34.7481,34.7481,0.05443739368500001,21.962,9,0.0,False,dominant_holder,4,high
TRTN_PD,us,24.4107,24.4107,0.023967326165,13.4717,8,0.0,False,fragmented_or_mixed,4,high
TRTN_PE,us,29.2785,29.2785,0.025641605714999998,13.4477,7,0.0,False,fragmented_or_mixed,4,high
TRTN_PF,us,35.0663,35.0663,0.076518712577,26.8247,7,0.0,False,dominant_holder,4,high
TRTN_PG,us,15.6278,15.6278,0.008316487065999998,6.6453,6,0.0,False,fragmented_or_mixed,4,high
TRTX,us,83.4873,58.5112,0.025123472512000006,9.0923,20,24.976100000000002,False,broad_institutional,4,high
TRTX_PC,us,20.9625,20.9625,0.010078649041,6.6619,12,0.0,False,fragmented_or_mixed,4,high
TRU,us,112.7319,74.2427,0.042440057891,12.1126,20,38.4892,True,data_anomaly,3,medium
TRUE,us,15.8363,14.3835,0.002416900959,3.4565,20,1.4527999999999999,False,fragmented_or_mixed,4,high
TRUP,us,98.7479999999999,72.3517,0.04604291062299999,11.2752,20,26.39629999999991,False,broad_institutional,4,high
TRV,us,87.4809000000002,45.5603,0.020006134623,7.7353,20,41.920600000000206,False,broad_institutional,4,high
TRVG,us,67.6433,66.5774,0.12116577252599998,29.7202,20,1.0658999999999992,False,dominant_holder,4,high
TRVI,us,98.7816,64.5955,0.028965411504999997,9.3128,20,34.186099999999996,False,broad_institutional,4,high
TRVN,us,0.4839,0.4839,7.269395e-06,0.2208,20,0.0,False,fragmented_or_mixed,4,high
TRX,us,9.9918,8.1177,0.0005271282130000001,1.237,20,1.8741000000000003,False,fragmented_or_mixed,4,high
TS,us,7.32620000000001,5.5788,0.00032080392400000003,1.322,20,1.7474000000000096,False,fragmented_or_mixed,4,high
TSAT,us,60.831,51.2693,0.039455670124999995,16.7928,20,9.561700000000002,False,broad_institutional,4,high
TSBK,us,75.4409000000001,57.7146,0.022557241181999997,7.1164,20,17.7263000000001,False,broad_institutional,4,high
TSCO,us,96.6525000000001,53.2946,0.019965525672000002,6.5376,20,43.3579000000001,False,broad_institutional,4,high
TSE,us,30.9033,29.4846,0.013323616515999998,9.5733,20,1.4187000000000012,False,fragmented_or_mixed,4,high
TSEM,us,81.6158000000001,46.102,0.019402716038,5.9776,20,35.51380000000011,False,broad_institutional,4,high
TSHA,us,96.3001,74.7541,0.036651787021,8.0059,20,21.546000000000006,False,broad_institutional,4,high
TSI_R,us,,,,,2,,False,insufficient_data,0,low
TSI_R_W,us,,,,,5,,False,insufficient_data,0,low
TSLA,us,61.5559000000046,41.5648,0.036767144926000014,17.7129,20,19.9911000000046,False,broad_institutional,4,high
TSLX,us,56.2284,32.4149,0.007488816583000001,5.0858,20,23.813499999999998,False,broad_institutional,4,high
TSM,us,15.6194999999997,5.7414,0.000270759688,1.1088,20,9.878099999999701,False,fragmented_or_mixed,4,high
TSN,us,95.2662000000002,56.461,0.023391269412000003,6.4925,20,38.8052000000002,False,broad_institutional,4,high
TSQ,us,81.6645,65.8143,0.048222275939000005,17.2272,20,15.850200000000001,False,broad_institutional,4,high
TSSI,us,55.2743,43.8436,0.016619515951999994,7.6713,20,11.430699999999995,False,broad_institutional,4,high
TT,us,92.1588000000007,44.1863,0.016588195099000003,6.5064,20,47.97250000000069,False,broad_institutional,4,high
TTAM,us,102.0687,99.7193,0.7529369501189997,86.6672,20,2.349400000000003,True,data_anomaly,3,medium
TTAN,us,105.2823,63.7888,0.032471013166000005,11.9424,20,41.493500000000004,True,data_anomaly,3,medium
TTC,us,98.2853000000003,61.057,0.028661339208,8.4846,20,37.2283000000003,False,broad_institutional,4,high
TTD,us,85.5670000000003,51.3168,0.026079091667999998,10.523,20,34.250200000000305,False,broad_institutional,4,high
TTE,us,66.0784000000012,39.9727,0.019962608805000004,8.8129,20,26.105700000001193,False,broad_institutional,4,high
TTEC,us,90.7617,82.7673,0.333701812333,57.2424,20,7.994399999999999,False,dominant_holder,4,high
TTEK,us,102.1448,52.8282,0.020969497032,8.8231,20,49.3166,True,data_anomaly,3,medium
TTGT,us,101.5356,93.2664,0.34807068674200003,57.6095,20,8.269199999999998,True,data_anomaly,3,medium
TTI,us,87.8470000000001,51.6687,0.016487885913000003,6.2301,20,36.17830000000009,False,broad_institutional,4,high
TTMI,us,99.4883000000001,57.5896,0.027807669423999995,11.4143,20,41.8987000000001,False,broad_institutional,4,high
TTNP,us,49.4297,49.4297,0.085657432685,19.9899,7,0.0,False,fragmented_or_mixed,4,high
TTOO,us,5.3792,5.3792,0.002860699788,5.3485,20,0.0,False,fragmented_or_mixed,4,high
TTRX,us,56.899,56.7038,0.2786127818900001,52.7603,20,0.19519999999999982,False,dominant_holder,4,high
TTSH,us,48.3452,48.3452,0.060571574094000005,17.734,20,0.0,False,fragmented_or_mixed,4,high
TTWO,us,101.143500000001,57.1642,0.023829488378,6.4743,20,43.979300000001,True,data_anomaly,3,medium
TU,us,51.9768000000001,32.3106,0.005786247002,3.09,20,19.666200000000096,False,broad_institutional,4,high
TULP,us,33.034,33.034,0.023476523403999996,10.3906,20,0.0,False,fragmented_or_mixed,4,high
TURB,us,64.6262,64.6262,0.3959986694819999,62.9214,18,0.0,False,dominant_holder,4,high
TUSK,us,68.3992000000001,62.4342,0.091704681532,25.0605,20,5.96500000000011,False,dominant_holder,4,high
TUYA,us,46.4748,43.8356,0.041174107146,13.8658,20,2.6392000000000024,False,fragmented_or_mixed,4,high
TV,us,27.5055,25.0641,0.007816029001,5.4229,20,2.4414000000000016,False,fragmented_or_mixed,4,high
TVA,us,93.8836,75.7235,0.03680107604699999,9.7775,20,18.1601,False,broad_institutional,4,high
TVACU,us,11.6626,11.6626,0.006240655748000001,6.0113,20,0.0,False,fragmented_or_mixed,4,high
TVAI,us,102.759,77.2192,0.035653140716000016,8.5418,20,25.5398,True,data_anomaly,3,medium
TVAIR,us,,,,,20,,False,insufficient_data,0,low
TVAIU,us,15.3471,15.3471,0.007913544835000001,6.1828,20,0.0,False,fragmented_or_mixed,4,high
TVGN,us,82.198,81.8738,0.35668611333000005,59.0037,20,0.3241999999999905,False,dominant_holder,4,high
TVGNW,us,,,,,20,,False,insufficient_data,0,low
TVIV,us,7.0155,7.0155,0.004921724025000001,7.0155,1,0.0,False,fragmented_or_mixed,4,high
TVRD,us,48.5723,45.365,0.018632767924000003,6.7053,20,3.2072999999999965,False,fragmented_or_mixed,4,high
TVTX,us,113.1588,70.5199,0.036435793853,11.3032,20,42.63889999999999,True,data_anomaly,3,medium
TW,us,106.2456,61.7441,0.06533210987799999,12.7719,40,44.50149999999999,True,data_anomaly,3,medium
TWAV,us,18.2774,18.2774,0.006481036540000001,6.7536,20,0.0,False,fragmented_or_mixed,4,high
TWFG,us,96.3462999999999,74.3241,0.03682395434500001,8.3202,20,22.0221999999999,False,broad_institutional,4,high
TWG,us,25.7447,25.7447,0.020261288553000006,13.1676,20,0.0,False,fragmented_or_mixed,4,high
TWI,us,94.7124000000001,70.6326,0.046436252174,13.7956,20,24.079800000000105,False,broad_institutional,4,high
TWIN,us,89.7702,70.6792,0.06558892377400001,18.0317,20,19.091000000000008,False,broad_institutional,4,high
TWLO,us,94.9436000000003,50.8037,0.022089023927,8.7235,20,44.1399000000003,False,broad_institutional,4,high
TWLV,us,45.5134,45.0992,0.015359900858000002,7.6078,20,0.4141999999999939,False,fragmented_or_mixed,4,high
TWLVR,us,,,,,20,,False,insufficient_data,0,low
TWLVU,us,18.6413,18.6413,0.004452930793000001,4.5198,20,0.0,False,fragmented_or_mixed,4,high
TWNP,us,94.9534,94.9534,0.897534395996,94.7382,20,0.0,False,dominant_holder,4,high
TWO,us,75.0327000000001,53.0549,0.032382787690999996,14.6486,20,21.9778000000001,False,broad_institutional,4,high
TWO_PA,us,14.1103,14.1103,0.0064472623150000005,6.6611,9,0.0,False,fragmented_or_mixed,4,high
TWO_PB,us,32.4772,32.4772,0.029169396647999994,14.8918,14,0.0,False,fragmented_or_mixed,4,high
TWO_PC,us,30.5492,30.5492,0.048255987974,20.8259,10,0.0,False,dominant_holder,4,high
TWST,us,124.4263,85.7359,0.05419987010099999,10.2259,20,38.6904,True,data_anomaly,3,medium
TX,us,16.036,13.5464,0.0019836170719999997,2.9262,20,2.489600000000001,False,fragmented_or_mixed,4,high
TXG,us,110.4888,72.0244,0.038133643349999996,10.0253,20,38.4644,True,data_anomaly,3,medium
TXMD,us,37.6129,36.9971,0.019235088111000005,10.3003,20,0.6158000000000001,False,fragmented_or_mixed,4,high
TXN,us,95.276600000003,45.3358,0.015421996876000002,6.4599,20,49.940800000003,False,broad_institutional,4,high
TXNM,us,104.9222,62.9167,0.030831135372999998,10.41,20,42.005500000000005,True,data_anomaly,3,medium
TXRH,us,104.52,61.3747,0.026575123102999993,9.0929,20,43.1453,True,data_anomaly,3,medium
TXT,us,89.5810000000002,55.5533,0.021672289510999997,6.6406,20,34.0277000000002,False,broad_institutional,4,high
TY,us,14.4005,9.7316,0.0006935010120000001,1.3809,20,4.668899999999999,False,fragmented_or_mixed,4,high
TYGO,us,76.3519,70.268,0.059242080136,16.7161,20,6.0839,False,broad_institutional,4,high
TYG_R_W,us,,,,,2,,False,insufficient_data,0,low
TYL,us,104.9998,61.0274,0.02760201669800001,7.6188,20,43.97239999999999,True,data_anomaly,3,medium
TYRA,us,102.7931,84.8208,0.07019178235200002,20.5121,20,17.97229999999999,True,data_anomaly,3,medium
TZOO,us,76.4318,67.9501,0.136276649395,35.6303,20,8.48169999999999,False,dominant_holder,4,high
T_PA,us,3.2743,3.2731,0.00032048557299999995,1.6174,20,0.001200000000000312,False,fragmented_or_mixed,4,high
U,us,80.7171000000001,49.9929,0.020191902048999996,7.9571,20,30.724200000000103,False,broad_institutional,4,high
UA,us,96.9865000000001,84.3502,0.13483350186799997,32.0391,20,12.636300000000105,False,dominant_holder,4,high
UAA,us,112.6582,79.1824,0.08219193911,23.9891,20,33.47579999999999,True,data_anomaly,3,medium
UAC,us,18.0979,18.0979,0.011683919924000004,9.5606,20,0.0,False,fragmented_or_mixed,4,high
UAC_U,us,36.3771,36.3771,0.021258902357000002,10.0386,20,0.0,False,fragmented_or_mixed,4,high
UAL,us,90.1008000000005,53.4245,0.020524113598999996,6.4655,20,36.6763000000005,False,broad_institutional,4,high
UAMY,us,70.1974,54.3394,0.021226388534,6.9978,20,15.858000000000004,False,broad_institutional,4,high
UAVS,us,11.776,10.9993,0.0017906376230000002,3.1063,20,0.7767,False,fragmented_or_mixed,4,high
UBCP,us,30.5186,26.3518,0.006768295861999999,6.6499,20,4.1667999999999985,False,fragmented_or_mixed,4,high
UBER,us,86.269700000002,42.1792,0.015569955812000002,6.5687,20,44.090500000002,False,broad_institutional,4,high
UBS,us,57.4279000000005,34.8256,0.008437509542,5.1075,20,22.602300000000497,False,broad_institutional,4,high
UBSI,us,78.8674000000001,54.8509,0.032899763045,13.357,20,24.0165000000001,False,broad_institutional,4,high
UBX,us,1.4295,1.4295,8.6540553e-05,0.8043,20,0.0,False,fragmented_or_mixed,4,high
UBXG,us,20.7127,20.7127,0.041086228872999994,20.268,16,0.0,False,dominant_holder,4,high
UCAR,us,9.1335,9.1335,0.006301573826999999,7.9081,16,0.0,False,fragmented_or_mixed,4,high
UCB,us,89.1383000000002,62.2245,0.037925581789,13.7463,20,26.9138000000002,False,broad_institutional,4,high
UCFI,us,98.1747,98.1746,0.8351094322680002,91.2977,20,0.00010000000000331966,False,dominant_holder,4,high
UCL,us,28.559,28.559,0.018560906054,9.2794,20,0.0,False,fragmented_or_mixed,4,high
UCTT,us,109.3237,67.5171,0.038929056831,14.0166,20,41.8066,True,data_anomaly,3,medium
UDMY,us,90.6750000000001,72.0645,0.08525375458300001,25.9994,20,18.6105000000001,False,dominant_holder,4,high
UDR,us,109.8993,73.2016,0.041904772208,9.077,20,36.6977,True,data_anomaly,3,medium
UE,us,101.9101,76.2843,0.056182812947000005,15.536,20,25.625799999999998,True,data_anomaly,3,medium
UEC,us,87.0794000000002,64.4716,0.041974898485999994,14.5213,20,22.60780000000021,False,broad_institutional,4,high
UEIC,us,90.6869000000001,75.5387,0.05094785589499999,13.1165,20,15.148200000000088,False,broad_institutional,4,high
UFCS,us,86.8463000000001,59.3106,0.037345303334,11.886,20,27.535700000000098,False,broad_institutional,4,high
UFG,us,46.2198,46.2198,0.06735959049599997,14.9771,20,0.0,False,fragmented_or_mixed,4,high
UFI,us,68.8286,61.8656,0.037868954382,14.2681,20,6.962999999999994,False,broad_institutional,4,high
UFPI,us,90.4344000000001,59.813,0.030628162934000003,12.0707,20,30.621400000000094,False,broad_institutional,4,high
UFPT,us,126.3201,79.8039,0.049923635585,13.1082,20,46.5162,True,data_anomaly,3,medium
UG,us,56.6371,56.213,0.09109058207199999,28.5259,20,0.4240999999999957,False,dominant_holder,4,high
UGI,us,95.9998000000001,54.3891,0.025029374995,10.6237,20,41.61070000000011,False,broad_institutional,4,high
UGP,us,5.9507,4.4719,0.000216054559,1.1908,20,1.4788000000000006,False,fragmented_or_mixed,4,high
UGRO,us,0.2411,0.2411,1.087361e-06,0.0846,20,0.0,False,fragmented_or_mixed,4,high
UHAL,us,103.0316,87.1768,0.264151109802,50.3812,20,15.854799999999997,True,data_anomaly,3,medium
UHALB,us,80.3459000000002,70.3559,0.18781834218099996,42.6986,20,9.990000000000194,False,dominant_holder,4,high
UHG,us,39.6156,38.0032,0.014628902248,7.167,20,1.612400000000001,False,fragmented_or_mixed,4,high
UHGWW,us,,,,,20,,False,insufficient_data,0,low
UHS,us,104.6225,63.1348,0.02711916802,8.1222,20,41.487700000000004,True,data_anomaly,3,medium
UHT,us,73.5511,53.8407,0.033235389243,13.67,20,19.710400000000007,False,broad_institutional,4,high
UI,us,97.7859000000002,95.8787,0.8647348567330001,92.9878,20,1.907200000000202,False,dominant_holder,4,high
UIS,us,89.2816,62.6485,0.025211775205000002,6.8521,20,26.6331,False,broad_institutional,4,high
UK,us,0.0845,0.0845,7.140250000000001e-07,0.0845,11,0.0,False,fragmented_or_mixed,4,high
UL,us,11.5141999999999,6.4716,0.000524088126,1.8536,20,5.0425999999999,False,fragmented_or_mixed,4,high
ULBI,us,77.6889,70.2486,0.15836663787400002,38.3873,20,7.440300000000008,False,dominant_holder,4,high
ULCC,us,101.4219,89.2651,0.134789633827,29.4016,20,12.15679999999999,True,data_anomaly,3,medium
ULH,us,102.053,99.3378,0.2546569278,44.9987,20,2.715199999999996,True,data_anomaly,3,medium
ULS,us,118.6337,71.5932,0.036203778734000006,9.3639,20,47.04050000000001,True,data_anomaly,3,medium
ULTA,us,104.4134,49.6677,0.018932851331000002,6.7096,20,54.74569999999999,True,data_anomaly,3,medium
ULY,us,26.569,26.4886,0.012236646050000003,9.1036,20,0.08039999999999736,False,fragmented_or_mixed,4,high
UMAC,us,51.8736,36.7006,0.010288814892,5.534,20,15.173000000000002,False,broad_institutional,4,high
UMBF,us,100.9391,64.8586,0.03166799431199999,10.6747,20,36.0805,True,data_anomaly,3,medium
UMC,us,6.7949,4.814,0.00015220787600000004,0.5539,20,1.9809,False,fragmented_or_mixed,4,high
UMH,us,86.8280000000001,51.876,0.018527137357999997,7.5326,20,34.952000000000105,False,broad_institutional,4,high
UMH_PD,us,24.7548,24.7548,0.010275320108,6.7248,20,0.0,False,fragmented_or_mixed,4,high
UNB,us,48.7363,44.3594,0.021290013965999992,8.4302,20,4.376899999999999,False,fragmented_or_mixed,4,high
UNCY,us,35.3054,32.2367,0.010345555817000002,6.7038,20,3.0686999999999998,False,fragmented_or_mixed,4,high
UNF,us,103.5327,66.6203,0.037105321975,13.4739,20,36.912400000000005,True,data_anomaly,3,medium
UNFI,us,102.7449,66.0057,0.040893241489,14.4887,20,36.7392,True,data_anomaly,3,medium
UNH,us,87.3335000000045,41.5555,0.013913539396999998,6.4825,20,45.7780000000045,False,broad_institutional,4,high
UNIT,us,94.8536000000002,74.6526,0.084343887174,24.3033,20,20.201000000000192,False,dominant_holder,4,high
UNM,us,89.7876000000001,54.4889,0.029054387913,10.0377,20,35.298700000000096,False,broad_institutional,4,high
UNP,us,92.068700000002,42.6765,0.014706259505000003,6.4901,20,49.392200000002,False,broad_institutional,4,high
UNTY,us,80.1275000000001,58.3636,0.043861880638,18.1381,20,21.7639000000001,False,broad_institutional,4,high
UOKA,us,0.1048,0.1048,6.469520000000001e-07,0.0782,13,0.0,False,fragmented_or_mixed,4,high
UONE,us,56.5944,56.5807,0.04746738515699999,15.1833,20,0.013700000000000045,False,broad_institutional,4,high
UONEK,us,84.8753,84.6509,0.18593506988500003,37.4886,20,0.22440000000000282,False,dominant_holder,4,high
UP,us,94.1078,92.9495,0.27401524002899996,36.3165,20,1.158299999999997,False,dominant_holder,4,high
UPB,us,106.8836,79.7757,0.054614332370999996,13.3624,20,27.1079,True,data_anomaly,3,medium
UPBD,us,99.1558999999999,71.3294,0.04302787324000001,12.4973,20,27.826499999999896,False,broad_institutional,4,high
UPC,us,15.8289,15.8289,0.014928740865000002,11.3793,17,0.0,False,fragmented_or_mixed,4,high
UPLD,us,64.069,56.5015,0.027344825132999996,9.3812,20,7.567500000000003,False,broad_institutional,4,high
UPS,us,70.3470000000003,35.752,0.011741763094,6.4497,20,34.595000000000304,False,broad_institutional,4,high
UPST,us,80.4014000000002,56.5839,0.027998043676999998,11.222,20,23.817500000000194,False,broad_institutional,4,high
UPWK,us,104.4613,66.6373,0.03836380632699999,14.0138,20,37.824,True,data_anomaly,3,medium
UPXI,us,51.8067,48.3522,0.029553739124000007,13.1057,20,3.454499999999996,False,broad_institutional,4,high
URBN,us,111.2854,78.9685,0.06994665017700001,20.5554,20,32.31689999999999,True,data_anomaly,3,medium
URE,us,51.8057,51.8057,0.22296966903699997,47.1326,20,0.0,False,dominant_holder,4,high
URG,us,74.0849000000001,60.1908,0.033143394,12.3411,20,13.894100000000101,False,broad_institutional,4,high
URGN,us,99.8853,68.8246,0.033339835046,9.3262,20,31.060699999999997,False,broad_institutional,4,high
URI,us,98.0766000000004,50.1421,0.018445149287,6.578,20,47.9345000000004,False,broad_institutional,4,high
UROY,us,46.8523,40.6654,0.023183452131999998,12.2447,20,6.186900000000001,False,fragmented_or_mixed,4,high
USAR,us,64.0594000000001,48.0106,0.018751277424000005,6.3684,20,16.0488000000001,False,broad_institutional,4,high
USAS,us,65.0438,49.5377,0.028209882916999995,13.7229,20,15.506100000000004,False,broad_institutional,4,high
USAU,us,56.8692,47.3186,0.017263497514,7.3934,20,9.550599999999996,False,broad_institutional,4,high
USB,us,86.1363000000003,42.7383,0.014291743529000001,6.4753,20,43.3980000000003,False,broad_institutional,4,high
USBC,us,95.6495,95.649,0.8507294406280002,92.186,20,0.0005000000000023874,False,dominant_holder,4,high
USB_PA,us,1.0623,1.0623,6.037433300000001e-05,0.7012,12,0.0,False,fragmented_or_mixed,4,high
USB_PH,us,3.7269,3.7269,0.001292523591,3.5941,20,0.0,False,fragmented_or_mixed,4,high
USB_PP,us,0.0083,0.0083,3.047e-09,0.0052,19,0.0,False,fragmented_or_mixed,4,high
USCB,us,89.7361,75.4844,0.06994511791999998,21.4974,20,14.2517,False,dominant_holder,4,high
USDE,us,22.8363,22.8363,0.019047617241,12.6286,20,0.0,False,fragmented_or_mixed,4,high
USEA,us,31.9101,31.9022,0.024926836940000002,14.6206,20,0.007899999999999352,False,fragmented_or_mixed,4,high
USEG,us,53.3051,51.8226,0.03239963798200001,11.5733,20,1.4825000000000017,False,broad_institutional,4,high
USFD,us,111.9289,69.7026,0.037092016799999995,10.4485,20,42.226299999999995,True,data_anomaly,3,medium
USGO,us,87.5165,86.8089,0.524616240985,72.2317,20,0.7075999999999993,False,dominant_holder,4,high
USIO,us,57.0262,53.7119,0.039473372162999995,12.706,20,3.314300000000003,False,broad_institutional,4,high
USLM,us,94.4464000000001,83.5012,0.38220457245800005,61.5499,20,10.9452000000001,False,dominant_holder,4,high
USNA,us,97.8784000000001,82.8055,0.17538461327900004,40.1253,20,15.072900000000104,False,dominant_holder,4,high
USPH,us,110.0635,74.3933,0.041903904137,13.4428,20,35.67020000000001,True,data_anomaly,3,medium
UTHR,us,104.3274,58.807,0.028356731931999998,10.0941,20,45.520399999999995,True,data_anomaly,3,medium
UTI,us,100.2609,54.4116,0.017325934626,5.753,20,45.84930000000001,True,data_anomaly,3,medium
UTL,us,86.8259000000001,55.5715,0.030192673361000004,13.768,20,31.254400000000103,False,broad_institutional,4,high
UTMD,us,83.4283999999999,63.9104,0.039899155066,14.1158,20,19.517999999999894,False,broad_institutional,4,high
UTSI,us,68.3002,68.3002,0.15414915131,34.5598,20,0.0,False,dominant_holder,4,high
UTZ,us,110.7154,63.9157,0.023824672366999998,5.583,20,46.7997,True,data_anomaly,3,medium
UUU,us,54.1445,54.1391,0.13128029757100002,34.7124,20,0.005400000000001626,False,dominant_holder,4,high
UUUU,us,73.9060000000001,46.4973,0.018269575787,6.7494,20,27.408700000000103,False,broad_institutional,4,high
UVE,us,88.0154000000001,53.4139,0.019037727169000002,7.1028,20,34.6015000000001,False,broad_institutional,4,high
UVSP,us,85.0895000000001,55.6609,0.023350292059,8.5821,20,29.428600000000102,False,broad_institutional,4,high
UVV,us,86.2438000000001,61.429,0.037716089094,13.5567,20,24.814800000000105,False,broad_institutional,4,high
UWMC,us,81.9761000000001,50.5378,0.016565851446,7.047,20,31.438300000000105,False,broad_institutional,4,high
UXIN,us,1.0257,1.0257,5.927761900000001e-05,0.7641,20,0.0,False,fragmented_or_mixed,4,high
UYSC,us,129.2969,122.028,0.14149506099,27.7405,20,7.268899999999988,True,data_anomaly,2,medium
UYSCR,us,,,,,20,,False,insufficient_data,0,low
UYSCU,us,15.06,15.06,0.011750683886,10.0236,20,0.0,False,fragmented_or_mixed,4,high
UZX,us,15.3769,15.3769,0.002989995707,3.0437,17,0.0,False,fragmented_or_mixed,4,high
V,us,92.6839000000061,40.1235,0.013457452089000002,6.4472,20,52.560400000006105,False,broad_institutional,4,high
VABK,us,63.3253,50.7596,0.017945115188,5.5075,20,12.5657,False,broad_institutional,4,high
VAC,us,118.1428,88.3978,0.061019712202000004,12.0281,20,29.74499999999999,True,data_anomaly,3,medium
VACHU,us,0.0488,0.0488,1.3947400000000002e-07,0.0345,20,0.0,False,fragmented_or_mixed,4,high
VACI,us,109.0435,88.8255,0.134242951321,33.8828,20,20.21799999999999,True,data_anomaly,3,medium
VACI_U,us,10.9718,10.9718,0.0015076737580000004,2.1133,20,0.0,False,fragmented_or_mixed,4,high
VAL,us,101.3141,69.0465,0.040110833683,11.2809,20,32.2676,True,data_anomaly,3,medium
VALE,us,20.5210999999999,11.2763,0.0011349271810000001,2.4584,20,9.2447999999999,False,fragmented_or_mixed,4,high
VALN,us,4.9569,4.9569,0.0009709449829999998,2.4308,20,0.0,False,fragmented_or_mixed,4,high
VALU,us,97.9328000000001,97.4849,0.846233018313,91.9731,20,0.44790000000010366,False,dominant_holder,4,high
VAL_T,us,,,,,20,,False,insufficient_data,0,low
VANI,us,64.8207,64.3231,0.214802610277,45.609,20,0.4976000000000056,False,dominant_holder,4,high
VATE,us,78.3313,77.4412,0.256912289132,49.6914,20,0.8901000000000039,False,dominant_holder,4,high
VAXX,us,0.0215,0.0215,4.0597e-08,0.0201,12,0.0,False,fragmented_or_mixed,4,high
VBIO,us,25.3397,25.3397,0.014083900597000001,10.605,20,0.0,False,fragmented_or_mixed,4,high
VBIX,us,47.6348,47.6348,0.062436928598,21.1345,17,0.0,False,dominant_holder,4,high
VBNK,us,75.3931,69.5682,0.08749231893799997,26.3297,20,5.8248999999999995,False,dominant_holder,4,high
VBTX,us,1.7165,1.7165,0.00012840548499999996,1.0645,20,0.0,False,fragmented_or_mixed,4,high
VC,us,121.9676,73.2648,0.039718123965999996,11.4721,20,48.70280000000001,True,data_anomaly,3,medium
VCEL,us,117.8953,72.3868,0.041259575458000006,13.9777,20,45.50850000000001,True,data_anomaly,3,medium
VCIG,us,3.0704,3.0704,0.0006078890299999999,2.4259,20,0.0,False,fragmented_or_mixed,4,high
VCNX,us,51.3217,51.3217,0.171688359035,39.9118,20,0.0,False,dominant_holder,4,high
VCTR,us,92.9612000000002,61.3712,0.028263747158000008,10.191,20,31.590000000000202,False,broad_institutional,4,high
VCYT,us,110.6657,72.1202,0.045337243872,14.4394,20,38.545500000000004,True,data_anomaly,3,medium
VECA,us,39.2179,39.2179,0.051579009455000005,18.4765,7,0.0,False,fragmented_or_mixed,4,high
VECO,us,105.8636,75.4317,0.048009562861,13.8266,20,30.4319,True,data_anomaly,3,medium
VEEA,us,58.0387,57.9481,0.12253721382099998,33.3277,20,0.09060000000000201,False,dominant_holder,4,high
VEEAW,us,,,,,20,,False,insufficient_data,0,low
VEEV,us,101.5045,48.2444,0.017298340496,7.553,20,53.260099999999994,True,data_anomaly,3,medium
VEL,us,101.5927,96.5866,0.249302048842,34.0161,20,5.006099999999989,True,data_anomaly,3,medium
VELO,us,77.6923,73.5069,0.197618319049,42.7961,20,4.185400000000001,False,dominant_holder,4,high
VENU,us,50.2573,46.4342,0.04522551950800001,17.9629,20,3.8231000000000037,False,broad_institutional,4,high
VEON,us,25.2588,23.5835,0.013214701581000002,8.7261,20,1.6753,False,fragmented_or_mixed,4,high
VERA,us,113.9872,78.9121,0.03939028957500001,8.2037,20,35.075100000000006,True,data_anomaly,3,medium
VERI,us,42.7809,34.9653,0.011998950978999999,6.9414,20,7.815600000000003,False,fragmented_or_mixed,4,high
VERO,us,9.2222,9.2222,0.003538316434,5.4729,20,0.0,False,fragmented_or_mixed,4,high
VERU,us,34.9154,31.9772,0.010790731684000002,6.2304,20,2.9381999999999984,False,fragmented_or_mixed,4,high
VERX,us,108.3666,62.5636,0.024955858874,6.848,20,45.803000000000004,True,data_anomaly,3,medium
VET,us,66.234,43.147,0.011322943509999999,4.9867,20,23.086999999999996,False,broad_institutional,4,high
VFC,us,92.7810000000002,65.179,0.03508855269200001,9.4495,20,27.602000000000203,False,broad_institutional,4,high
VFF,us,30.519,24.7373,0.008634886973000001,7.9597,20,5.781699999999997,False,fragmented_or_mixed,4,high
VFS,us,98.0472,98.0347,0.385151030181,50.6515,20,0.012500000000002842,False,dominant_holder,4,high
VFSWW,us,,,,,7,,False,insufficient_data,0,low
VG,us,86.8674000000001,67.1992,0.23964334839200005,48.7278,20,19.6682000000001,False,dominant_holder,4,high
VGAS,us,87.5756000000001,87.1183,0.4553904360230001,65.7608,20,0.45730000000008886,False,dominant_holder,4,high
VGASW,us,,,,,20,,False,insufficient_data,0,low
VGNT,us,59.9665000000001,53.2723,0.035069858725,11.4043,20,6.694200000000102,False,broad_institutional,4,high
VGNT_W,us,59.9665000000001,53.2723,0.035069858725,11.4043,20,6.694200000000102,False,broad_institutional,4,high
VGZ,us,30.7274,27.1888,0.011401896627999999,9.4895,20,3.538599999999999,False,fragmented_or_mixed,4,high
VHAI,us,11.4447,11.4447,0.013048516485,11.423,17,0.0,False,fragmented_or_mixed,4,high
VHC,us,28.6112,28.3848,0.015292090917999995,11.0765,20,0.2264000000000017,False,fragmented_or_mixed,4,high
VHCP,us,73.0401000000001,72.0336,0.09906399543599997,28.9855,20,1.0065000000000879,False,dominant_holder,4,high
VHCPU,us,21.5741,21.574,0.004921084635999999,4.1304,20,9.999999999976694e-05,False,fragmented_or_mixed,4,high
VHI,us,95.5629,95.0121,0.8351579253830003,91.3784,20,0.5507999999999953,False,dominant_holder,4,high
VHUB,us,69.3906,69.3906,0.4114154773239999,64.0925,20,0.0,False,dominant_holder,4,high
VIA,us,65.1594000000001,56.4973,0.048599170458999995,18.2327,20,8.662100000000102,False,broad_institutional,4,high
VIASP,us,0.4812,0.4812,2.3155344000000002e-05,0.4812,2,0.0,False,fragmented_or_mixed,4,high
VIAV,us,99.8824000000003,59.1548,0.032990599734,12.848,20,40.7276000000003,False,broad_institutional,4,high
VICI,us,97.7963000000001,50.3765,0.022213006847000002,7.6813,20,47.4198000000001,False,broad_institutional,4,high
VICR,us,87.4929000000001,65.5266,0.0775913138,25.1553,20,21.966300000000103,False,dominant_holder,4,high
VIDA,us,48.9306,48.9306,0.1071385285,31.9378,9,0.0,False,dominant_holder,4,high
VIK,us,103.1576,79.7311,0.133367576817,34.0238,20,23.426500000000004,True,data_anomaly,3,medium
VINC,us,9.3686,9.3686,0.0033387984800000003,5.2521,20,0.0,False,fragmented_or_mixed,4,high
VINO,us,2.9072,2.9072,0.00028568209,1.1313,9,0.0,False,fragmented_or_mixed,4,high
VINP,us,68.3421,66.3518,0.067042166884,16.1927,20,1.9903000000000048,False,broad_institutional,4,high
VIOT,us,23.4922,22.749,0.008678928635999998,7.52,20,0.7432000000000016,False,fragmented_or_mixed,4,high
VIPS,us,71.1958999999999,39.6554,0.009737028032,3.9538,20,31.540499999999895,False,broad_institutional,4,high
VIR,us,85.6794000000002,56.5846,0.029267457432000002,9.4912,20,29.0948000000002,False,broad_institutional,4,high
VIRC,us,64.3484,56.4087,0.031888544170000005,9.7954,20,7.939699999999995,False,broad_institutional,4,high
VIRI,us,84.2819,84.2819,0.547463263101,73.3431,20,0.0,False,dominant_holder,4,high
VIRT,us,97.5743000000002,55.9117,0.025925144873,10.7665,20,41.662600000000204,False,broad_institutional,4,high
VISL,us,25.0985,25.0985,0.03193059242899999,16.798,20,0.0,False,fragmented_or_mixed,4,high
VISN,us,95.5603000000001,50.9639,0.017016713877000003,7.1159,20,44.596400000000095,False,broad_institutional,4,high
VIST,us,60.6245,36.045,0.008730693054000002,4.5147,20,24.579499999999996,False,broad_institutional,4,high
VITL,us,117.6934,69.067,0.04736967223399999,14.777,20,48.626400000000004,True,data_anomaly,3,medium
VIV,us,4.0921,2.9649,0.000123530249,0.9642,20,1.1272000000000002,False,fragmented_or_mixed,4,high
VIVK,us,8.0507,8.0507,0.003972255361,6.0163,20,0.0,False,fragmented_or_mixed,4,high
VIVO,us,78.6370999999999,78.2311,0.237120909875,47.0018,20,0.40599999999990644,False,dominant_holder,4,high
VIVS,us,13.0036,12.9958,0.0006569212080000001,2.3765,20,0.007800000000001361,False,fragmented_or_mixed,4,high
VKTX,us,67.9662000000001,41.7321,0.012613775539000002,4.7857,20,26.234100000000097,False,broad_institutional,4,high
VLD,us,77.6923,73.5069,0.197618319049,42.7961,20,4.185400000000001,False,dominant_holder,4,high
VLGEA,us,82.3576,58.7625,0.026399130156999996,9.0949,20,23.595100000000002,False,broad_institutional,4,high
VLN,us,42.3118,39.7895,0.042868921327,19.839,20,2.5223000000000013,False,fragmented_or_mixed,4,high
VLN_T,us,,,,,20,,False,insufficient_data,0,low
VLO,us,88.1231,46.8342,0.018615563412,6.6093,20,41.28889999999999,False,broad_institutional,4,high
VLRS,us,35.9442,32.7447,0.035864219943,18.2316,20,3.1995000000000005,False,fragmented_or_mixed,4,high
VLTO,us,100.7153,48.4852,0.017013020966000002,6.3952,20,52.2301,True,data_anomaly,3,medium
VLY,us,93.2825000000001,64.2894,0.042488725837999994,13.1741,20,28.993100000000098,False,broad_institutional,4,high
VLYPN,us,19.4433,19.4433,0.008641070313000002,6.6341,12,0.0,False,fragmented_or_mixed,4,high
VLYPO,us,17.3426,17.3426,0.009359672219999999,6.5289,7,0.0,False,fragmented_or_mixed,4,high
VLYPP,us,36.8977,36.8977,0.07949995690900001,27.3535,11,0.0,False,dominant_holder,4,high
VMAR,us,0.9558,0.9558,3.416076399999999e-05,0.5257,20,0.0,False,fragmented_or_mixed,4,high
VMC,us,99.5640000000002,58.2094,0.026123822088,8.0713,20,41.354600000000204,False,broad_institutional,4,high
VMCA,us,92.235,92.235,0.8507295225,92.235,20,0.0,False,dominant_holder,4,high
VMD,us,79.8402,53.1287,0.020388632249,7.5414,20,26.711499999999994,False,broad_institutional,4,high
VMEO,us,1.8563,1.8563,3.6134603000000006e-05,0.3893,20,0.0,False,fragmented_or_mixed,4,high
VMET,us,66.2936,65.6968,0.10473795036600002,27.9892,20,0.5968000000000018,False,dominant_holder,4,high
VMI,us,97.4839999999999,47.4655,0.017163385003,8.4768,20,50.0184999999999,False,broad_institutional,4,high
VNCE,us,68.9396,66.4856,0.26027253477999995,50.7374,20,2.4539999999999935,False,dominant_holder,4,high
VNDA,us,82.3466000000001,57.2854,0.02394474492,8.8765,20,25.061200000000092,False,broad_institutional,4,high
VNET,us,50.7531,35.5446,0.009332774121999997,4.742,20,15.2085,False,broad_institutional,4,high
VNME,us,106.0196,89.9093,0.051549709765,9.999,20,16.110299999999995,True,data_anomaly,3,medium
VNMEU,us,4.1116,4.1116,0.0006372176419999999,2.3385,19,0.0,False,fragmented_or_mixed,4,high
VNO,us,102.9643,70.2442,0.03705504587999999,9.2534,20,32.72009999999999,True,data_anomaly,3,medium
VNOM,us,100.3093,65.9163,0.038046642183,12.5402,20,34.39299999999999,True,data_anomaly,3,medium
VNO_PL,us,35.086,35.086,0.016507425767999996,8.2684,20,0.0,False,fragmented_or_mixed,4,high
VNO_PM,us,39.6566,39.6383,0.025495195470999998,12.7243,20,0.01829999999999643,False,fragmented_or_mixed,4,high
VNO_PN,us,35.5077,35.5077,0.020360389415,10.7394,20,0.0,False,fragmented_or_mixed,4,high
VNO_PO,us,32.5194,32.5194,0.018070535400000004,9.4419,20,0.0,False,fragmented_or_mixed,4,high
VNRX,us,27.7289,26.6227,0.014952146586999995,8.3628,20,1.1062000000000012,False,fragmented_or_mixed,4,high
VNT,us,105.7712,60.9622,0.028930013028,9.1177,20,44.80899999999999,True,data_anomaly,3,medium
VNTG,us,2.5346,2.5346,0.00013521463800000004,0.8344,17,0.0,False,fragmented_or_mixed,4,high
VOD,us,8.66709999999999,5.6427,0.000327665801,1.1662,20,3.024399999999991,False,fragmented_or_mixed,4,high
VOR,us,75.5504,66.53,0.035561144204,10.4697,20,9.020399999999995,False,broad_institutional,4,high
VOXP,us,25.848,25.848,0.033654734018,14.0393,3,0.0,False,fragmented_or_mixed,4,high
VOXR,us,91.6017,77.8844,0.07316805608,16.9296,20,13.717299999999994,False,broad_institutional,4,high
VOYA,us,112.2565,71.5533,0.034655492573000005,9.0934,20,40.70320000000001,True,data_anomaly,3,medium
VOYA_PB,us,42.2793,42.2774,0.03813626414,16.4499,20,0.0018999999999991246,False,fragmented_or_mixed,4,high
VOYG,us,85.8408000000001,57.8539,0.022758188213,6.6938,20,27.986900000000098,False,broad_institutional,4,high
VPG,us,101.2667,67.3942,0.027674102836000004,7.1482,20,33.8725,True,data_anomaly,3,medium
VRA,us,67.3041,54.6689,0.026033622384999996,10.2742,20,12.635200000000005,False,broad_institutional,4,high
VRAR,us,43.2662,41.2047,0.017077448519,7.9974,20,2.0614999999999952,False,fragmented_or_mixed,4,high
VRAX,us,7.2378,7.2378,0.0023964017700000002,4.4106,20,0.0,False,fragmented_or_mixed,4,high
VRCA,us,80.6796,78.4873,0.12052928303900003,26.5338,20,2.192299999999989,False,dominant_holder,4,high
VRDN,us,110.7054,70.1583,0.035059243038999995,11.2419,20,40.5471,True,data_anomaly,3,medium
VRE,us,89.7193,66.0259,0.04113026254299999,13.5118,20,23.69340000000001,False,broad_institutional,4,high
VREX,us,103.0312,70.3175,0.033080044943,9.4829,20,32.7137,True,data_anomaly,3,medium
VRM,us,99.4867000000001,98.3063,0.589033263511,76.0969,20,1.1804000000001054,False,dominant_holder,4,high
VRME,us,21.703,21.3642,0.0049335943980000005,4.2712,20,0.3387999999999991,False,fragmented_or_mixed,4,high
VRNS,us,101.1534,53.9886,0.020662294626,8.3237,20,47.16480000000001,True,data_anomaly,3,medium
VRPX,us,0.0013,0.0013,1.6899999999999999e-10,0.0013,20,0.0,False,fragmented_or_mixed,4,high
VRRM,us,106.5362,69.0473,0.03936477862699999,14.2261,20,37.48889999999999,True,data_anomaly,3,medium
VRSK,us,106.5989,54.2826,0.021495276957999996,6.8804,20,52.3163,True,data_anomaly,3,medium
VRSN,us,99.9541000000002,56.5599,0.027904867761,9.9556,20,43.3942000000002,False,broad_institutional,4,high
VRT,us,86.2729000000008,39.8927,0.014105627743,6.4717,20,46.380200000000805,False,broad_institutional,4,high
VRTS,us,95.4712000000002,66.7439,0.040076432911,13.3956,20,28.7273000000002,False,broad_institutional,4,high
VRTX,us,100.582900000001,59.639,0.031208671264,9.9951,20,40.943900000001,True,data_anomaly,3,medium
VRXA,us,96.5122,89.4899,0.11722018680700001,18.035,20,7.022300000000001,False,dominant_holder,4,high
VS,us,52.2564,52.2564,0.14585033400000003,34.6901,18,0.0,False,dominant_holder,4,high
VSA,us,0.0306,0.0306,6.767199999999999e-08,0.0258,20,0.0,False,fragmented_or_mixed,4,high
VSAT,us,104.9586,70.7416,0.039593880582,13.6805,20,34.217,True,data_anomaly,3,medium
VSCO,us,121.2508,83.5866,0.06406804481200001,13.2343,20,37.664199999999994,True,data_anomaly,3,medium
VSEC,us,127.8643,77.7051,0.048889201785,14.5412,20,50.1592,True,data_anomaly,3,medium
VSECU,us,,,,,20,,False,insufficient_data,0,low
VSEE,us,24.3944,24.3673,0.014457665129000001,9.6625,20,0.02710000000000079,False,fragmented_or_mixed,4,high
VSEEW,us,,,,,20,,False,insufficient_data,0,low
VSH,us,96.455,57.1676,0.028790247950000004,11.8518,20,39.2874,False,broad_institutional,4,high
VSME,us,0.5799,0.5799,6.922814999999999e-06,0.1775,13,0.0,False,fragmented_or_mixed,4,high
VSNT,us,68.5965000000005,43.3589,0.021357261097000004,10.7039,20,25.237600000000505,False,broad_institutional,4,high
VSNTV,us,68.5965000000005,43.3589,0.021357261097000004,10.7039,20,25.237600000000505,False,broad_institutional,4,high
VST,us,92.8633000000006,49.3579,0.020389356279,6.3449,20,43.505400000000606,False,broad_institutional,4,high
VSTA,us,66.0269,66.0269,0.27723367238499996,50.345,20,0.0,False,dominant_holder,4,high
VSTD,us,16.7537,16.7537,0.022502132169000003,14.9791,20,0.0,False,fragmented_or_mixed,4,high
VSTE,us,44.3599,44.3599,0.072805287973,21.6906,13,0.0,False,dominant_holder,4,high
VSTM,us,91.2053000000001,63.234,0.025934251962000002,7.4838,20,27.97130000000009,False,broad_institutional,4,high
VSTS,us,122.613,91.385,0.07690123263800001,15.0302,20,31.227999999999994,True,data_anomaly,3,medium
VSXY,us,121.2508,83.5866,0.06406804481200001,13.2343,20,37.664199999999994,True,data_anomaly,3,medium
VTAK,us,44.0584,44.0584,0.09237823210400002,29.5229,20,0.0,False,dominant_holder,4,high
VTEX,us,83.1072000000001,71.1345,0.18953782562099997,42.6438,20,11.972700000000103,False,dominant_holder,4,high
VTGN,us,36.7824,33.3147,0.013023332225000002,7.4575,20,3.4677000000000007,False,fragmented_or_mixed,4,high
VTIX,us,39.8869,39.8118,0.036869346878,13.4542,20,0.07509999999999906,False,fragmented_or_mixed,4,high
VTMX,us,12.7634,11.8658,0.0022839334140000002,3.8824,20,0.8976000000000006,False,fragmented_or_mixed,4,high
VTOL,us,101.4055,73.9949,0.043477559589,12.1847,20,27.410600000000002,True,data_anomaly,3,medium
VTR,us,108.2343,61.721,0.030203719262,8.4872,20,46.51330000000001,True,data_anomaly,3,medium
VTRS,us,88.7142000000005,54.2281,0.022674603063000003,6.716,20,34.486100000000505,False,broad_institutional,4,high
VTS,us,70.3692000000001,55.3062,0.022598047442,7.136,20,15.063000000000109,False,broad_institutional,4,high
VTSI,us,22.8696,20.2872,0.00403189085,3.9408,20,2.5824,False,fragmented_or_mixed,4,high
VTVT,us,79.5826,78.3969,0.164291983459,37.8325,20,1.185699999999997,False,dominant_holder,4,high
VUZI,us,53.8479,46.3158,0.024069515956,9.2502,20,7.5321,False,broad_institutional,4,high
VVOS,us,39.5948,39.4982,0.029012830792,10.288,20,0.09660000000000224,False,fragmented_or_mixed,4,high
VVPR,us,78.6370999999999,78.2311,0.237120909875,47.0018,20,0.40599999999990644,False,dominant_holder,4,high
VVV,us,112.6572,64.8743,0.026965538267,8.8068,20,47.7829,True,data_anomaly,3,medium
VVX,us,98.1271,60.125,0.028259562356,9.9061,20,38.0021,False,broad_institutional,4,high
VWAV,us,67.9149,67.522,0.06341305423,12.6894,20,0.39289999999999736,False,broad_institutional,4,high
VWAVW,us,,,,,20,,False,insufficient_data,0,low
VXRT,us,1.9114,1.9114,3.7209135999999994e-05,0.2905,20,0.0,False,fragmented_or_mixed,4,high
VYGR,us,76.2857,62.2732,0.040712831098,14.1925,20,14.012500000000003,False,broad_institutional,4,high
VYNE,us,55.4044,53.1175,0.032648010143,13.764,20,2.286900000000003,False,broad_institutional,4,high
VYX,us,115.6266,86.9231,0.065404413069,14.7752,20,28.70349999999999,True,data_anomaly,3,medium
VZ,us,69.9371000000037,34.9121,0.01221089919,6.262,20,35.02500000000369,False,broad_institutional,4,high
VZLA,us,73.3157000000001,51.3946,0.017685602168,6.7359,20,21.92110000000011,False,broad_institutional,4,high
W,us,121.1828,75.2808,0.050367974042000004,14.2162,20,45.902,True,data_anomaly,3,medium
WAB,us,97.5071000000006,54.1244,0.026692597292000006,10.4663,20,43.382700000000604,False,broad_institutional,4,high
WABC,us,86.731,64.0493,0.042621014327,14.0015,20,22.681699999999992,False,broad_institutional,4,high
WAFD,us,87.6164000000001,64.1043,0.040978899189,13.9857,20,23.512100000000103,False,broad_institutional,4,high
WAFU,us,62.7411,62.7411,0.15798585294300002,37.0917,17,0.0,False,dominant_holder,4,high
WAI,us,8.017,8.017,0.001407854004,1.9417,18,0.0,False,fragmented_or_mixed,4,high
WAL,us,90.6333000000002,58.9305,0.025150323167000006,8.2956,20,31.702800000000202,False,broad_institutional,4,high
WALD,us,76.6829,75.4424,0.09336467734999998,23.7131,20,1.2404999999999973,False,dominant_holder,4,high
WAL_PA,us,19.3725,19.3725,0.011341385187,7.6198,18,0.0,False,fragmented_or_mixed,4,high
WASH,us,74.3645000000001,48.0263,0.018666716646999995,9.0175,20,26.338200000000107,False,broad_institutional,4,high
WAT,us,92.9108000000004,50.5072,0.019116212432,6.4966,20,42.40360000000041,False,broad_institutional,4,high
WATT,us,20.8792,19.785,0.003798026406,3.2721,20,1.0942000000000007,False,fragmented_or_mixed,4,high
WAVE,us,1.5088,1.5088,3.788689e-05,0.3429,20,0.0,False,fragmented_or_mixed,4,high
WAVS,us,15.3436,15.3436,0.004941044980000001,4.6544,20,0.0,False,fragmented_or_mixed,4,high
WAY,us,113.5579,76.1279,0.05033394916500001,12.9707,20,37.43000000000001,True,data_anomaly,3,medium
WB,us,35.0603,25.9418,0.006624894740000001,5.706,20,9.118499999999997,False,fragmented_or_mixed,4,high
WBD,us,80.0311000000004,47.9745,0.016897181613,6.2585,20,32.056600000000394,False,broad_institutional,4,high
WBI,us,179.1723,145.4746,0.27033589346199993,37.7684,20,33.6977,True,data_anomaly,2,medium
WBS,us,94.2676000000002,51.0665,0.018895266249,8.1542,20,43.2011000000002,False,broad_institutional,4,high
WBS_PF,us,0.0316,0.0316,3.7467999999999995e-08,0.0167,8,0.0,False,fragmented_or_mixed,4,high
WBTN,us,106.5579,104.3493,0.4174896796289999,59.4178,20,2.208600000000004,True,data_anomaly,2,medium
WBUY,us,29.3955,29.3955,0.024175402293,11.4064,19,0.0,False,fragmented_or_mixed,4,high
WBX,us,80.5173,80.4893,0.06492337761299999,14.3912,20,0.028000000000005798,False,broad_institutional,4,high
WCC,us,105.6179,60.3977,0.027808696209,9.4348,20,45.220200000000006,True,data_anomaly,3,medium
WCN,us,91.6505000000003,41.6259,0.011818134851,6.2905,20,50.024600000000305,False,broad_institutional,4,high
WCT,us,1.2554,1.2554,5.0410255999999994e-05,0.5507,18,0.0,False,fragmented_or_mixed,4,high
WD,us,87.7597000000002,60.0928,0.034108163962000004,13.5586,20,27.666900000000197,False,broad_institutional,4,high
WDAY,us,113.7914,61.0904,0.025547089898000003,6.8821,20,52.70099999999999,True,data_anomaly,3,medium
WDC,us,107.887400000001,60.4183,0.027613504328999998,9.1957,20,47.46910000000099,True,data_anomaly,3,medium
WDFC,us,94.4873000000001,60.8548,0.035610427024,13.4534,20,33.63250000000011,False,broad_institutional,4,high
WDH,us,12.8689,12.767,0.0028846073159999996,4.115,20,0.10190000000000055,False,fragmented_or_mixed,4,high
WDS,us,1.5109,1.0466,8.719763999999999e-06,0.1773,20,0.46429999999999993,False,fragmented_or_mixed,4,high
WEAV,us,101.1908,66.9467,0.029104834443000004,7.9244,20,34.24409999999999,True,data_anomaly,3,medium
WEC,us,85.4987000000005,46.9299,0.020050208425,7.3935,20,38.56880000000049,False,broad_institutional,4,high
WEED,us,15.9208,15.9208,0.013505587264000002,10.0,10,0.0,False,fragmented_or_mixed,4,high
WEL,us,32.6205,32.6205,0.10640970202500001,32.6205,20,0.0,False,dominant_holder,4,high
WELL,us,101.073900000002,60.1334,0.026711951319999996,7.0966,20,40.940500000002,True,data_anomaly,3,medium
WEN,us,105.0714,68.1868,0.03279630641000001,9.7977,20,36.88459999999999,True,data_anomaly,3,medium
WENC,us,18.8063,18.8063,0.026859038435000007,16.2206,5,0.0,False,fragmented_or_mixed,4,high
WENN,us,100.9662,67.8762,0.025755868718,6.0651,20,33.09,True,data_anomaly,3,medium
WENNU,us,3.2244,3.2244,0.00020758725600000002,1.0735,20,0.0,False,fragmented_or_mixed,4,high
WERN,us,111.4479,76.8251,0.04337126132500001,13.4761,20,34.6228,True,data_anomaly,3,medium
WEST,us,100.0678,91.3159,0.10865197727700002,23.8454,20,8.751900000000006,True,data_anomaly,3,medium
WETH,us,4.5286,4.5286,0.0003270007,1.3741,20,0.0,False,fragmented_or_mixed,4,high
WETO,us,1.9981,1.9981,0.00019756999699999998,0.9941,11,0.0,False,fragmented_or_mixed,4,high
WEX,us,118.7855,77.4875,0.042624095306999996,11.4903,20,41.298,True,data_anomaly,3,medium
WEYS,us,60.5344,54.9122,0.043803043392,15.1394,20,5.622199999999999,False,broad_institutional,4,high
WF,us,3.45530000000001,2.6416,0.00013628579600000003,0.9876,20,0.8137000000000101,False,fragmented_or_mixed,4,high
WFC,us,80.0427000000038,42.7891,0.014806285435000002,6.6291,20,37.25360000000381,False,broad_institutional,4,high
WFCF,us,78.0234,77.8875,0.156003518519,34.5477,20,0.13589999999999236,False,dominant_holder,4,high
WFC_PL,us,63.7873,50.2461,0.03314724034499999,14.3273,20,13.541200000000003,False,broad_institutional,4,high
WFC_PY,us,0.025,0.025,1.5400000000000002e-08,0.0072,20,0.0,False,fragmented_or_mixed,4,high
WFF,us,38.0629,38.0629,0.12308319233100003,34.9566,11,0.0,False,dominant_holder,4,high
WFG,us,90.9399000000002,72.9836,0.050084338926000005,11.7413,20,17.956300000000198,False,broad_institutional,4,high
WFRD,us,104.8202,62.9334,0.026590444874000002,8.9491,20,41.8868,True,data_anomaly,3,medium
WGO,us,113.4384,68.6206,0.03950905689399999,14.1026,20,44.817800000000005,True,data_anomaly,3,medium
WGRX,us,70.0564,69.7686,0.084193629048,18.5908,20,0.28779999999999006,False,broad_institutional,4,high
WGS,us,125.9762,81.4382,0.059523637367999996,16.1162,20,44.53800000000001,True,data_anomaly,3,medium
WGSWW,us,,,,,20,,False,insufficient_data,0,low
WH,us,115.8245,63.8892,0.027016995702,9.1311,20,51.9353,True,data_anomaly,3,medium
WHD,us,122.9901,76.3418,0.045716145464,13.4697,20,46.64829999999999,True,data_anomaly,3,medium
WHF,us,40.0847,35.5114,0.037218592083999996,18.5145,20,4.573299999999996,False,fragmented_or_mixed,4,high
WHG,us,79.9139000000001,67.0505,0.030706164121,7.9047,20,12.863400000000098,False,broad_institutional,4,high
WHK,us,30.467,30.467,0.026096694701999996,14.1813,16,0.0,False,fragmented_or_mixed,4,high
WHLM,us,92.1639,92.1639,0.352678068251,49.4065,20,0.0,False,dominant_holder,4,high
WHLR,us,3.4685,3.4685,0.0004484711069999999,1.7406,20,0.0,False,fragmented_or_mixed,4,high
WHLRD,us,41.4631,41.4631,0.085274396361,20.81,6,0.0,False,dominant_holder,4,high
WHLRP,us,54.7511,54.7511,0.11159163394700002,31.0962,15,0.0,False,dominant_holder,4,high
WHR,us,96.2743000000002,62.7607,0.030088551030999996,10.3337,20,33.513600000000196,False,broad_institutional,4,high
WHWK,us,85.8162,77.863,0.04325909909,8.7126,20,7.953199999999995,False,broad_institutional,4,high
WILC,us,83.5515,83.5358,0.37152645290399994,58.8683,20,0.015700000000009595,False,dominant_holder,4,high
WILD,us,0.466,0.466,2.17156e-05,0.466,2,0.0,False,fragmented_or_mixed,4,high
WIMI,us,15.6327,15.6327,0.008223256673000001,7.6505,20,0.0,False,fragmented_or_mixed,4,high
WINA,us,111.6045,78.6412,0.047789764305999995,11.5818,20,32.963300000000004,True,data_anomaly,3,medium
WING,us,127.9239,74.593,0.035119183106,9.2688,20,53.3309,True,data_anomaly,3,medium
WINT,us,0.0,0.0,0.0,0.0,20,0.0,False,fragmented_or_mixed,4,high
WINV,us,92.1709,92.1709,0.679465831915,82.3585,17,0.0,False,dominant_holder,4,high
WIT,us,3.77300000000001,2.6511,5.5734566999999996e-05,0.4586,20,1.12190000000001,False,fragmented_or_mixed,4,high
WIX,us,136.9315,85.5084,0.054827069103999995,11.3244,20,51.423100000000005,True,data_anomaly,3,medium
WK,us,87.4174000000002,49.1696,0.018640596716,7.5275,20,38.2478000000002,False,broad_institutional,4,high
WKC,us,119.6871,78.1075,0.05453495682,14.9817,20,41.5796,True,data_anomaly,3,medium
WKEY,us,5.9245,5.9066,0.00032508873999999993,1.0713,20,0.017900000000000027,False,fragmented_or_mixed,4,high
WKHS,us,77.9009,77.8709,0.37597728871700004,60.8607,20,0.029999999999986926,False,dominant_holder,4,high
WKSP,us,12.2373,12.1941,0.0031518154089999998,5.0412,20,0.043199999999998795,False,fragmented_or_mixed,4,high
WLACU,us,10.0671,10.0671,0.009767588841000001,9.8814,20,0.0,False,fragmented_or_mixed,4,high
WLDN,us,92.4292,50.7021,0.020577459804999997,8.8637,20,41.72709999999999,False,broad_institutional,4,high
WLDS,us,5.3375,5.3375,0.0013397432569999999,3.513,20,0.0,False,fragmented_or_mixed,4,high
WLFC,us,93.6180000000001,81.2538,0.17519632426600001,39.5098,20,12.364200000000096,False,dominant_holder,4,high
WLGS,us,0.0355,0.0355,4.4491000000000004e-08,0.0183,20,0.0,False,fragmented_or_mixed,4,high
WLII,us,30.6772,30.6772,0.06962370841799997,26.2092,6,0.0,False,dominant_holder,4,high
WLK,us,108.5591,96.6878,0.5358473871020001,72.9031,20,11.871300000000005,True,data_anomaly,3,medium
WLTH,us,82.8419000000001,66.5133,0.044903043766999995,11.5562,20,16.328600000000094,False,broad_institutional,4,high
WLY,us,114.943,74.6726,0.042988375248000005,13.3923,20,40.270399999999995,True,data_anomaly,3,medium
WLYB,us,96.8573,96.8573,0.8607184577490001,92.7646,20,0.0,False,dominant_holder,4,high
WM,us,86.2761000000005,40.6492,0.016128471873999996,7.2052,20,45.6269000000005,False,broad_institutional,4,high
WMB,us,90.1724000000004,42.7431,0.015353158352999998,6.4886,20,47.429300000000396,False,broad_institutional,4,high
WMG,us,110.3636,73.0487,0.036716872665,8.9132,20,37.31490000000001,True,data_anomaly,3,medium
WMK,us,78.1723000000002,63.8227,0.03994276865899999,13.4354,20,14.349600000000208,False,broad_institutional,4,high
WMS,us,104.176,53.589,0.020601596827999998,7.868,20,50.587,True,data_anomaly,3,medium
WMT,us,84.8516000000064,63.9012,0.14997381531599993,37.7311,20,20.950400000006397,False,dominant_holder,4,high
WNC,us,102.5014,61.0452,0.023172617518000004,6.9126,20,41.4562,True,data_anomaly,3,medium
WNEB,us,78.4406,58.7546,0.026746035717999998,7.5678,20,19.686,False,broad_institutional,4,high
WNS,us,2.9847,2.9847,0.00035618540099999993,1.7442,20,0.0,False,fragmented_or_mixed,4,high
WNW,us,0.5417,0.5417,2.6305765000000006e-05,0.5127,19,0.0,False,fragmented_or_mixed,4,high
WOK,us,0.6358,0.6358,4.038602999999999e-05,0.6355,16,0.0,False,fragmented_or_mixed,4,high
WOLF,us,119.7529,97.0223,0.13567259862700007,32.4258,20,22.730599999999995,True,data_anomaly,3,medium
WOOF,us,126.6116,111.9327,0.411460628179,58.9047,20,14.678899999999999,True,data_anomaly,2,medium
WOR,us,91.6250000000002,70.5962,0.13546119480599997,34.8401,20,21.028800000000203,False,dominant_holder,4,high
WORX,us,5.8093,5.8093,0.0006800218029999999,2.1051,20,0.0,False,fragmented_or_mixed,4,high
WPAC,us,47.1158,47.1158,0.029532707078,13.5433,20,0.0,False,fragmented_or_mixed,4,high
WPAC_R,us,,,,,20,,False,insufficient_data,0,low
WPAC_U,us,22.7302,22.7302,0.005335150280000001,3.4783,15,0.0,False,fragmented_or_mixed,4,high
WPC,us,79.8069000000002,46.4848,0.025395536808,10.3433,20,33.3221000000002,False,broad_institutional,4,high
WPM,us,73.0052000000004,38.7797,0.014646574895000002,9.2675,20,34.2255000000004,False,broad_institutional,4,high
WPP,us,13.7665,12.5536,0.003623761543999999,4.6798,20,1.2129000000000012,False,fragmented_or_mixed,4,high
WPRT,us,34.5771,34.1657,0.024731418489000005,10.1639,20,0.41140000000000043,False,fragmented_or_mixed,4,high
WRAP,us,31.2518,29.1625,0.025545272511000007,15.3626,20,2.089299999999998,False,fragmented_or_mixed,4,high
WRB,us,104.6345,74.2169,0.095158853299,24.5249,20,30.417600000000007,True,data_anomaly,3,medium
WRBY,us,109.4524,66.9534,0.039075948580000006,13.5932,20,42.498999999999995,True,data_anomaly,3,medium
WRD,us,33.9521,28.1283,0.0059737521749999994,4.2691,20,5.823800000000002,False,fragmented_or_mixed,4,high
WRLD,us,112.5651,85.9102,0.12936662528800003,31.2451,20,26.654899999999998,True,data_anomaly,3,medium
WRN,us,42.3671,36.5124,0.014110485986,8.4229,20,5.854700000000001,False,fragmented_or_mixed,4,high
WS,us,93.9394,74.7965,0.135902084081,34.3239,20,19.14290000000001,False,dominant_holder,4,high
WSBC,us,78.9502,50.3303,0.018576438553,6.588,20,28.619899999999994,False,broad_institutional,4,high
WSBF,us,72.5511,57.2161,0.034331707222999996,11.8346,20,15.335000000000008,False,broad_institutional,4,high
WSBK,us,67.988,65.9606,0.30363018108000006,55.0,20,2.0274,False,dominant_holder,4,high
WSC,us,125.3671,74.8437,0.042364192237,11.4899,20,50.523399999999995,True,data_anomaly,3,medium
WSE,us,72.1297,61.5979,0.053292578669,18.2271,20,10.531799999999997,False,broad_institutional,4,high
WSFS,us,96.8540000000001,65.4805,0.039937100391,13.8819,20,31.373500000000092,False,broad_institutional,4,high
WSHP,us,89.9861,89.9839,0.11066560189100001,21.3072,20,0.0021999999999877673,False,dominant_holder,4,high
WSM,us,101.2218,60.5819,0.031433147757,9.4614,20,40.639900000000004,True,data_anomaly,3,medium
WSO,us,114.8829,68.2688,0.037297206533999996,10.0749,20,46.61410000000001,True,data_anomaly,3,medium
WSOB,us,93.5575,93.5575,0.5872719818269999,75.822,20,0.0,False,dominant_holder,4,high
WSR,us,68.5332000000002,47.5825,0.027217314968999998,13.2735,20,20.950700000000204,False,broad_institutional,4,high
WST,us,105.9273,53.5288,0.020044380276,6.6547,20,52.398500000000006,True,data_anomaly,3,medium
WSTN,us,76.3821,75.7513,0.072300529185,23.0002,20,0.6307999999999936,False,dominant_holder,4,high
WSTNR,us,,,,,20,,False,insufficient_data,0,low
WSTNU,us,14.9433,14.9433,0.005703928787,4.7185,9,0.0,False,fragmented_or_mixed,4,high
WT,us,125.2761,74.9824,0.040160120776,10.4431,20,50.2937,True,data_anomaly,3,medium
WTBA,us,60.4499000000001,47.4931,0.018276264147,6.6628,20,12.9568000000001,False,broad_institutional,4,high
WTF,us,87.1898,87.1898,0.72195905243,84.9547,11,0.0,False,dominant_holder,4,high
WTFC,us,99.2482000000002,53.7195,0.022308231824999997,8.3161,20,45.5287000000002,False,broad_institutional,4,high
WTFCP,us,0.0,0.0,0.0,0.0,4,0.0,False,fragmented_or_mixed,4,high
WTG,us,94.3001,88.1534,0.08385520536200002,22.6276,20,6.146699999999996,False,dominant_holder,4,high
WTGUR,us,,,,,20,,False,insufficient_data,0,low
WTGUU,us,2.3593,2.3593,0.00012793873899999997,0.681,20,0.0,False,fragmented_or_mixed,4,high
WTI,us,77.2706,62.6969,0.12002710510900001,33.7256,20,14.573700000000002,False,dominant_holder,4,high
WTID,us,8.4021,8.4021,0.004244222134999999,6.2761,5,0.0,False,fragmented_or_mixed,4,high
WTIU,us,2.7522,2.7522,0.00036974141,1.3664,7,0.0,False,fragmented_or_mixed,4,high
WTM,us,99.1003000000001,61.3924,0.0231760319,6.3237,20,37.7079000000001,False,broad_institutional,4,high
WTO,us,1.5578,1.5578,5.836063999999999e-05,0.3817,20,0.0,False,fragmented_or_mixed,4,high
WTRG,us,77.6711000000002,43.7064,0.017830932919999997,8.7401,20,33.96470000000019,False,broad_institutional,4,high
WTS,us,105.078,61.5697,0.031071168261,10.966,20,43.508300000000006,True,data_anomaly,3,medium
WTTR,us,98.2590000000001,61.0124,0.024199914032,8.4961,20,37.2466000000001,False,broad_institutional,4,high
WTW,us,99.3741,64.6808,0.03051737304,7.7634,20,34.693299999999994,False,broad_institutional,4,high
WU,us,106.5508,63.3007,0.025400418986999997,7.4464,20,43.250099999999996,True,data_anomaly,3,medium
WULF,us,111.0827,69.9891,0.032072936637,8.0367,20,41.09360000000001,True,data_anomaly,3,medium
WVE,us,105.3357,75.6921,0.049521828483,14.0204,20,29.643600000000006,True,data_anomaly,3,medium
WVVI,us,31.1491,28.8124,0.01389938301,7.7329,20,2.3367000000000004,False,fragmented_or_mixed,4,high
WW,us,79.0072000000001,62.8636,0.028618478359999994,9.2021,20,16.1436000000001,False,broad_institutional,4,high
WWD,us,94.7799000000002,54.659,0.025093742452,9.6312,20,40.1209000000002,False,broad_institutional,4,high
WWR,us,20.7715,18.6224,0.0028393898,3.418,20,2.1491000000000007,False,fragmented_or_mixed,4,high
WWW,us,111.9665,77.1584,0.050911261552,13.5678,20,34.808099999999996,True,data_anomaly,3,medium
WXM,us,49.1496,49.1496,0.09201076033000001,24.8918,11,0.0,False,dominant_holder,4,high
WY,us,92.3346000000004,59.7165,0.028630394607000006,8.4757,20,32.6181000000004,False,broad_institutional,4,high
WYFI,us,95.7008,90.6229,0.495085461039,70.0357,20,5.0779,False,dominant_holder,4,high
WYHG,us,0.7395,0.7395,1.3369483000000002e-05,0.2705,16,0.0,False,fragmented_or_mixed,4,high
WYNN,us,95.4249000000002,67.4329,0.03576533235499999,9.0949,20,27.992000000000203,False,broad_institutional,4,high
WYY,us,33.4732,30.3231,0.008724081353,6.5395,20,3.1500999999999983,False,fragmented_or_mixed,4,high
XAGE,us,36.8497,36.8497,0.080276854049,27.8613,20,0.0,False,dominant_holder,4,high
XAIR,us,17.2884,17.258,0.007818563735999998,7.772,20,0.030400000000000205,False,fragmented_or_mixed,4,high
XBIO,us,28.0102,28.0102,0.012576438392,6.4381,20,0.0,False,fragmented_or_mixed,4,high
XBIT,us,32.0489,30.5826,0.026672555895999997,12.8383,20,1.466300000000004,False,fragmented_or_mixed,4,high
XBP,us,92.3862999999999,89.9771,0.14790382530500001,27.1341,20,2.409199999999913,False,dominant_holder,4,high
XBPEW,us,,,,,20,,False,insufficient_data,0,low
XCBE,us,73.4146,73.276,0.08843081865399999,25.0,20,0.13859999999999673,False,dominant_holder,4,high
XCH,us,1.6589,1.6589,0.000127575175,1.028,11,0.0,False,fragmented_or_mixed,4,high
XCUR,us,45.2253,45.2253,0.12766301139899996,34.8642,20,0.0,False,dominant_holder,4,high
XE,us,63.7915,62.1396,0.06874662821600001,22.9031,20,1.6518999999999977,False,dominant_holder,4,high
XEL,us,98.4460000000009,58.0453,0.023743479159000002,6.3257,20,40.400700000000896,False,broad_institutional,4,high
XELA,us,60.7736,60.7736,0.16356640290799998,37.0929,20,0.0,False,dominant_holder,4,high
XELAP,us,34.381,34.381,0.03667764682000001,13.7215,15,0.0,False,fragmented_or_mixed,4,high
XELB,us,49.6685,49.6685,0.041692919613,14.9445,20,0.0,False,fragmented_or_mixed,4,high
XENE,us,100.6185,57.9265,0.022585143316999998,6.4158,20,42.692,True,data_anomaly,3,medium
XERS,us,61.6005,37.8556,0.011530026506000001,6.4683,20,23.744899999999994,False,broad_institutional,4,high
XFIX,us,88.6804,88.6804,0.5101064679999999,70.803,13,0.0,False,dominant_holder,4,high
XFLH,us,35.6109,35.6109,0.016746411296,7.5247,20,0.0,False,fragmented_or_mixed,4,high
XFLHU,us,38.0387,38.0387,0.014516128511,6.4993,17,0.0,False,fragmented_or_mixed,4,high
XFLH_R,us,,,,,13,,False,insufficient_data,0,low
XFLH_U,us,38.0387,38.0387,0.014516128511,6.4993,17,0.0,False,fragmented_or_mixed,4,high
XFOR,us,90.2011,80.9815,0.046892789929,9.4828,20,9.2196,False,broad_institutional,4,high
XGN,us,84.8912,67.8061,0.034269319357,9.9914,20,17.085099999999997,False,broad_institutional,4,high
XHG,us,0.0,0.0,0.0,0.0,14,0.0,False,fragmented_or_mixed,4,high
XHLD,us,13.69,13.69,0.016129253743999997,12.6905,14,0.0,False,fragmented_or_mixed,4,high
XHR,us,104.2532,69.2211,0.05733685787899999,16.1677,20,35.0321,True,data_anomaly,3,medium
XIFR,us,65.8918000000001,40.8317,0.012846360341,7.3185,20,25.060100000000105,False,broad_institutional,4,high
XLO,us,79.3559,75.7392,0.048574934492,10.8709,20,3.6167000000000087,False,broad_institutional,4,high
XMAX,us,10.2617,9.7661,0.0010111614030000001,2.4412,20,0.4955999999999996,False,fragmented_or_mixed,4,high
XMTR,us,102.6171,67.7508,0.034553944246,12.1611,20,34.866299999999995,True,data_anomaly,3,medium
XNCR,us,118.2643,91.6423,0.07630651430299999,14.9269,20,26.622,True,data_anomaly,3,medium
XNDU,us,48.5906,47.7053,0.041371677461,14.7211,20,0.8853000000000009,False,fragmented_or_mixed,4,high
XNET,us,32.451,31.414,0.016819373117999997,9.8025,20,1.036999999999999,False,fragmented_or_mixed,4,high
XOM,us,68.2185000000068,36.5381,0.012892335033,6.5429,20,31.6804000000068,False,broad_institutional,4,high
XOMA,us,44.2082000000001,38.4826,0.018780668108,9.5539,20,5.7256000000000995,False,fragmented_or_mixed,4,high
XOMAP,us,1.0163,1.0163,0.000103286569,1.0163,2,0.0,False,fragmented_or_mixed,4,high
XOS,us,50.1645,49.8472,0.047986697358,17.8342,20,0.3172999999999959,False,broad_institutional,4,high
XOSWW,us,,,,,20,,False,insufficient_data,0,low
XP,us,83.5169000000001,51.6464,0.022417640827999998,7.8874,20,31.870500000000106,False,broad_institutional,4,high
XPEL,us,95.9488000000002,74.4216,0.051418849217999996,13.2451,20,21.527200000000207,False,broad_institutional,4,high
XPER,us,94.2911000000001,68.4471,0.032072172919000004,8.5843,20,25.844000000000094,False,broad_institutional,4,high
XPEV,us,16.8858,13.3354,0.0025892581160000005,4.2793,20,3.5504,False,fragmented_or_mixed,4,high
XPL,us,44.2448,41.9003,0.020431034715,9.0837,20,2.3444999999999965,False,fragmented_or_mixed,4,high
XPO,us,102.4896,68.2219,0.035932416138999994,9.7312,20,34.26769999999999,True,data_anomaly,3,medium
XPOF,us,105.1893,80.3069,0.060646997199000005,16.2109,20,24.882400000000004,True,data_anomaly,3,medium
XPON,us,10.7317,10.7317,0.002245141289,4.0353,20,0.0,False,fragmented_or_mixed,4,high
XPRO,us,108.2939,82.8951,0.05076798694699999,10.9384,20,25.398799999999994,True,data_anomaly,3,medium
XRAY,us,116.858,74.1681,0.035236818507,8.5447,20,42.68990000000001,True,data_anomaly,3,medium
XRN,us,76.7596000000001,52.689,0.019844222674000003,7.7476,20,24.070600000000105,False,broad_institutional,4,high
XRN_PA,us,15.798,15.798,0.011941040792,10.0204,7,0.0,False,fragmented_or_mixed,4,high
XRN_PB,us,30.4064,30.4064,0.02613595581,12.0162,4,0.0,False,fragmented_or_mixed,4,high
XRPN,us,118.486,92.034,0.09312129542400001,24.4454,20,26.451999999999998,True,data_anomaly,3,medium
XRPNU,us,6.7845,6.7845,0.001034984951,2.0288,20,0.0,False,fragmented_or_mixed,4,high
XRTX,us,8.6172,8.6172,0.004597993014,6.616,20,0.0,False,fragmented_or_mixed,4,high
XRX,us,99.9259000000001,72.2928,0.033818894708,7.1114,20,27.6331000000001,False,broad_institutional,4,high
XSLL,us,27.2273,27.2273,0.010662632044999997,7.3015,20,0.0,False,fragmented_or_mixed,4,high
XTIA,us,13.7779,13.0243,0.002785460915,4.5139,20,0.7536000000000005,False,fragmented_or_mixed,4,high
XTKG,us,0.0432,0.0432,1.1354199999999999e-07,0.0329,16,0.0,False,fragmented_or_mixed,4,high
XTLB,us,42.3463,42.3463,0.04326818803699999,15.4442,15,0.0,False,fragmented_or_mixed,4,high
XTNT,us,71.7669,71.0035,0.24603846984299999,48.7613,20,0.7634000000000043,False,dominant_holder,4,high
XWEL,us,33.5182,33.3755,0.011288724665000001,6.0999,20,0.14269999999999783,False,fragmented_or_mixed,4,high
XWIN,us,10.2617,9.7661,0.0010111614030000001,2.4412,20,0.4955999999999996,False,fragmented_or_mixed,4,high
XXI,us,101.9309,100.8912,0.30040487852000003,45.0773,20,1.0396999999999963,True,data_anomaly,2,medium
XXII,us,10.3494,10.3494,0.010035634582,10.015,20,0.0,False,fragmented_or_mixed,4,high
XYF,us,23.9171,23.4063,0.013618974613,10.4096,20,0.5107999999999997,False,fragmented_or_mixed,4,high
XYL,us,98.1824000000004,45.0144,0.016207847278,6.6543,20,53.1680000000004,False,broad_institutional,4,high
XYZ,us,85.2075000000004,50.203,0.022320124955999998,8.2983,20,35.00450000000039,False,broad_institutional,4,high
XZO,us,94.9195,91.6856,0.6811827574920001,82.4915,20,3.2339000000000055,False,dominant_holder,4,high
YAAS,us,2.4955,2.4955,9.064430699999999e-05,0.7109,20,0.0,False,fragmented_or_mixed,4,high
YALA,us,79.4647000000001,76.5358,0.130650593748,28.042,20,2.928900000000098,False,dominant_holder,4,high
YAYO,us,14.0247,14.0247,0.019669221008999996,14.0247,2,0.0,False,fragmented_or_mixed,4,high
YB,us,16.7243,16.7242,0.01075999966,9.3707,20,9.999999999976694e-05,False,fragmented_or_mixed,4,high
YCBD,us,19.7054,19.6529,0.005807249218999998,5.4895,20,0.05250000000000199,False,fragmented_or_mixed,4,high
YCBD_PA,us,0.0,0.0,0.0,0.0,2,0.0,False,fragmented_or_mixed,4,high
YCY,us,81.5302,68.7593,0.027964884613,6.7452,20,12.770899999999997,False,broad_institutional,4,high
YCY_U,us,9.0724,9.0724,0.0018882113259999999,2.8161,18,0.0,False,fragmented_or_mixed,4,high
YDDL,us,67.8705,67.8705,0.2781536466330001,51.9519,15,0.0,False,dominant_holder,4,high
YDES,us,80.3436,80.3436,0.5896574460560001,76.7245,20,0.0,False,dominant_holder,4,high
YDESW,us,,,,,16,,False,insufficient_data,0,low
YDKG,us,3.1331,3.1331,0.00036055183300000006,1.3019,20,0.0,False,fragmented_or_mixed,4,high
YELP,us,121.2603,75.6569,0.048934129447,14.7725,20,45.60340000000001,True,data_anomaly,3,medium
YETI,us,119.1923,64.9182,0.027446147666,8.4795,20,54.274100000000004,True,data_anomaly,3,medium
YEXT,us,95.3804,70.1108,0.05871579230799998,18.968,20,25.269599999999997,False,broad_institutional,4,high
YGF,us,0.0,0.0,0.0,0.0,1,0.0,False,fragmented_or_mixed,4,high
YGMZ,us,0.0528,0.0528,2.78784e-07,0.0528,13,0.0,False,fragmented_or_mixed,4,high
YHC,us,3.0488,3.0488,0.00028768508200000003,1.5343,20,0.0,False,fragmented_or_mixed,4,high
YHGJ,us,75.3209,75.3209,0.18526303004699998,39.6667,20,0.0,False,dominant_holder,4,high
YHNA,us,103.0368,103.0368,0.17349107232600003,32.0825,20,0.0,True,data_anomaly,2,medium
YHNAR,us,,,,,20,,False,insufficient_data,0,low
YHNAU,us,20.9416,20.9416,0.030166053749999998,17.2414,20,0.0,False,fragmented_or_mixed,4,high
YI,us,8.7546,8.7546,0.006998151448000001,8.3612,20,0.0,False,fragmented_or_mixed,4,high
YIBO,us,86.1611,86.1611,0.19392118115499998,31.9769,20,0.0,False,dominant_holder,4,high
YJ,us,42.6237,42.6237,0.154233715017,39.2058,15,0.0,False,dominant_holder,4,high
YMAT,us,48.8451,48.8451,0.052874380751000004,16.8715,15,0.0,False,fragmented_or_mixed,4,high
YMM,us,83.8513,52.3153,0.020630637119,9.6515,20,31.535999999999994,False,broad_institutional,4,high
YMT,us,2.6798,2.6798,0.000670640682,2.5888,5,0.0,False,fragmented_or_mixed,4,high
YOOV,us,83.118,83.118,0.3980234880619999,58.0624,16,0.0,False,dominant_holder,4,high
YORW,us,53.8335,38.1713,0.011229918044999999,5.7375,20,15.662199999999999,False,broad_institutional,4,high
YOTA,us,84.8412,84.8412,0.712151001944,84.3887,16,0.0,False,dominant_holder,4,high
YOU,us,105.5449,63.1828,0.036236169806,13.5822,20,42.3621,True,data_anomaly,3,medium
YOUL,us,23.9026,23.9026,0.02586918712,14.3412,16,0.0,False,fragmented_or_mixed,4,high
YPF,us,35.7645000000001,33.003,0.06178366974599999,24.6838,20,2.7615000000000975,False,dominant_holder,4,high
YRD,us,3.0332,2.9987,0.000189874817,1.2767,20,0.034499999999999975,False,fragmented_or_mixed,4,high
YSG,us,32.2107,30.733,0.01297785556,7.6537,20,1.4777000000000022,False,fragmented_or_mixed,4,high
YSS,us,71.5814000000001,60.5974,0.07893949636599999,24.7229,20,10.984000000000101,False,dominant_holder,4,high
YSWY,us,73.7208,73.4809,0.24007481319500004,48.3735,20,0.23989999999999156,False,dominant_holder,4,high
YSXT,us,50.6916,50.6916,0.19845257404000002,44.3737,18,0.0,False,dominant_holder,4,high
YTRA,us,64.4699,64.0176,0.062736646228,19.019,20,0.45229999999999393,False,broad_institutional,4,high
YUM,us,87.4907000000009,52.3474,0.023174119463999998,6.5318,20,35.1433000000009,False,broad_institutional,4,high
YUMC,us,74.8988000000004,41.8579,0.013254559721000002,6.4748,20,33.040900000000406,False,broad_institutional,4,high
YXT,us,62.2953,62.2953,0.310830261703,55.3175,6,0.0,False,dominant_holder,4,high
YYAI,us,4.6598,4.6598,0.000283545402,0.9727,20,0.0,False,fragmented_or_mixed,4,high
YYGH,us,15.4661,15.4661,0.012637772103000003,9.9192,20,0.0,False,fragmented_or_mixed,4,high
Z,us,107.0885,77.0688,0.050653670118,14.3679,20,30.0197,True,data_anomaly,3,medium
ZAPP,us,16.0773,16.0773,0.017667644249,13.1225,14,0.0,False,fragmented_or_mixed,4,high
ZBAI,us,0.3791,0.3791,8.178481e-06,0.26,13,0.0,False,fragmented_or_mixed,4,high
ZBAO,us,47.1254,47.1254,0.06932647581399999,22.2534,13,0.0,False,dominant_holder,4,high
ZBH,us,105.7457,68.8016,0.038162653603999994,12.1691,20,36.944100000000006,True,data_anomaly,3,medium
ZBIO,us,104.4741,82.6355,0.044770455562999995,10.1175,20,21.838600000000014,True,data_anomaly,3,medium
ZBRA,us,104.3444,55.1445,0.020691767091000002,6.7201,20,49.19989999999999,True,data_anomaly,3,medium
ZCMD,us,68.6249,68.6249,0.46917681158299984,68.4964,17,0.0,False,dominant_holder,4,high
ZD,us,125.0711,84.9837,0.057080787998999995,14.7034,20,40.0874,True,data_anomaly,3,medium
ZDAI,us,3.5098,3.5098,0.0011569725419999998,3.4002,16,0.0,False,fragmented_or_mixed,4,high
ZDGE,us,36.0765,32.8833,0.019457841851,12.0974,20,3.1932000000000045,False,fragmented_or_mixed,4,high
ZENA,us,42.7376,41.9662,0.029367924911999996,12.2264,20,0.7713999999999999,False,fragmented_or_mixed,4,high
ZENV,us,80.071,80.071,0.17776932194000003,35.1471,20,0.0,False,dominant_holder,4,high
ZEO,us,68.8754,68.0748,0.101519618648,28.0561,20,0.8006000000000029,False,dominant_holder,4,high
ZEOWW,us,,,,,20,,False,insufficient_data,0,low
ZEPP,us,76.2326,73.0979,0.04928226005700001,13.2223,20,3.1347000000000094,False,broad_institutional,4,high
ZETA,us,89.1951000000002,53.119,0.019691455614,6.7752,20,36.076100000000196,False,broad_institutional,4,high
ZEUS,us,19.1153,17.4515,0.002351904613,2.137,20,1.663800000000002,False,fragmented_or_mixed,4,high
ZG,us,111.1235,90.7931,0.10596463176100003,26.8425,20,20.33040000000001,True,data_anomaly,3,medium
ZGM,us,44.5947,44.5947,0.07670217772700001,23.7462,8,0.0,False,dominant_holder,4,high
ZGN,us,98.6358,92.5621,0.349107841347,56.9242,20,6.073700000000002,False,dominant_holder,4,high
ZH,us,30.9292,28.7595,0.014330472732999998,9.7897,20,2.1697000000000024,False,fragmented_or_mixed,4,high
ZIM,us,51.0922,37.915,0.014846232398000002,9.1536,20,13.1772,False,broad_institutional,4,high
ZIMV,us,0.9116,0.9116,2.5157975999999993e-05,0.433,20,0.0,False,fragmented_or_mixed,4,high
ZION,us,83.6094000000003,50.5182,0.022705258247999998,8.7331,20,33.091200000000306,False,broad_institutional,4,high
ZIP,us,86.9979000000001,64.7618,0.032548542394000006,9.3019,20,22.236100000000107,False,broad_institutional,4,high
ZJK,us,72.4327,72.4327,0.355634249021,57.9336,20,0.0,False,dominant_holder,4,high
ZJYL,us,87.1677,87.1677,0.5025410929209999,69.8519,20,0.0,False,dominant_holder,4,high
ZK,us,0.0265,0.0265,2.5777e-08,0.0126,20,0.0,False,fragmented_or_mixed,4,high
ZKH,us,43.7024,43.7024,0.036286893172000005,11.6064,20,0.0,False,fragmented_or_mixed,4,high
ZKIN,us,1.8546,1.8546,0.00027792661599999993,1.6613,20,0.0,False,fragmented_or_mixed,4,high
ZKP,us,57.548,55.3549,0.022569744318999992,6.2369,20,2.193100000000001,False,broad_institutional,4,high
ZKPU,us,16.819,16.819,0.004542231908000001,4.9677,19,0.0,False,fragmented_or_mixed,4,high
ZLAB,us,33.7229000000001,29.1012,0.008986827292000002,5.7777,20,4.621700000000104,False,fragmented_or_mixed,4,high
ZM,us,79.1309000000003,41.9741,0.012353603742999998,5.0641,20,37.156800000000295,False,broad_institutional,4,high
ZNB,us,3.6381,3.6381,2.9285037e-05,0.4226,20,0.0,False,fragmented_or_mixed,4,high
ZNTL,us,84.9677000000001,64.8108,0.05060035817800001,18.9783,20,20.156900000000093,False,broad_institutional,4,high
ZOM,us,2.904,2.904,0.00019703154000000003,1.1348,20,0.0,False,fragmented_or_mixed,4,high
ZONE,us,33.8921,32.8095,0.013083799032999999,7.5581,20,1.0825999999999993,False,fragmented_or_mixed,4,high
ZOOZ,us,58.304,58.2219,0.032281303261000004,9.265,20,0.08210000000000406,False,broad_institutional,4,high
ZPTA,us,60.0911,60.0911,0.08388384594300001,17.4433,20,0.0,False,broad_institutional,4,high
ZS,us,93.3974000000001,62.7655,0.061304265496999986,17.9854,20,30.6319000000001,False,broad_institutional,4,high
ZSPC,us,27.361,27.0457,0.017442114429000004,9.6537,20,0.3153000000000006,False,fragmented_or_mixed,4,high
ZSQR,us,3.278,3.2308,0.00015274933399999998,0.6261,20,0.04720000000000013,False,fragmented_or_mixed,4,high
ZSTK,us,15.3387,15.3387,0.005222687061,4.6484,20,0.0,False,fragmented_or_mixed,4,high
ZTEK,us,3.5153,3.3583,0.00012234848899999999,0.6679,20,0.15700000000000003,False,fragmented_or_mixed,4,high
ZTG,us,44.5947,44.5947,0.07670217772700001,23.7462,8,0.0,False,dominant_holder,4,high
ZTO,us,15.1393,11.666,0.00107008998,1.9189,20,3.4733,False,fragmented_or_mixed,4,high
ZTS,us,101.319300000001,45.6435,0.016844751108999995,6.2193,20,55.67580000000099,True,data_anomaly,3,medium
ZUMZ,us,104.8566,74.8557,0.04809587606699999,15.6942,20,30.0009,True,data_anomaly,3,medium
ZURA,us,84.9626,72.2265,0.040953567413,12.1912,20,12.736099999999993,False,broad_institutional,4,high
ZVIA,us,71.6571999999999,58.3654,0.041977509446000004,15.8835,20,13.291799999999903,False,broad_institutional,4,high
ZVRA,us,72.8702000000001,47.4871,0.016350942563,6.8902,20,25.3831000000001,False,broad_institutional,4,high
ZWS,us,104.91,66.256,0.037898415240000004,12.1033,20,38.653999999999996,True,data_anomaly,3,medium
ZYBT,us,17.5273,17.5273,0.011358703568999998,10.3022,20,0.0,False,fragmented_or_mixed,4,high
ZYME,us,105.6947,80.3897,0.12479198371699998,32.0878,20,25.304999999999993,True,data_anomaly,3,medium
