symbol,currency,total_investors,investor_outstanding_ratio,total_sharehold,total_holdings_value
0001.HK,HKD,435,56.2090000000001,2152842996.0,16130174121.34
0002.HK,HKD,322,42.2922000000001,1068503742.0,9862510909.58999
0003.HK,HKD,298,54.8270000000001,10230703532.0,8544783504.79999
0004.HK,HKD,230,72.9156000000001,2228298733.0,6190372194.39
0005.HK,USD,899,52.6140000000002,9040990288.0,168405532210.56
0006.HK,HKD,322,55.8745,1190760507.0,8566712011.59999
0007.HK,HKD,2,36.7284,1232291500.0,5077492.0
0008.HK,HKD,151,60.8368,4713528651.0,3266946515.91
0010.HK,HKD,97,64.6207000000001,879889330.0,1702888948.9
0011.HK,HKD,326,101.4786,1900626212.0,37577899727.01
0012.HK,HKD,332,82.3843000000002,3988512157.0,12690080288.72
0013.HK,USD,185,58.1769,507497423.0,1327836111.68
0014.HK,HKD,163,55.1999,566904103.0,1346841096.89
0016.HK,HKD,498,71.3989000000001,2068979692.0,32648629929.55
0017.HK,HKD,149,52.2469,1314855375.0,1210348376.56
0018.HK,HKD,8,74.8324,1794417284.0,88813772.66
0019.HK,HKD,337,74.7669000000001,582422615.0,6055402117.34
0020.HK,CNY,184,44.4241,18527815592.0,4486270417.16
0021.HK,HKD,3,63.332,2517597615.0,39095893.48
0022.HK,HKD,2,15.6042,6136800.0,2546585.13
0023.HK,HKD,125,69.8593000000001,1847177738.0,3166046915.72
0025.HK,HKD,8,68.5345,206472527.0,106243138.55
0026.HK,HKD,19,51.4647,23271796.0,161321460.34
0027.HK,HKD,427,74.4330000000001,3259608035.0,15063819456.79
0028.HK,HKD,12,94.6815,1388096105.0,701403575.4
0029.HK,HKD,12,41.2926,98154507.0,163810316.0
0030.HK,HKD,2,74.2888,7003920856.0,259313600.05
0031.HK,HKD,4,39.3852,1215041736.0,57648569.26
0032.HK,HKD,5,73.6212,274377498.0,287448930.66
0033.HK,HKD,1,1.4497,8092998.0,742316.09
0034.HK,HKD,11,74.6464,975035951.0,537912659.9
0035.HK,HKD,20,65.0038,1988492989.0,177814527.36
0037.HK,HKD,8,42.9729,323383427.0,18109657.59
0038.HK,CNY,95,39.3484,154222738.0,154437277.63
0039.HK,HKD,9,29.6622,2384124165.0,24143343.72
0040.HK,HKD,9,58.119,524516396.0,38676368.35
0041.HK,HKD,49,78.3357,587312725.0,1106362371.89
0045.HK,HKD,15,78.9739,1316446247.0,991895343.2
0046.HK,HKD,9,73.9377,180654938.0,31259090.71
0048.HK,CNY,3,3.825,16744800.0,366468.31
0050.HK,HKD,12,36.4189,129751349.0,78741101.96
0051.HK,HKD,6,80.0045,567031920.0,311982476.43
0052.HK,HKD,17,53.2278,68958087.0,41491061.44
0053.HK,USD,12,82.8357,272572260.0,2454883133.99
0055.HK,HKD,6,28.2962,71690800.0,1413112.48
0057.HK,HKD,14,76.29,481055718.0,92966670.31
0058.HK,HKD,1,74.6424,384796566.0,10138850.03
0060.HK,HKD,4,35.7324,91351250.0,5820735.1
0061.HK,HKD,2,17.919,23575154.0,721740.04
0062.HK,HKD,22,65.8794,353374433.0,466462610.89
0063.HK,HKD,1,60.0122,3812395735.0,34362270.29
0064.HK,HKD,4,51.9524,321168420.0,121185599.99
0065.HK,HKD,5,18.9473,46522632.0,1981438.54
0066.HK,HKD,333,81.1214000000001,5049714406.0,19381288546.72
0068.HK,CNY,22,90.658,1564937780.0,4538608483.38
0069.HK,USD,84,76.336,2741316197.0,1641676488.05
0070.HK,HKD,3,76.4641,1482502606.0,8876469.53
0071.HK,HKD,13,65.8962,455315876.0,581094212.15
0072.HK,CNY,2,74.821,327980000.0,12851441.0
0073.HK,CNY,5,45.1459,6726961.0,1242607.16
0075.HK,HKD,4,27.0785,216508150.0,6272527.98
0076.HK,USD,1,4.2754,19000000.0,757283.55
0077.HK,HKD,9,76.8865,209064700.0,12495191.05
0078.HK,HKD,12,74.9425,673570330.0,208182784.2
0079.HK,HKD,4,54.5996,178036848.0,2865535.12
0080.HK,HKD,6,62.5555,1362662623.0,62685743.52
0081.HK,CNY,83,78.0971,2779773532.0,738260031.11
0082.HK,HKD,6,24.3139,1100479513.0,11174589.22
0083.HK,HKD,324,72.3140000000001,6932151203.0,10741721281.77
0084.HK,HKD,1,52.8957,548485814.0,5218436.09
0085.HK,HKD,12,60.1882,1221745095.0,196484479.66
0086.HK,HKD,31,77.0486,1511109383.0,789909446.33
0087.HK,HKD,88,79.7733,2272690436.0,3618004983.33
0088.HK,HKD,14,51.2569,316528611.0,135075105.93
0089.HK,HKD,8,60.6889,174583180.0,49343073.53
0090.HK,CNY,2,73.075,335122000.0,54702895.7
0092.HK,HKD,2,10.1209,111087750.0,2527593.91
0093.HK,HKD,5,83.3883,2224503280.0,177586757.18
0094.HK,HKD,3,68.3924,1903008890.0,11715329.97
0095.HK,CNY,16,87.8137,5588261056.0,255824413.19
0096.HK,CNY,6,82.3732,524345728.0,36154321.14
0097.HK,HKD,1,69.2695,2110868943.0,41730078.43
0098.HK,CNY,9,74.5047,313403000.0,282368442.27
0099.HK,HKD,10,78.6588,376369650.0,61435864.27
0100.HK,USD,123,80.4791,215790409.0,9933253607.69
0101.HK,HKD,229,79.4169000000002,4132129560.0,3704020746.71
0103.HK,HKD,10,72.2725,374605378.0,148444086.08
0104.HK,HKD,6,68.7972,513999515.0,15199656.47
0105.HK,HKD,10,62.2758,224192679.0,142706764.52
0106.HK,CNY,11,59.4588,2807832419.0,4871940.96
0107.HK,CNY,69,52.8554,473226361.0,317980668.84
0108.HK,HKD,8,59.0894,1962580228.0,536125572.08
0110.HK,HKD,4,47.5112,132345481.0,3211732.74
0111.HK,HKD,2,63.1173,404711958.0,28089464.05
0113.HK,HKD,9,62.3498,240707068.0,163738698.42
0114.HK,HKD,6,48.1049,290789286.0,18706586.79
0115.HK,HKD,5,73.6912,15260947.0,14907291.12
0116.HK,HKD,76,57.3809,385435721.0,594066331.08
0117.HK,CNY,3,20.8707,155434132.0,6592710.26
0118.HK,HKD,5,71.5995,617138503.0,19830164.06
0119.HK,CNY,52,56.4094,2155491233.0,436020311.83
0120.HK,HKD,7,71.5165,1172599009.0,13420040.3
0122.HK,HKD,7,65.96,68280134.0,12884653.49
0123.HK,CNY,166,75.3426000000001,3032844435.0,1740341596.21
0124.HK,HKD,58,43.5936,746121354.0,26264685.29
0125.HK,HKD,11,79.1971,208112713.0,10107555.23
0126.HK,HKD,8,58.7184,922678765.0,13969935.94
0127.HK,HKD,5,75.2602,1435676607.0,221736305.87
0128.HK,HKD,4,45.2161,746362145.0,36954135.98
0129.HK,HKD,8,51.8558,736683613.0,30489262.02
0130.HK,HKD,6,70.0968,201830000.0,4021840.11
0131.HK,HKD,5,72.2185,471354023.0,89964610.02
0132.HK,HKD,2,71.4907,1224154527.0,56712545.74
0133.HK,USD,13,58.7578,89507438.0,189440129.31
0135.HK,CNY,313,72.5703000000001,6268415740.0,5895803602.85999
0136.HK,CNY,178,64.0619,10762784418.0,2861076162.7
0137.HK,HKD,10,80.0809,424661280.0,36635599.54
0138.HK,HKD,4,74.9866,119954272.0,9966672.62
0139.HK,HKD,8,17.3018,255069466.0,7586377.54
0142.HK,USD,168,67.6533,2883435977.0,1725009683.53
0144.HK,HKD,287,83.7592000000001,3516254820.0,5610026810.23
0145.HK,HKD,4,14.6455,53632000.0,1463267.76
0146.HK,HKD,5,71.6786,152092918.0,28094669.98
0147.HK,HKD,3,59.0377,13638543880.0,142734103.1
0148.HK,HKD,165,50.3535,564864190.0,5287233172.29
0149.HK,HKD,2,57.0931,5682514594.0,29954886.98
0150.HK,HKD,5,73.8156,1486151800.0,32282956.13
0151.HK,CNY,243,74.8213000000001,8823799848.0,4161453084.84
0152.HK,HKD,135,69.2168,1696536632.0,1716053067.3
0154.HK,CNY,3,74.2164,1113512755.0,62369216.81
0156.HK,HKD,10,82.4842,757774056.0,97158489.93
0157.HK,HKD,4,75.0,1501575559.0,94568593.54
0158.HK,HKD,4,75.0925,18773125.0,153154571.33
0159.HK,HKD,15,77.8297,7222781575.0,113757998.86
0160.HK,HKD,11,76.9932,554681074.0,75869275.4
0162.HK,CNY,4,58.1993,669114928.0,5513996.8
0163.HK,HKD,5,74.9987,4137166834.0,99327072.66
0164.HK,HKD,18,36.0738,125992817.0,7711573.56
0165.HK,HKD,72,68.4742,1153962489.0,1282827481.64
0166.HK,HKD,5,75.3018,6582710085.0,43225682.83
0167.HK,HKD,4,60.1179,312603420.0,318962739.51
0168.HK,CNY,310,52.9658,346963311.0,2057051567.51
0169.HK,HKD,8,71.4794,3357640330.0,48763289.19
0171.HK,HKD,8,49.0784,1131182635.0,11845510.8
0173.HK,HKD,33,71.9261,2267630567.0,532623634.53
0174.HK,HKD,4,79.8957,583961917.0,16236680.94
0175.HK,CNY,519,63.9770000000001,6899951889.0,17530923738.83
0177.HK,CNY,229,40.34,492955655.0,616604160.99
0178.HK,HKD,15,64.6975,2007685926.0,144059755.74
0179.HK,USD,214,77.3084,722378242.0,2195363794.92
0180.HK,HKD,10,65.4746,622393649.0,15359251.22
0181.HK,HKD,3,75.0666,859922154.0,10278879.11
0182.HK,CNY,55,42.0101,3303490765.0,165936103.14
0183.HK,HKD,2,68.547,388601566.0,7486741.82
0184.HK,HKD,17,80.9421,275364935.0,75097295.64
0185.HK,CNY,5,71.9896,1377439892.0,18412368.52
0186.HK,HKD,4,81.2274,4461199295.0,137659472.02
0187.HK,CNY,5,3.106,3106000.0,1697557.46
0188.HK,HKD,4,67.6763,517442515.0,16234928.25
0189.HK,CNY,157,36.3204,629315283.0,1018823546.02
0191.HK,HKD,8,73.6268,650399388.0,50873576.93
0193.HK,HKD,3,61.1396,142579266.0,3894237.15
0194.HK,HKD,8,60.6827,229735089.0,131692041.09
0195.HK,HKD,4,0.0006,8000.0,285.95
0196.HK,CNY,7,64.2145,5805319515.0,89018979.79
0197.HK,HKD,4,43.4935,90992934.0,4122355.74
0199.HK,HKD,10,48.3694,526567813.0,154956665.43
0200.HK,HKD,79,65.6975,1494641913.0,711603816.66
0201.HK,HKD,8,85.6759,7665476961.0,69809425.6
0202.HK,HKD,5,43.1737,3149252500.0,49296737.72
0204.HK,HKD,10,28.6426,71335997.0,5328723.87
0205.HK,HKD,3,35.3928,442838750.0,43737307.72
0206.HK,USD,7,75.8848,2461274897.0,80601550.91
0209.HK,HKD,9,2.0123,2989670.0,962929.43
0210.HK,CNY,7,48.0083,949893943.0,49446479.39
0211.HK,HKD,2,59.902,439109216.0,14032455.58
0212.HK,HKD,7,56.1998,19089854.0,70030317.06
0213.HK,HKD,10,70.1025,639779476.0,31852674.82
0214.HK,HKD,4,75.0966,631467263.0,27604061.59
0215.HK,HKD,57,77.0459,3712917703.0,552744461.25
0216.HK,HKD,4,61.9418,341527324.0,28540439.22
0217.HK,HKD,5,53.1789,3171925177.0,49742815.09
0218.HK,HKD,9,70.458,1099947827.0,184861087.17
0219.HK,HKD,8,77.4081,448775590.0,33454987.9
0220.HK,CNY,211,83.3267,3599172244.0,3601575569.89
0222.HK,HKD,9,73.5334,439182683.0,198010402.89
0223.HK,HKD,12,44.2661,721414082.0,10156418.9
0224.HK,HKD,8,77.1335,890151101.0,76627239.72
0225.HK,HKD,4,74.1241,81669466.0,62434418.48
0227.HK,HKD,8,61.0942,1338377626.0,42808649.39
0228.HK,HKD,7,69.3474,316362706.0,76185256.19
0229.HK,HKD,8,56.5321,283409925.0,34205691.86
0230.HK,HKD,9,62.0411,2076452839.0,101777225.91
0232.HK,HKD,8,52.1056,4847579319.0,103401036.91
0234.HK,HKD,6,73.8792,4270489691.0,14824659.05
0235.HK,HKD,6,25.7959,5258545625.0,17541336.62
0236.HK,HKD,3,75.5842,282360064.0,44638751.47
0237.HK,HKD,12,71.1508,288160434.0,76317632.37
0239.HK,HKD,8,66.3506,206774901.0,64525289.83
0240.HK,HKD,17,69.1323,858537831.0,110774565.57
0241.HK,CNY,299,78.6141000000001,12716067170.0,7615796391.88
0242.HK,HKD,23,62.2726,1879174683.0,158357217.81
0243.HK,HKD,3,1.5585,5400000.0,268293.93
0244.HK,HKD,2,75.0,985471362.0,41165275.29
0245.HK,HKD,11,66.1797,1230345334.0,145124049.48
0247.HK,HKD,5,71.5898,1610087149.0,4159531589.55
0248.HK,HKD,8,65.9027,153882208.0,4732104.26
0251.HK,HKD,8,75.4114,454069661.0,74743187.57
0252.HK,HKD,8,64.366,145093853.0,30235019.48
0253.HK,HKD,2,74.4014,226454825.0,16590523.42
0254.HK,HKD,16,54.9815,371544400.0,8140020.69
0255.HK,HKD,16,75.085,476043951.0,103953534.73
0256.HK,HKD,34,80.578,3506664112.0,46410948.41
0257.HK,HKD,194,64.4923999999999,3961768683.0,2450421479.18
0258.HK,HKD,11,75.0007,1694282284.0,526922794.26
0259.HK,HKD,9,73.1124,682552000.0,192656038.07
0261.HK,HKD,3,11.5089,32777600.0,1737948.25
0262.HK,HKD,7,65.448,960004610.0,7158871.5
0264.HK,HKD,6,45.7731,217264406.0,53046843.34
0265.HK,HKD,3,62.108,160512679.0,38166710.27
0266.HK,HKD,9,67.6498,321154777.0,85858834.09
0267.HK,CNY,257,86.9181000000001,25284710826.0,39037642697.05
0268.HK,CNY,401,71.3935000000001,2509142753.0,2704953306.84
0269.HK,HKD,3,2.3213,247090415.0,476530.18
0270.HK,HKD,282,70.6317000000001,4617809245.0,4122471345.29
0271.HK,HKD,1,74.9899,930376898.0,18274094.6
0272.HK,CNY,33,60.5826,4863111201.0,420188209.74
0274.HK,HKD,7,40.3087,27627379.0,1697982.97
0276.HK,HKD,9,32.4201,60990337.0,4212958.41
0277.HK,HKD,4,79.6524,220822542.0,51099593.75
0279.HK,HKD,4,64.6406,902076284.0,69667466.38
0280.HK,HKD,4,66.6702,606237874.0,27670349.78
0285.HK,CNY,358,78.6375,1771860245.0,7391477346.52
0286.HK,HKD,6,28.0146,53839474.0,10506187.54
0287.HK,HKD,7,74.1938,29677500.0,14117970.39
0288.HK,USD,459,71.3297,9151730073.0,10482663255.32
0289.HK,HKD,15,64.7084,186565703.0,333521796.86
0290.HK,HKD,20,54.2176,5586502179.0,2297664799.64
0291.HK,CNY,356,74.2496,2408796466.0,7843365556.01
0293.HK,HKD,161,79.7705,4850918273.0,8023559417.66
0294.HK,HKD,8,56.9217,117684583.0,13811166.55
0295.HK,CNY,2,5.1051,763956000.0,1868029.5
0296.HK,HKD,6,53.7435,638735791.0,19484737.9
0297.HK,CNY,75,58.9692,4142288068.0,796996290.71
0298.HK,HKD,6,61.1688,1435654923.0,21596462.52
0299.HK,HKD,4,51.7849,56550443.0,1317954.5
0300.HK,CNY,343,57.5606,374629938.0,4061885101.89
0301.HK,CNY,1,62.2238,292738000.0,66517774.66
0302.HK,CNY,25,55.322,1725135500.0,53214576.77
0303.HK,USD,180,65.8249,166903398.0,1118738075.76
0305.HK,CNY,10,67.9126,2239871064.0,138957844.62
0306.HK,HKD,9,74.9996,357580729.0,110977470.24
0308.HK,HKD,35,72.0892,3991308659.0,516971133.82
0309.HK,HKD,10,61.7728,32184728.0,6037494.89
0310.HK,HKD,1,5.1566,32029084.0,939934.24
0311.HK,USD,4,84.727,876172534.0,24775132.08
0312.HK,CNY,4,70.5103,1759231500.0,8381283.22
0313.HK,HKD,3,70.1865,818959923.0,11055927.02
0314.HK,CNY,33,69.524,505612182.0,309087457.86
0315.HK,HKD,59,76.7107,844547325.0,475869773.51
0316.HK,USD,265,87.7334000000001,579362356.0,9331329575.65
0317.HK,CNY,47,55.0567,325974890.0,547168490.09
0318.HK,HKD,4,76.9286,221753480.0,15969116.98
0320.HK,HKD,8,68.6395,578315203.0,35601215.01
0321.HK,HKD,29,64.5721,892191330.0,128318276.3
0322.HK,CNY,312,83.0733000000001,4683172558.0,6983638086.44999
0323.HK,CNY,63,27.176,470939758.0,148990859.43
0325.HK,CNY,112,72.6274,179719202.0,1542852881.72
0326.HK,HKD,7,65.0412,1579791195.0,546366425.04
0327.HK,HKD,107,64.5137,685057434.0,413917092.37
0328.HK,HKD,6,15.6144,44718718.0,3179319.02
0329.HK,HKD,6,65.3417,979963008.0,37156547.88
0330.HK,HKD,6,28.65,81102830.0,14720727.18
0331.HK,HKD,6,75.3826,339221952.0,246209036.29
0332.HK,CNY,4,65.4457,214191376.0,9910913.43
0333.HK,HKD,7,64.327,193658015.0,6058925.33
0334.HK,CNY,2,64.2026,1357439806.0,54958490.32
0335.HK,HKD,5,74.4764,1997693496.0,192572494.81
0336.HK,CNY,50,73.005,2356915389.0,1201837731.25
0337.HK,CNY,9,65.0023,1814791113.0,68750192.73
0338.HK,CNY,68,19.2547,618803953.0,100689941.04
0339.HK,HKD,8,52.1712,225379491.0,13465046.62
0340.HK,HKD,41,59.4083,3150171986.0,1326676505.12
0341.HK,HKD,75,54.4638,315892528.0,223012825.14
0343.HK,HKD,8,30.8867,535599884.0,7800546.46
0345.HK,HKD,105,65.2557,664369997.0,625805238.76
0346.HK,HKD,4,74.33,817705628.0,38361316.87
0347.HK,CNY,55,14.1997,200432460.0,41413887.73
0348.HK,HKD,3,29.2942,225706460.0,4658667.7
0351.HK,HKD,2,70.1763,1400000000.0,52183077.8
0352.HK,CNY,7,70.9689,174713733.0,1665580.06
0353.HK,HKD,8,77.6129,1641949220.0,84852549.99
0354.HK,CNY,110,32.1635,878724662.0,347838110.9
0355.HK,HKD,8,67.4522,2086009040.0,37066459.43
0356.HK,HKD,5,58.9811,118787147.0,7953989.15
0357.HK,CNY,31,49.7117,112802471.0,102987863.28
0358.HK,CNY,291,55.4132,768842024.0,3800555209.66
0360.HK,CNY,7,77.0398,13263904177.0,83685903.21
0361.HK,HKD,3,65.3805,3825574355.0,40299476.92
0362.HK,HKD,1,6.1485,83100000.0,158957.92
0363.HK,HKD,78,67.9085,738307268.0,1355020724.14
0365.HK,HKD,3,80.4192,1170099420.0,86418530.04
0366.HK,HKD,9,73.9132,370764955.0,39657882.47
0367.HK,HKD,5,57.9726,969622256.0,44733019.29
0368.HK,HKD,1,75.0,600000000.0,18927932.4
0369.HK,HKD,19,74.5959,1025358470.0,245363823.15
0370.HK,HKD,12,37.31,782626154.0,96304626.07
0371.HK,CNY,231,73.0331,7337381578.0,2506421355.52
0372.HK,HKD,5,61.2466,185419629.0,7510043.13
0373.HK,HKD,16,85.9804,3021080538.0,837539735.03
0374.HK,HKD,8,70.9228,269526000.0,93250093.59
0375.HK,HKD,7,57.2435,94946144.0,11512148.74
0376.HK,HKD,10,68.854,2794983279.0,1133760820.92
0377.HK,CNY,5,86.5124,80882133.0,20610807.83
0379.HK,HKD,5,45.2065,762770097.0,4380404.24
0380.HK,HKD,3,69.1355,921068120.0,9843639.22
0381.HK,HKD,5,32.2093,428520754.0,12766535.7
0382.HK,CNY,22,72.159,865233580.0,166463767.42
0383.HK,HKD,4,94.3674,953611550.0,108117664.44
0384.HK,HKD,233,65.0358,3543241971.0,3192038018.25
0385.HK,HKD,2,73.6821,438334216.0,21538454.29
0386.HK,CNY,333,39.6328,9425767988.0,5365230446.0
0387.HK,HKD,3,74.9404,172419982.0,15315960.62
0388.HK,HKD,741,39.3157000000002,498460066.0,24774368853.59
0389.HK,CNY,8,64.0725,193218072.0,10677841.17
0390.HK,CNY,223,29.6191,1246194584.0,566573513.85
0391.HK,HKD,6,69.3086,4105663800.0,52203891.63
0392.HK,CNY,218,82.3126000000001,1035489555.0,4177595896.64
0393.HK,HKD,13,70.8901,1063351720.0,180316585.12
0396.HK,HKD,5,58.4726,472514000.0,6376871.28
0397.HK,HKD,3,18.4717,421504000.0,3975881.1
0398.HK,HKD,23,46.3402,225842462.0,102196635.53
0399.HK,HKD,8,40.4205,1324623413.0,17738563.51
0400.HK,CNY,13,66.6789,1096377987.0,334836628.13
0401.HK,HKD,5,37.8818,427539606.0,10910797.49
0403.HK,HKD,3,56.7301,284009578.0,8033390.68
0406.HK,HKD,1,61.0981,267642599.0,32002316.49
0408.HK,HKD,11,58.6306,327427445.0,85177993.96
0410.HK,CNY,22,65.3178,3396210928.0,298675573.68
0411.HK,HKD,8,81.4495,198210712.0,286171587.38
0412.HK,CNY,37,63.9081,3844543063.0,705130016.53
0413.HK,HKD,10,68.8865,9107699739.0,38628869.11
0417.HK,HKD,2,72.5685,180827547.0,16274432.76
0418.HK,HKD,7,48.6729,561377610.0,59131054.94
0419.HK,HKD,10,49.8052,847759694.0,44832589.18
0420.HK,HKD,10,66.0921,809646354.0,66714530.74
0422.HK,USD,1,67.0741,608818000.0,39196142.41
0423.HK,HKD,7,66.7537,288109000.0,26951216.38
0425.HK,CNY,291,72.4837,849094122.0,3333247837.71
0426.HK,HKD,3,73.7655,295726000.0,1672959.54
0428.HK,HKD,4,23.4318,36145532.0,1051104.04
0430.HK,HKD,2,75.0,291137700.0,15529240.08
0431.HK,HKD,2,12.0322,935602105.0,1195649.57
0432.HK,HKD,7,59.9738,1222406533.0,29538658.86
0433.HK,HKD,11,72.5533,10884540267.0,100555181.68
0434.HK,HKD,36,49.9238,378220488.0,156296800.89
0436.HK,HKD,3,69.5624,2111703201.0,17370667.81
0438.HK,CNY,4,63.0128,60649000.0,14966785.37
0439.HK,HKD,9,62.3949,384161300.0,54807532.41
0440.HK,HKD,96,70.3716,224889486.0,863409313.0
0442.HK,HKD,2,74.9582,194254241.0,22150707.76
0450.HK,HKD,9,70.7435,642255327.0,78887609.58
0451.HK,CNY,15,28.738,509543473.0,61746225.32
0455.HK,HKD,3,79.427,1707713358.0,37161010.74
0456.HK,HKD,4,71.015,152134742.0,9745012.47
0458.HK,HKD,1,66.64,182577000.0,42239836.55
0459.HK,HKD,1,62.7355,1132553428.0,11109547.28
0460.HK,CNY,62,63.0872,5757315212.0,711682669.98
0464.HK,HKD,6,42.0214,317783046.0,53535387.88
0465.HK,CNY,5,75.3736,237314000.0,18919786.1
0467.HK,HKD,89,51.7269,13371285078.0,717701403.3
0468.HK,CNY,18,97.7647,1375675495.0,403138713.09
0470.HK,CNY,33,75.8929,82008749.0,464734320.44
0471.HK,USD,10,10.0972,48442838.0,2251084.46
0472.HK,HKD,4,60.9372,2345539079.0,77757391.95
0474.HK,HKD,11,77.2976,6847109923.0,103993353.56
0475.HK,HKD,6,63.9754,319609000.0,20374884.26
0476.HK,HKD,6,39.483,128181049.0,9473733.94
0480.HK,HKD,13,62.5828,929543339.0,103575018.32
0482.HK,HKD,8,60.3357,148058200.0,14528102.62
0483.HK,HKD,4,68.2079,250582000.0,8641700.1
0484.HK,CNY,6,45.6841,78451163.0,7921229.68
0485.HK,HKD,6,69.1944,176334961.0,9437225.29
0486.HK,USD,31,80.5414,12236677280.0,5998732681.84
0487.HK,HKD,1,71.6127,3527994987.0,46789783.03
0488.HK,HKD,9,90.4381,1314363494.0,119177262.5
0489.HK,CNY,201,31.6575,788974887.0,507791876.59
0491.HK,HKD,1,73.7959,2371313094.0,11257773.34
0493.HK,CNY,14,44.1092,33712038744.0,62350918.46
0495.HK,HKD,4,70.0667,1152567422.0,1761954.03
0496.HK,CNY,5,65.6648,1205962202.0,64325838.13
0497.HK,HKD,8,70.2912,9063138019.0,208134716.22
0498.HK,HKD,6,48.6887,506823200.0,5473674.85
0499.HK,CNY,1,69.0242,689243266.0,10364827.14
0500.HK,HKD,3,41.8083,1004814642.0,15723158.03
0501.HK,CNY,30,69.3322,35180099.0,438151492.13
0505.HK,CNY,13,57.5955,518104569.0,69327877.86
0506.HK,CNY,80,84.8429,2373244522.0,800681990.93
0508.HK,HKD,4,52.4736,454380942.0,29888938.76
0510.HK,HKD,4,74.404,320811563.0,25175660.16
0511.HK,HKD,14,34.0588,159041036.0,49811267.13
0512.HK,HKD,123,84.6095,3003254705.0,3226325816.25
0513.HK,HKD,4,74.1993,506869522.0,10331493.6
0515.HK,HKD,10,42.1603,120395953.0,4062908.53
0517.HK,HKD,41,74.1833,1087509409.0,862847974.72
0518.HK,HKD,6,49.3564,222630428.0,5680948.65
0519.HK,HKD,4,36.3539,1110650959.0,15143842.1
0520.HK,CNY,27,45.3121,492169858.0,44786501.95
0521.HK,HKD,6,51.5779,5879872489.0,57554095.75
0522.HK,HKD,305,72.4064,303678105.0,5328453834.48
0524.HK,HKD,2,53.238,125789342.0,31312451.08
0525.HK,CNY,79,39.9528,571839355.0,157939365.74
0526.HK,CNY,3,61.1096,5404545382.0,88943122.18
0527.HK,CNY,11,29.6206,573133934.0,44633086.55
0528.HK,CNY,3,67.2588,423514000.0,60318770.53
0529.HK,HKD,9,77.4284,215224666.0,60028215.6
0532.HK,HKD,15,66.1254,482648253.0,18555852.77
0533.HK,HKD,14,76.5885,745852401.0,91077657.81
0535.HK,CNY,31,72.1907,11993537161.0,237641034.42
0536.HK,HKD,7,27.1334,215998633.0,29186307.47
0537.HK,,7,45.5496,11297300.0,24612097.83
0538.HK,CNY,19,55.9951,611209059.0,67774899.08
0540.HK,HKD,4,65.095,390570446.0,9035985.92
0542.HK,HKD,7,65.196,998106230.0,106916662.03
0543.HK,CNY,13,63.7484,723924907.0,29309403.31
0544.HK,HKD,11,53.9671,27315647.0,6370235.5
0546.HK,CNY,130,62.5395,1568081599.0,1106945147.33
0547.HK,HKD,11,60.2771,4809662073.0,220246410.09
0548.HK,CNY,93,60.0812,449105513.0,397629988.26
0550.HK,HKD,3,49.8945,227286485.0,22203488.15
0551.HK,USD,241,82.4869000000001,1323538204.0,2553366363.03
0552.HK,CNY,254,44.1078,1054825171.0,556724326.029999
0553.HK,CNY,3,17.0174,41182000.0,18188102.45
0554.HK,HKD,2,75.1884,3298765503.0,105997374.71
0556.HK,CNY,3,68.3274,686568000.0,40268076.43
0557.HK,HKD,1,66.6875,266069294.0,23938473.62
0558.HK,HKD,37,64.9918,886741737.0,335842953.92
0559.HK,HKD,1,28.0631,146821712.0,2768209.45
0560.HK,HKD,4,71.0769,796891482.0,76813803.9
0563.HK,HKD,9,70.9575,3392067602.0,139209546.98
0564.HK,CNY,79,25.6503,62390260.0,140512566.07
0565.HK,HKD,14,36.3825,978255200.0,228987099.36
0567.HK,HKD,4,32.8438,529864000.0,19398100.11
0568.HK,CNY,6,8.7613,22440000.0,11857484.66
0570.HK,CNY,97,51.4295,2589893573.0,674314122.15
0571.HK,HKD,3,72.096,1265918515.0,8224857.41
0572.HK,HKD,10,74.794,225510010.0,13951820.52
0573.HK,HKD,11,72.2259,732620758.0,27061987.1
0574.HK,CNY,1,57.4263,1143120000.0,2624342.89
0575.HK,USD,5,68.4647,199790727.0,25706540.99
0576.HK,CNY,220,38.6454,781916186.0,683003702.86
0579.HK,CNY,65,52.5191,1486112628.0,368606368.07
0580.HK,CNY,17,31.6743,507368910.0,115019862.14
0581.HK,CNY,38,75.9405,2826934304.0,474793460.16
0582.HK,HKD,3,49.226,1797478737.0,27723539.12
0583.HK,HKD,2,84.7726,1329018094.0,41679680.67
0585.HK,HKD,7,31.6507,262675600.0,133906497.53
0586.HK,CNY,160,42.3207,758410029.0,949208082.32
0587.HK,CNY,29,34.3709,627875351.0,41144576.56
0588.HK,CNY,6,1.5045,10638000.0,922624.83
0590.HK,HKD,150,73.2089,429816702.0,1260516626.52
0591.HK,CNY,6,37.2225,386183796.0,16939789.29
0595.HK,HKD,3,66.9333,589013868.0,84126449.93
0596.HK,CNY,40,55.171,671449464.0,615079230.72
0598.HK,CNY,151,55.5388,1119829047.0,676896615.81
0599.HK,HKD,7,51.9696,373577661.0,7588941.77
0600.HK,CNY,34,84.0214,494833328.0,1832240723.96
0601.HK,HKD,3,49.9054,295736366.0,3774589.2
0602.HK,CNY,5,73.2997,760485000.0,4594012.32
0603.HK,HKD,6,29.4213,1658416130.0,33205386.69
0604.HK,HKD,58,77.5063,6897110319.0,764157111.23
0605.HK,HKD,5,55.2959,115689012.0,23387166.25
0606.HK,CNY,8,72.7243,1407213741.0,47871950.88
0607.HK,CNY,9,48.3935,308152461.0,19917022.42
0608.HK,HKD,3,73.4248,224397361.0,34343030.55
0609.HK,CNY,11,58.639,515096000.0,94768453.31
0610.HK,HKD,10,74.812,593351344.0,69673710.04
0611.HK,CNY,6,52.4812,971972750.0,43831504.78
0612.HK,HKD,5,23.9965,374690400.0,5885972.54
0613.HK,HKD,5,79.7952,917352175.0,147895580.01
0616.HK,HKD,11,64.3289,1201226692.0,46748335.58
0617.HK,HKD,13,74.8779,834577002.0,55879896.86
0618.HK,CNY,12,58.0334,1588615564.0,30433248.17
0619.HK,HKD,3,39.472,118919918.0,5733616.21
0620.HK,HKD,4,65.9289,528106570.0,10514814.64
0621.HK,HKD,8,18.8581,342301483.0,31062105.2
0622.HK,HKD,13,39.4444,2738810776.0,623258805.25
0623.HK,,15,68.1202,314314821.0,77084004.76
0626.HK,HKD,8,74.1352,813943316.0,142336322.96
0627.HK,CNY,1,69.9682,994019402.0,62075815.84
0628.HK,CNY,4,86.3769,4492564184.0,182217751.88
0629.HK,CNY,6,70.2731,821229305.0,26224826.98
0631.HK,CNY,195,77.1699,2538674114.0,4642626410.97
0632.HK,HKD,5,58.7593,561946206.0,17416354.37
0635.HK,HKD,9,74.6442,1543642000.0,98290244.92
0636.HK,HKD,93,88.5722,1600880426.0,1448148725.79
0637.HK,HKD,2,72.4042,600050000.0,11649508.71
0638.HK,CNY,10,23.9724,32382200.0,60715137.45
0639.HK,HKD,116,71.6292,3646692462.0,1249470855.18
0640.HK,HKD,1,67.9009,210659384.0,68842936.03
0641.HK,HKD,3,73.9502,813612360.0,30849150.8
0643.HK,HKD,2,45.7069,411291396.0,8970219.69
0645.HK,USD,1,65.7602,337465038.0,8460706.44
0646.HK,HKD,6,53.859,184573521.0,5102484.22
0648.HK,HKD,3,10.4232,11165092.0,19228851.87
0650.HK,HKD,9,60.8436,4512248172.0,122178785.46
0653.HK,HKD,6,49.4868,927817800.0,4405230.87
0655.HK,HKD,9,59.5864,1190704225.0,60537691.94
0656.HK,CNY,198,75.7358,6161364669.0,3319781479.1
0657.HK,HKD,3,74.8562,1456937841.0,4825721.13
0658.HK,CNY,14,71.4955,1169158370.0,237279351.04
0659.HK,HKD,100,76.582,3496946748.0,3595886180.96
0660.HK,HKD,4,76.8787,295452186.0,16439674.84
0661.HK,CNY,9,71.4116,12779543580.0,151820981.19
0662.HK,HKD,11,89.9971,831700110.0,512586796.36
0664.HK,CNY,22,81.6579,50813377.0,197712375.6
0666.HK,CNY,75,63.8509,596638706.0,1008459575.04
0667.HK,CNY,123,78.1737999999999,1734117690.0,1455017180.07
0668.HK,CNY,19,83.0916,38747900.0,503981804.52
0669.HK,USD,528,74.7576000000001,1366560218.0,20453253490.33
0670.HK,CNY,113,87.1408,4411722540.0,2564818658.41
0672.HK,CNY,3,58.223,3281335088.0,45073009.86
0673.HK,HKD,7,68.5911,951452210.0,76568273.98
0674.HK,HKD,2,74.9972,2571254977.0,43968334.12
0675.HK,HKD,4,59.4934,158850000.0,8370949.74
0676.HK,USD,3,65.3862,477743940.0,53518049.5
0677.HK,HKD,12,59.4586,1009256526.0,44124299.76
0679.HK,HKD,6,73.0332,276601167.0,416800783.0
0681.HK,CNY,6,47.401,4235062044.0,16525776.2
0682.HK,CNY,6,16.4615,32549120.0,1190345.27
0683.HK,HKD,166,74.4076,1079881712.0,2789668242.35
0684.HK,HKD,7,74.4542,247973295.0,19139609.88
0685.HK,USD,19,74.3155,1205044099.0,30088875.04
0686.HK,CNY,13,74.0475,1628206762.0,240308098.21
0687.HK,HKD,4,87.0649,2930632781.0,120535516.65
0688.HK,CNY,362,85.1042,9314627752.0,14742299549.87
0689.HK,HKD,6,52.0714,967344669.0,34733421.69
0690.HK,HKD,12,47.956,2863563902.0,37021935.35
0691.HK,CNY,10,84.6396,3685181525.0,232452909.68
0693.HK,HKD,19,69.7824,1404935784.0,347958743.27
0694.HK,CNY,88,72.9732000000001,1371434642.0,399526344.08
0695.HK,HKD,3,64.4264,355634000.0,317302671.47
0696.HK,CNY,246,45.4029,423406368.0,516542702.43
0697.HK,HKD,58,59.5711,4759799706.0,1190727921.08
0698.HK,HKD,17,42.4245,82605583.0,32969348.93
0699.HK,,33,26.5382,39744791.0,79577035.69
0700.HK,CNY,1093,57.3254000000005,5212300327.0,357715965242.731
0701.HK,HKD,5,58.1181,1106385325.0,16006076.97
0702.HK,HKD,1,4.7379,158504000.0,918414.18
0703.HK,HKD,5,54.5366,378648822.0,6426956.4
0704.HK,HKD,4,56.7846,164887045.0,2365437.12
0707.HK,CNY,6,37.2892,831114600.0,7403661.29
0708.HK,CNY,4,58.0046,6289903500.0,137524945.99
0709.HK,HKD,28,33.9502,548766223.0,113141681.84
0710.HK,HKD,66,57.5367,455447202.0,298097998.8
0711.HK,HKD,8,74.4133,1374613437.0,77195307.69
0712.HK,CNY,6,49.7673,527495576.0,6847686.46
0713.HK,HKD,11,56.2581,445629750.0,21764757.35
0716.HK,USD,29,53.8904,1283786555.0,110780991.56
0717.HK,HKD,9,48.4906,3268686688.0,29419106.52
0718.HK,HKD,2,75.0008,3937554889.0,17238178.23
0719.HK,CNY,19,18.9819,37014488.0,28127802.6
0720.HK,HKD,6,34.7135,2132285242.0,89838263.04
0721.HK,HKD,8,49.9523,1096116966.0,40473790.9
0722.HK,HKD,13,72.8436,590729008.0,36035916.6
0723.HK,HKD,2,22.3466,244435994.0,6395466.61
0724.HK,HKD,1,27.7161,23286357.0,314830.43
0725.HK,HKD,2,74.3615,147948000.0,15212575.41
0726.HK,HKD,3,75.0737,2328107425.0,10473086.71
0727.HK,HKD,8,78.1451,993884497.0,104138103.0
0728.HK,CNY,125,21.2263,2945633025.0,1886995938.37
0730.HK,HKD,5,73.2291,2895434972.0,44657943.97
0731.HK,HKD,2,76.0728,1076126369.0,33116696.74
0732.HK,HKD,31,61.4438,1802865636.0,205279552.31
0733.HK,HKD,5,44.2584,298368250.0,13648073.06
0736.HK,HKD,6,16.6665,53433000.0,5014087.38
0737.HK,CNY,11,91.8498,3060151415.0,718051933.74
0738.HK,CNY,8,61.2188,425318200.0,18102904.99
0743.HK,CNY,33,75.4909,1182828477.0,357580092.86
0745.HK,HKD,1,0.0,0.0,0.0
0746.HK,HKD,10,75.4887,622781390.0,418946216.43
0750.HK,CNY,4,75.0026,1890877335.0,75518998.9
0751.HK,CNY,59,73.9101,1398380195.0,1069242887.05
0752.HK,HKD,29,73.6753,941025749.0,301962349.59
0753.HK,CNY,153,76.2825,3780273833.0,2425543942.81
0754.HK,HKD,59,76.4427,2899138429.0,1155157445.41
0755.HK,HKD,4,69.4294,123967712.0,5815741.65
0756.HK,CNY,1,71.4527,243338111.0,15863588.14
0757.HK,CNY,9,32.9092,1093825959.0,10452344.91
0759.HK,HKD,5,76.0188,506430647.0,16288485.94
0760.HK,CNY,2,64.1998,330408446.0,8253510.47
0762.HK,CNY,114,81.2556,24862694221.0,24834603329.11
0763.HK,CNY,248,31.2817,236335753.0,755372025.82
0764.HK,HKD,5,24.6557,99327280.0,12471586.72
0765.HK,HKD,7,62.0132,304103345.0,11725897.77
0767.HK,HKD,10,53.3509,339660102.0,21352442.24
0768.HK,HKD,3,73.8363,939000000.0,3898376.46
0769.HK,HKD,10,42.8689,1196235561.0,105310280.0
0770.HK,USD,9,61.7865,10893815.0,3060105.94
0771.HK,HKD,5,67.306,564985657.0,57369985.42
0772.HK,CNY,225,76.299,771307908.0,2068879502.36
0775.HK,HKD,21,75.699,7275494717.0,764587995.97
0776.HK,HKD,3,16.6979,74788488.0,9506672.43
0777.HK,CNY,101,64.9722,341817650.0,393939431.29
0780.HK,CNY,356,82.4302,1940663264.0,4821658986.12
0784.HK,HKD,5,77.1538,617230000.0,66822939.83
0788.HK,CNY,331,34.0225,1587609216.0,1918632223.57
0789.HK,HKD,2,63.4888,168114305.0,40955119.51
0794.HK,HKD,1,70.3749,233000000.0,9360771.27
0797.HK,CNY,8,70.3225,1932282000.0,121694302.99
0798.HK,CNY,8,72.8062,5393886887.0,148924913.03
0799.HK,HKD,63,44.8156,513212356.0,216962359.99
0800.HK,CNY,30,31.5997,294526718.0,838122358.35
0802.HK,HKD,3,33.5116,202258000.0,1171936.45
0804.HK,HKD,2,7.9491,4841813.0,3053670.69
0805.HK,CNY,5,69.8989,671028122.0,458449134.81
0806.HK,HKD,28,45.7479,835681742.0,257340273.97
0807.HK,CNY,10,70.0208,1803505163.0,258413025.6
0809.HK,HKD,6,80.8293,1356978236.0,139709098.28
0810.HK,HKD,1,50.4265,359415184.0,5549219.85
0811.HK,CNY,93,45.3135,200258185.0,258673936.12
0813.HK,CNY,36,34.7012,3603950950.0,52260182.88
0814.HK,CNY,1,13.7077,24970000.0,1010957.17
0815.HK,CNY,24,47.2791,1865792151.0,85808670.5
0816.HK,CNY,15,75.0715,678786869.0,223206281.3
0817.HK,CNY,110,71.2545,9628269169.0,1505187793.13
0818.HK,HKD,17,47.3687,1315351636.0,76452639.21
0819.HK,CNY,106,53.4072,601426772.0,523827640.93
0821.HK,HKD,3,9.6989,35990800.0,1354297.49
0822.HK,HKD,5,65.0282,581198000.0,28756614.78
0825.HK,HKD,4,74.9983,1264579000.0,44699978.16
0826.HK,CNY,65,63.8974,1741197065.0,758866079.740001
0827.HK,CNY,4,23.7591,1669800000.0,6009331.34
0828.HK,HKD,4,74.9242,1055236866.0,46165448.68
0829.HK,CNY,13,73.0465,2359755772.0,59109473.78
0830.HK,HKD,26,88.9868,2006336279.0,420931150.24
0831.HK,HKD,18,64.3895,503038000.0,21278832.38
0832.HK,CNY,3,71.0,2157777299.0,16917653.73
0833.HK,HKD,6,68.5476,324269729.0,26545865.42
0834.HK,CNY,2,71.9566,325926100.0,18013215.9
0836.HK,HKD,250,70.1264,3630459932.0,8097092261.59
0837.HK,CNY,5,67.4693,167805500.0,170812713.47
0838.HK,HKD,17,46.4225,803310541.0,77420818.63
0839.HK,CNY,114,77.1137,2159424601.0,751536366.13
0840.HK,CNY,1,7.1181,14407000.0,333311.06
0841.HK,HKD,2,61.6563,360520715.0,4867015.6
0842.HK,CNY,16,74.3239,1072037000.0,262702083.39
0844.HK,CNY,1,52.7297,260661501.0,17086406.22
0845.HK,CNY,5,34.6351,2698992436.0,5548640.9
0846.HK,CNY,8,83.5568,5091491000.0,79275810.89
0848.HK,CNY,4,82.6932,4250697000.0,66653280.06
0851.HK,HKD,1,68.3716,603017000.0,21314046.52
0852.HK,HKD,4,73.9821,1570909681.0,33577251.88
0853.HK,USD,125,52.9821,1015870363.0,1479240615.66
0854.HK,HKD,8,87.8295,90454665.0,58185793.64
0855.HK,HKD,97,73.4749,1195223157.0,846867044.3
0856.HK,HKD,120,75.6742,1081981941.0,1196226987.0
0857.HK,CNY,427,33.5724000000001,7083338179.0,8018943115.58
0858.HK,HKD,8,34.5464,1001840000.0,9921882.12
0859.HK,HKD,2,84.9071,955228042.0,14364701.15
0860.HK,HKD,8,50.2406,513679521.0,31221517.25
0861.HK,CNY,54,82.7439,1384808341.0,433914386.82
0862.HK,HKD,4,32.4501,127340158.0,8127818.45
0863.HK,HKD,74,42.2206,380950749.0,648867981.01
0864.HK,HKD,2,74.065,286020962.0,4962897.29
0865.HK,CNY,2,56.5005,3298492788.0,7220219.29
0866.HK,CNY,12,68.3179,1794994861.0,462477299.47
0867.HK,CNY,223,74.1048,1803066195.0,2934512101.28
0868.HK,CNY,206,77.0345,3408108413.0,3862458440.69
0869.HK,HKD,10,65.5964,745286626.0,44860441.51
0871.HK,CNY,2,49.7232,747778000.0,21771814.09
0873.HK,CNY,17,56.9497,1405620766.0,137620677.8
0874.HK,CNY,88,24.7318,54385487.0,115798335.29
0875.HK,HKD,4,43.3587,303097087.0,20179048.25
0876.HK,HKD,3,59.6258,61791781.0,19203826.89
0878.HK,HKD,6,75.3046,213344472.0,172473928.42
0880.HK,HKD,85,69.4487999999999,4932103512.0,1488683914.86
0881.HK,CNY,255,80.8426000000001,1913551018.0,2677060669.52
0882.HK,HKD,12,64.7564,694688363.0,185635397.56
0883.HK,CNY,193,69.3272000000001,30878454410.0,84543710085.56
0884.HK,CNY,31,49.0647,8906064913.0,48421351.97
0887.HK,HKD,20,68.9352,5002433091.0,182565589.66
0888.HK,HKD,6,73.2816,1041945071.0,10316606.14
0889.HK,HKD,2,72.3166,231413000.0,11005078.25
0893.HK,CNY,2,53.7856,1209646000.0,12438039.83
0894.HK,HKD,5,59.8885,287058737.0,26519433.48
0895.HK,CNY,8,26.1315,52298895.0,12562120.01
0896.HK,HKD,13,60.9552,654095658.0,23126777.94
0897.HK,HKD,1,72.7149,810322940.0,33087066.58
0898.HK,HKD,2,66.9101,559417542.0,71901748.57
0899.HK,HKD,10,48.9439,217878140.0,6263550.28
0900.HK,HKD,16,82.7213,346408796.0,350027815.13
0901.HK,CNY,27,72.277,151343100.0,1197823759.19
0902.HK,CNY,209,51.3285,2412637533.0,1892130419.62
0905.HK,HKD,3,64.444,676984511.0,137699712.31
0907.HK,HKD,1,5.616,49020000.0,529414.48
0909.HK,CNY,70,60.6551,1151490606.0,441358203.57
0910.HK,CNY,1,57.0234,2901469002.0,5220949.75
0911.HK,HKD,2,52.6711,89248577.0,3275156.01
0912.HK,HKD,8,65.9219,187738800.0,26390239.8
0913.HK,HKD,1,0.2114,750000.0,36697.01
0914.HK,CNY,304,74.0242,954712252.0,2354946580.6
0915.HK,USD,3,56.091,846746427.0,5441604.91
0916.HK,CNY,277,60.1593,1995997153.0,1606167726.11
0917.HK,CNY,55,68.4763000000001,181392620.0,397718159.11
0918.HK,HKD,3,61.335,683314765.0,64216774.37
0919.HK,HKD,4,74.9881,678254942.0,6453093.19
0921.HK,CNY,229,52.3269,240490636.0,763404038.96
0922.HK,HKD,4,68.533,1522365616.0,23582400.91
0923.HK,HKD,3,73.0357,3522514028.0,8906669.66
0924.HK,SGD,1,55.0,550000000.0,30128540.2
0926.HK,CNY,5,59.7984,73112832.0,21233542.61
0927.HK,HKD,9,63.0084,321975500.0,25573082.79
0928.HK,HKD,2,48.499,897436691.0,7612791.99
0929.HK,HKD,7,70.679,743721975.0,68518159.91
0931.HK,HKD,7,58.976,4811187951.0,204072216.63
0932.HK,HKD,2,51.5597,1602422033.0,9825529.6
0933.HK,HKD,46,70.3036,7001234626.0,449215465.16
0934.HK,HKD,75,74.8428,1860712675.0,1030641974.9
0936.HK,HKD,3,68.8699,730020000.0,30963664.71
0938.HK,HKD,1,73.7529,477327672.0,25282508.84
0939.HK,CNY,587,78.6546000000003,189101783091.0,188092413915.48
0941.HK,CNY,204,73.0489000000001,15180270440.0,159312204471.71
0943.HK,HKD,6,84.2238,1735517860.0,34548747.48
0945.HK,CAD,1508,55.3048000000004,919132825.0,32183272874.6599
0947.HK,CNY,5,39.6927,316290800.0,5737213.51
0948.HK,HKD,4,63.7917,263000615.0,8193794.71
0950.HK,HKD,18,55.2888,325559923.0,56476070.81
0951.HK,CNY,24,54.8158,605235115.0,156534444.05
0952.HK,HKD,4,75.205,4660497136.0,89851723.98
0953.HK,CNY,2,36.1403,513052000.0,7861296.73
0954.HK,CNY,4,16.4257,30174000.0,1165833.31
0956.HK,CNY,119,66.3012,1422820490.0,678285039.88
0959.HK,HKD,9,47.0393,60326620.0,4557396.09
0960.HK,CNY,292,78.3376,5559923888.0,4729797243.39
0966.HK,HKD,262,73.8901999999999,2655594376.0,6366109501.79
0968.HK,CNY,334,82.7204000000001,7566490690.0,3055217321.21
0969.HK,HKD,3,60.0564,1315943083.0,15086708.62
0970.HK,HKD,16,72.2003,487613460.0,27492796.54
0974.HK,CNY,2,79.9287,232158317.0,35508707.45
0975.HK,USD,35,60.5142,625921589.0,794304506.22
0976.HK,HKD,5,61.3582,984893181.0,54013122.39
0978.HK,CNY,6,75.3212,3694699395.0,126018389.0
0979.HK,HKD,4,32.2544,437469436.0,14213244.97
0980.HK,CNY,5,41.8889,156078012.0,6419018.7
0981.HK,USD,198,36.4033,2189309313.0,23413869838.38
0983.HK,HKD,4,68.4928,255714950.0,10847741.57
0984.HK,HKD,3,60.6069,157578000.0,8000117.04
0987.HK,HKD,7,74.9122,1877418327.0,47388252.07
0989.HK,CNY,5,59.0868,212820003.0,21017380.08
0990.HK,HKD,53,64.4346999999999,9524975515.0,1042789756.26
0991.HK,CNY,80,59.231,3619372627.0,1033628633.76
0992.HK,USD,528,72.2264,8959333854.0,25788432281.75
0993.HK,HKD,6,71.3385,6213294133.0,123205037.25
0994.HK,HKD,5,48.8551,630724000.0,25463216.59
0995.HK,CNY,127,45.8333,248869833.0,415895801.7
0997.HK,HKD,1,59.965,701163040.0,2073433.07
0998.HK,CNY,319,58.0782,8643282110.0,7712141197.47
0999.HK,CNY,39,92.4643,1077234017.0,1164505559.12
1000.HK,CNY,2,43.3571,23803500.0,1560323.52
1001.HK,HKD,4,52.4478,333834428.0,15062419.33
1002.HK,USD,13,67.7606,1882951324.0,13683086.8
1003.HK,HKD,14,63.5905,2787879816.0,92358238.53
1004.HK,HKD,5,73.9076,346417834.0,13379169.45
1005.HK,HKD,6,74.2027,561123569.0,34618114.03
1007.HK,CNY,1,27.8715,52842462.0,673603.1
1008.HK,HKD,5,80.2568,1258332237.0,32508357.75
1009.HK,HKD,2,28.6162,391800000.0,59396155.17
1010.HK,HKD,3,34.4571,153091012.0,8279132.23
1011.HK,CNY,11,84.786,804616493.0,75113630.4
1013.HK,HKD,3,83.1814,222418275.0,5986216.84
1020.HK,CNY,3,44.7275,2595618000.0,82763153.97
1021.HK,CNY,31,87.0446,469204573.0,1095007639.08
1022.HK,CNY,8,62.4177,1091960107.0,78594737.28
1023.HK,HKD,5,71.0665,686096636.0,43263107.11
1024.HK,CNY,541,51.6518,1898866402.0,11507460803.6
1025.HK,HKD,4,6.0676,24535500.0,966951.89
1026.HK,HKD,4,38.3253,2112870000.0,46274486.29
1027.HK,CNY,7,32.2069,134480900.0,52521544.55
1028.HK,CNY,3,35.121,875355436.0,81682362.49
1029.HK,USD,1,73.9468,1417504067.0,103280965.11
1030.HK,CNY,89,70.3838,5112512240.0,1312695215.2
1033.HK,CNY,38,58.6549,3173247392.0,289326068.43
1036.HK,HKD,3,82.8182,322599949.0,74634642.46
1037.HK,CNY,5,40.5006,286004141.0,27559900.53
1038.HK,HKD,288,83.5012000000001,2103921268.0,15614749397.47
1039.HK,CNY,8,84.6873,1533647509.0,9986809.68
1044.HK,CNY,240,67.8130999999999,783452552.0,2490699290.92
1045.HK,HKD,23,61.4593,570694860.0,204289762.22
1046.HK,HKD,3,73.9492,670446873.0,29893678.01
1047.HK,HKD,6,71.6041,264362500.0,10447763.15
1049.HK,HKD,8,67.5571,54517355.0,7427434.79
1050.HK,HKD,21,75.8916,1584537587.0,543946503.94
1051.HK,USD,12,48.6761,219437939.0,332231987.08
1052.HK,CNY,71,65.8355,1101532407.0,571560773.24
1053.HK,CNY,4,0.0591,318029.0,49224.49
1055.HK,CNY,128,74.3856,3454493494.0,2548189956.72
1057.HK,CNY,14,12.0348,26089999.0,17114367.11
1058.HK,HKD,2,71.3395,383820000.0,17759623.52
1059.HK,HKD,3,36.431,136628444.0,4786529.69
1060.HK,CNY,148,72.0721,21604934930.0,1554780139.98
1061.HK,HKD,16,55.4016,313379390.0,151271426.69
1062.HK,HKD,3,71.797,2083702560.0,25442687.54
1063.HK,HKD,2,0.0,0.0,0.0
1064.HK,HKD,6,43.1164,331400000.0,1877548.02
1065.HK,CNY,17,58.8956,200246032.0,106333378.89
1066.HK,CNY,269,72.6622,3240631945.0,1384438302.45
1068.HK,HKD,1,25.8235,470699900.0,6412887.45
1069.HK,CNY,2,4.9781,8056800.0,232234.78
1070.HK,HKD,185,75.3101,1898516315.0,1871387307.78
1071.HK,CNY,136,26.5315,455597610.0,233339644.75
1072.HK,CNY,151,26.0156,106142244.0,316425775.19
1073.HK,HKD,7,86.1403,2944268050.0,39901975.86
1079.HK,HKD,3,50.1126,714958037.0,27568012.61
1080.HK,CNY,6,38.3883,1487302244.0,16193709.55
1081.HK,,20,70.4636,72110100.0,556312340.51
1082.HK,HKD,1,28.9241,175872000.0,35175744.37
1083.HK,HKD,78,84.9513,3212254903.0,1380286558.77
1084.HK,CNY,9,71.9873,629256000.0,53379522.31
1085.HK,CNY,2,26.7962,124763187.0,20080860.15
1086.HK,HKD,30,54.5818,913336659.0,128410043.79
1087.HK,CNY,4,41.0084,98365191.0,22582404.63
1088.HK,CNY,306,29.4291,993984386.0,5172139205.46001
1090.HK,CNY,11,74.8501,953985000.0,90901963.14
1091.HK,HKD,12,70.2049,3466005960.0,223394362.59
1093.HK,CNY,456,67.4776000000001,7775030870.0,8035789550.32
1094.HK,HKD,2,48.6895,288491903.0,13167557.17
1097.HK,HKD,8,58.0496,4141623550.0,22974170.69
1098.HK,HKD,7,75.2291,563718421.0,82738579.46
1099.HK,CNY,334,76.1944,1022386999.0,2257594258.31
1100.HK,HKD,6,73.6698,316164450.0,51608402.11
1101.HK,CNY,1,0.0,0.0,0.0
1102.HK,HKD,5,71.8233,2010613622.0,29158763.5
1104.HK,HKD,10,70.0936,1048219964.0,205868077.66
1105.HK,HKD,4,43.1136,379633500.0,9758839.77
1107.HK,CNY,8,73.3662,2050581120.0,5319553.16
1108.HK,CNY,15,3.684,9210000.0,3730898.63
1109.HK,CNY,449,78.6141,5606010461.0,20050001266.85
1110.HK,CNY,6,66.8801,416328250.0,27823448.1
1111.HK,CNY,4,75.8256,584350698.0,18133283.36
1112.HK,CNY,109,79.9167,515910570.0,915042018.58
1113.HK,HKD,393,69.8843000000001,2445799685.0,11240970483.96
1114.HK,CNY,154,61.838,3119884197.0,1513968779.58
1115.HK,CNY,9,29.5738,1664486578.0,88400097.17
1116.HK,CNY,7,71.4198,1541240000.0,59884390.72
1117.HK,CNY,69,74.89,5928026600.0,884309137.69
1118.HK,HKD,2,63.6508,365596474.0,54508426.42
1119.HK,CNY,38,40.8947,834671074.0,78515811.29
1120.HK,HKD,6,73.6488,284478347.0,34735733.85
1121.HK,CNY,12,47.3901,911911157.0,257217535.01
1122.HK,CNY,8,41.8918,518893654.0,35985582.58
1123.HK,HKD,5,65.9972,782276214.0,11264745.41
1124.HK,HKD,4,52.2457,216611482.0,3982664.42
1125.HK,HKD,4,92.0901,304849128.0,38059537.49
1126.HK,HKD,58,76.1851,515672544.0,539311471.78
1127.HK,HKD,15,71.1106,547550704.0,95351237.03
1128.HK,HKD,129,80.4105,4233859037.0,3434442721.16
1129.HK,HKD,4,22.4101,141675402.0,3844332.99
1130.HK,HKD,5,33.6259,189269600.0,13250181.92
1132.HK,HKD,7,73.0467,2045063497.0,10745017.16
1133.HK,CNY,131,31.5144,212902537.0,468631657.51
1134.HK,HKD,5,60.5232,302616000.0,13255200.7
1137.HK,HKD,20,55.9279,442653830.0,62283272.76
1138.HK,CNY,233,44.5325,577138226.0,1040065895.84
1140.HK,HKD,10,54.8356,6392340207.0,130385661.43
1141.HK,HKD,5,69.4968,762357477.0,68364828.61
1142.HK,HKD,12,63.9239,8368754005.0,513533107.97
1143.HK,HKD,4,62.0609,139196005.0,6709283.57
1145.HK,USD,2,51.8144,568768963.0,11842804.4
1146.HK,CNY,9,44.716,1540666000.0,14875697.2
1147.HK,CNY,2,66.7499,1365000000.0,27612703.23
1148.HK,CNY,4,65.2769,836987643.0,34424899.16
1150.HK,HKD,2,0.4182,4420000.0,105857.36
1152.HK,HKD,13,49.3404,1725790219.0,64136663.54
1153.HK,CNY,3,71.7465,482286046.0,19666407.96
1156.HK,CNY,6,36.7832,260319430.0,8460912.68
1157.HK,CNY,179,38.7793,602052051.0,588014539.44
1159.HK,HKD,4,13.8128,19594301.0,9973600.66
1160.HK,HKD,5,58.6603,139183958.0,4669052.86
1161.HK,HKD,10,70.5725,480283280.0,63132278.65
1162.HK,HKD,1,66.4167,398500000.0,5635912.57
1163.HK,CNY,3,59.3624,532125000.0,10971191.77
1164.HK,HKD,146,78.0667000000001,5933577545.0,2269153945.62
1165.HK,CNY,4,31.4227,1597023778.0,5346513.0
1166.HK,HKD,5,11.2341,16005000.0,1605293.75
1167.HK,CNY,40,46.1751,361172762.0,294561105.38
1168.HK,HKD,7,64.8823,283112092.0,360776258.61
1170.HK,HKD,14,68.0786,457220541.0,42981913.24
1171.HK,CNY,215,39.8563,1624343252.0,2138105783.32
1172.HK,HKD,2,60.9727,3523727197.0,6342691.33
1173.HK,HKD,3,73.5299,1851482977.0,6427273.18
1176.HK,HKD,10,66.5118,5886716685.0,36314998.97
1177.HK,CNY,400,72.4158,13529461333.0,9701069796.62
1179.HK,CNY,196,69.4139,2132059077.0,8970188876.72999
1180.HK,HKD,10,76.4325,804212070.0,99451609.63
1181.HK,CNY,11,73.2868,788586787.0,21311001.02
1182.HK,HKD,2,75.3136,256679906.0,19800964.81
1183.HK,MOP,6,65.0433,2589186495.0,44859827.08
1184.HK,HKD,11,75.5043,472533968.0,274732233.69
1186.HK,CNY,54,8.7609,181905082.0,124484354.04
1187.HK,CNY,11,30.9565,8358300.0,30622346.04
1188.HK,HKD,1,13.1336,2673071189.0,4122830.06
1191.HK,CNY,30,89.1706,81641915.0,1997183763.37
1193.HK,HKD,281,73.2147000000001,1694193751.0,4735949077.07
1195.HK,CNY,1,28.9669,838327869.0,2242745.85
1196.HK,HKD,38,64.5716,931320614.0,1593784623.51
1198.HK,CNY,3,74.9795,1948391280.0,72754526.13
1199.HK,USD,136,80.8201,3246325645.0,2301723526.54
1200.HK,HKD,26,57.0574,409042982.0,76418899.16
1201.HK,HKD,10,85.8247,317281243.0,122041044.03
1202.HK,CNY,1,0.4113,658000.0,75269.59
1203.HK,HKD,3,59.2055,537344868.0,58705229.42
1204.HK,HKD,3,77.5516,387757750.0,99676811.79
1205.HK,HKD,24,81.2946,6387911306.0,320948509.18
1206.HK,CNY,2,37.7219,295058142.0,10257870.39
1208.HK,USD,293,80.6703,10363060947.0,9332329601.83001
1209.HK,CNY,314,86.0394000000001,1963850799.0,10667890387.68
1211.HK,CNY,825,42.9230000000001,1581087278.0,16905278300.46
1213.HK,HKD,3,73.495,146990000.0,4082110.59
1215.HK,HKD,8,48.5593,6205336666.0,18344116.96
1216.HK,CNY,6,27.9415,1940543046.0,74954429.09
1217.HK,HKD,1,29.8229,3817807905.0,4915862.91
1218.HK,HKD,2,52.8585,39109144.0,10056608.28
1220.HK,HKD,1,4.8077,100000000.0,713412.1
1221.HK,HKD,3,47.1705,565105892.0,105859064.74
1222.HK,HKD,6,43.0332,6096380717.0,15861691.05
1223.HK,HKD,11,71.7735,2134711427.0,272842617.52
1224.HK,HKD,5,74.9217,2908711590.0,448585994.85
1225.HK,HKD,4,7.9114,18221800.0,379418.98
1226.HK,HKD,1,0.0,0.0,0.0
1228.HK,CNY,8,49.3735,294978232.0,103940768.12
1229.HK,HKD,1,74.4233,569616589.0,10253069.55
1231.HK,USD,3,71.7079,2868314000.0,112255805.0
1232.HK,CNY,7,49.6054,104380521.0,5791148.79
1233.HK,CNY,27,50.8948,1522954529.0,6504534.94
1234.HK,CNY,45,75.2805,901471548.0,392297806.24
1235.HK,HKD,5,78.2147,398785000.0,7947192.45
1236.HK,CNY,20,92.3035,307678300.0,1500371612.15
1237.HK,CNY,7,52.7657,50674556.0,2359058.05
1238.HK,CNY,18,71.6046,2964718418.0,97171139.56
1239.HK,CNY,7,57.7738,250748565.0,18633461.61
1240.HK,HKD,7,84.4485,1282200040.0,31312160.96
1241.HK,CNY,3,71.0853,462054000.0,6782400.56
1243.HK,HKD,1,75.0,11400000000.0,49834142.4
1244.HK,CNY,23,43.2008,111534753.0,45897000.89
1245.HK,JPY,8,52.958,633297430.0,13629972.47
1246.HK,HKD,8,54.7305,743238000.0,1993704.95
1247.HK,CNY,3,22.4805,50126069.0,11775842.56
1250.HK,CNY,12,75.0166,1685313543.0,383375388.46
1251.HK,CNY,8,43.0743,841734000.0,8803386.83
1252.HK,CNY,6,57.5838,1775471716.0,56510794.55
1253.HK,CNY,6,62.8485,379678605.0,7674403.67
1255.HK,HKD,2,67.8794,164841617.0,27543167.04
1257.HK,HKD,10,80.7226,1667792109.0,218551410.24
1258.HK,USD,231,77.2837,3015630142.0,5578421434.84
1259.HK,HKD,2,5.7412,126500500.0,516864.04
1260.HK,HKD,2,70.8335,815616000.0,34080999.85
1262.HK,CNY,3,75.0,179437926.0,86110783.73
1263.HK,,37,53.6676,208168122.0,265905322.29
1265.HK,CNY,1,8.8989,44500000.0,1042838.94
1268.HK,CNY,72,73.609,990957066.0,154903105.78
1269.HK,CNY,5,16.1072,297659000.0,2026645.55
1270.HK,HKD,38,74.5647,2644275013.0,192316041.99
1271.HK,HKD,4,72.4903,1029522600.0,267380963.07
1272.HK,CNY,10,93.4415,583352000.0,79524151.83
1273.HK,HKD,4,78.6911,326568000.0,24454815.64
1274.HK,CNY,39,68.5369,173423260.0,239537344.44
1276.HK,CNY,195,68.9882,178126169.0,1419619471.87
1277.HK,CNY,39,74.8136,6433584398.0,1263631827.43
1278.HK,CNY,4,70.0841,6816548624.0,70090461.96
1280.HK,CNY,18,56.4723,1091777935.0,416263384.63
1281.HK,CNY,1,65.3733,970534633.0,13846425.44
1282.HK,HKD,3,44.656,2232800000.0,43626752.88
1283.HK,HKD,1,72.2912,597000000.0,118950291.24
1284.HK,HKD,3,75.0,450000000.0,21689395.2
1285.HK,CNY,3,79.8595,331417000.0,48639475.09
1286.HK,HKD,50,83.4382,1624775976.0,1681776695.0
1288.HK,CNY,384,59.9665,18433227136.0,12919150461.96
1290.HK,CNY,10,50.6324,552062000.0,39735420.7
1292.HK,CNY,4,61.7082,80124800.0,38857154.19
1293.HK,CNY,6,68.7446,1950635377.0,45624574.14
1298.HK,HKD,1,73.0465,201196995.0,25342603.08
1299.HK,USD,858,56.7857000000002,5875336620.0,57470938123.27
1300.HK,CNY,6,60.7037,1073239750.0,171438343.16
1301.HK,CNY,11,70.1118,439591113.0,25674640.4
1302.HK,CNY,60,29.4953,1366140980.0,274754169.56
1303.HK,CNY,7,75.9847,1598067347.0,64157186.84
1304.HK,CNY,36,75.5462,16284758.0,304675720.75
1305.HK,HKD,1,59.1251,128120000.0,11197717.34
1308.HK,USD,410,69.6896000000001,1889661304.0,8130146237.39001
1310.HK,HKD,71,84.3006,1246737526.0,1167363086.55
1312.HK,HKD,3,65.9698,3686772000.0,12851427.6
1313.HK,CNY,92,73.8042,5153701187.0,1039373358.96
1314.HK,HKD,8,69.9137,986640000.0,28413844.0
1315.HK,HKD,5,38.895,241878900.0,3181383.39
1316.HK,USD,164,76.1084,1910196167.0,1506104232.56
1317.HK,CNY,8,55.5151,1605149352.0,37471024.98
1318.HK,CNY,211,85.9956000000001,421539041.0,3475930101.8
1319.HK,HKD,3,82.8183,1593678617.0,55660440.99
1321.HK,CNY,3,73.69,1358859594.0,104792328.99
1323.HK,HKD,4,50.2575,455721900.0,11646496.87
1328.HK,HKD,5,78.9071,201800157.0,90760973.75
1330.HK,CNY,44,49.8325,201502186.0,143921948.82
1332.HK,HKD,5,39.5992,1111135135.0,36411627.76
1333.HK,CNY,17,56.0767,199608346.0,553984032.46
1334.HK,CNY,5,73.8958,369479006.0,50965477.73
1335.HK,HKD,4,62.0974,1511536164.0,33898370.56
1336.HK,CNY,299,37.1306,383969706.0,2445360828.45
1338.HK,CNY,1,60.1067,1900840000.0,8795321.64
1339.HK,CNY,338,42.1645000000001,3679406270.0,2582729149.84
1341.HK,HKD,32,1.2972,143942631.0,171362650.8
1343.HK,SGD,2,59.0226,628000000.0,9847435.01
1345.HK,CNY,8,75.4174,948334000.0,277055216.59
1346.HK,USD,8,66.9109,427628000.0,79069849.96
1347.HK,USD,336,72.8825,969305161.0,11218173467.15
1348.HK,HKD,9,76.6485,1129976000.0,26572748.13
1349.HK,CNY,15,28.3806,92521000.0,30103886.54
1351.HK,CNY,8,66.2386,397431161.0,15608024.05
1354.HK,CNY,6,72.3521,12058800.0,5114717.92
1355.HK,HKD,5,42.4076,505951020.0,9371273.84
1357.HK,CNY,309,59.6082,2696221919.0,1789863150.68
1358.HK,CNY,10,69.92,1002122909.0,148397082.33
1359.HK,CNY,125,44.4535,6031236223.0,927783103.6
1361.HK,CNY,84,68.4722,1484260637.0,898587962.28
1362.HK,HKD,7,74.9242,209787439.0,14830159.81
1364.HK,CNY,134,83.4473,1984533179.0,5641770891.78
1368.HK,CNY,184,73.5389000000001,2070196105.0,1182100383.85
1370.HK,CNY,4,72.3702,1183491000.0,18870195.23
1371.HK,HKD,5,2.1474,7346634.0,1715063.18
1372.HK,HKD,14,58.0255,568928712.0,65306529.22
1373.HK,HKD,17,65.1433,464635687.0,47862512.64
1375.HK,CNY,34,33.5872,401488430.0,101025923.45
1376.HK,SGD,2,51.0,510000000.0,23261939.46
1377.HK,,16,44.3913,5607500.0,250312472.12
1378.HK,CNY,463,80.3043000000002,7885394411.0,21882474657.56
1379.HK,CNY,6,71.2444,14248859.0,5860487.23
1380.HK,CNY,18,34.5672,178694960.0,9477731.04
1382.HK,HKD,28,55.1067,763983742.0,141407775.55
1384.HK,CNY,13,61.6809,206368300.0,1598279987.43
1385.HK,CNY,127,22.4977,63966073.0,320055520.36
1388.HK,HKD,15,79.689,336619888.0,16008297.76
1389.HK,HKD,4,79.0872,438406555.0,18882742.89
1392.HK,CNY,15,88.2779,667507920.0,1540959550.08
1393.HK,CNY,6,35.2823,1624841486.0,12762232.96
1395.HK,HKD,6,68.3926,757310000.0,14503192.32
1396.HK,CNY,17,50.0425,792522945.0,1080844793.26
1397.HK,HKD,4,79.9096,331624754.0,49017192.9
1398.HK,CNY,499,49.0831000000001,42601429120.0,34708169977.68
1399.HK,CNY,2,53.9004,587514990.0,25493116.44
1400.HK,CNY,1,0.0,0.0,0.0
1401.HK,CNY,6,40.6925,610388880.0,53977559.21
1402.HK,HKD,3,71.5945,752100000.0,22047211.32
1405.HK,CNY,98,59.8205,78735577.0,431677802.72
1406.HK,HKD,7,71.3857,385316992.0,18401830.02
1407.HK,CNY,2,74.5,327800000.0,25700551.26
1408.HK,MOP,4,75.0,375000000.0,11567677.5
1410.HK,HKD,4,58.9472,595200000.0,57127691.86
1412.HK,HKD,5,75.0117,399062000.0,81548860.74
1413.HK,HKD,8,13.3835,43898000.0,2374280.1
1415.HK,USD,169,83.8175,729244636.0,2572381447.68
1416.HK,SGD,1,75.0,1050000000.0,6615321.3
1417.HK,CNY,5,78.3981,317512000.0,129588470.08
1418.HK,HKD,1,72.9088,1275906000.0,51605704.92
1419.HK,HKD,3,68.4181,259682286.0,27457902.53
1420.HK,SGD,4,59.9929,805496200.0,21799069.55
1421.HK,HKD,3,9.073,18163750.0,1017926.32
1425.HK,HKD,5,67.1125,838906505.0,74539274.46
1427.HK,CNY,2,75.4588,662480000.0,17370271.32
1428.HK,HKD,57,55.4983,941970317.0,1358286956.55
1429.HK,HKD,4,60.0148,960236000.0,29161180.47
1431.HK,CNY,6,71.3593,3347107920.0,67254747.05
1432.HK,CNY,17,41.5103,3479074440.0,146741230.08
1433.HK,HKD,2,66.2827,1320000000.0,8158324.68
1440.HK,CNY,9,35.1621,442962500.0,427696330.46
1442.HK,MYR,5,71.6249,1478336000.0,61753299.75
1443.HK,HKD,4,75.0,975000000.0,11783538.0
1446.HK,HKD,6,65.6469,430607200.0,20777791.68
1447.HK,HKD,2,80.5,322000000.0,19059520.0
1448.HK,CNY,91,58.5289,1357797416.0,648752399.88
1449.HK,CNY,3,75.486,503240000.0,17411104.81
1450.HK,CNY,5,27.4589,385702334.0,57175960.62
1451.HK,HKD,5,72.8826,148972000.0,23309984.17
1452.HK,CNY,3,55.7463,330488975.0,7184859.68
1455.HK,HKD,4,74.2213,948965000.0,20095837.22
1456.HK,CNY,22,16.7574,74174960.0,40977528.64
1458.HK,CNY,49,67.8427,1411848518.0,214618795.03
1459.HK,CNY,1,7.1086,9480000.0,408920.6
1460.HK,HKD,4,43.1189,378406800.0,12536094.0
1461.HK,CNY,2,13.1679,36487000.0,2954488.89
1463.HK,MYR,6,58.162,1671719497.0,67804700.4
1466.HK,HKD,5,32.6856,304713375.0,21794478.32
1468.HK,HKD,9,3.7778,15746900.0,4240110.79
1470.HK,HKD,1,75.0,600000000.0,3711961.8
1471.HK,CNY,3,24.8796,8782500.0,20284760.87
1472.HK,HKD,1,60.0,600000000.0,3471418.8
1473.HK,HKD,4,60.3417,710890667.0,127399641.13
1475.HK,HKD,32,84.6658,883649281.0,832002972.35
1476.HK,CNY,3,70.9978,320091000.0,67060181.62
1477.HK,CNY,50,61.7383,503401459.0,358004903.88
1478.HK,CNY,122,73.8625,882574477.0,781765729.02
1480.HK,HKD,1,75.0,180000000.0,27762425.64
1481.HK,HKD,1,73.5294,750000000.0,173515160.25
1483.HK,HKD,5,47.3712,388184000.0,56242524.15
1486.HK,HKD,5,74.8129,323484670.0,26815864.95
1488.HK,CNY,2,75.5753,1193080506.0,92003970.31
1489.HK,HKD,3,72.955,729550000.0,31415076.06
1490.HK,CNY,2,71.4806,882500000.0,21551225.39
1496.HK,HKD,3,82.5,712800000.0,11272390.98
1497.HK,CNY,14,79.2711,365989325.0,282778629.07
1498.HK,HKD,10,65.264,349747463.0,15957345.63
1499.HK,HKD,2,72.731,3906025001.0,75827246.28
1500.HK,HKD,4,74.6289,619420000.0,5574763.89
1501.HK,CNY,24,85.2235,179991977.0,702856438.34
1502.HK,CNY,9,45.1681,46749000.0,12465271.2
1508.HK,CNY,86,24.6994,1649774234.0,279538867.98
1511.HK,CNY,35,88.0056000000001,111525470.0,1054235735.05
1513.HK,CNY,135,67.9951,203855183.0,736464335.17
1515.HK,CNY,69,47.4463,615223787.0,242493964.08
1516.HK,CNY,67,41.1472,1245919832.0,149372508.87
1518.HK,CNY,7,57.3282,280923107.0,20073617.37
1519.HK,USD,244,47.8882,4155037342.0,4993023455.78001
1520.HK,HKD,3,13.5941,129000000.0,17769929.09
1521.HK,USD,19,73.4241,1499374065.0,339884977.43
1522.HK,HKD,3,66.963,1404312715.0,48823735.39
1523.HK,USD,42,73.1084,808764911.0,628448013.380001
1525.HK,CNY,9,39.2176,162753000.0,51756824.13
1526.HK,CNY,2,61.2267,972019200.0,139901420.37
1527.HK,CNY,2,32.8698,11504400.0,1436883.45
1528.HK,CNY,30,29.9337,221893366.0,32112218.89
1530.HK,CNY,354,67.0074,1694991008.0,4305742634.46
1532.HK,CNY,4,33.2503,600920000.0,7846752.76
1536.HK,HKD,3,50.4614,230104000.0,4124474.81
1538.HK,CNY,2,74.2947,634885300.0,31112191.42
1539.HK,HKD,9,56.8968,1959585114.0,96468120.75
1540.HK,HKD,5,74.464,371330863.0,20762536.54
1541.HK,CNY,31,40.9115,171196260.0,122371924.32
1542.HK,CNY,5,72.922,36461000.0,5276240.53
1543.HK,CNY,4,51.6881,286540000.0,10455541.59
1545.HK,SGD,3,75.0,1500000000.0,17737105.5
1546.HK,HKD,2,72.5,580000000.0,16903785.06
1547.HK,HKD,2,75.0,600000000.0,15428527.2
1548.HK,USD,223,66.3834,1452839915.0,2288491687.35
1549.HK,HKD,4,74.8517,1160200000.0,14686873.52
1551.HK,CNY,6,61.7504,1651773797.0,344549341.95
1552.HK,SGD,3,73.1,584800000.0,10025178.58
1553.HK,CNY,4,73.0895,317062000.0,61535367.6
1555.HK,CNY,5,52.596,1781177524.0,6181225.71
1556.HK,HKD,3,75.0,1125000000.0,44786138.47
1557.HK,HKD,1,62.5,300000000.0,4898557.5
1559.HK,HKD,4,67.3821,1856104375.0,13977016.3
1560.HK,HKD,4,74.9521,480816000.0,7544085.06
1561.HK,HKD,4,30.3951,323846566.0,3313595.52
1563.HK,CNY,13,53.6441,907076507.0,23557819.96
1565.HK,CNY,4,51.601,1572376174.0,37997468.04
1566.HK,HKD,2,13.8128,163273000.0,1071303.87
1568.HK,HKD,6,75.0311,1635834978.0,142008174.83
1569.HK,CNY,4,79.5902,3356892000.0,75934682.0
1570.HK,CNY,2,74.9808,147062194.0,114936500.08
1571.HK,CNY,20,79.4434,800874750.0,445282934.12
1572.HK,CNY,1,59.1995,1000768000.0,12734217.37
1575.HK,CNY,3,58.0709,2241538000.0,21862410.05
1576.HK,CNY,6,88.8835,1777669000.0,410284657.73
1577.HK,CNY,8,99.4445,179000000.0,22970471.83
1578.HK,CNY,11,70.6009,1245824658.0,398592532.32
1579.HK,CNY,154,64.9065,672883334.0,1187295896.32
1580.HK,CNY,5,72.4097,793377678.0,39782652.96
1581.HK,HKD,1,58.8911,244398000.0,3959236.36
1582.HK,HKD,6,78.266,391330000.0,18397120.18
1583.HK,CNY,3,62.5606,471567138.0,78375673.03
1585.HK,CNY,352,85.7864000000001,2670228034.0,3828144040.09
1586.HK,HKD,9,72.682,426376720.0,119963508.66
1587.HK,CNY,2,80.5324,547620000.0,43638985.7
1588.HK,CNY,12,51.7893,69955375.0,64453347.16
1591.HK,HKD,3,64.0037,341353067.0,5783612.17
1592.HK,HKD,5,21.3605,309251764.0,7446096.42
1593.HK,CNY,8,59.7649,593333000.0,101608712.77
1596.HK,CNY,4,38.3289,86033000.0,28124441.68
1597.HK,CNY,1,75.0,187500000.0,60248319.56
1598.HK,CNY,2,73.2129,850151100.0,12041255.39
1599.HK,CNY,10,46.1847,179168000.0,31148533.45
1600.HK,CNY,26,80.3093,781782039.0,302309731.89
1601.HK,CNY,6,56.6355,279402000.0,30046916.97
1606.HK,CNY,17,69.7092,1930661900.0,411292061.86
1608.HK,HKD,8,76.6078,5119811511.0,122348120.71
1609.HK,CNY,16,86.9732,47688618.0,1203538574.65
1610.HK,CNY,50,59.6906,2735024243.0,496115953.48
1611.HK,HKD,18,63.2717,476402428.0,309971526.3
1612.HK,HKD,6,62.7392,414140222.0,43923137.59
1613.HK,HKD,5,30.063,461727907.0,25602846.56
1615.HK,MOP,3,75.0,450000000.0,19954243.36
1616.HK,CNY,7,68.0418,1463974035.0,5516257.25
1617.HK,CNY,4,56.9259,925752000.0,11562512.87
1618.HK,CNY,78,11.0825,314634403.0,62414507.39
1620.HK,HKD,1,75.0,900000000.0,6721347.6
1621.HK,HKD,1,73.0,730000000.0,7414693.22
1622.HK,CNY,19,74.8926,2659893322.0,66763543.87
1623.HK,CNY,13,49.8063,844933800.0,26338254.45
1626.HK,CNY,4,69.9421,419653000.0,153658944.27
1627.HK,HKD,3,75.0164,1500328000.0,106094320.22
1628.HK,CNY,46,40.996,610017912.0,8489345.9
1629.HK,CNY,2,72.461,395704000.0,7387955.52
1630.HK,HKD,1,75.0,1125000000.0,6364267.88
1631.HK,HKD,1,62.5,192000000.0,33823529.47
1632.HK,HKD,4,64.7708,617444182.0,4844853.6
1633.HK,HKD,2,73.3319,502140000.0,3679958.1
1635.HK,CNY,4,8.2906,44242000.0,18784351.81
1636.HK,CNY,8,66.8048,299389603.0,37919456.28
1637.HK,HKD,2,75.0,300000000.0,4665689.7
1638.HK,CNY,58,61.6271,7042154807.0,43734868.01
1640.HK,CNY,4,38.965,233490188.0,108227992.38
1641.HK,CNY,6,69.1573,16989500.0,14758361.04
1643.HK,CNY,2,72.5,522000000.0,29806221.64
1645.HK,CNY,2,61.9182,349204000.0,140483448.27
1647.HK,SGD,3,36.2198,432840000.0,4006850.1
1650.HK,SGD,1,75.0,1500000000.0,14099377.5
1651.HK,CNY,75,84.5855,311793910.0,1946107640.25
1652.HK,CNY,6,73.8925,546288000.0,23984181.11
1653.HK,HKD,4,67.1878,194117000.0,65143257.57
1655.HK,JPY,1,52.0834,375000000.0,11983740.38
1656.HK,SGD,15,49.2891,223477703.0,68972992.5
1657.HK,HKD,3,74.9376,23980000.0,153790585.55
1658.HK,CNY,290,86.2293000000001,17121813182.0,11422274660.41
1660.HK,HKD,4,29.2181,1810064000.0,109496733.86
1661.HK,CNY,5,46.282,88072100.0,19028217.4
1662.HK,HKD,6,68.3578,352042689.0,126446516.45
1663.HK,CNY,4,62.9728,1551647816.0,17038260.08
1666.HK,CNY,30,23.3194,146609767.0,75054590.74
1667.HK,HKD,4,84.9333,815360000.0,24425786.0
1668.HK,HKD,14,57.8307,6616925913.0,132159043.34
1669.HK,HKD,1,75.0,300000000.0,22400453.1
1671.HK,CNY,2,80.1602,128192907.0,10874557.38
1672.HK,CNY,52,78.4933,825737599.0,902267417.95
1673.HK,CNY,4,61.4913,981482427.0,28632874.2
1675.HK,CNY,70,63.2335,594389134.0,565983603.09
1676.HK,CNY,3,14.2823,37576000.0,2944679.48
1679.HK,CNY,12,65.8331,142076813.0,10303386.33
1680.HK,HKD,8,51.6417,480359758.0,64515435.72
1681.HK,CNY,107,68.4617,574429854.0,1101593417.64
1682.HK,HKD,2,29.8949,469903664.0,10581867.76
1683.HK,HKD,3,30.0884,561522000.0,36812896.05
1685.HK,CNY,3,69.0466,534260924.0,39039392.54
1686.HK,HKD,136,83.0465000000001,1962423188.0,1140730453.05
1688.HK,,20,43.1258,350101620.0,439398259.53
1689.HK,HKD,5,67.5771,474006000.0,31127185.27
1690.HK,HKD,5,72.3726,1045950000.0,9813805.79
1691.HK,USD,71,82.3615,2861707681.0,663657162.83
1692.HK,HKD,9,82.6759,296806000.0,67406422.25
1693.HK,MYR,13,50.9785,40924669.0,33793343.28
1695.HK,MYR,4,75.0001,810000000.0,8650398.07
1696.HK,USD,12,72.0378,337384100.0,182228385.78
1697.HK,CNY,6,64.4723,750931200.0,36193874.58
1698.HK,CNY,155,25.1978,373645947.0,1882909222.19
1701.HK,CNY,3,70.2312,702312000.0,11102962.08
1702.HK,CNY,3,79.0945,491132000.0,118675136.1
1703.HK,HKD,2,13.7319,18950000.0,1354089.57
1705.HK,HKD,3,75.0,300000000.0,12921391.8
1707.HK,HKD,1,54.7905,920480000.0,12681889.27
1708.HK,CNY,5,25.5569,58653288.0,2936568.58
1709.HK,HKD,21,49.4183,987080243.0,185351138.6
1710.HK,HKD,1,75.0,750000000.0,51677937.75
1711.HK,HKD,1,75.0,600000000.0,6861019.2
1712.HK,AUD,6,32.3579,61388151.0,38649725.95
1713.HK,CNY,9,86.5707,681654958.0,186999385.71
1715.HK,CNY,3,30.2695,109200000.0,4799419.06
1716.HK,HKD,7,72.963,197000005.0,171989122.66
1717.HK,CNY,9,77.1275,1371439949.0,336104993.04
1718.HK,HKD,2,11.2534,34224000.0,1286291.46
1719.HK,HKD,3,85.7357,1478998511.0,62731451.19
1720.HK,CNY,2,69.75,767250000.0,5433571.67
1721.HK,SGD,1,60.234,602340000.0,36452339.24
1722.HK,MOP,2,64.3636,708000000.0,5952914.98
1723.HK,HKD,5,69.6628,333178000.0,80176613.67
1725.HK,CNY,8,41.7216,341453553.0,24794975.44
1726.HK,SGD,2,51.1497,584000000.0,96339020.8
1727.HK,CNY,6,0.0409,188500.0,7323.7
1728.HK,CNY,4,90.7065,9085216736.0,166984048.64
1729.HK,HKD,102,69.4529000000001,1550751778.0,3769954089.66
1730.HK,SGD,24,64.9724,283024853.0,141324738.94
1731.HK,USD,2,75.0,840000000.0,92105391.58
1732.HK,CNY,2,59.2993,759031500.0,21636438.83
1733.HK,HKD,36,59.1294,1578630559.0,191941212.0
1735.HK,HKD,42,66.3094,2800905578.0,2994728561.2
1736.HK,CNY,10,52.5691,26882816.0,1700063.16
1737.HK,HKD,1,75.0,750000000.0,12246393.75
1738.HK,CNY,5,64.3678,888625950.0,12514600.81
1739.HK,CNY,8,65.7355,752678457.0,20473242.03
1740.HK,CNY,6,63.7599,661507500.0,6643779.8
1741.HK,HKD,1,51.0,408000000.0,11480258.71
1742.HK,SGD,2,75.0,1200000000.0,23322564.0
1745.HK,CNY,8,71.7494,1815834733.0,50263592.22
1746.HK,HKD,1,75.0,750000000.0,27473233.5
1747.HK,USD,4,70.283,376065634.0,201076184.56
1748.HK,USD,7,42.6593,187700971.0,41491891.82
1750.HK,HKD,3,66.0,1188000000.0,13589707.83
1751.HK,HKD,5,32.8646,95700000.0,14376891.99
1752.HK,AUD,11,70.8385,1581008000.0,14567002.95
1753.HK,CNY,7,50.5612,544454029.0,16962894.15
1755.HK,CNY,14,1.1872,10344792.0,4159112.2
1756.HK,CNY,3,80.7738,969285000.0,77102509.44
1757.HK,HKD,2,75.0,900000000.0,714926329.2
1758.HK,CNY,6,66.3049,598824010.0,12216821.21
1759.HK,CNY,1,75.0,162000000.0,10325380.23
1760.HK,CNY,16,69.853,759886588.0,135640572.06
1762.HK,CNY,8,33.7826,656220914.0,118982018.09
1763.HK,CNY,10,40.261,32196275.0,77217154.05
1765.HK,CNY,14,49.1526,4263457721.0,117638663.86
1766.HK,CNY,256,33.2957,1455381247.0,957295654.88
1767.HK,SGD,1,75.0,750000000.0,17865650.25
1769.HK,CNY,25,50.7649,342044071.0,80887299.34
1770.HK,CNY,20,88.2333,45162991.0,390071314.28
1771.HK,CNY,5,77.4718,464831000.0,18051874.73
1772.HK,CNY,281,57.6467,278493234.0,1877594910.95
1773.HK,CNY,62,72.7803,1520034716.0,324864908.75
1775.HK,HKD,2,75.1165,400380000.0,18261990.83
1776.HK,CNY,206,58.1634,1117198836.0,2535015779.62
1777.HK,CNY,2,74.9546,4326830500.0,61284184.44
1778.HK,CNY,3,69.8698,1299164600.0,33660120.58
1779.HK,CNY,31,86.4749,64907467.0,980823574.68
1780.HK,HKD,3,33.3871,207000000.0,26413168.33
1782.HK,CNY,1,59.8888,479110000.0,227845584.18
1783.HK,HKD,38,57.8233,1670719650.0,715311227.69
1785.HK,CNY,9,90.722,413785000.0,109026547.89
1786.HK,CNY,4,8.3399,44360000.0,5130126.67
1787.HK,CNY,264,38.8582,386828814.0,1280445833.92
1788.HK,HKD,78,8.1501,776648039.0,215305021.06
1789.HK,CNY,112,69.1839,755734678.0,499359646.39
1790.HK,HKD,1,75.0,750000000.0,54946467.0
1792.HK,USD,8,58.0272,35930505.0,5376346.17
1793.HK,HKD,1,75.0,600000000.0,12651392.4
1795.HK,CNY,1,72.7255,436353000.0,31307838.6
1796.HK,HKD,2,74.6142,358148000.0,130732789.25
1797.HK,CNY,144,70.3122,740558902.0,1386098115.65
1798.HK,CNY,108,60.8568,1522066739.0,360313687.07
1799.HK,CNY,38,21.6909,81594496.0,42196899.98
1800.HK,CNY,64,12.832,566976654.0,370870374.71
1801.HK,CNY,482,64.3846999999999,1120895276.0,10967904124.5
1802.HK,CNY,8,45.5632,378904154.0,3033185.45
1803.HK,HKD,7,64.9213,1096920600.0,11751970.73
1808.HK,CNY,2,21.4428,52510850.0,27654014.99
1809.HK,CNY,15,83.1277,530891500.0,548259540.93
1810.HK,CNY,781,47.6005000000001,10185208487.0,38543650362.38
1811.HK,USD,46,77.9667,3344709224.0,1027206615.19
1812.HK,CNY,24,29.9214,158076132.0,15940899.75
1813.HK,CNY,16,58.8344,2011482804.0,37923247.38
1815.HK,CNY,12,56.7417,786085033.0,103307540.0
1816.HK,CNY,261,50.8361,5675215822.0,1987043543.79
1817.HK,CNY,5,74.9268,711804500.0,21807735.98
1818.HK,CNY,280,60.5080000000001,1743570532.0,6401546501.07
1820.HK,CNY,10,70.0804,210684000.0,60161135.22
1822.HK,HKD,3,48.2632,476308602.0,10478611.09
1823.HK,CNY,1,63.6797,300000000.0,61262778.9
1825.HK,HKD,1,5.4633,2265750.0,312098.72
1826.HK,HKD,3,64.8598,1036720000.0,23590432.98
1827.HK,HKD,2,73.75,295000000.0,44376301.89
1828.HK,USD,34,84.0663,1075730625.0,4257902987.61
1830.HK,HKD,11,75.4377,947648302.0,164259271.71
1831.HK,CNY,4,48.0986,517276783.0,7775922.9
1832.HK,USD,1,75.0,270000000.0,21168849.42
1833.HK,CNY,131,66.3598000000001,1434328557.0,2488540966.63
1835.HK,CNY,9,50.8044,19478400.0,4489439.75
1836.HK,USD,169,45.6465,385265370.0,704750888.15
1837.HK,CNY,13,68.7785,1505264681.0,279196846.86
1839.HK,CNY,4,0.0105,59000.0,56287.49
1841.HK,HKD,5,68.5775,274310000.0,8775432.12
1842.HK,HKD,2,38.3334,460000000.0,2670521.52
1843.HK,SGD,1,75.0,600000000.0,9257116.2
1845.HK,CNY,2,67.7098,902799000.0,15708541.9
1846.HK,HKD,16,67.4946,216458782.0,67888165.58
1847.HK,CNY,5,73.8706,98899300.0,4711734.12
1848.HK,HKD,12,64.3349,481209128.0,286387193.57
1850.HK,HKD,4,8.9861,15528000.0,865119.59
1851.HK,CNY,3,75.0,375000000.0,152789738.25
1853.HK,CNY,3,41.6752,48635000.0,12129060.73
1854.HK,HKD,5,58.3094,1188129112.0,174388676.42
1855.HK,CNY,14,71.2338,587678330.0,92757071.98
1856.HK,HKD,5,77.614,279609997.0,52593391.97
1857.HK,HKD,15,74.465,2130358700.0,387843538.52
1858.HK,CNY,66,39.8956,37957413.0,55904687.24
1860.HK,USD,130,47.8183,805536271.0,1167922663.08
1861.HK,HKD,3,74.8885,175177000.0,24842558.43
1862.HK,CNY,6,74.4173,1145145531.0,3810085.83
1863.HK,CNY,7,55.5493,473619948.0,83542412.97
1865.HK,SGD,1,4.3622,56150000.0,1801157.35
1866.HK,CNY,46,58.625,747280079.0,869388466.37
1867.HK,HKD,2,74.8642,1118470000.0,23727474.23
1868.HK,CNY,4,73.288,1534992913.0,78914723.1
1869.HK,HKD,7,64.8046,1096687720.0,15189380.96
1870.HK,HKD,7,34.9363,355362500.0,23925706.6
1871.HK,CNY,3,62.9767,274552000.0,7432256.23
1872.HK,SGD,4,14.8074,96500000.0,44422226.51
1873.HK,CNY,23,52.4151,1097337782.0,217975865.19
1875.HK,CNY,8,79.6599,615601858.0,372041581.14
1876.HK,USD,233,92.3770000000001,12233836694.0,11860712794.6
1877.HK,CNY,96,39.2903,102270671.0,275219485.46
1878.HK,USD,8,78.0132,231686956.0,61453926.71
1879.HK,CNY,64,87.4247,67186468.0,6831008443.14
1880.HK,CNY,135,29.6297,37132582.0,318891916.86
1882.HK,CNY,289,82.9979,1324651961.0,3682224266.1
1883.HK,HKD,88,64.6004,2390808907.0,759437390.8
1884.HK,HKD,2,57.2198,314709000.0,5017346.42
1888.HK,HKD,217,76.9081000000001,2423728145.0,27349126109.43
1889.HK,CNY,5,35.8929,54879915.0,2720570.59
1890.HK,CNY,29,82.7746,1667285083.0,332873266.15
1891.HK,MYR,6,68.168,681680000.0,12616727.03
1894.HK,HKD,1,10.7239,24695000.0,1196875.2
1895.HK,CNY,3,52.6744,312379500.0,19227760.81
1896.HK,CNY,100,74.0957999999999,861137459.0,757161735.8
1897.HK,HKD,13,71.4386,288166867.0,16891292.04
1898.HK,CNY,206,60.2939000000001,2476089871.0,3152004874.23
1899.HK,CNY,23,69.679,1337920286.0,248583816.08
1900.HK,CNY,8,45.3821,780656033.0,16230412.19
1901.HK,CNY,11,59.881,597852700.0,26145252.81
1903.HK,MYR,4,53.5828,267914000.0,45791626.97
1905.HK,CNY,15,78.9994,4577582515.0,458902655.52
1906.HK,CNY,3,54.5949,803158461.0,48517985.01
1907.HK,CNY,39,78.8278,3352299693.0,1070775108.69
1908.HK,CNY,198,86.7469,2008992545.0,3859163486.06
1909.HK,HKD,3,51.0001,123839033.0,25467199.56
1910.HK,USD,242,52.799,720072689.0,1603991363.86
1911.HK,CNY,28,58.2865,334183803.0,241188932.11
1912.HK,USD,2,56.6685,74674600.0,7303703.08
1913.HK,EUR,267,88.6062000000001,2267282021.0,11496199521.22
1915.HK,CNY,2,8.392,12588000.0,662687.95
1916.HK,CNY,11,70.0563,942607250.0,88121293.49
1917.HK,CNY,7,71.6582,1648140760.0,25419915.21
1918.HK,CNY,67,37.8017,7547325153.0,811345860.64
1919.HK,CNY,301,47.8873000000001,1298516307.0,2248537604.62
1920.HK,HKD,4,54.2396,318711800.0,23576665.25
1921.HK,CNY,19,72.6214,1131848482.0,459504242.24
1925.HK,CNY,3,71.3726,289089429.0,43730580.95
1927.HK,CNY,3,72.75,576179908.0,8828581.17
1928.HK,USD,368,85.6238,6929885117.0,16919961776.38
1929.HK,HKD,358,89.9747000000001,8877178274.0,12357191679.81
1930.HK,CNY,5,63.3599,418175000.0,20424212.31
1931.HK,CNY,13,65.7968,1055570827.0,715173829.6
1932.HK,HKD,1,75.0,750000000.0,15785043.0
1933.HK,CNY,6,74.3805,374823177.0,6212487.79
1935.HK,CNY,12,75.0357,1201192000.0,137433956.83
1936.HK,MYR,2,78.1945,364982000.0,34714173.1
1937.HK,CNY,7,73.458,734580000.0,25794439.46
1938.HK,CNY,1,69.8479,706261000.0,26324909.08
1939.HK,HKD,7,65.9822,337749278.0,67128359.94
1940.HK,CNY,3,75.0,900000000.0,151708411.6
1941.HK,CNY,2,69.6134,282150000.0,6030786.96
1942.HK,CNY,9,15.7016,215466222.0,8213739.36
1943.HK,HKD,5,57.1232,670295000.0,67536450.8
1945.HK,CNY,5,51.945,152830390.0,29594903.32
1947.HK,CNY,3,68.8981,413495000.0,19664171.12
1948.HK,CNY,5,72.7125,436275400.0,163759503.55
1949.HK,THB,3,39.4098,90800000.0,7179971.13
1950.HK,CNY,3,8.6112,62000800.0,1078963.52
1951.HK,CNY,109,28.7965,778959370.0,227301129.28
1952.HK,CNY,93,46.4238,164262005.0,592345806.68
1953.HK,MYR,2,75.0,945000000.0,118170218.25
1955.HK,HKD,4,84.0,420000000.0,27766981.34
1956.HK,CNY,32,89.3841,154724435.0,1687257087.21
1957.HK,MYR,1,66.051,414800000.0,12635450.94
1958.HK,CNY,99,41.3802,1043076506.0,230133902.15
1959.HK,CNY,5,71.682,379916000.0,159675760.71
1960.HK,MYR,1,60.0,600000000.0,10701045.6
1961.HK,CNY,1,60.9988,447914711.0,21419847.2
1962.HK,HKD,7,73.8193,459813803.0,28179169.39
1963.HK,CNY,88,82.1695,1297478718.0,1255731065.17
1965.HK,CNY,5,74.863,307511321.0,7239438.74
1966.HK,CNY,9,61.5905,2600960000.0,28289899.22
1967.HK,CNY,2,42.4751,127425000.0,6493241.72
1968.HK,HKD,1,75.0,480000000.0,6674993.28
1969.HK,CNY,19,75.2856,903427320.0,107386149.82
1970.HK,USD,22,74.7928,254210301.0,266001135.87
1971.HK,CNY,1,72.7696,301994000.0,14943856.9
1972.HK,HKD,288,90.4313,5206568221.0,13684025436.42
1973.HK,CNY,6,56.8913,98568800.0,45817618.2
1975.HK,HKD,3,80.0,384000000.0,17610639.74
1977.HK,HKD,11,75.4961,1056945139.0,124983627.92
1978.HK,HKD,3,75.0223,600178000.0,29393716.32
1979.HK,HKD,17,82.6354,851466060.0,204657181.01
1980.HK,CNY,10,86.2362,955281544.0,88162247.87
1981.HK,CNY,10,73.1388,1210401000.0,191518648.42
1982.HK,HKD,9,75.0582,1710870997.0,184757922.37
1983.HK,CNY,7,83.7034,630387000.0,174855289.21
1985.HK,HKD,8,68.4538,205361400.0,41758920.0
1986.HK,CNY,11,62.3834,603799276.0,62525791.79
1987.HK,SGD,4,59.154,591540000.0,15153517.05
1988.HK,CNY,248,51.1364,4254680604.0,2001947659.55
1989.HK,,36,62.2694,28644026.0,462900818.74
1991.HK,HKD,6,62.9904,108347549.0,11419224.28
1993.HK,CNY,4,67.9634,329561504.0,29395965.7
1995.HK,CNY,32,46.4746,800569912.0,175551649.13
1996.HK,CNY,1,71.88,2400000000.0,10179556.8
1997.HK,HKD,317,63.6517,1932625247.0,5963805845.59
1999.HK,HKD,177,82.3709,3166298657.0,1286082348.5
2000.HK,HKD,6,59.3876,1258451000.0,58218924.71
2001.HK,CNY,35,60.3759,1190574106.0,162313640.73
2002.HK,CNY,11,48.7688,519457552.0,63992009.19
2003.HK,CNY,14,84.8683,415397090.0,79686564.84
2005.HK,HKD,79,81.6781,2361674141.0,719899215.99
2007.HK,CNY,119,48.583,22554849998.0,584270075.61
2008.HK,HKD,8,76.2772,380902100.0,89628860.25
2009.HK,CNY,42,7.3747,172473930.0,12836637.97
2011.HK,HKD,3,50.1856,288314824.0,52507680.0
2012.HK,CAD,13,74.8044,532123946.0,30695596.96
2013.HK,CNY,74,18.8984,780926866.0,139295737.71
2015.HK,CNY,426,60.3443,1048389720.0,7951679253.51001
2016.HK,CNY,89,75.7756,4486083888.0,1443165742.18
2017.HK,CNY,1,73.2405,452994000.0,16040244.38
2018.HK,CNY,334,63.9101,738682776.0,3763099003.91
2019.HK,CNY,1,0.0,0.0,0.0
2020.HK,CNY,585,74.7533000000001,2090588387.0,20108118354.36
2022.HK,USD,6,69.1527,1383054477.0,9436609.15
2023.HK,CNY,3,53.6079,263644000.0,27108877.67
2025.HK,CNY,6,71.5879,572702000.0,234553182.64
2026.HK,USD,91,34.0275,120226850.0,1530738385.59
2028.HK,CNY,2,55.4827,476227533.0,102014599.24
2030.HK,CNY,10,69.2813,463209839.0,87507741.17
2031.HK,HKD,2,70.7185,538875000.0,22031019.93
2033.HK,HKD,7,87.042,1791381569.0,74174799.68
2038.HK,USD,36,70.01,547199828.0,1372117585.55
2039.HK,CNY,87,90.0977,2711816436.0,3315308286.39
2048.HK,CNY,5,45.3436,793088040.0,9961907.92
2050.HK,CNY,137,38.7044,184441135.0,658279277.97
2051.HK,CNY,8,49.448,805996201.0,28208470.49
2057.HK,CNY,337,46.8095000000001,263913396.0,5278034612.89
2068.HK,CNY,9,64.2201,256544000.0,83334913.25
2076.HK,CNY,69,18.2492,149697158.0,1049080174.96
2078.HK,HKD,1,75.0,900000000.0,15269334.3
2080.HK,HKD,2,75.1241,370350000.0,10380351.64
2086.HK,HKD,2,74.8329,239139669.0,12932626.9
2096.HK,CNY,141,81.0221999999999,2080794342.0,3390642298.91
2097.HK,CNY,147,77.003,116183080.0,6069263886.22
2098.HK,CNY,12,76.6647,9506019147.0,123395556.53
2099.HK,USD,242,64.5761000000001,255987708.0,4199933257.88
2100.HK,CNY,15,64.2163,1834386875.0,74699130.28
2101.HK,CNY,5,64.995,263893498.0,60939774.49
2102.HK,HKD,1,75.0,750000000.0,19873624.5
2105.HK,CNY,49,43.7583,196619867.0,297665370.56
2107.HK,CNY,10,75.3967,953013937.0,27619161.81
2108.HK,SGD,3,82.061,656488000.0,18583822.41
2110.HK,HKD,2,10.7776,46559000.0,547630.78
2111.HK,HKD,22,89.4942,930570062.0,382537344.41
2112.HK,USD,4,62.955,944325000.0,7039683.19
2113.HK,HKD,1,28.0,225330000.0,1158836.59
2116.HK,CNY,1,75.0,360000000.0,23598061.92
2119.HK,HKD,6,71.6269,516237715.0,37157968.69
2120.HK,CNY,7,50.6652,9929850.0,11547717.21
2121.HK,CNY,44,53.7325,297158007.0,166824643.16
2122.HK,CNY,3,74.6449,1012119820.0,33715715.2
2125.HK,CNY,5,71.4823,504694400.0,29839392.23
2126.HK,CNY,9,24.1435,100613513.0,32384728.61
2127.HK,CNY,6,30.4161,1164608000.0,3047584.24
2128.HK,CNY,142,79.1134,2454433560.0,1124954784.13
2129.HK,SGD,1,75.0,937500000.0,11950671.56
2130.HK,HKD,9,80.306,241310524.0,104209181.96
2131.HK,CNY,6,25.055,199352885.0,13459154.31
2132.HK,HKD,1,75.0,1200000000.0,20828511.6
2135.HK,CNY,2,61.3815,341941931.0,4711096.07
2136.HK,CNY,6,75.0829,1099551792.0,91834817.0
2137.HK,CNY,18,17.864,128950556.0,23320111.05
2138.HK,HKD,17,61.7656,732053409.0,64830266.97
2139.HK,CNY,9,77.541,2941752115.0,99484625.57
2142.HK,USD,75,44.2964,384640934.0,637163140.349999
2145.HK,CNY,149,79.6065000000001,164407104.0,688439159.19
2146.HK,CNY,3,59.3829,55820000.0,12328033.91
2147.HK,CNY,5,30.633,20585362.0,2021241.32
2149.HK,CNY,11,24.585,4425300.0,21261650.72
2150.HK,CNY,19,59.9265,1009354058.0,176551963.0
2152.HK,CNY,13,89.1766,23227750.0,20276005.11
2153.HK,CNY,5,77.0341,898889659.0,100377481.22
2155.HK,CNY,71,79.1521,1006285160.0,1009549108.81
2156.HK,CNY,32,82.6135,1163415819.0,365183996.67
2157.HK,CNY,75,64.0576,1155881943.0,735006188.02
2158.HK,CNY,42,46.6648,475941686.0,299876504.43
2159.HK,CNY,7,58.7031,164368933.0,26208212.34
2160.HK,USD,32,70.0133,891487575.0,640814731.13
2161.HK,HKD,16,73.6657,605532602.0,207713947.61
2162.HK,CNY,129,55.4502,165648009.0,1072863182.93
2163.HK,CNY,7,1.2511,3876000.0,463112.19
2165.HK,CNY,6,82.5176,235740570.0,55641869.03
2166.HK,HKD,7,66.5248,390112000.0,209011259.57
2167.HK,CNY,6,71.101,123275431.0,68648014.95
2168.HK,CNY,6,72.0226,110994012.0,21328499.6
2169.HK,CNY,13,70.9603,2838406000.0,323679081.68
2170.HK,CNY,1,7.2612,6006010.0,1435828.77
2171.HK,CNY,74,40.9044,243065812.0,550331429.42
2172.HK,CNY,41,40.7716,231778443.0,324090300.66
2175.HK,CNY,5,81.6082,412543000.0,112755615.73
2176.HK,CNY,1,9.5694,20000000.0,4138657.9
2177.HK,CNY,2,73.3337,121656800.0,21930587.26
2178.HK,HKD,5,54.5133,941266212.0,9824090.91
2179.HK,CNY,19,67.4867,309150727.0,216287256.14
2180.HK,CNY,19,80.138,166290595.0,110722585.15
2181.HK,CNY,4,77.1765,3182819860.0,204543517.27
2182.HK,HKD,2,66.4567,412031580.0,17239974.74
2185.HK,CNY,12,58.1837,137140554.0,43058724.07
2186.HK,CNY,100,59.3597,2371122051.0,969645046.09
2187.HK,CNY,9,66.143,593698800.0,65583945.65
2188.HK,CNY,6,75.5831,1127718449.0,25800275.36
2189.HK,HKD,3,71.1414,711414000.0,44329837.21
2190.HK,CNY,59,80.1787,259320161.0,739601672.1
2192.HK,CNY,91,98.1279000000001,726254862.0,845342547.87
2193.HK,HKD,5,73.8723,309964000.0,7811070.47
2195.HK,HKD,5,67.2512,113750539.0,6764606.91
2196.HK,CNY,143,38.7602,209683552.0,496161099.41
2197.HK,CNY,19,48.6307,631430239.0,172272135.33
2198.HK,CNY,14,48.7547,580180097.0,229118596.44
2199.HK,HKD,11,76.7093,939114913.0,217245332.64
2202.HK,CNY,175,23.2952,514030564.0,201629933.65
2203.HK,HKD,1,74.9573,599658000.0,16262591.24
2205.HK,CNY,2,76.8591,538014000.0,63982861.03
2208.HK,CNY,200,56.8855,438090829.0,689672975.02
2209.HK,USD,14,61.6237,257843890.0,96755531.74
2210.HK,CNY,7,78.5324,28795600.0,11776778.66
2211.HK,CNY,6,9.479,10478772.0,1552882.35
2212.HK,CNY,2,0.0,0.0,0.0
2215.HK,CNY,4,73.3437,673207564.0,18537179.03
2216.HK,USD,9,38.0807,200715539.0,58015243.54
2218.HK,CNY,8,32.3791,20609900.0,35953177.04
2219.HK,CNY,25,61.6529,434764384.0,159199807.49
2221.HK,HKD,13,37.5915,86199200.0,8396968.99
2222.HK,USD,7,70.7557,358925577.0,29986199.0
2223.HK,HKD,4,62.7538,162000000.0,15616364.38
2225.HK,SGD,5,48.6008,2575350000.0,927717278.48
2226.HK,CNY,4,77.3681,447767350.0,33059251.29
2227.HK,SGD,5,78.605,719705714.0,9866582.89
2228.HK,CNY,188,28.9536,1246000926.0,1357372611.35
2230.HK,HKD,2,73.75,1469100000.0,41743308.57
2231.HK,CNY,3,62.9999,1037087000.0,1719286.98
2232.HK,USD,126,91.725,2616755374.0,2223470773.83
2233.HK,CNY,64,72.7112,3971858499.0,1535311877.65
2235.HK,CNY,12,58.9178,96142671.0,84542192.84
2236.HK,CNY,8,76.0615,3103173400.0,137810058.6
2237.HK,CNY,1,75.0,1200000000.0,56296029.6
2238.HK,CNY,150,33.6086,945528886.0,355976642.99
2239.HK,USD,4,68.3415,222063476.0,22816083.07
2245.HK,CNY,39,57.028,314049261.0,783076364.07
2246.HK,CNY,4,41.6543,27500765.0,14105197.43
2249.HK,,18,57.3255,123918900.0,498926396.77
2250.HK,HKD,3,75.2204,758489000.0,33049978.84
2251.HK,CNY,27,75.1703,75945688.0,119704272.32
2252.HK,CNY,90,68.1711,702652077.0,1995349153.04
2255.HK,CNY,36,78.3389,10351701824.0,576624344.16
2256.HK,CNY,68,53.8849,386841338.0,582655253.35
2257.HK,USD,15,24.1672,26516591.0,18554192.01
2258.HK,CNY,6,73.8044,609181292.0,17225542.2
2259.HK,USD,307,91.3607000000001,2445138283.0,45367313125.0
2260.HK,CNY,2,74.4551,359947200.0,55979346.69
2262.HK,HKD,3,74.908,855000000.0,87914348.14
2263.HK,HKD,1,75.0,750000000.0,16971380.25
2265.HK,CNY,3,62.623,626230000.0,86888428.51
2266.HK,MOP,1,75.0,300000000.0,9193567.2
2268.HK,CNY,260,86.3397000000001,1093370243.0,8457266442.19
2269.HK,CNY,448,49.3222000000001,2043700214.0,9030343536.62
2270.HK,CNY,8,79.8791,495457595.0,240425538.98
2271.HK,CNY,1,67.9352,368796000.0,136711584.83
2272.HK,CNY,16,88.9784,87435243.0,1284680823.08
2273.HK,CNY,118,60.6252,134584686.0,490164256.82
2276.HK,CNY,119,72.7766000000001,362622163.0,2696968083.85
2279.HK,CNY,13,76.0186,399268478.0,83774853.65
2280.HK,CNY,7,50.7114,664281773.0,14327866.32
2281.HK,CNY,3,71.7512,154222000.0,14668365.02
2282.HK,HKD,173,85.9068,3264532473.0,5415109239.21
2283.HK,HKD,29,85.2683,710507075.0,230413070.68
2285.HK,USD,101,89.7325,456921792.0,1142018141.43
2286.HK,CNY,4,80.8128,484876740.0,16895437.79
2288.HK,HKD,4,53.5075,200892166.0,3495840.95
2289.HK,CNY,2,75.0,81000000.0,102210833.99
2290.HK,HKD,3,75.6521,378260500.0,121575978.4
2291.HK,CNY,23,77.9001,270119197.0,558064899.42
2293.HK,HKD,2,75.2532,302864000.0,19291437.95
2295.HK,HKD,1,75.0,300000000.0,112022456.1
2297.HK,CNY,10,71.2448,998392172.0,29117991.7
2298.HK,CNY,13,57.9724,1304063890.0,56512472.73
2299.HK,CNY,6,93.185,1966594808.0,1263829753.56
2302.HK,HKD,5,66.765,326593273.0,199827704.66
2306.HK,CNY,7,64.0662,532107000.0,141461047.42
2307.HK,HKD,5,50.0967,435800000.0,15404394.14
2309.HK,HKD,6,67.6084,623880292.0,180158578.04
2310.HK,HKD,2,74.9999,819656014.0,2955122.22
2312.HK,HKD,6,50.6138,231243940.0,13874164.21
2313.HK,CNY,433,79.7603,1198666308.0,7222616593.58001
2314.HK,HKD,82,77.8898,3345371795.0,1205586778.63
2315.HK,CNY,46,77.2016,85525045.0,507867263.32
2317.HK,USD,11,67.7483,1031631138.0,88910822.72
2318.HK,CNY,673,53.2687000000001,3967322681.0,26950554108.91
2319.HK,CNY,422,70.2546999999999,2719905376.0,5599208738.53
2320.HK,HKD,10,76.5726,626089991.0,5736902.94
2321.HK,MYR,2,77.3999,774115000.0,44846189.65
2322.HK,HKD,6,31.2087,1379607494.0,81517320.17
2324.HK,HKD,1,0.3055,2750000.0,41767.18
2325.HK,CNY,6,76.6096,475937346.0,54184244.68
2326.HK,HKD,3,39.1543,8255322140.0,10613958.48
2327.HK,HKD,8,69.108,2802575761.0,90406354.29
2328.HK,CNY,434,46.9590000000001,3239872864.0,6083396151.19
2329.HK,CNY,2,76.7127,3409431570.0,55653099.34
2330.HK,CNY,6,57.3094,259523446.0,7205000.46
2331.HK,CNY,374,61.9617,1601581738.0,3544996223.22
2333.HK,CNY,307,36.1943,835122441.0,1212859841.99
2335.HK,CNY,19,85.7025,240027450.0,1118628024.04
2336.HK,HKD,1,66.4794,1207207299.0,15233291.37
2337.HK,CNY,6,73.6953,275990240.0,61013414.98
2338.HK,CNY,407,66.8211,1298358777.0,4868229808.13001
2339.HK,HKD,8,75.5167,975875134.0,613279254.91
2340.HK,HKD,3,52.2159,399306600.0,8519580.86
2342.HK,HKD,40,41.2135,1288250331.0,392461505.16
2343.HK,USD,165,71.2908000000001,3676660238.0,1461915991.05
2347.HK,HKD,4,72.6163,351526803.0,33575017.31
2348.HK,CNY,17,70.5925,1063398509.0,139799323.81
2349.HK,HKD,7,65.656,2053906245.0,14671309.29
2350.HK,HKD,3,31.956,279615000.0,25832728.36
2352.HK,CNY,6,75.6629,50687200.0,39154026.46
2355.HK,CNY,7,19.91,33824362.0,16877909.02
2356.HK,HKD,99,81.2764,1142546045.0,1252339030.11
2357.HK,CNY,143,63.2217,3926505521.0,1961370420.06
2358.HK,HKD,3,21.719,1188466000.0,1524803.65
2359.HK,CNY,416,76.0956,373121927.0,6290651544.83
2360.HK,HKD,8,75.9381,759380901.0,198689185.5
2361.HK,CNY,7,89.589,404736750.0,283512883.6
2362.HK,USD,46,77.5705,10186628310.0,837557916.91
2363.HK,HKD,2,29.1533,59538092.0,2869656.02
2367.HK,CNY,333,71.6921,761160125.0,3137314459.92
2368.HK,HKD,13,63.9145,366984800.0,188875280.14
2369.HK,HKD,9,47.6343,158112337.0,20448188.05
2370.HK,CNY,2,75.0,150000000.0,19712918.7
2371.HK,CNY,7,43.9764,302724528.0,10612959.29
2372.HK,CNY,3,72.75,582000000.0,17985398.17
2373.HK,CNY,49,67.8092,168245174.0,452942148.53
2376.HK,CNY,5,65.7453,21919500.0,7888461.89
2377.HK,CNY,7,73.2722,626376319.0,55728620.88
2378.HK,USD,707,65.9058000000002,1651965284.0,22856522044.43
2380.HK,CNY,162,78.1856,9671749464.0,3992128109.23
2381.HK,HKD,2,84.0045,1680090000.0,38238333.95
2382.HK,CNY,462,72.0343,777226233.0,5953331907.61
2383.HK,HKD,12,74.8362,2962396908.0,156110013.47
2385.HK,CNY,6,80.786,284366353.0,230192259.06
2386.HK,CNY,161,46.7577,770005657.0,683624520.070001
2388.HK,HKD,442,76.8954000000002,8129942218.0,41563580509.3301
2389.HK,HKD,9,57.6637,3493707556.0,33921273.09
2390.HK,CNY,24,52.9764,132921878.0,142588493.02
2391.HK,USD,18,47.7685,259482920.0,571635254.95
2392.HK,CNY,13,72.5282,402429824.0,66540136.52
2393.HK,CNY,5,64.6301,1506908100.0,19561935.02
2396.HK,CNY,10,78.742,65373345.0,135867124.51
2399.HK,CNY,15,47.4651,1695170000.0,129265826.28
2400.HK,CNY,166,60.4733,295902832.0,2053459077.62
2402.HK,CNY,13,13.3587,5977451.0,13530868.34
2405.HK,USD,5,67.6125,540900000.0,90295560.64
2407.HK,CNY,16,63.2671,93564230.0,76128251.23
2408.HK,CNY,17,89.185,633825631.0,366594519.45
2409.HK,USD,4,75.0,375000000.0,211183138.41
2410.HK,CNY,44,81.6782,310430284.0,784381700.83
2411.HK,CNY,22,54.9465,1088127502.0,227865312.78
2415.HK,CNY,12,79.7377,484144155.0,54487805.07
2416.HK,CNY,12,75.1788,365689044.0,129672957.29
2418.HK,CNY,7,89.948,470785500.0,96778173.96
2419.HK,CNY,71,55.9200000000001,86155980.0,729727428.27
2420.HK,CNY,8,71.7011,358505600.0,191225586.23
2421.HK,CNY,13,73.1652,369751500.0,30425488.41
2422.HK,CNY,7,57.3886,952651000.0,126938762.33
2423.HK,CNY,314,63.2016,2102385696.0,10561535141.62
2425.HK,CNY,21,78.5101,769907241.0,232596230.58
2427.HK,CNY,2,73.5973,699174575.0,387359280.09
2429.HK,CNY,16,40.8449,382967642.0,148946802.95
2431.HK,CNY,32,61.3704,199561558.0,405886746.39
2432.HK,CNY,70,46.0881,181493072.0,780173643.94
2433.HK,CNY,5,32.2531,185777983.0,2174319.23
2436.HK,CNY,9,44.8414,155831256.0,202336200.32
2438.HK,CNY,9,65.5916,1015911993.0,73138863.29
2439.HK,CNY,3,42.6586,511903040.0,24821124.91
2440.HK,CNY,6,56.7491,236660100.0,55664689.35
2442.HK,HKD,2,64.5755,263468001.0,2370724758.66
2443.HK,CNY,17,42.3511,352640476.0,195619952.74
2450.HK,CNY,1,5.5523,3664500.0,1502481.27
2451.HK,CNY,13,64.0453,260105477.0,419450577.38
2453.HK,CNY,12,31.645,99325766.0,64187380.14
2455.HK,CNY,6,69.9666,209900044.0,16784336.77
2457.HK,CNY,1,75.0,750000000.0,27955220.25
2458.HK,CNY,5,56.9279,81241762.0,67382293.75
2459.HK,USD,20,7.6252,14777502.0,2436938.05
2460.HK,CNY,90,85.2069,2043421475.0,2633440659.64
2465.HK,CNY,14,11.6295,15699705.0,23940948.15
2469.HK,CNY,66,51.8094,1144455285.0,232823466.75
2473.HK,CNY,32,26.6233,494190690.0,54326941.31
2475.HK,,28,54.6766,209669400.0,1625293093.34
2476.HK,CNY,80,37.3653,41186870.0,1748499748.33
2477.HK,CNY,17,28.6785,1375418615.0,36266831.28
2480.HK,CNY,9,82.3795,163863628.0,497047880.04
2481.HK,CNY,6,78.7411,237483000.0,78140493.21
2482.HK,CNY,3,32.4006,170890674.0,16253756.18
2483.HK,HKD,1,75.0,375000000.0,82901687.63
2486.HK,CNY,6,81.91,92728400.0,82146117.42
2487.HK,CNY,17,81.0985,302636735.0,233834294.56
2488.HK,CNY,33,58.437,205018355.0,206679377.6
2489.HK,CNY,8,67.7944,1626685000.0,223379567.64
2490.HK,CNY,8,52.6875,323864788.0,182281169.09
2493.HK,,6,31.8704,15020600.0,49755617.72
2495.HK,CNY,25,70.4391,23006623.0,406570102.75
2496.HK,CNY,14,91.1826,163653717.0,122520792.54
2497.HK,CNY,3,69.6829,348414303.0,38876440.85
2498.HK,CNY,145,39.326,185613760.0,750609793.78
2499.HK,CNY,8,66.9206,176771692.0,131795170.29
2500.HK,CNY,46,35.735,157595013.0,113575678.14
2501.HK,CNY,3,74.8196,374098000.0,42276252.98
2502.HK,CNY,1,75.0,716730000.0,39612084.56
2503.HK,CNY,11,68.894,2365026882.0,59041429.2
2505.HK,CNY,12,74.9774,347382195.0,44769126.66
2506.HK,CNY,30,88.2348,68202873.0,730849168.15
2507.HK,USD,48,82.7886,302997142.0,2159521347.43
2508.HK,CNY,28,88.9683,552009375.0,411837347.12
2509.HK,CNY,23,69.6471,155570400.0,459189881.62
2510.HK,USD,64,83.9731,1398181581.0,1432572915.26
2511.HK,CNY,15,55.8896,319311580.0,113275345.82
2512.HK,CNY,3,74.0205,354830500.0,137128256.92
2513.HK,CNY,87,41.2493,192067541.0,14924843899.7
2515.HK,CNY,3,27.5175,85508895.0,12760079.99
2516.HK,CNY,9,47.7131,446593966.0,48589206.27
2517.HK,CNY,84,67.6526,1739525004.0,779041261.19
2518.HK,CNY,31,61.4521,283099431.0,1227970809.28
2519.HK,CNY,10,53.5807,222246775.0,145266349.58
2520.HK,CNY,8,85.6851,320022000.0,88444411.46
2521.HK,CNY,3,55.3817,1079795000.0,88773211.76
2522.HK,CNY,29,21.1507,60997008.0,55079393.76
2525.HK,CNY,130,22.6519,235838240.0,528635150.71
2526.HK,CNY,18,90.1278,80104839.0,2024321083.59
2528.HK,HKD,1,75.0,300000000.0,8498255.4
2529.HK,CNY,1,23.02,9208000.0,3641535.16
2530.HK,CNY,1,75.0,750000000.0,59766333.0
2531.HK,CNY,11,80.0769,293561640.0,244038112.0
2533.HK,CNY,61,37.9683,270557692.0,564177853.74
2535.HK,HKD,3,44.234,884680000.0,103732967.95
2536.HK,HKD,2,71.6637,578034579.0,222955557.93
2539.HK,CNY,8,64.3263,14940420.0,72510090.77
2540.HK,CNY,1,59.375,356250000.0,39530323.29
2543.HK,CNY,2,16.7647,1515700.0,5658516.86
2545.HK,CNY,3,67.6536,432983068.0,22260481.75
2546.HK,CNY,5,85.1959,415590659.0,784808834.25
2549.HK,CNY,9,75.9555,418363806.0,252777627.74
2550.HK,CNY,17,38.2478,171924736.0,104739468.66
2551.HK,CNY,11,51.545,130999828.0,42983143.56
2552.HK,CNY,26,35.8632,378930855.0,146764293.08
2553.HK,CNY,18,84.9932,226548803.0,1508302725.25
2555.HK,CNY,45,86.132,1272717018.0,1076155375.43
2556.HK,CNY,79,75.8443,203060932.0,942733557.58
2558.HK,CNY,9,55.8623,542228150.0,100296552.79
2559.HK,CNY,9,66.9997,687606358.0,213762542.19
2560.HK,CNY,12,76.4773,141766800.0,24938112.72
2561.HK,CNY,3,71.913,81803428.0,344864907.29
2562.HK,SGD,24,26.646,124272270.0,121531409.99
2563.HK,CNY,16,63.9167,249011267.0,380118209.52
2565.HK,CNY,11,37.9288,146406480.0,112262526.44
2566.HK,CNY,14,84.8394,203860400.0,155199193.44
2567.HK,CNY,10,73.4879,1472348733.0,81432181.34
2569.HK,CNY,2,75.0,750000000.0,94469364.75
2570.HK,CNY,25,44.3882,39391008.0,164634375.71
2571.HK,CNY,4,57.6689,19223000.0,33040037.21
2573.HK,CNY,18,92.266,88788634.0,70764714.25
2575.HK,CNY,10,80.8321,418668378.0,900556369.59
2576.HK,CNY,10,60.3623,118191045.0,63802661.63
2577.HK,CNY,126,79.3531,713691276.0,5371395691.31
2579.HK,CNY,24,43.0773,44897649.0,174570122.8
2580.HK,CNY,34,87.6711,1392423421.0,2559655185.1
2581.HK,CNY,8,87.1682,271916885.0,143642069.98
2582.HK,CNY,24,60.8484,61730045.0,319902186.09
2583.HK,CNY,10,72.4406,42613233.0,957160240.23
2585.HK,CNY,11,77.2015,210778000.0,502301693.2
2586.HK,CNY,32,65.409,566491773.0,524586751.61
2587.HK,CNY,38,61.5125,537786235.0,272507732.09
2588.HK,USD,261,83.0896000000001,576650616.0,5457365923.2
2589.HK,CNY,18,59.4759,56313525.0,938532796.41
2590.HK,CNY,58,44.5407,448059367.0,1015169643.31
2591.HK,CNY,44,89.4561,375971378.0,2145028463.77
2592.HK,USD,10,52.928,467350609.0,195746816.84
2593.HK,HKD,2,74.9999,100000000.0,35795681.3
2595.HK,CNY,29,34.9217,122795832.0,513962939.84
2596.HK,CNY,11,86.0759,592547000.0,200300581.09
2597.HK,CNY,1,31.3945,9556500.0,18620945.21
2598.HK,CNY,21,38.1631,163716145.0,176868894.46
2600.HK,CNY,303,44.7973,1766805596.0,2143444711.58
2601.HK,CNY,380,53.772,1492348354.0,5875111028.12999
2602.HK,CNY,73,81.8424,941999433.0,2210612585.29
2603.HK,CNY,4,22.3061,17238500.0,21377645.76
2605.HK,CNY,18,81.8361,126675337.0,75583145.18
2607.HK,CNY,196,53.6876,493428084.0,718096102.09
2608.HK,CNY,6,52.6467,1342917353.0,2349884.61
2609.HK,CNY,23,87.9631,1159762423.0,542347566.08
2610.HK,USD,42,86.4667,536469964.0,2912027541.65
2611.HK,CNY,227,50.502,1770477265.0,3526811226.67
2613.HK,CNY,12,89.4411,35776400.0,139904344.67
2616.HK,CNY,48,35.4771,567898827.0,611276435.58
2617.HK,CNY,33,61.2061,190945160.0,946989932.89
2618.HK,CNY,292,80.1435000000001,5308477561.0,8594442775.94
2619.HK,CNY,4,50.0133,34119000.0,11796474.45
2621.HK,CNY,10,81.6317,184144400.0,82377962.36
2623.HK,CNY,5,55.5897,292084363.0,235771147.51
2625.HK,CNY,9,52.5679,123870859.0,67953664.91
2627.HK,CNY,27,87.8292,260291906.0,1703306200.83
2628.HK,CNY,452,50.1194,3729449366.0,13164486036.94
2629.HK,USD,45,80.6812,240616256.0,697804459.57
2630.HK,CNY,22,87.5733,146157827.0,1206103339.03
2631.HK,CNY,31,32.4845,17836300.0,124537504.43
2632.HK,CNY,32,91.8556,100156473.0,575237238.16
2633.HK,HKD,14,81.4109,1628400750.0,257427000.78
2635.HK,CNY,20,83.0632,252799550.0,1053478453.53
2637.HK,CNY,14,87.3456,68747320.0,1268695432.54
2638.HK,HKD,48,75.342,6657360463.0,5390706557.63
2643.HK,CNY,28,83.6069,485973567.0,1329577993.6
2648.HK,CNY,60,42.2168,16884359.0,151426810.77
2649.HK,CNY,15,78.9863,69234375.0,34462108.05
2650.HK,CNY,7,66.8694,212691115.0,298128353.2
2651.HK,CNY,5,43.3605,7902940.0,18261380.26
2652.HK,CNY,32,83.6904,251763157.0,917115311.15
2655.HK,CNY,13,87.7419,346308100.0,2606528298.32
2656.HK,CNY,13,54.1106,187893800.0,416090299.66
2657.HK,CNY,18,71.0839,76142652.0,494037115.61
2658.HK,CNY,2,23.7327,14000000.0,86371990.8
2659.HK,CNY,30,77.4629,118307675.0,984116098.34
2660.HK,CNY,22,67.7307,701823661.0,204507683.49
2661.HK,CNY,11,76.1449,153807671.0,746550413.8
2663.HK,HKD,3,72.8996,406000000.0,18008948.5
2665.HK,HKD,14,42.8323,560267042.0,485400474.66
2666.HK,CNY,89,67.2535,1354628601.0,1014963218.57
2667.HK,CNY,10,72.8231,158967524.0,60320082.53
2668.HK,HKD,6,34.4372,1938810000.0,88014572.22
2669.HK,CNY,125,70.5781,2317754961.0,1475675925.91
2670.HK,CNY,29,83.784,52107185.0,758839503.38
2671.HK,CNY,5,72.5335,87439105.0,80917388.26
2672.HK,CNY,11,77.8492,117523808.0,1124199426.04
2675.HK,CNY,32,88.9074,289780172.0,2366781504.04
2676.HK,CNY,11,33.6061,6753165.0,101857260.21
2677.HK,CNY,20,93.5589,60420850.0,455679992.58
2678.HK,CNY,45,81.4421,746723562.0,523320343.47
2680.HK,HKD,2,75.0,45000000.0,47104779.42
2682.HK,HKD,2,56.0115,560114750.0,7507950.06
2683.HK,HKD,2,75.3594,307938000.0,25028849.71
2685.HK,CNY,10,78.2716,406772701.0,972047092.15
2687.HK,CNY,21,88.2419,54668340.0,1127688150.9
2688.HK,CNY,386,69.076,781829728.0,4587342265.8
2689.HK,CNY,113,73.0502,3427686378.0,2408185570.39
2691.HK,CNY,6,65.206,70200189.0,63262107.23
2692.HK,CNY,27,44.6493,11942880.0,89335690.28
2693.HK,CNY,4,42.9671,10441000.0,6106004.9
2696.HK,CNY,87,90.6329,315208740.0,2567651854.63
2697.HK,CNY,27,89.0245,31734476.0,1618548510.1
2698.HK,USD,36,67.2828,417702533.0,1380892985.09
2699.HK,CNY,4,3.1213,117277.0,531916.14
2700.HK,HKD,3,59.891,395217730.0,20609966.34
2701.HK,,5,13.6446,12962400.0,21225969.3
2706.HK,CNY,35,91.4926,366364570.0,3182115052.6
2714.HK,CNY,51,58.4393,181292619.0,879756375.09
2715.HK,CNY,8,35.2665,34130847.0,49084512.77
2718.HK,CNY,15,44.0829,60854562.0,1257418213.24
2720.HK,CNY,5,86.098,110381995.0,353025976.24
2722.HK,CNY,28,18.0347,198418320.0,50485471.36
2723.HK,CNY,12,89.5066,81163686.0,4610631161.88
2726.HK,CNY,24,93.2578,110905550.0,1339064300.97
2727.HK,CNY,83,17.7257,518384091.0,245438963.68
2728.HK,HKD,5,60.0434,2674944455.0,8954621.19
2729.HK,CNY,28,88.4568,378492787.0,1450186305.53
2738.HK,CNY,3,75.0,450000000.0,3963648.91
2768.HK,CNY,8,29.5639,13126416.0,61905825.5
2772.HK,CNY,5,70.5668,3156917412.0,13113698.77
2777.HK,CNY,37,54.0717,2028963810.0,309587898.3
2779.HK,CNY,7,71.8285,1155420879.0,107100284.85
2788.HK,CNY,64,79.2797,1645051100.0,4311476931.73
2789.HK,CNY,4,71.4303,4434919768.0,69006336.05
2798.HK,CNY,12,54.2697,868315000.0,128081577.84
2799.HK,CNY,110,68.4657000000001,24211056941.0,2545165128.26
2858.HK,CNY,56,66.676,4537834398.0,1459302342.34
2863.HK,HKD,5,47.7475,329224000.0,31441349.84
2865.HK,CNY,15,22.8151,18734490.0,66632588.05
2866.HK,CNY,52,12.7612,439692840.0,55194825.77
2869.HK,CNY,114,76.1522,2376525383.0,1416763292.47
2877.HK,CNY,66,70.9653,586882827.0,645193836.51
2878.HK,USD,10,29.5257,737478108.0,40156214.89
2880.HK,CNY,13,83.3848,4301591786.0,442215719.72
2881.HK,CNY,3,67.1903,62688552.0,46816837.04
2882.HK,HKD,19,84.3226,227394226.0,14472582.25
2883.HK,CNY,244,47.8941000000001,867422982.0,837547259.09
2885.HK,HKD,1,75.0,300000000.0,32381588.7
2886.HK,CNY,6,72.3243,987860272.0,138750079.4
2888.HK,USD,669,73.5852,1612263910.0,36250428865.91
2889.HK,CNY,31,75.2203,62299838.0,1259582276.45
2892.HK,CNY,2,75.0,562500000.0,24219824.63
2898.HK,CNY,5,75.0,117500000.0,56886805.79
2899.HK,CNY,447,46.5239,2786322519.0,10967974631.68
2940.HK,CNY,9,0.0148,592000.0,107820.74
2945.HK,HKD,18,0.003,84884.0,40898.23
2969.HK,HKD,1,0.0002,4000.0,168.36
2979.HK,CNY,2,0.0102,80000.0,0.0
3200.HK,CNY,34,56.4601,32757914.0,553293390.28
3268.HK,CNY,8,39.4717,15887400.0,45218187.39
3277.HK,CNY,22,79.4882,239206600.0,2646570275.61
3288.HK,CNY,76,55.3544,161205439.0,667102547.89
3296.HK,CNY,28,61.7647,58220722.0,485258098.73
3300.HK,CNY,9,44.4027,815328717.0,45431270.43
3301.HK,CNY,3,65.1917,1097456829.0,52986159.79
3302.HK,SGD,7,68.735,632631493.0,31773230.13
3303.HK,CNY,10,54.1784,1348411263.0,76446285.45
3306.HK,CNY,123,76.3507,407169578.0,998744423.36
3309.HK,HKD,23,60.6474,733213796.0,159770515.13
3310.HK,CNY,38,85.9192,374356694.0,1543571437.99
3311.HK,CNY,235,84.0765,4441095601.0,5180835437.85
3313.HK,CNY,4,29.7838,42355750.0,8653805.36
3315.HK,CNY,19,64.8465,522533194.0,56404322.35
3316.HK,CNY,43,74.4082,205669022.0,627085628.15
3317.HK,CNY,37,92.2077,253071564.0,2140304648.76
3318.HK,CNY,5,68.9428,730042226.0,162378983.49
3319.HK,CNY,41,49.565,703102112.0,147981892.84
3320.HK,CNY,214,76.1009,4781041642.0,2732805852.07
3321.HK,MOP,9,37.9659,29487900.0,2063729.24
3322.HK,HKD,4,58.249,748149967.0,16184663.15
3323.HK,CNY,249,32.6893,1214874205.0,785201269.37
3328.HK,CNY,298,84.9592000000002,29745969792.0,24730503309.25
3329.HK,HKD,8,73.2155,2002001316.0,90069561.21
3330.HK,CNY,51,47.8684,572622850.0,1107151494.53
3332.HK,CNY,8,78.1898,739908391.0,36863797.44
3336.HK,HKD,14,60.183,722199642.0,235635212.96
3337.HK,CNY,30,41.5954,1248570517.0,127687892.38
3339.HK,CNY,124,69.5811,2978159227.0,1000980884.28
3347.HK,CNY,163,91.1305000000001,112203975.0,532581762.29
3348.HK,CNY,3,83.374,416870273.0,63613156.25
3355.HK,CNY,17,84.8484,344209197.0,1890968136.62
3360.HK,CNY,238,72.7582999999999,3505566064.0,3219028325.98
3363.HK,CNY,6,84.8456,424228000.0,19629330.36
3366.HK,CNY,3,71.074,531894000.0,16300010.77
3368.HK,CNY,5,76.8171,2023773346.0,44219562.96
3369.HK,CNY,25,50.6596,420400035.0,142807039.45
3377.HK,CNY,26,37.7932,4786906958.0,44648281.37
3378.HK,CNY,8,78.3074,104979365.0,217273200.55
3380.HK,CNY,20,75.3062,4281458984.0,590471161.8
3382.HK,HKD,13,75.0081,4619013572.0,383808403.02
3383.HK,CNY,28,57.1724,2884947460.0,76504986.2
3388.HK,CNY,26,86.8525,415027647.0,1341953699.6
3389.HK,CNY,9,80.6894,3553576752.0,72730692.12
3390.HK,HKD,6,69.802,624029326.0,20933435.65
3393.HK,CNY,139,70.0103000000001,731083538.0,1745341925.11
3395.HK,CAD,8,78.7579,684635383.0,25247919.54
3396.HK,CNY,84,61.3493,780273864.0,944883300.41
3398.HK,HKD,3,71.0941,1492848000.0,27487640.04
3399.HK,CNY,3,35.5364,73560247.0,12313240.7
3600.HK,HKD,29,71.9028,672184686.0,473088496.61
3601.HK,CNY,3,51.5606,138697876.0,15180097.91
3603.HK,CNY,9,58.2212,869211000.0,5661830.72
3606.HK,CNY,342,56.6504000000001,343733737.0,2377212097.16
3613.HK,HKD,45,74.7597,625812424.0,700042479.630001
3616.HK,CNY,5,75.026,900311753.0,30139018.44
3618.HK,CNY,244,45.1425,1134601149.0,868392863.44
3623.HK,CNY,4,48.8292,307948000.0,30577387.5
3625.HK,CNY,32,87.9161,97490100.0,994978898.93
3626.HK,HKD,2,53.2837,98042000.0,27283951.21
3628.HK,HKD,2,74.7264,600800000.0,9283184.9
3633.HK,HKD,31,74.5674,2011433292.0,712858731.09
3636.HK,CNY,10,56.5929,23779200.0,74386395.79
3638.HK,HKD,3,64.4994,49631511.0,51061334.3
3639.HK,CNY,4,75.8787,1960685750.0,11340290.71
3650.HK,CNY,23,72.2607,360038382.0,145840724.47
3658.HK,CNY,7,71.8281,584771111.0,144217761.44
3660.HK,CNY,24,27.1439,66819322.0,607120138.01
3661.HK,,30,71.5663,38646800.0,556624479.43
3662.HK,CNY,6,53.0801,385494032.0,19511614.3
3666.HK,CNY,6,29.3391,779139431.0,2481430.52
3668.HK,AUD,162,78.6485,1038512941.0,4308591864.39
3669.HK,CNY,75,42.7213,812629238.0,99904929.32
3677.HK,CNY,21,62.1653,923335558.0,985039353.22
3678.HK,CNY,5,6.4126,16012280.0,6022488.12
3680.HK,CNY,9,35.2647,317100840.0,72910700.39
3681.HK,CNY,11,37.0389,513595199.0,130062652.62
3683.HK,USD,6,76.5024,728772500.0,4408946.66
3686.HK,CNY,1,72.889,740370000.0,71369677.15
3688.HK,HKD,6,74.4781,1052175150.0,67062398.1
3689.HK,CNY,7,62.171,52468566.0,14849138.88
3690.HK,CNY,813,41.2335000000001,2307267056.0,24294064965.44
3692.HK,CNY,359,91.2911000000001,5536024010.0,21970785724.69
3696.HK,USD,81,82.4786,477460825.0,2360657783.45
3698.HK,CNY,43,86.3053,3002356644.0,1256048664.83
3699.HK,CNY,1,74.9887,331000000.0,16591905.26
3700.HK,CNY,22,42.4439,986792054.0,130570193.1
3708.HK,HKD,5,46.9464,341431500.0,8796526.1
3709.HK,CNY,37,65.2634,462489067.0,445890780.82
3718.HK,CNY,11,68.7185,2444092777.0,132586509.99
3728.HK,HKD,1,71.7473,726800000.0,3737817.57
3737.HK,CNY,7,75.7646,654303400.0,47095766.64
3738.HK,HKD,95,38.4281,996400025.0,427460477.01
3750.HK,CNY,445,44.9852,98202669.0,8307515635.89
3752.HK,CNY,22,90.9894,227283370.0,1500067256.53
3759.HK,CNY,140,39.465,141328205.0,373278650.58
3768.HK,CNY,4,62.1469,211314000.0,21728108.26
3773.HK,CNY,5,67.4795,280040000.0,57511847.54
3774.HK,HKD,1,56.9286,466200000.0,366529080.56
3778.HK,CNY,2,59.0236,73918220.0,29881107.5
3788.HK,CNY,27,69.5345,1699875684.0,517738375.76
3789.HK,HKD,4,72.585,871020000.0,23814968.76
3798.HK,CNY,16,75.4679,952201246.0,160074889.19
3800.HK,CNY,238,50.3533,16192418134.0,1878020003.21
3808.HK,CNY,301,80.0297,2209613774.0,8828915479.16999
3813.HK,CNY,25,67.5315,3589650354.0,180846752.0
3816.HK,HKD,1,74.9998,449999012.0,19376066.01
3818.HK,CNY,18,47.3354,2790456910.0,165997504.5
3822.HK,HKD,1,71.4286,60000000.0,5014271.4
3828.HK,HKD,10,53.2127,390720248.0,45968380.95
3830.HK,HKD,1,75.0,750000000.0,4349955.75
3833.HK,CNY,13,17.8658,169829162.0,47109234.3
3836.HK,CNY,17,55.6951,848383708.0,110784413.5
3838.HK,CNY,11,62.9192,3752800714.0,86754375.84
3839.HK,USD,8,73.3607,176592885.0,34439536.16
3848.HK,CNY,4,65.764,514330000.0,148307072.96
3858.HK,HKD,58,86.4195,393692971.0,3519970313.32
3860.HK,HKD,1,64.3854,375000000.0,23866003.13
3866.HK,CNY,42,116.5432,2671106345.0,1319078610.64
3868.HK,CNY,67,90.8996,7744395789.0,1233775287.75
3869.HK,CNY,2,76.7307,106037200.0,80410714.2
3877.HK,HKD,54,84.0554,5215338832.0,1229462250.87
3878.HK,HKD,1,33.1747,159106000.0,4628833.47
3880.HK,CNY,8,84.2884,119520875.0,331023597.28
3881.HK,CNY,8,57.6121,244527510.0,727090871.68
3882.HK,HKD,2,42.4557,428203557.0,51277943.32
3883.HK,CNY,35,28.7439,1351724909.0,23106817.79
3886.HK,HKD,9,67.0783,4543566928.0,148085667.82
3887.HK,HKD,31,92.6662,2563202198.0,1093282405.87
3888.HK,CNY,394,73.2178000000002,1011739730.0,3218511178.85
3889.HK,HKD,4,72.5969,1402118286.0,16399465.71
3893.HK,HKD,2,46.7272,492881818.0,71034021.64
3896.HK,CNY,157,54.7745,2482241665.0,1822378456.06
3898.HK,CNY,277,58.7689,271390537.0,1294420552.37
3899.HK,CNY,135,76.1119999999999,1606730245.0,2219674837.83
3900.HK,CNY,145,74.7964,1899535085.0,2047101683.22
3908.HK,CNY,324,44.7476,851846281.0,2190625952.19
3913.HK,CNY,15,53.0839,1075402639.0,29988487.94
3918.HK,USD,87,79.1510000000001,3500841579.0,2033472187.29
3919.HK,HKD,6,51.5675,20049500.0,3197896.54
3928.HK,SGD,2,72.5806,360000000.0,557272692.36
3931.HK,CNY,108,46.486,353991049.0,1156921565.82
3933.HK,CNY,192,64.7851000000001,1276447808.0,2162510790.22
3938.HK,HKD,6,61.154,299942188.0,57163523.46
3939.HK,CNY,103,76.1137,3351537560.0,4335520912.02
3952.HK,CNY,19,90.102,93164187.0,867174015.45
3958.HK,CNY,112,49.1679,505038296.0,403855989.64
3963.HK,HKD,4,65.8029,399294290.0,8208021.84
3968.HK,CNY,496,72.6318000000001,3334428084.0,20261728279.7
3969.HK,CNY,133,43.843,863181427.0,362922773.96
3978.HK,CNY,28,60.4138,511838378.0,257348931.06
3983.HK,CNY,60,50.5213,907362971.0,302130242.61
3986.HK,CNY,60,49.2828,16388058.0,860189887.050001
3988.HK,CNY,428,49.1474000000001,41098175242.0,24648236371.52
3989.HK,CNY,4,67.0911,9590491808.0,85099671.07
3990.HK,CNY,46,84.7579,1216623595.0,632896925.41
3991.HK,HKD,5,76.1809,1108164738.0,84711103.37
3993.HK,CNY,401,43.4368000000001,1708584130.0,3636732924.01
3996.HK,CNY,80,57.8606,5359290709.0,744328818.48
3997.HK,HKD,5,74.5103,95628000.0,6762246.41
3998.HK,CNY,366,79.3864000000003,9277009256.0,5494004483.26
3999.HK,CNY,7,73.767,749610806.0,53954481.37
4335.HK,USD,4508,81.104900000004,4091171367.0,201926490361.23
4621.HK,CNY,7,7.0589,6000000.0,596350000.0
6030.HK,CNY,286,68.8576,1804119210.0,6192397582.99
6031.HK,CNY,104,55.9759,403369405.0,1037771948.29
6033.HK,HKD,7,74.9811,302739000.0,26857197.33
6036.HK,HKD,1,69.7603,750000000.0,66634047.0
6038.HK,HKD,1,74.7757,750000000.0,22110792.0
6049.HK,CNY,132,89.2042,309538679.0,1254242468.75
6051.HK,CNY,21,24.4404,394221296.0,137765445.96
6055.HK,HKD,65,75.003,518782301.0,2338383463.85
6058.HK,HKD,11,73.7302,2949203591.0,219298081.96
6060.HK,CNY,173,61.2736,1001710121.0,1994797540.93
6063.HK,HKD,1,75.0,1500000000.0,34328473.5
6066.HK,CNY,110,48.019,605529820.0,981235512.2
6067.HK,,12,47.9243,71658000.0,86898721.6
6068.HK,CNY,3,69.2171,1507656000.0,24761338.08
6069.HK,CNY,62,59.1522,630415142.0,715178882.48
6078.HK,CNY,173,74.7978000000001,453163870.0,576735629.65
6080.HK,HKD,2,60.2491,675000000.0,14128516.39
6082.HK,CNY,98,79.9327,1082165756.0,4920947704.41
6083.HK,HKD,5,65.1607,327004000.0,39198126.11
6086.HK,CNY,24,67.466,934703637.0,84249542.77
6088.HK,USD,141,84.5885,6178124062.0,4166515805.81
6090.HK,CNY,14,83.3498,73976155.0,368926952.34
6093.HK,CNY,1,51.15,286439934.0,51266563.09
6098.HK,CNY,148,53.9917,1759245222.0,1237790518.87
6099.HK,CNY,89,68.3121,870652141.0,1571805680.74
6100.HK,CNY,48,53.0684,267944858.0,126964314.25
6106.HK,CNY,17,93.2913,103084400.0,1335804481.9
6108.HK,HKD,4,35.2824,70782400.0,2772330.34
6110.HK,CNY,236,73.2341,4541434459.0,1873070083.1
6113.HK,MYR,5,75.0,300000000.0,73647545.7
6117.HK,CNY,4,56.4049,462520000.0,39829877.88
6118.HK,CNY,3,73.5394,376950000.0,42150881.09
6119.HK,CNY,3,80.231,481386000.0,18336174.06
6122.HK,CNY,1,9.7988,94705750.0,4992331.69
6123.HK,HKD,6,64.0947,269319408.0,38422716.43
6127.HK,CNY,68,49.6806,59117853.0,129657061.48
6128.HK,HKD,6,30.1523,283828000.0,7681679.06
6132.HK,CNY,25,89.2989,65723455.0,300766222.23
6133.HK,CNY,3,67.3176,572200000.0,11346303.71
6136.HK,CNY,15,70.1398,1618132112.0,134598144.95
6138.HK,CNY,6,45.9542,1389457998.0,61808800.36
6158.HK,CNY,4,51.2711,2239398000.0,18812223.03
6160.HK,USD,440,42.8446000000001,611121571.0,13507452906.07
6162.HK,CNY,1,23.3333,560000000.0,18229166.48
6163.HK,USD,4,35.4917,98136125.0,3576041.9
6166.HK,CNY,48,23.9087,22154244.0,307781966.74
6168.HK,CNY,16,74.5955,194051825.0,720308562.08
6169.HK,CNY,19,48.4421,2077932670.0,135467916.45
6178.HK,CNY,51,64.3474000000001,453063163.0,505209948.43
6181.HK,CNY,286,77.3428,111020924.0,7450836116.19001
6182.HK,HKD,4,75.0,600000000.0,70409039.43
6185.HK,CNY,86,43.0214,57076413.0,309366088.74
6186.HK,CNY,297,75.546,6653823312.0,3362000507.22
6188.HK,CNY,4,95.3162,523057912.0,45864652.58
6190.HK,CNY,8,82.8094,399444800.0,270023717.74
6193.HK,CNY,2,67.5915,270366000.0,6614416.05
6196.HK,CNY,31,51.0641,1031731192.0,136173716.83
6198.HK,CNY,120,55.0415,604919393.0,521665464.58
6199.HK,CNY,7,58.732,1292106000.0,197984386.43
6228.HK,USD,11,7.5995,44779800.0,142783623.49
6600.HK,CNY,12,67.9433,153114375.0,1581127246.05
6601.HK,CNY,23,77.5217,1033624444.0,241633128.61
6603.HK,USD,28,69.6613,184448400.0,370815952.93
6606.HK,CNY,4,0.3218,1443562.0,2600474.8
6608.HK,CNY,56,49.0796,185127810.0,216379065.08
6609.HK,CNY,14,55.284,16913307.0,101471095.75
6610.HK,CNY,4,25.7567,33491095.0,5509890.58
6611.HK,CNY,1,0.0,0.0,0.0
6613.HK,CNY,96,52.1423,157257792.0,455893236.64
6616.HK,CNY,43,47.6553,594949624.0,564150537.43
6618.HK,CNY,398,86.6602000000002,2764043941.0,13913373938.71
6622.HK,CNY,11,41.9807,230368581.0,85222847.82
6623.HK,CNY,4,71.8506,1245442175.0,1733094083.96
6626.HK,CNY,28,76.4498000000001,1148436696.0,421293621.97
6628.HK,CNY,12,42.5269,192586784.0,62485223.21
6633.HK,CNY,7,72.4876,501127870.0,173927243.63
6636.HK,CNY,26,89.1917,100208849.0,920877793.19
6639.HK,CNY,34,62.8941,353524128.0,86866719.34
6651.HK,CNY,31,88.8366,355691171.0,2265446803.43
6655.HK,CNY,94,71.8152,527640498.0,1202469627.82
6656.HK,CNY,43,91.0747,129115052.0,8815840790.33
6657.HK,CNY,13,93.0844,210284238.0,554073213.25
6658.HK,,9,89.7514,70734208.0,1533679658.17
6660.HK,CNY,29,44.2067,224426393.0,163455079.87
6661.HK,CNY,4,55.9618,29500000.0,20245805.6
6663.HK,HKD,1,70.0,560000000.0,31319910.72
6666.HK,CNY,28,54.7165,5915330165.0,851498159.66
6667.HK,CNY,8,57.0713,127686351.0,118162740.48
6668.HK,CNY,9,73.7962,748674000.0,116536440.4
6669.HK,CNY,11,83.9561,263109489.0,456521245.48
6675.HK,CNY,37,93.2977,356302060.0,1420784484.21
6676.HK,CNY,15,63.1237,555969037.0,102568454.96
6677.HK,CNY,3,65.0198,769833500.0,38978901.22
6680.HK,CNY,59,32.5223,76351117.0,226843905.49
6681.HK,CNY,25,84.6275,1149479000.0,521118962.37
6682.HK,CNY,112,25.4972,91326178.0,345624372.06
6683.HK,CNY,23,66.388,631841998.0,484834902.52
6686.HK,CNY,8,52.3035,179520680.0,415775559.71
6687.HK,CNY,35,85.6768,362243712.0,1144861383.24
6690.HK,CNY,435,65.4194,1866799368.0,5209533738.63
6693.HK,CNY,107,50.6327,119746505.0,438470026.85
6696.HK,CNY,9,23.6533,158950533.0,31286319.15
6698.HK,CNY,11,74.2801,295322640.0,34953868.44
6699.HK,USD,111,74.4181,127177365.0,1012945884.11
6715.HK,CNY,26,84.5621,92076075.0,1338400365.89
6745.HK,CNY,4,14.699,51759000.0,18953051.25
6805.HK,CNY,5,74.0627,819822000.0,261221227.38
6806.HK,CNY,76,50.3519,1260805381.0,473296691.5
6808.HK,CNY,108,89.7946,8566863281.0,1975413762.91
6809.HK,,100,63.5467,48151600.0,1690535452.74
6810.HK,CNY,15,89.769,272936524.0,2786132693.53
6811.HK,HKD,15,61.0305,592861409.0,83688127.99
6812.HK,HKD,1,72.0,432000000.0,6776209.01
6816.HK,HKD,2,69.9,559200000.0,7344346.59
6818.HK,CNY,211,82.5128,10461582187.0,4850573438.67
6820.HK,CNY,9,59.5215,1298075094.0,74258006.97
6821.HK,CNY,63,45.6671,12711240.0,172997403.48
6822.HK,HKD,2,75.0,525000000.0,27666028.43
6823.HK,HKD,323,67.6136,5126723492.0,7612200402.89
6826.HK,CNY,37,9.5757,3330519.0,9290181.64
6828.HK,CNY,3,66.3748,15091044326.0,62068740.94
6829.HK,HKD,2,67.2751,193752326.0,47872140.73
6830.HK,CNY,11,74.6611,1320900000.0,42273960.76
6831.HK,CNY,33,86.7597,571271454.0,522566729.46
6833.HK,CNY,2,52.3235,1063680000.0,26981311.13
6838.HK,HKD,8,79.2175,475304921.0,21975989.6
6839.HK,CNY,1,2.323,8449000.0,248042.44
6855.HK,CNY,87,38.6389,144337469.0,855074259.69
6858.HK,JPY,12,81.1222,491309985.0,223995447.97
6860.HK,CNY,4,67.9972,1304245500.0,20656194.17
6862.HK,CNY,322,82.1686,4580084071.0,7691850614.03
6865.HK,CNY,175,75.695,325443274.0,343688123.52
6866.HK,CNY,3,44.7073,134122000.0,5008121.75
6868.HK,CNY,9,79.0676,856010377.0,297383091.23
6869.HK,CNY,238,51.3894,216639609.0,3652665922.0
6871.HK,CNY,30,88.0221,215613572.0,880774395.36
6872.HK,CNY,30,80.1748,41954518.0,1090423287.5
6877.HK,HKD,4,79.4235,1614910001.0,30511904.47
6878.HK,CNY,3,0.0,0.0,0.0
6880.HK,,42,83.0222000000001,171194889.0,6359454847.54
6881.HK,CNY,266,30.1419,1112561915.0,1139663566.58
6882.HK,HKD,7,68.8825,346100000.0,25063327.04
6883.HK,CNY,8,74.3127,1009166000.0,263554177.94
6885.HK,CNY,8,75.6055,404807276.0,53929180.04
6886.HK,CNY,264,57.0912,981427102.0,2232943445.53
6887.HK,CNY,35,71.8395,229185850.0,1072105497.07
6888.HK,HKD,5,62.4338,673661127.0,15404586.53
6889.HK,JPY,13,67.6447,467724419.0,206547889.54
6890.HK,CNY,2,70.7164,428720000.0,21214760.33
6893.HK,HKD,3,74.9087,817850000.0,19859680.66
6896.HK,CNY,9,70.3107,519808042.0,203805246.13
6898.HK,HKD,2,71.6893,660546000.0,65261294.16
6899.HK,CNY,7,61.6882,664874498.0,21469291.33
6908.HK,CNY,11,38.8431,455184981.0,25844807.28
6909.HK,CNY,2,72.8507,453496000.0,16211138.47
6911.HK,CNY,9,70.5301,39144200.0,10401030.36
6913.HK,CNY,5,74.9625,1000000000.0,39916048.01
6915.HK,CNY,10,85.7678,263384259.0,328445312.48
6918.HK,CNY,3,34.8466,304694667.0,6120931.58
6919.HK,CNY,10,56.907,89945957.0,39858839.31
6922.HK,CNY,17,76.0205,113296103.0,100612723.49
6928.HK,SGD,3,56.9215,435450000.0,12724007.94
6929.HK,USD,9,75.4151,624411794.0,290733937.22
6933.HK,CNY,6,43.1002,184470000.0,42350105.16
6936.HK,CNY,123,64.6015,296896751.0,1165817921.28
6938.HK,CNY,48,79.5366,135200530.0,1186113789.2
6939.HK,CNY,4,70.5722,439312500.0,102893653.42
6951.HK,,16,56.821,40549900.0,523236905.41
6955.HK,CNY,46,70.1016,436267124.0,498599806.86
6958.HK,CNY,3,68.8251,714061000.0,14453183.08
6959.HK,CNY,4,69.2521,140000000.0,114083004.56
6960.HK,CNY,21,87.5084,299812300.0,627824142.54
6963.HK,CNY,95,44.1464,1535763632.0,747681756.800001
6966.HK,CNY,2,78.765,787650000.0,50618228.01
6968.HK,CNY,4,55.8793,906248000.0,14352845.89
6969.HK,CNY,183,76.3732000000001,4731804369.0,7087803604.56
6978.HK,CNY,9,78.082,482158071.0,170776946.1
6979.HK,CNY,86,81.9343,2776439030.0,3279559635.67
6980.HK,CNY,13,66.4899,56362400.0,166550887.31
6988.HK,HKD,3,33.2139,787809400.0,11056902.57
6989.HK,CNY,15,75.7825,924810340.0,150876297.52
6990.HK,CNY,249,85.4751999999999,151140540.0,9554914551.25
6993.HK,HKD,55,89.3103000000001,5179047156.0,1937458170.07
6996.HK,CNY,26,52.3952,354935688.0,153581183.64
6998.HK,CNY,11,72.3001,1437886487.0,422716025.98
6999.HK,CNY,3,74.2578,762587250.0,16201652.66
7489.HK,CNY,58,26.9192,238337156.0,93495121.69
7618.HK,CNY,19,82.2231,2231060082.0,4213009424.32
7630.HK,,32,84.7592,239411950.0,1169534816.13
7656.HK,CNY,20,89.1464,244018101.0,735836254.32
7666.HK,CNY,38,87.1338,943756985.0,1802273944.4
7687.HK,CNY,30,84.3574,124738966.0,1414264632.87
7688.HK,CNY,32,83.9874,320219963.0,1179873223.99
80011.HK,HKD,326,101.4786,1900626212.0,37577899727.01
80016.HK,HKD,498,71.3989000000001,2068979692.0,32648629929.55
80020.HK,CNY,184,44.4241,18527815592.0,4486270417.16
8003.HK,HKD,4,30.9448,102820000.0,1903959.58
8005.HK,HKD,6,45.3737,1128761756.0,12331754.92
8006.HK,HKD,2,6.3165,23298684.0,305710.25
8007.HK,HKD,1,0.7175,1623750.0,102559.17
8013.HK,HKD,2,75.0,1200000000.0,7390680.0
8017.HK,HKD,11,51.0441,364347906.0,53486143.19
80175.HK,CNY,519,63.9770000000001,6899951889.0,17530923738.83
8018.HK,HKD,2,41.3027,208262000.0,910107.23
8020.HK,HKD,5,51.4816,1345190000.0,3283860.35
8023.HK,HKD,1,65.7611,392886000.0,16658192.74
8026.HK,HKD,3,57.798,886892724.0,45580436.07
8027.HK,SGD,2,17.1527,40617600.0,476046.11
8028.HK,HKD,6,54.8338,277421618.0,13759883.41
8029.HK,HKD,3,56.1745,157334404.0,24381057.71
80291.HK,CNY,356,74.2496,2408796466.0,7843365556.01
8030.HK,CNY,3,52.4427,183206928.0,252662359.53
8031.HK,HKD,3,59.2073,210035000.0,8572310.52
8033.HK,HKD,4,62.3911,384400500.0,6324083.22
8035.HK,HKD,3,50.7606,304564000.0,1996422.2
8036.HK,HKD,7,71.0433,873833340.0,3113604.11
8037.HK,HKD,2,64.54,629737546.0,60458336.44
80388.HK,HKD,741,39.3157000000002,498460066.0,24774368853.59
8039.HK,HKD,1,53.928,265865000.0,6738379.8
8040.HK,HKD,9,73.122,248615000.0,11719853.0
8041.HK,HKD,5,59.4621,487313583.0,43521424.54
8042.HK,HKD,2,75.0,600000000.0,4627071.0
8043.HK,EUR,1,75.0,300000000.0,6979165.2
8047.HK,HKD,2,12.3499,874824857.0,3376529.13
8048.HK,HKD,6,66.3518,1292326588.0,2989842.8
8049.HK,CNY,2,25.2266,43516000.0,11586083.74
8050.HK,HKD,4,75.2621,204148454.0,46919172.35
8051.HK,HKD,3,56.0469,14593924.0,5945182.29
8052.HK,HKD,3,54.4159,298338000.0,1368226.69
8057.HK,HKD,7,33.3472,51948741.0,4185903.11
8059.HK,HKD,3,59.5802,602120000.0,1702587.03
8060.HK,HKD,5,70.5721,230334140.0,2781849.07
8062.HK,HKD,1,74.5271,357730000.0,11639804.79
8063.HK,HKD,3,33.4722,170974042.0,640096.97
8065.HK,HKD,4,72.859,295050000.0,4359541.96
8066.HK,HKD,5,32.0308,212619012.0,11614343.93
8067.HK,CNY,1,75.0,135000000.0,5986273.01
8069.HK,HKD,5,30.2578,12355950.0,1178259.45
8070.HK,HKD,2,70.13,140260000.0,7147279.45
80700.HK,CNY,1093,57.3254000000005,5212300327.0,357715965242.731
8071.HK,HKD,4,36.7115,34406380.0,2826808.89
8072.HK,HKD,3,55.6505,93687120.0,3550988.71
8073.HK,CNY,4,75.1734,390901531.0,11602998.41
80737.HK,CNY,11,91.8498,3060151415.0,718051933.74
8076.HK,CNY,5,28.378,373807500.0,1095273.91
8079.HK,HKD,5,45.916,16822343.0,1408319.04
8080.HK,HKD,3,76.702,348617463.0,19932259.91
8081.HK,HKD,2,17.108,882090000.0,1716265.85
8082.HK,HKD,10,42.7791,1139539428.0,7663542.42
8083.HK,CNY,21,24.4404,394221296.0,137765445.96
8087.HK,CNY,2,18.9868,123034525.0,24714929.37
80883.HK,CNY,193,69.3272000000001,30878454410.0,84543710085.56
8091.HK,HKD,3,71.19,512568000.0,2304978.83
8092.HK,HKD,4,44.3368,410340602.0,1950714.08
8093.HK,HKD,8,52.4246,25938913.0,8668197.07
80941.HK,CNY,204,73.0489000000001,15180270440.0,159312204471.71
8095.HK,CNY,2,13.3872,109034000.0,9836066.27
8096.HK,HKD,1,4.8831,9400000.0,159440.78
8098.HK,HKD,1,68.1818,1500000000.0,8479911.0
80992.HK,USD,528,72.2264,8959333854.0,25788432281.75
8100.HK,HKD,1,75.0,333336177.0,14995265.26
81024.HK,CNY,541,51.6518,1898866402.0,11507460803.6
8103.HK,HKD,4,26.8413,34745500.0,760392.01
8106.HK,CNY,9,53.3157,167625000.0,6635741.56
8107.HK,HKD,2,70.864,973065000.0,24227855.29
8111.HK,CNY,7,50.5431,232992047.0,4400538.49
8112.HK,HKD,2,26.0206,59696000.0,836325.62
8113.HK,HKD,8,82.4806,161758992.0,9113695.14
8115.HK,CNY,7,42.7047,35684000.0,31185448.81
8117.HK,HKD,5,70.3358,720229710.0,7868530.46
8118.HK,HKD,3,50.1648,250824000.0,3664346.9
8120.HK,HKD,4,17.1148,27833394.0,9977043.61
8121.HK,HKD,3,26.3043,7893400.0,943179.72
81211.HK,CNY,825,42.9230000000001,1581087278.0,16905278300.46
8123.HK,HKD,3,27.4723,35480367.0,2711944.69
8125.HK,HKD,8,37.9241,74350400.0,5609243.43
8126.HK,HKD,2,8.3754,39892000.0,236281.35
8128.HK,HKD,7,52.4086,2351076157.0,10671131.82
81299.HK,USD,858,56.7857000000002,5875336620.0,57470938123.27
8130.HK,HKD,3,35.6278,1297075895.0,1668758.18
8131.HK,HKD,2,26.3765,189702190.0,2018064.86
8132.HK,HKD,4,70.9436,1911549090.0,21121818.41
8133.HK,HKD,4,38.3449,14641602.0,606204.13
8136.HK,HKD,2,51.0,510000000.0,2752116.57
8137.HK,HKD,6,74.4063,10829507864.0,738392464.16
8139.HK,CNY,4,60.664,23295000.0,4341445.7
8140.HK,HKD,6,56.7456,453964148.0,7841750.57
8143.HK,HKD,5,70.2627,950487286.0,14068715.51
8146.HK,CNY,4,78.3616,637080000.0,49430321.88
8147.HK,HKD,8,59.6903,123695950.0,10075220.71
8148.HK,HKD,2,38.3097,175516345.0,42921313.74
8149.HK,HKD,5,76.3784,637500000.0,9705171.34
8152.HK,HKD,3,66.27,397620000.0,3679631.94
8153.HK,HKD,1,0.0,0.0,0.0
8156.HK,HKD,4,79.3429,502790694.0,18662287.68
8158.HK,HKD,7,63.2284,192373772.0,11395824.62
8159.HK,HKD,5,72.4923,583418000.0,6727433.8
8160.HK,HKD,2,43.646,88720000.0,5993032.19
8161.HK,HKD,2,75.0,31200000.0,2284950.72
8162.HK,HKD,5,43.1202,429168882.0,25667810.93
8163.HK,HKD,2,38.5545,395281666.0,1664450.06
8168.HK,HKD,10,40.5294,601697640.0,7886828.02
8169.HK,HKD,2,59.8647,388845200.0,1801761.67
8172.HK,HKD,3,65.4302,275404208.0,6725550.32
8173.HK,HKD,1,73.8664,159068639.0,3310906.83
8176.HK,HKD,5,50.9722,364706259.0,4454740.78
8178.HK,HKD,3,28.2115,32369849.0,1143855.01
8179.HK,HKD,2,31.3602,598288800.0,934627.29
8181.HK,HKD,1,65.999,745119950.0,5839873.14
81810.HK,CNY,781,47.6005000000001,10185208487.0,38543650362.38
8186.HK,HKD,5,74.5414,84879308.0,8263399.65
8187.HK,HKD,3,23.26,35281689.0,2256256.13
8188.HK,HKD,5,69.1143,329620000.0,50028416.67
8191.HK,HKD,8,22.3152,79004637.0,1051993.2
8193.HK,HKD,4,24.9437,69795700.0,1392598.95
8195.HK,HKD,6,21.1054,96803760.0,16791113.9
8196.HK,CNY,2,8.0196,5100000.0,432631.13
8198.HK,HKD,7,44.9806,322763345.0,108610284.88
8200.HK,HKD,1,19.1763,15119000.0,1068398.2
8201.HK,HKD,2,76.1052,410968031.0,3908799.55
82020.HK,CNY,585,74.7533000000001,2090588387.0,20108118354.36
8203.HK,HKD,4,44.057,257035298.0,7531258.38
8206.HK,HKD,7,54.9922,1042487256.0,6027409.03
8208.HK,SGD,3,54.65,393480000.0,9472670.28
8210.HK,HKD,6,67.85,542800000.0,4050122.02
8213.HK,HKD,2,54.4389,302167066.0,12811750.04
8217.HK,HKD,3,0.7752,2340000.0,78169.38
8218.HK,HKD,6,80.329,535330386.0,10317168.78
8219.HK,HKD,1,51.0,126225000.0,2878361.56
8220.HK,HKD,5,62.3883,112368317.0,74184931.85
8221.HK,HKD,3,63.0251,30000000.0,4047230.55
8222.HK,HKD,2,54.6413,246452000.0,1139940.56
8223.HK,CNY,4,53.1628,274320000.0,17198037.68
8225.HK,CNY,5,70.9784,706485078.0,14760282.95
8226.HK,HKD,1,10.443,43600086.0,533844.55
8227.HK,CNY,5,33.9551,219270000.0,6731985.88
8229.HK,HKD,4,51.0547,283599077.0,19200526.89
82318.HK,CNY,673,53.2687000000001,3967322681.0,26950554108.91
8232.HK,HKD,4,70.4783,39291625.0,12827362.36
82331.HK,CNY,374,61.9617,1601581738.0,3544996223.22
82333.HK,CNY,307,36.1943,835122441.0,1212859841.99
8237.HK,HKD,3,68.512,137725600.0,2772162.64
8238.HK,HKD,2,1.1402,3971930.0,99680.27
82388.HK,HKD,442,76.8954000000002,8129942218.0,41563580509.3301
8239.HK,HKD,7,37.742,36900000.0,86802467.31
8241.HK,HKD,3,79.7276,288335000.0,4296779.76
8245.HK,HKD,4,25.2431,73089272.0,853688.25
8246.HK,CNY,8,51.6397,305812000.0,31877674.92
8247.HK,CNY,4,57.7764,37142143.0,11589950.72
8249.HK,CNY,3,14.2085,18471000.0,284888.75
8250.HK,HKD,2,47.6959,164173000.0,2636411.48
8257.HK,TWD,8,77.0385,770385000.0,7880995.72
8262.HK,HKD,3,44.1194,407350000.0,2513116.5
8267.HK,CNY,5,48.1176,177790749.0,11502694.95
8268.HK,HKD,4,32.7935,94445000.0,4975196.28
8269.HK,HKD,3,27.0038,240528750.0,9282908.82
8270.HK,CNY,5,75.5932,295153752.0,15445315.9
8271.HK,HKD,3,54.0409,812402223.0,6805179.46
8275.HK,HKD,2,9.5705,91875000.0,1393423.11
8277.HK,HKD,2,57.5373,151020120.0,2580678.18
8279.HK,HKD,5,79.4558,9274357217.0,750996296.29
8280.HK,CNY,6,76.1944,480278000.0,3994969.37
8281.HK,CNY,2,70.05,700500000.0,9003508.98
8282.HK,HKD,2,53.5743,30537379.0,2433476.22
8283.HK,SGD,3,5.0787,17551800.0,1823588.75
8285.HK,CNY,2,75.0,420000000.0,1997352.42
8286.HK,CNY,1,3.5409,3895000.0,47058.6
8290.HK,HKD,1,75.0,1500000000.0,4434276.0
8292.HK,MYR,4,53.996,582250000.0,46888022.6
8293.HK,SGD,1,9.7656,21000000.0,190860.22
8295.HK,CNY,5,75.9908,3629345381.0,18652439.89
8296.HK,CNY,2,38.9777,36833900.0,1538631.85
8297.HK,HKD,3,10.6265,137470000.0,688842.51
8299.HK,HKD,8,57.028,5440944754.0,213853842.55
8300.HK,HKD,1,71.1042,1879540000.0,30965611.33
8305.HK,HKD,5,43.3792,703610000.0,25936850.81
8307.HK,HKD,1,69.2817,274865400.0,4520405.86
8308.HK,CNY,11,92.253,1281212000.0,11212952.26
8309.HK,HKD,4,62.5167,375100000.0,2891650.03
8310.HK,HKD,2,74.967,965575000.0,29412911.14
8311.HK,HKD,2,62.4099,925967151.0,4246636.28
8313.HK,SGD,4,73.974,1479480000.0,3581044.35
8315.HK,HKD,2,74.5656,433555955.0,7185918.12
8316.HK,HKD,2,23.6453,225428000.0,4775519.76
8317.HK,HKD,3,75.9887,759741976.0,6907903.35
8319.HK,HKD,8,71.242,572272952.0,8310568.79
8320.HK,HKD,6,65.3737,479312800.0,6067564.17
8321.HK,HKD,1,29.8285,160000000.0,28997715.36
8326.HK,HKD,3,70.1273,860461515.0,18351732.47
8328.HK,HKD,13,73.5077,577428669.0,47811709.86
8331.HK,CNY,6,79.3667,126283890.0,3795772.74
8333.HK,HKD,1,55.6391,53413500.0,2600529.13
8337.HK,HKD,5,77.1823,189000000.0,3154133.29
8340.HK,HKD,2,12.4923,8327400.0,712234.22
8341.HK,HKD,1,13.25,31800000.0,539516.48
8347.HK,HKD,1,50.1,68897616.0,1079969.3
8348.HK,CNY,5,80.8584,286068800.0,14339656.88
8349.HK,CNY,3,40.65,162600000.0,49714001.88
8350.HK,HKD,3,74.9079,711672000.0,13875177.01
8356.HK,HKD,3,63.2347,47368011.0,2071863.9
8357.HK,SGD,2,61.3534,382845000.0,5095239.53
8360.HK,HKD,3,24.0713,86722800.0,4750602.48
8362.HK,HKD,4,75.0,1050000000.0,7287636.3
8365.HK,HKD,3,64.4603,128114523.0,36300014.16
8366.HK,HKD,1,50.2156,792000000.0,2752371.86
8367.HK,HKD,4,30.7085,25441984.0,730984.76
8368.HK,CNY,10,57.837,334181358.0,9615535.05
83690.HK,CNY,813,41.2335000000001,2307267056.0,24294064965.44
8370.HK,CNY,4,47.6314,74490040.0,55659548.87
8371.HK,HKD,6,68.3238,261423085.0,63377203.23
8372.HK,HKD,3,72.9786,583828001.0,8166251.86
8373.HK,SGD,1,51.29,20516000.0,1698841.99
8375.HK,HKD,3,54.4416,188150000.0,47489493.87
8377.HK,HKD,4,38.3672,188360466.0,2885059.81
8379.HK,HKD,4,64.0981,512785000.0,8549879.33
8385.HK,HKD,1,40.1866,41950000.0,353164.0
8391.HK,HKD,12,57.0815,599137504.0,42662199.42
8392.HK,HKD,2,69.75,697500000.0,3495072.76
8395.HK,HKD,9,42.423,671980000.0,73335022.2
8400.HK,HKD,3,73.9641,739640000.0,3612497.92
8401.HK,HKD,3,7.5,50826000.0,376243.84
8402.HK,SGD,2,23.3344,112007500.0,1943499.92
8403.HK,CNY,6,44.8182,75832500.0,28905869.15
8406.HK,CNY,4,62.8101,1030977722.0,6972287.89
8411.HK,HKD,1,75.0,750000000.0,8772155.25
8412.HK,HKD,6,73.1754,89455261.0,4139690.42
8413.HK,HKD,1,51.8761,602800000.0,7202836.7
8416.HK,HKD,3,71.3655,300745000.0,4706567.46
8417.HK,HKD,3,80.5381,1409740000.0,3260309.93
8418.HK,SGD,5,38.3747,326185400.0,25573961.53
8419.HK,HKD,1,72.5,290000000.0,2733862.48
8420.HK,HKD,2,30.7162,272686500.0,1121546.48
8422.HK,HKD,1,2.4997,8999000.0,121417.47
8423.HK,HKD,2,71.8175,574540000.0,3533365.84
8425.HK,HKD,2,65.9926,248132000.0,2199780.0
8426.HK,HKD,2,74.9562,599649500.0,29287663.52
8427.HK,MYR,4,53.392,8845782.0,30060855.75
8428.HK,HKD,3,51.3166,57460000.0,4987847.25
8429.HK,HKD,4,75.5469,362625000.0,1709253.25
8430.HK,SGD,1,6.2767,10471750.0,153413.66
8431.HK,HKD,7,54.0466,127854550.0,17128385.06
8432.HK,HKD,5,55.0168,483742738.0,2303744.48
8436.HK,HKD,1,75.0,300000000.0,7981697.4
8437.HK,SGD,3,26.2529,17484400.0,356383.56
8439.HK,HKD,6,64.0953,97099112.0,15603821.28
8445.HK,HKD,4,58.2821,161080000.0,3207899.18
8446.HK,HKD,6,51.8244,583079470.0,16669260.23
8447.HK,HKD,2,75.0,750000000.0,3854505.0
8448.HK,HKD,4,65.5776,65446466.0,10435236.84
8450.HK,HKD,3,65.2,652000000.0,19309640.48
8451.HK,SGD,1,69.0,552000000.0,4015775.16
8452.HK,CNY,2,20.8438,18726000.0,697985.94
8455.HK,HKD,3,50.6302,486050000.0,3122470.25
8456.HK,HKD,1,0.0378,50000.0,3340.57
8460.HK,HKD,8,28.8339,76585000.0,18638255.28
8462.HK,SGD,2,48.2892,289735000.0,3090884.0
8471.HK,CNY,3,18.8398,13858500.0,1391218.51
8472.HK,HKD,4,29.7052,34220500.0,2474588.22
8473.HK,HKD,3,74.4223,833530000.0,15101151.36
8475.HK,HKD,7,36.8244,25099620.0,701666.6
8480.HK,MYR,5,80.0087,738737600.0,13007248.31
8481.HK,CNY,2,79.7591,323160000.0,17829730.8
8482.HK,HKD,4,35.3932,63597200.0,1110712.82
8483.HK,HKD,3,75.0001,600000000.0,9177024.0
8487.HK,CNY,6,26.5882,278280000.0,1701378.71
8489.HK,HKD,3,74.876,230300000.0,7936210.08
8490.HK,HKD,4,74.5642,526050000.0,12061691.48
8491.HK,SGD,5,33.8028,134740000.0,10470642.18
8493.HK,HKD,2,28.5715,82944000.0,554653.7
8495.HK,HKD,3,71.7641,275574000.0,6310895.02
8496.HK,SGD,1,49.5351,131850000.0,949012.26
8500.HK,CNY,6,56.1845,242717000.0,15305669.7
8501.HK,HKD,2,75.0,150000000.0,7709010.6
8502.HK,CNY,1,75.0,600000000.0,23900696.4
8507.HK,HKD,2,59.3915,475132000.0,37585240.36
8509.HK,HKD,1,70.0,280000000.0,25182767.68
8510.HK,HKD,4,67.5739,161419520.0,3630761.81
8511.HK,HKD,1,9.8454,3061545.0,343774.35
8512.HK,HKD,1,70.0599,643500000.0,27707479.37
8513.HK,SGD,3,18.0996,14813800.0,2528789.57
8516.HK,HKD,6,34.1899,19675743.0,3004856.07
8519.HK,HKD,1,75.0,108729375.0,7701283.36
8521.HK,HKD,6,60.2623,385075000.0,61372055.14
8525.HK,CNY,5,70.5292,190429092.0,20804432.76
8526.HK,HKD,1,51.1941,83062500.0,1782892.37
8527.HK,SGD,2,46.644,233220000.0,5201620.92
8529.HK,HKD,5,73.6926,378835000.0,9649991.77
8532.HK,HKD,2,30.8691,26200000.0,211479.82
8535.HK,HKD,3,75.0,900000000.0,17460909.01
8536.HK,CNY,3,42.3508,89997500.0,2845569.58
8537.HK,HKD,2,46.1111,166000000.0,4692458.96
8540.HK,HKD,5,57.3681,122117840.0,69762039.32
8545.HK,HKD,2,24.6144,293480000.0,1510379.3
8547.HK,HKD,3,20.774,184210000.0,2580970.27
8549.HK,HKD,2,75.0,300000000.0,19692893.7
8601.HK,HKD,3,79.9775,639820000.0,20468710.59
8603.HK,HKD,1,56.9286,466200000.0,366529080.56
8606.HK,HKD,3,46.1708,667560000.0,5577085.97
8610.HK,MYR,4,85.7248,428624000.0,36244950.79
8611.HK,MYR,6,52.6538,273800000.0,25485355.74
8612.HK,HKD,2,1.9351,8025500.0,86902.53
8613.HK,HKD,5,55.6672,1073106667.0,7774341.95
8616.HK,HKD,1,75.0,750000000.0,4529043.75
8619.HK,HKD,3,33.4724,145148243.0,1343706.15
8620.HK,HKD,4,56.0358,352300000.0,6176696.93
8621.HK,CNY,1,62.5,600000000.0,1927946.4
8622.HK,CNY,7,51.8934,267496000.0,14955819.06
8623.HK,CNY,4,36.77,68824500.0,1857659.08
8627.HK,CNY,2,62.625,501000000.0,5344652.47
8629.HK,CNY,8,70.7043,7197000.0,8732269.95
8631.HK,HKD,2,58.3667,28016000.0,3410019.21
8635.HK,HKD,5,39.9183,191608000.0,12873635.26
8637.HK,SGD,11,66.4509,99611183.0,40598282.89
8645.HK,HKD,1,55.0379,416364000.0,33714550.7
8646.HK,CNY,2,53.5767,419500000.0,13221449.46
8657.HK,HKD,9,90.8634,554433902.0,23906476.51
8659.HK,CNY,4,27.9548,230161036.0,3777624.99
86618.HK,CNY,398,86.6602000000002,2764043941.0,13913373938.71
8668.HK,HKD,1,75.0,900000000.0,8255092.5
89618.HK,CNY,611,31.0061,774082495.0,10463068970.1
89888.HK,CNY,507,36.7883,808583132.0,11953725487.94
89988.HK,CNY,967,36.9601000000003,7087807035.0,99074394664.2104
9600.HK,CNY,6,61.4336,613024000.0,13551691.58
9606.HK,CNY,163,61.1112,55332813.0,1719055644.56
9608.HK,CNY,3,75.1872,2887190000.0,79984915.85
9609.HK,CNY,14,69.9606,46337738.0,64156119.92
9611.HK,CNY,7,31.1793,16294013.0,61746933.49
9616.HK,CNY,15,83.0384,536610776.0,165220114.24
9618.HK,CNY,611,31.0061,774082495.0,10463068970.1
9626.HK,CNY,354,63.8383,216286947.0,4219432536.10001
9630.HK,,20,59.1212,8728900.0,517056191.96
9633.HK,CNY,341,72.2973000000001,3639903207.0,19295760576.06
9636.HK,CNY,113,80.9794,375615134.0,2297606812.29
9637.HK,CNY,37,87.3871,198475614.0,1110105773.83
9638.HK,EUR,103,76.0755,257502562.0,967882136.67
9639.HK,HKD,4,79.7935,797935000.0,44815005.91
9658.HK,USD,79,71.0063,461753202.0,750616941.09
9660.HK,CNY,302,54.2584000000001,6760083536.0,5937294197.35
9663.HK,CNY,18,56.9409,219711973.0,338593504.31
9668.HK,CNY,45,60.4377,3747487559.0,426275262.22
9669.HK,CNY,24,67.4612,490061545.0,413299350.56
9676.HK,CNY,20,77.0064,813766569.0,775652587.89
9677.HK,CNY,11,96.9048,1122991000.0,415887036.52
9678.HK,CNY,49,91.7547,41390421.0,937542106.16
9680.HK,CNY,6,62.5163,127604465.0,151206597.77
9686.HK,CNY,9,85.0219,715780305.0,82965897.86
9688.HK,USD,210,40.84,464685946.0,852476939.8
9689.HK,CNY,2,51.6312,480170000.0,25303990.8
9690.HK,CNY,96,65.5036,498233948.0,987286271.35
9696.HK,CNY,135,34.281,80953650.0,518089330.54
9698.HK,CNY,217,38.7591,623029060.0,2868036408.21
9699.HK,CNY,59,70.199,521219241.0,649486687.76
9857.HK,CNY,10,78.4276,283875220.0,101976041.61
9858.HK,CNY,90,77.6005,3485208796.0,1393733980.08
9860.HK,CNY,34,66.7818,484596723.0,268195654.01
9863.HK,CNY,317,63.5423,718702321.0,3845793098.99
9866.HK,CNY,236,32.3146,751565637.0,4039641780.3
9868.HK,CNY,409,37.1079,581651134.0,4772889244.88
9869.HK,CNY,34,59.7986,756451661.0,89168927.56
9876.HK,HKD,1,73.5,205800000.0,72232645.5
9877.HK,CNY,21,59.3202,184074038.0,192329095.79
9878.HK,CNY,35,64.395,340404770.0,333698609.03
9879.HK,CNY,2,74.2756,675121000.0,672278299.58
9880.HK,CNY,235,48.8531,214066849.0,2622549133.47
9881.HK,HKD,14,88.0448,83407494.0,141601052.03
9882.HK,HKD,2,75.1813,601450000.0,47958287.96
9885.HK,CNY,48,50.3955,348629335.0,194282722.45
9886.HK,CNY,17,67.7296,839390329.0,99680312.67
9887.HK,CNY,42,47.6843,94257793.0,603975466.15
9888.HK,CNY,507,36.7883,808583132.0,11953725487.94
9889.HK,CNY,10,50.0548,574674282.0,251081593.28
9890.HK,CNY,49,67.0468,347484984.0,459334324.46
9893.HK,CNY,11,76.9071,2736912520.0,494722610.3
9896.HK,CNY,301,72.8792,902941451.0,2784773146.86
9898.HK,USD,80,43.0677,67929667.0,574291354.340001
9899.HK,CNY,251,82.0317000000001,172538846.0,2486987929.94
9900.HK,HKD,11,54.5463,1623292000.0,523779226.93
9901.HK,USD,319,43.0281,737597161.0,3727850714.58
9903.HK,CNY,50,81.2736,211278748.0,10053166781.87
9906.HK,CNY,6,81.0129,486077500.0,119528987.41
9908.HK,CNY,10,87.7023,33190500.0,35051148.44
9909.HK,CNY,6,68.7542,442021000.0,137004468.12
9911.HK,CNY,93,67.5256,947384323.0,1149166997.82
9913.HK,HKD,6,75.3096,753096000.0,241087560.72
9916.HK,CNY,3,57.1325,228530000.0,9399328.99
9918.HK,HKD,3,75.0,75000000.0,9928923.07
9919.HK,CNY,14,78.2493,582755903.0,78849530.46
9922.HK,CNY,91,50.1942,671389566.0,121701230.02
9923.HK,CNY,47,57.9833,267010691.0,201047066.24
9926.HK,CNY,334,53.8538000000001,496068118.0,6622254189.05
9927.HK,CNY,39,19.4021,21074338.0,274305789.2
9928.HK,CNY,8,55.7421,549435495.0,31324080.82
9929.HK,HKD,6,73.041,1460820000.0,236354672.47
9930.HK,CNY,75,51.5191,1647197979.0,223606595.71
9933.HK,CNY,12,71.7472,724288250.0,166865814.97
9936.HK,CNY,7,64.2102,265894000.0,760140917.08
9938.HK,HKD,1,75.0,750000000.0,8871403.5
9939.HK,CNY,8,26.8936,134107510.0,32698739.05
9955.HK,CNY,15,23.8414,153947935.0,22506537.41
9958.HK,CNY,5,26.5326,132662851.0,3439479.04
9959.HK,CNY,51,50.2657,948160500.0,221370025.13
9960.HK,CNY,14,56.6178,584820991.0,81811317.22
9961.HK,CNY,567,39.3503000000001,257064890.0,13034385432.03
9963.HK,HKD,1,56.1405,195000000.0,179291480.16
9966.HK,CNY,53,53.6412,519550746.0,388940218.9
9968.HK,CNY,4,75.7897,3981990000.0,7690903.09
9969.HK,CNY,140,53.9709,806219797.0,1337835190.03
9971.HK,,30,84.4321,242771467.0,1200509454.29
9973.HK,CNY,56,68.7219000000001,1618241449.0,6155246885.56
9978.HK,CNY,6,62.719,250876000.0,1979512.55
9979.HK,CNY,68,76.9038,1538070918.0,541339095.23
9980.HK,CNY,56,57.367,33377691.0,679793865.29
9981.HK,CNY,24,41.5616,58181867.0,139529876.1
9982.HK,CNY,10,39.7611,1537016226.0,21292111.14
9983.HK,CNY,11,75.7807,984496593.0,67051173.51
9985.HK,CNY,121,83.0111,2017448132.0,2897920752.97
9986.HK,CNY,5,62.487,562382800.0,135891889.2
9987.HK,USD,1556,74.8988000000004,261507948.0,12522910413.22
9988.HK,CNY,967,36.9601000000003,7087807035.0,99074394664.2104
9989.HK,CNY,23,20.9539,46118442.0,24175140.2
9990.HK,CNY,18,71.5103,572340322.0,132613460.37
9991.HK,CNY,16,27.181,43794554.0,38561086.36
9992.HK,CNY,533,72.4044000000001,964263866.0,21038945388.55
9993.HK,CNY,19,84.274,3409075000.0,1279724764.46
9995.HK,CNY,201,39.7893,82992267.0,827226690.91
9996.HK,CNY,46,43.3568,292544752.0,180029168.21
9997.HK,CNY,24,17.9431,216750992.0,175024997.99
9998.HK,SGD,1,75.0,600000000.0,14675719.8
9999.HK,CNY,599,70.9282000000001,2270584457.0,58219424526.5099
