symbol,currency,total_investors,investor_outstanding_ratio,total_sharehold,total_holdings_value
A,USD,2146,95.2891000000005,269135045.0,31102388446.42
AA,USD,1331,85.7745000000003,226356379.0,13990476411.06
AACB,USD,63,97.4322,21605604.0,223095633.92
AACBR,USD,41,,20634901.0,6209381.1
AACG,CNY,21,10.8638,7437785.0,6622418.33
AACI,USD,13,21.0003,5359683.0,52979349.58
AACO,USD,4,7.8495,1859950.0,18413405.0
AACP,USD,4,23.442,4153921.0,41331513.95
AADX,USD,18,85.2509,145560298.0,3315863588.44
AAGR,USD,5,0.2192,126820.0,1268.2
AAL,USD,1180,78.3881000000003,518883719.0,6151064160.61001
AAMC,USD,1,,250000.0,925000000.0
AAME,USD,41,85.3324,17405455.0,30291201.81
AAMI,USD,493,100.4716,35797009.0,2023009141.86
AAOI,USD,633,80.9322000000003,64943219.0,5370934268.82999
AAON,USD,910,105.2644,86224538.0,8193047097.36
AAP,USD,811,128.4685,77467812.0,4113853877.7
AAPG,,25,0.0652,61071.0,1798412.63
AAPL,USD,8157,67.7177000000095,9948646019.0,2580557545091.91
AARD,USD,158,71.6933000000001,15689545.0,70359751.04
AAT,USD,509,121.363,74506115.0,1451999940.93
AAUA,,5,1.3899,90768.0,4442249.46
AAUC,USD,261,81.6139,103268913.0,2932393180.01
ABAT,USD,319,40.2898000000001,54960731.0,159234399.46
ABBV,USD,5756,77.4196000000056,1367764093.0,301803340200.979
ABCB,USD,688,102.0286,68658376.0,5363847508.69999
ABCL,USD,315,66.2116,202192752.0,791679504.45
ABEO,USD,247,90.2875000000001,51459557.0,256270738.01
ABEV,BRL,763,7.0146,1093923803.0,3156383625.67
ABG,USD,682,102.477,19079993.0,3809828085.58
ABLV,USD,9,26.9916,6617928.0,4470350.88
ABM,USD,649,102.6842,60153293.0,2342465373.62
ABNB,USD,2517,93.0245000000002,388791169.0,50567717365.4601
ABOS,USD,197,69.9894,50551526.0,125092125.51
ABP,USD,39,16.5444,975468.0,4127170.94
ABPWW,USD,46,,5462892.0,0.0
ABR,USD,635,64.4866,124048384.0,946245359.18
ABR_pd,USD,12,11.4396,1052439.0,16914014.98
ABR_pe,USD,7,14.8517,853969.0,14558001.93
ABR_pf,USD,20,23.1124,2621391.0,58141974.31
ABSI,USD,332,83.9624,141766713.0,526963437.08
ABT,USD,4806,82.2823000000032,1433295999.0,151254328659.728
ABTC,USD,228,25.4698,6142103.0,357394251.25
ABTS,USD,19,21.5492,638167.0,880167.98
ABUS,USD,324,85.7670000000001,169423015.0,772727668.05
ABVC,USD,41,21.9498,5705665.0,7246753.72
ABVE,CAD,46,21.1825,10843503.0,14458032.44
ABVEW,CAD,42,,2310501.0,0.0
ABVX,,393,72.0408000000001,57108544.0,6531697075.08
ABVc,USD,41,21.9498,5705665.0,7246753.72
ABX,USD,281,100.0952,96013760.0,848778483.87
AC,USD,57,7.9869,137973.0,5013870.9
ACA,USD,714,95.1568,46644980.0,5056641146.91
ACAA,USD,4,0.2521,72028.0,717297.32
ACAD,USD,683,101.6302,174028413.0,3997666415.77
ACB,CAD,313,12.0553,7427376.0,24783173.65
ACCL,USD,5,92.4127,11043221.0,44563416.66
ACCO,USD,465,85.4688000000001,78851905.0,249758952.29
ACCS,USD,49,63.422,2462144.0,18677198.04
ACDC,USD,290,100.3994,181642780.0,1052308305.5
ACEL,USD,320,90.4713000000001,73637133.0,827466802.080001
ACET,USD,134,68.8959,6440529.0,47356896.55
ACFN,USD,30,43.919,1101604.0,18048672.35
ACGC,USD,4,3.5965,789313.0,7837071.22
ACGL,USD,1816,98.9555000000004,345755689.0,33128453869.9
ACGLO,USD,22,28.0338,3700463.0,72431282.65
ACH,USD,507,102.1623,78239852.0,200665793.63
ACHC,USD,737,144.8004,133168373.0,2715772980.53
ACHR,USD,974,66.3152000000001,503732212.0,2993948649.46
ACHR_t,USD,40,,7223990.0,0.0
ACHV,USD,209,66.4482,68215425.0,296753661.77
ACI,USD,1089,99.3729000000001,491445558.0,8344591254.38
ACIC,USD,322,85.3888000000001,41382735.0,462980124.42
ACIU,CHF,113,63.8117,64942748.0,200556275.13
ACIW,USD,828,104.4084,106143348.0,4550889730.3
ACLS,USD,839,98.6988000000001,30333926.0,2972509922.9
ACLX,USD,504,70.0749,40979675.0,4329894126.65
ACM,USD,1288,90.0779000000001,115771544.0,9959719627.07999
ACMR,USD,647,91.4354000000002,58625953.0,2810344089.83
ACN,USD,4228,85.5634000000017,523634906.0,103602150117.84
ACNB,USD,226,45.5318,4630622.0,224904245.0
ACNT,USD,180,83.9012000000001,7583170.0,104018842.01
ACOG,USD,64,59.3113,12914557.0,84811342.86
ACON,USD,26,29.9438,737294.0,2246762.54
ACONW,USD,9,,228546.0,0.0
ACP,USD,206,39.1169,49080895.0,261364431.78
ACP_pa,USD,2,33.473,535568.0,10832608.64
ACR,USD,161,68.7423,4902045.0,100439641.6
ACRE,USD,296,54.4701,30220223.0,145265798.68
ACRS,USD,277,76.4399,106758471.0,396272914.54
ACRV,USD,156,68.7109,29409432.0,49332335.3
ACR_pc,USD,7,24.2536,1164171.0,29191051.44
ACR_pd,USD,6,28.8531,1300657.0,28418851.89
ACT,USD,520,102.0478,142460435.0,6358464204.43
ACTG,,223,90.3315000000001,87249990.0,432487962.04
ACTU,USD,123,72.6861,17390755.0,48781878.47
ACU,USD,165,85.0302,3239972.0,143372524.43
ACVA,USD,578,94.6014000000002,165159759.0,880585864.010001
ACXP,USD,61,7.9336,340972.0,1184543.83
AD,USD,375,110.8973,59219010.0,2973612844.47
ADAC,USD,28,43.43,9988889.0,98978118.85
ADACU,USD,72,22.1103,5085358.0,50785773.22
ADAG,USD,42,33.609,22199124.0,66769656.77
ADAML,USD,13,17.6337,1023602.0,24506086.67
ADAMM,USD,12,27.188,1996458.0,50468916.09
ADAMN,USD,7,42.1957,2593887.0,60780659.18
ADAMZ,USD,2,0.0,0.0,0.0
ADAP,USD,152,0.6456,1711307.0,464707.38
ADBE,USD,4918,91.6416000000009,364362584.0,89687753131.27
ADC,USD,936,118.9219,142831304.0,10690072574.29
ADCT,USD,224,84.3824000000001,107326959.0,365379057.98
ADC_pa,USD,23,33.8406,2368837.0,40351494.39
ADEA,USD,523,104.0046,114710486.0,2585798145.16
ADGM,USD,41,71.4396,15867105.0,18087327.61
ADI,USD,3342,95.867800000002,466982262.0,150868525261.47
ADIL,USD,43,27.4609,686010.0,2152100.13
ADM,USD,2018,87.1569000000003,420069732.0,29865903395.41
ADMA,USD,796,98.8413000000001,229089196.0,2539080558.01
ADN,USD,35,8.9589,339425.0,1178715.25
ADNT,USD,618,106.0515,83159230.0,1659629974.17
ADP,USD,3794,93.3242000000005,373051147.0,79823455071.6001
ADPT,USD,576,94.407,151093442.0,2249873154.71
ADSE,EUR,59,81.0972,60824524.0,734585959.24
ADSEW,EUR,23,,1425850.0,0.0
ADSK,USD,2658,101.649,214486797.0,51309675128.1
ADT,USD,916,108.409,737099866.0,5062348984.22
ADTN,USD,450,109.0142,88299885.0,1036142864.72
ADUR,CAD,70,34.8782,12316510.0,187170305.52
ADUS,USD,673,110.1156,20552888.0,1975192715.17
ADV,USD,288,87.4050000000001,11620755.0,369793855.38
ADVB,USD,15,73.915,1221175.0,6252086.55
ADVM,USD,86,10.5464,2328371.0,15079335.63
ADXN,CHF,8,0.0376,374.0,2351.87
AEAE,USD,5,91.4612,5500000.0,66055000.0
AEAQ,USD,40,56.5909,13380956.0,132428554.82
AEAQU,USD,72,22.9947,5423299.0,54518860.17
AEBI,USD,258,92.9277000000001,72024684.0,747522135.250001
AEC,CAD,57,54.1154,9867939.0,44439117.05
AEE,USD,1567,86.3520000000003,238985585.0,25812916511.1801
AEG,EUR,464,8.90939999999997,134033959.0,990075888.280001
AEHL,USD,21,0.1612,24965.0,388276.38
AEHR,USD,415,77.7634000000001,25245548.0,1061886233.34
AEI,USD,36,96.3305,37468504.0,69736768.16
AEIS,USD,949,114.8247,43668871.0,12814901365.82
AEM,USD,2074,73.9638000000003,369856465.0,72706370912.1604
AEMD,USD,40,10.427,274607.0,622240.5
AENT,USD,49,124.7766,63610538.0,323886334.94
AENTW,USD,28,,2179500.0,0.0
AEO,USD,850,111.8821,187476617.0,3140786668.28
AEON,USD,75,48.303,23576918.0,22420119.63
AEP,USD,2879,83.0456000000005,471412791.0,60425157301.02
AER,USD,1289,104.2755,164427868.0,22911289409.4201
AERO,,102,80.0357,110205217.0,1673025231.5
AERT,USD,40,94.1982,5406370.0,35146790.73
AERTW,USD,33,,7386578.0,0.0
AES,USD,1554,89.0289000000002,634925571.0,8999837451.26
AESI,USD,540,109.6321,136936858.0,1752142936.39
AEVA,USD,353,85.5387000000001,57571462.0,1126339217.76
AEXA,USD,102,92.0654,31923495.0,353749073.06
AEYE,USD,227,70.4139,8797099.0,63593198.07
AFBI,USD,85,59.9505,3653915.0,79601624.67
AFCG,USD,195,55.9626,13167334.0,39249352.7
AFG,USD,1016,86.5569000000002,71916807.0,9433505810.13
AFIB,USD,15,17.1484,5129493.0,351913.86
AFJK,USD,53,97.2224,3078388.0,114473882.18
AFJKR,USD,24,,4595366.0,1384583.0
AFJKU,USD,10,0.0743,2354.0,27480.46
AFL,USD,2647,70.8473000000006,360608891.0,40098664366.1001
AFMD,,54,0.0,0.0,0.0
AFRI,USD,103,83.8976000000001,22622001.0,248680012.87
AFRIW,USD,18,,1440436.0,0.0
AFRM,USD,1304,92.1400000000003,271222813.0,15274980924.54
AFYA,BRL,170,92.9758000000001,49163653.0,750228252.180001
AG,USD,702,55.8909000000001,275564513.0,5738652346.92999
AGAE,USD,47,65.5522,4180597.0,17587105.93
AGBK,BRL,46,94.5702,55513447.0,401363766.32
AGCC,USD,10,76.6869,17474256.0,262138361.66
AGCO,USD,1005,110.4489,79974730.0,9049368052.41001
AGEN,USD,264,46.0711,19185123.0,74318990.67
AGH,USD,44,36.6654,7921411.0,25283094.4
AGI,USD,998,70.4141000000001,294752959.0,12441817537.56
AGIG,USD,63,77.178,33975864.0,50614543.14
AGIO,USD,514,116.9363,69544248.0,2231587859.12
AGL,USD,469,96.4974000000001,16099461.0,230873251.0
AGM,USD,512,92.8494,8651759.0,1336109788.01
AGMB,EUR,21,42.5337,20946972.0,250651013.32
AGMH,USD,22,7.1934,142009.0,330869.15
AGM_pd,USD,2,6.5488,261951.0,5524546.59
AGM_pe,USD,4,11.9699,380641.0,7994005.36
AGM_pf,USD,4,8.008,384382.0,7326487.76
AGM_pg,USD,4,17.1285,856423.0,15146092.33
AGM_ph,USD,4,27.7138,1108554.0,26206216.56
AGM_pi,USD,2,18.5064,740255.0,17558848.6
AGMa,USD,39,56.4182,581548.0,79058229.67
AGNC,USD,1124,41.4988000000002,483138763.0,4884610132.39
AGNCM,USD,13,21.3092,2003080.0,50050839.15
AGNCN,USD,9,0.0115,1500.0,37890.0
AGNCO,USD,7,0.1915,30824.0,770908.24
AGNT,USD,503,78.8155000000002,129509907.0,981752962.889999
AGO,USD,691,100.7219,44579310.0,3667712239.44
AGPU,USD,51,10.0431,1027990.0,3716202.65
AGRO,USD,254,84.4651,121890200.0,1778806911.63
AGRZ,MYR,13,68.6766,11450808.0,44146765.67
AGX,USD,902,106.3255,14905700.0,8112754898.12
AGYS,USD,592,105.5547,29764163.0,2248602851.95
AHCO,USD,487,112.8212,153498093.0,1783076784.84
AHG,USD,13,0.0266,226949.0,507861.0
AHH,USD,513,79.0837,60068119.0,358002359.16
AHH_pa,USD,14,30.5357,2089692.0,45544472.54
AHL,USD,228,93.2667,85654639.0,3175321323.54
AHL_pd,USD,20,123.2,3087217.0,59250587.99
AHL_pe,USD,18,43.2106,4321065.0,80145751.65
AHMA,USD,11,62.9739,6905075.0,33820085.19
AHR,USD,975,107.4173,207017352.0,9807423650.87999
AHRT,USD,513,79.0837,60068119.0,358002359.16
AHRT_pa,USD,14,30.5357,2089692.0,45544472.54
AHT,USD,91,16.2517,1052556.0,3632460.91
AHT_pd,USD,1,89.9987,1000000.0,20250000.0
AHT_pf,USD,2,0.0,0.0,0.0
AHT_pg,USD,1,7.4529,109628.0,667623.56
AHT_ph,USD,2,0.0674,700.0,3776.15
AHT_pi,USD,1,0.0,0.0,0.0
AI,USD,791,65.0346,98665206.0,889397706.79
AIAI,USD,15,25.7789,18126234.0,232591731.68
AIB,USD,15,41.7263,29617087.0,47927211.56
AIBZ,USD,13,29.0176,15679613.0,63692918.08
AIEV,USD,17,63.5445,65195032.0,10777761.32
AIFA,USD,47,65.5522,4180597.0,17587105.93
AIFC,USD,144,39.0376,54588585.0,80374739.94
AIFF,USD,58,34.7328,5420338.0,12390065.99
AIFU,CNY,44,87.7207,5198082.0,140396080.4
AIG,USD,2083,98.9066000000003,524410647.0,40561773267.1901
AIHS,USD,10,1.0649,48549.0,51951.34
AII,USD,185,105.1169,20593271.0,394107009.78
AIIA,USD,46,73.3316,10772443.0,107889814.81
AIIA_r,USD,33,,9151283.0,2287839.45
AIIA_u,USD,28,20.1272,2956683.0,30225731.49
AIIO,USD,51,4.6195,7304560.0,4995815.05
AIIOW,USD,22,,986788.0,0.0
AIIR,USD,131,108.8442,169096480.0,1348713365.2
AILE,USD,93,0.0,0.0,0.0
AIM,USD,63,1.2215,338659.0,561153.51
AIMD,USD,40,64.0215,5457529.0,10445792.58
AIN,USD,575,106.2407,30172240.0,1577062584.39
AIOS,USD,19,32.8142,1066242.0,12590407.35
AIOT,USD,402,98.4381000000001,132083949.0,431251268.45
AIP,USD,298,84.7417,39126435.0,834776018.12
AIR,USD,667,106.87,42630929.0,4702443872.13001
AIRE,USD,54,31.0683,1666731.0,6982331.98
AIRG,USD,89,49.51,6275769.0,36027430.14
AIRI,USD,49,41.5237,2014180.0,5892723.92
AIRJ,USD,190,67.6921000000001,49002621.0,178075635.3
AIRJW,USD,46,,9404346.0,0.0
AIRO,USD,189,63.0599,19829444.0,152145881.63
AIRS,USD,212,108.9804,76880746.0,250661681.82
AIRT,USD,38,74.9932,2018612.0,53170529.93
AISP,USD,198,55.4256,19088321.0,51663998.43
AISPW,USD,44,,8505831.0,0.0
AIT,USD,1085,98.0499,36238620.0,9653455872.39001
AIV,USD,469,90.1662000000001,129709794.0,580020602.559999
AIXC,USD,39,66.6372,13484036.0,9536101.85
AIXI,USD,19,1.6454,45442.0,107962.49
AIZ,USD,1228,99.3484000000004,49224868.0,10937759584.16
AJG,USD,2445,95.9497000000004,249082996.0,56329159226.5802
AKA,USD,77,93.5586,10125023.0,104422679.03
AKAM,USD,1595,113.8616,165538997.0,17960708876.56
AKAN,USD,14,1.8751,10136.0,68554.08
AKBA,USD,355,48.0115000000001,128796071.0,191926933.15
AKOa,CLP,21,0.1032,81352.0,1805556.64
AKOb,CLP,71,2.5873,2040848.0,52001870.96
AKR,USD,538,114.646,163428505.0,3132599371.76
AKRO,USD,127,1.0922,898222.0,47555483.63
AKTS,USD,92,86.1324000000001,45998973.0,889459978.34
AKTX,USD,41,25.7802,460126.0,3203703.75
AL,USD,866,99.6170000000001,111605887.0,7220433917.20999
ALAB,USD,1495,84.4920000000001,144828567.0,25144094784.61
ALAR,USD,76,2.0131,147933.0,927115.27
ALB,USD,1923,94.7094000000004,111696209.0,18974886473.55
ALBT,USD,42,29.6258,3628509.0,1147587.87
ALB_pa,USD,163,85.9342,39529862.0,2697548541.96
ALC,USD,1658,66.3018000000003,331318129.0,24961113395.18
ALCC,USD,1226,62.3589000000003,108456740.0,7172784812.33002
ALCE,USD,26,65.9541,477943.0,382.35
ALCO,USD,223,91.4856,6784902.0,271378907.35
ALCY,USD,55,94.2501,3966075.0,48128967.84
ALCYU,USD,5,0.043,4942.0,59755.16
ALDF,USD,70,105.2849,24960439.0,262540348.9
ALDFU,USD,41,1.7356,518353.0,5205309.45
ALDX,USD,279,69.0675,41662265.0,144651590.98
ALE,USD,154,0.3449,200459.0,13116913.91
ALEC,USD,360,90.5197,100500221.0,188533902.03
ALEX,USD,538,14.1559,10316580.0,212484952.1
ALF,USD,71,621.3399,30738650.0,330484268.39
ALFUU,USD,45,0.1301,37438.0,404017.67
ALG,USD,584,102.3209,12450774.0,2057599397.24
ALGM,USD,703,112.4293,209440692.0,9030204189.7
ALGN,USD,1598,106.439,76230462.0,12963776945.19
ALGS,USD,94,63.4932,3421160.0,27850189.82
ALGT,USD,527,80.9381000000001,21752783.0,1834580964.88
ALH,USD,262,110.5476,219556806.0,5437503875.62
ALHC,USD,556,108.631,224578589.0,4096310071.96
ALIS,USD,35,93.7975,7904796.0,79267015.85
ALISR,USD,22,,2808275.0,1544551.25
ALISU,USD,21,4.7081,294376.0,2994999.34
ALIT,USD,683,104.9969,27658554.0,496550624.15
ALK,USD,1029,100.3941,112000696.0,4279618168.85
ALKS,USD,792,107.916,179870015.0,6107262508.31
ALKT,USD,560,119.0252,127379895.0,2450736064.34
ALL,USD,2724,85.8204000000011,220925330.0,46078070824.7402
ALLE,USD,1514,104.4788,88860093.0,12918126643.26
ALLG,EUR,4,6.8592,18748989.0,9385743.89
ALLO,USD,393,64.1007000000001,221248010.0,465309068.06
ALLR,USD,35,6.6779,1060080.0,1161110.35
ALLT,USD,189,78.9037,38602055.0,325059470.82
ALLY,USD,1254,99.2446000000002,301920065.0,11934620438.88
ALL_ph,USD,22,0.0957,43968.0,893663.69
ALL_pi,USD,18,17.167,2060029.0,38395326.11
ALL_pj,USD,35,25.1608,6038625.0,156892092.64
ALM,CAD,254,64.7328,186459551.0,2963300669.34
ALMR,USD,36,62.2644,43156262.0,1093375211.21
ALMS,USD,344,91.6804000000001,113163454.0,2224903195.88
ALMU,USD,164,42.9076,7854382.0,108079790.84
ALNT,USD,414,95.5080999999999,16233272.0,988932536.450001
ALNY,USD,1650,104.6897,139775942.0,48316677043.3399
ALOT,USD,85,58.7114,4562629.0,69272757.56
ALOV,USD,16,35.4304,10634395.0,104639567.35
ALOY,USD,77,14.0369,9577609.0,109932547.46
ALP,USD,49,34.9765,8209288.0,10371542.61
ALPP,USD,28,0.0114,2813.0,2.81
ALPS,USD,37,66.1657,114093001.0,324691440.42
ALPX,,3,15.6219,1825815.0,0.0
ALRM,USD,663,105.9261,52391727.0,2369628149.37
ALRS,USD,282,73.3573000000001,18433674.0,436527347.75
ALSA,USD,13,99.3194,3205000.0,49357000.0
ALSN,USD,1090,108.2887,89811775.0,9930165778.21998
ALT,USD,411,57.24,111318737.0,331985604.79
ALTG,USD,259,84.1255,27370690.0,178759277.83
ALTI,USD,166,69.9558000000001,77424687.0,279909969.64
ALTO,USD,208,53.6946,41605234.0,171576049.45
ALTS,USD,132,43.2433,54991375.0,80842206.85
ALUB,USD,31,49.7196,14294348.0,142714285.5
ALUB_u,USD,56,7.5868,2181170.0,22092947.2
ALUR,USD,69,13.0849,130904.0,2461216.36
ALUR_t,USD,64,,3977888.0,0.0
ALV,USD,834,79.7870000000002,58449500.0,6330272424.16
ALVO,USD,149,60.0241,234082198.0,838514097.679999
ALVOW,USD,20,,5035706.0,0.0
ALX,USD,323,97.9462,5002379.0,1167403312.83
ALXO,USD,204,55.8942000000001,75212887.0,146310272.11
ALZN,,34,5.0936,244068.0,296021.45
AM,USD,917,91.0706000000003,432568983.0,9321515781.38002
AMAL,USD,432,102.773,30729042.0,1198480189.4
AMAN,,5,34.7665,2607481.0,26447085.74
AMAT,USD,4665,87.0331000000043,691019389.0,250249642020.06
AMBA,USD,727,96.3435000000001,42259838.0,2327639191.69
AMBI,BRL,13,12.7379,2062906.0,9806267.4
AMBO,USD,8,0.0591,1548.0,3694.12
AMBP,USD,415,98.3677,587951240.0,2408492642.49
AMBQ,USD,193,64.5566,15333625.0,504208101.23
AMBR,USD,45,0.5112,444804.0,893620.26
AMC,USD,559,29.5386,263432272.0,307507799.11
AMCI,USD,44,85.7347,19376326.0,98931179.36
AMCR,USD,1577,77.6137000000001,358855947.0,14411280362.08
AMCX,USD,428,114.6448,37194732.0,278578192.86
AMD,USD,5283,75.2138000000052,1226513497.0,286997486559.288
AME,USD,2004,93.7340000000004,214841211.0,45808732715.62
AMG,USD,932,106.8035,28209808.0,7958343810.67
AMGN,USD,4645,87.5633000000027,472597203.0,164495010404.391
AMH,USD,1041,101.6665,365174737.0,10487910574.43
AMH_pg,USD,22,41.589,1913096.0,43653211.65
AMH_ph,USD,16,37.6699,1732822.0,40900850.03
AMIX,USD,43,8.3253,45206.0,870920.86
AMJB,USD,107,,15283684.0,524825228.55
AMKR,USD,1010,101.4444,251457566.0,14007226680.91
AMLI,CAD,80,12.1634,31097712.0,12669820.26
AMLX,USD,383,115.0022,127867214.0,1657156701.95
AMN,USD,662,121.7179,47209905.0,884186186.05
AMOD,USD,49,89.6707,4372881.0,17814769.31
AMODW,USD,40,,8604267.0,0.0
AMP,USD,2385,93.6542000000007,82791175.0,36963548322.9699
AMPG,USD,85,35.0428,8879299.0,20879673.61
AMPGR,USD,5,,2434491.0,243449.1
AMPGW,USD,15,,156558.0,0.0
AMPGZ,USD,5,,2394160.0,287299.2
AMPH,USD,568,107.0531,47202954.0,969296246.61
AMPL,USD,457,93.5679000000002,97186261.0,816277496.33
AMPX,USD,454,69.2536000000001,99965186.0,1591367913.51
AMPX_t,USD,35,,9757310.0,0.0
AMPY,USD,321,74.8072000000001,30886135.0,175121333.62
AMR,USD,606,117.1612,14896543.0,2979231259.34
AMRC,USD,468,110.0886,38477412.0,1001888001.47
AMRN,USD,267,59.6859,12360779.0,179628892.65
AMRX,USD,580,101.9906,325686675.0,4672019442.25
AMRZ,USD,1063,60.9797000000002,337553954.0,18289931386.95
AMS,USD,44,49.4172,3273879.0,5158674.42
AMSC,USD,565,75.3951000000002,36524671.0,1257509397.81
AMSF,USD,430,102.6508,19027943.0,634976759.76
AMSS,,9,67.8837,7755230.0,19517252.55
AMST,USD,39,38.259,2501479.0,3675906.42
AMT,USD,3214,96.5302000000003,449741406.0,77904868624.4704
AMTB,USD,327,76.034,29233846.0,645465357.74
AMTD,USD,22,0.7045,299405.0,296064.45
AMTM,USD,1219,106.266,259628634.0,6903952612.05999
AMTX,USD,187,24.6596,17352337.0,49720841.03
AMWD,USD,477,95.8709,13967887.0,610983520.199999
AMWL,USD,171,52.522,7910389.0,44375467.01
AMX,MXN,600,6.0625,181992934.0,4617347248.63
AMZE,USD,41,6.2351,3662086.0,1736880.61
AMZN,USD,8301,77.4705000000085,8336573172.0,1846629611641.49
AN,USD,958,102.0979,34164023.0,6738087570.86
ANAB,USD,431,106.913,31652777.0,1849715530.97
ANDE,USD,594,97.1865000000001,33096175.0,2252912488.96
ANDG,USD,118,132.966,17913477.0,496959364.7
ANEB,USD,37,87.8112,35813552.0,54749866.72
ANET,USD,3624,89.4848000000021,1126826379.0,153075297263.7
ANF,USD,1030,111.1343,49384053.0,4558177112.21001
ANGH,USD,18,78.9111,7153139.0,26294618.53
ANGHW,USD,22,,2955604.0,0.0
ANGI,USD,547,101.0196,40860764.0,361847992.49
ANGIV,USD,547,101.0196,40860764.0,361847992.49
ANGO,USD,326,107.913,44603036.0,515158740.93
ANGX,USD,160,30.378,39377538.0,135108576.4
ANIK,USD,283,99.6985,13270600.0,173185415.32
ANIP,USD,565,116.5858,26505399.0,2071662449.01
ANIX,USD,124,21.8916,7441531.0,21213828.02
ANL,USD,28,8.117,5895381.0,40943138.59
ANNA,USD,51,94.0182000000001,38491018.0,316031554.66
ANNAW,USD,45,,4908978.0,0.0
ANNX,USD,387,102.6413,168169778.0,894116012.56
ANPA,USD,7,71.3365,10773070.0,317551464.3
ANRO,USD,234,83.4113000000001,32379627.0,736217969.13
ANSC,USD,84,108.2913,35651928.0,399969678.94
ANSCU,USD,12,0.064,22085.0,242020.99
ANTA,USD,17,84.4694,20266352.0,161243301.41
ANTX,USD,104,88.0683,31718836.0,100840552.84
ANVS,USD,111,24.7871,8587857.0,19135509.37
ANY,USD,62,36.8537,2667307.0,5956018.6
AOGO,USD,13,19.8302,867270.0,11213516.92
AOMR,USD,178,63.9342,15929051.0,134977424.75
AON,USD,2314,95.0699000000003,203052413.0,66753757215.6301
AONC,USD,10,78.1842,25087504.0,132005218.52
AORT,USD,475,98.9164999999999,48017724.0,1821451366.03
AOS,USD,1407,108.7762,121792186.0,8028488462.08001
AOSL,USD,425,88.1093000000001,26370667.0,682791164.41
AOUT,USD,238,87.861,10990082.0,107442944.46
AP,USD,112,80.8291,16429613.0,111128140.18
APA,USD,1531,113.1004,399774739.0,14863969445.99
APAC,USD,32,87.2446,5351382.0,53638646.96
APACR,USD,22,,4201430.0,507202.58
APACU,USD,36,9.4623,580388.0,5861505.6
APAD,USD,60,102.1528,21043530.0,211652370.45
APADR,USD,42,,17287751.0,4542627.04
APADU,USD,27,17.1865,3540447.0,35712387.89
APAM,USD,736,97.2792000000002,69061976.0,2542229891.03
APC,USD,52,69.3882,8722258.0,157564351.06
APCX,,36,13.3845,5622024.0,2228866.12
APD,USD,2900,93.9875000000003,209300213.0,59241893571.31
APEI,USD,372,120.2983,22066954.0,1143137552.61
APG,USD,970,96.5105000000002,418116306.0,16753764560.75
APGE,USD,456,112.8861,69852069.0,6038145360.82
APH,USD,3387,98.496200000002,1211773211.0,158169509425.49
API,USD,147,42.0869,27568821.0,100719113.78
APLD,USD,866,82.6290000000002,236133855.0,6023682590.63999
APLE,USD,693,93.4368000000001,220576242.0,2617272087.25999
APLM,USD,26,47.163,1035727.0,14845070.02
APLS,USD,688,103.2286,132137937.0,4805475325.7
APLT,USD,267,13.883,21165653.0,2649365.6
APM,USD,15,18.8762,1198036.0,1035902.83
APO,USD,2236,98.2162000000005,566238115.0,68917151440.3799
APOG,USD,546,101.1001,21099817.0,735917604.0
APO_pa,USD,143,95.7954000000001,27540912.0,1775759298.46
APP,USD,2813,91.3346000000012,279247324.0,129610281895.44
APPF,USD,889,96.5538000000001,23257236.0,3728177131.33001
APPN,USD,523,107.9195,45676512.0,1225845552.44
APPS,USD,429,71.6532000000001,86649948.0,361550824.16
APRE,USD,55,31.151,3857353.0,3070457.17
APT,USD,81,47.5483,4857958.0,22008769.8
APTO,USD,47,108.3101,2764534.0,4511701.57
APTV,USD,1662,106.0056,224330511.0,15734453944.06
APTV_w,USD,13,,8068371.0,471999703.5
APUR,USD,5,3.0608,335506.0,3321509.4
APUS,USD,23,61.6087,929747.0,13625039.58
APVO,USD,43,12.2006,152031.0,723924.77
APWC,USD,15,85.6752,35326021.0,48157699.94
APXT,USD,65,82.1303,28310377.0,280942516.66
APXTU,USD,37,12.6246,4351810.0,43952716.25
APYX,USD,115,64.703,27118222.0,113460158.99
AQB,USD,72,9.90709999999999,509932.0,473554.34
AQMS,USD,103,15.5111,551368.0,1941251.72
AQN,USD,553,78.5374000000001,604470441.0,3666325210.32999
AQST,USD,359,67.1736,84279417.0,375198270.37
AQU,USD,14,93.7617,1623060.0,17723815.2
AR,USD,1159,93.0581,288327620.0,11419591580.32
ARAI,USD,95,62.9783,32658113.0,23530710.89
ARAY,USD,277,75.9317000000001,90330561.0,51482163.92
ARBB,MYR,15,35.5431,627428.0,3711563.24
ARBE,USD,116,33.6437,41988787.0,28357310.0
ARBEW,USD,16,,3035664.0,0.0
ARBK,USD,52,97.4933,13025138.0,39623777.99
ARCB,USD,672,109.6274,24407120.0,2399353653.77
ARCC,USD,1330,37.6150000000002,270080228.0,5054341099.99001
ARCI,USD,26,46.6113,16436051.0,162006764.09
ARCL,USD,3,15.1659,1934859.0,19247195.64
ARCO,USD,388,58.8649,123935431.0,975469612.0
ARCT,USD,367,88.8846,25263657.0,194217104.17
ARDT,USD,321,98.1287000000001,140667622.0,1234171108.57
ARDX,USD,502,73.9493,182678049.0,1078010965.52
ARE,USD,1503,96.5760000000003,168304252.0,7974429244.97
AREB,USD,32,0.5201,102239.0,220345.06
AREBW,USD,12,,138163.0,0.0
AREC,USD,157,48.4873,51867079.0,137176445.53
AREN,USD,125,82.589,39314802.0,57668794.72
ARES,USD,1628,100.3727,222858621.0,26398233435.27
ARES_pb,USD,134,87.7552,62046392.0,2309214204.52
ARGX,USD,936,47.5066000000001,29709183.0,21798930384.63
ARHS,USD,412,103.8835,56537891.0,432097083.01
ARI,USD,519,76.7406000000001,100501135.0,1065286075.56
ARIS,USD,356,76.7814000000002,158490514.0,2720595467.61
ARKO,USD,304,93.4718000000001,104861450.0,626548491.94
ARKR,USD,45,71.6697,2584527.0,17077600.27
ARL,USD,89,94.9706,15339708.0,237638348.21
ARLO,USD,519,104.0612,113021181.0,1594740318.15
ARM,USD,1578,96.461300000001,1030283379.0,345520625617.78
ARMK,USD,877,100.3101,263773633.0,10522928477.5
ARMN,USD,356,76.7814000000002,158490514.0,2720595467.61
ARMP,USD,68,78.6808,28884209.0,241374179.63
ARMY,,2,9.842,9842.0,234638.2
AROC,USD,799,106.5946,186819541.0,6113541697.61998
AROW,USD,273,53.7643,9961625.0,337399415.86
ARQ,USD,234,59.0579,25351091.0,66929978.57
ARQQ,USD,142,94.0622,16369050.0,287898645.56
ARQQW,USD,24,,6374820.0,0.0
ARQT,USD,561,110.6854,138449490.0,3529326522.92
ARR,USD,450,49.7059000000001,70324626.0,1176945509.65
ARRY,USD,687,146.2737,225006282.0,1719974809.47
ARR_pc,USD,6,10.1869,769374.0,15948307.06
ARTC,USD,20,34.1192,8913652.0,87484568.68
ARTCU,USD,23,31.0119,8101871.0,80519783.9
ARTL,USD,34,10.9701,377090.0,2478885.66
ARTNA,USD,225,61.3615,5794390.0,185481736.82
ARTV,USD,141,67.3214,32710312.0,277246469.01
ARTW,USD,36,67.5594,3514034.0,7847457.55
ARVN,USD,510,93.0584,60042197.0,657947663.340002
ARW,USD,1025,112.3107,57429780.0,8069470362.50999
ARWR,USD,780,88.1846000000001,124214400.0,7966457471.42
ARX,USD,239,108.6018,122502070.0,1665573404.1
ARXS,USD,61,40.6162,28295232.0,1262204195.94
AS,USD,707,100.9394,583716824.0,18620950753.59
ASAI,BRL,130,0.5835,1565496.0,13164872.54
ASAN,USD,556,110.6345,178129799.0,1171306703.02
ASB,USD,691,93.0883000000001,175610566.0,4645696389.3
ASBP,USD,55,6.7089,86885.0,1702703.44
ASBPW,USD,55,,7852365.0,0.0
ASB_pe,USD,4,0.0002,14.0,295.05
ASC,USD,422,98.4166999999999,40156435.0,576863459.35
ASGN,USD,671,113.9908,46736335.0,1884112377.66
ASH,USD,765,116.9821,53563655.0,3021485647.04
ASIC,USD,193,95.2350000000001,45744188.0,877307639.45
ASIX,USD,598,94.6067000000002,25504930.0,565907644.42
ASLE,USD,324,88.4468999999999,41793653.0,274359226.07
ASM,USD,265,36.4806,62089436.0,400451839.35
ASMB,USD,152,75.6215000000001,14973950.0,413241657.47
ASML,EUR,3249,20.2753999999995,77896873.0,105814650014.82
ASND,EUR,599,104.5966,68914254.0,15682972690.7
ASNS,USD,43,17.0622,4889539.0,1013202.02
ASO,USD,751,120.9625,75039681.0,4159464704.64
ASPC,USD,37,77.6177,1814297.0,19825237.13
ASPCR,USD,22,,5289133.0,954531.74
ASPCU,USD,35,9.2155,604079.0,6079040.04
ASPI,USD,385,59.2036,88246183.0,452351075.97
ASPN,USD,549,84.9179,70377416.0,241750270.67
ASPS,USD,77,82.4278,9413277.0,62400422.97
ASR,MXN,359,29.2232,8096519.0,2524626137.37
ASRT,USD,198,30.6746,1982277.0,37860031.01
ASRV,USD,70,66.2077,11231658.0,39125816.15
ASST,USD,308,45.4441000000001,33347596.0,353553617.9
ASTC,USD,43,23.0434,414273.0,2036356.85
ASTE,USD,451,100.2459,23049434.0,1200794354.61
ASTH,USD,449,84.9663000000001,42129058.0,1199564966.26
ASTI,USD,62,17.0805,1647328.0,7364131.69
ASTL,CAD,293,78.6814000000001,83129028.0,347935303.58
ASTLW,CAD,41,,10584884.0,0.0
ASTS,USD,1154,55.3751000000002,165435286.0,13607731034.28
ASUR,USD,208,89.0253,25534003.0,225187987.26
ASX,TWD,680,7.8487,172233696.0,3611409576.4
ASYS,USD,159,75.3833,13174099.0,201665445.62
ATAI,USD,331,46.984,173815455.0,838735575.9
ATAT,CNY,466,88.4275000000001,98581287.0,3604641113.02
ATCH,USD,49,8.3154,12501125.0,3233614.76
ATCO_ph,USD,2,0.0,0.0,0.0
ATCX,USD,17,60.5467,3025790.0,19248389.43
ATEC,USD,553,99.8337,153534690.0,2033677611.24
ATEK,USD,15,101.6122,10018850.0,95090827.0
ATEN,USD,579,105.4407,75915865.0,1776258311.53
ATER,USD,68,28.7207,3116022.0,3277500.31
ATEX,USD,335,107.1643,20883974.0,1508480047.22
ATGE,USD,802,102.7137,34955032.0,3968256541.53
ATGL,HKD,11,82.4747,12587700.0,299585494.0
ATHA,USD,111,77.2165000000001,7253377.0,66457355.21
ATHE,AUD,31,1.944,352541.0,1349289.28
ATHM,CNY,459,45.9483,52918586.0,937207281.19
ATHR,USD,19,67.3751,8182517.0,50380520.05
ATH_pa,USD,32,7.3066,14892055.0,360677737.18
ATH_pb,USD,19,16.8518,2325543.0,43291043.83
ATH_pd,USD,1,0.0125,3000.0,47550.0
ATH_pe,USD,24,42.0239,8404764.0,210675162.29
ATI,USD,1176,93.8294000000001,128051397.0,18038109288.21
ATII,USD,65,97.9642,28987590.0,302629107.84
ATIIU,USD,51,4.8247,1427582.0,14457223.37
ATKR,USD,772,100.8555,34056301.0,2093998982.56
ATLC,USD,273,89.8453,13582816.0,972051545.11
ATLCP,USD,3,4.1123,115146.0,2700974.4
ATLN,USD,101,66.966,60244638.0,89692154.0299999
ATLO,USD,184,39.8884,3533015.0,95269045.2
ATLX,USD,99,48.1798,14208564.0,61171371.04
ATMC,USD,35,123.0665,2669897.0,32187090.4
ATMP,GBP,51,92.6348999999999,17292636.0,594983315.67
ATMU,USD,651,102.6675,83851944.0,4618107713.87
ATNI,USD,273,97.6528000000001,15019834.0,398960564.229999
ATNM,USD,173,23.5076,7375464.0,8678761.47
ATO,USD,1753,99.1831000000004,165557749.0,30129262832.38
ATOM,USD,227,39.0141,15104990.0,64609760.84
ATON,USD,49,34.9765,8209288.0,10371542.61
ATOS,USD,187,19.8589,1959418.0,14188331.04
ATPC,USD,14,7.4642,74689.0,197662.16
ATR,USD,1022,97.5579000000002,62262633.0,7801641247.18999
ATRA,USD,103,69.051,6221622.0,52648132.77
ATRC,USD,494,103.4503,52387905.0,1618857693.9
ATRO,USD,543,105.6871,33862777.0,2188015748.72
ATS,CAD,342,95.6030000000001,93800856.0,2655376934.79
ATXG,USD,23,32.3463,322215.0,1095847.4
ATXI,USD,20,17.4789,575924.0,179367.42
ATYR,USD,272,47.7573,46826605.0,33805032.75
AU,USD,1244,80.0667,404830964.0,33411464874.24
AUB,USD,761,89.7807000000002,127423164.0,4599178420.13999
AUBN,USD,61,34.1193,1191891.0,28889800.68
AUC,USD,13,0.3791,39097.0,267322.8
AUDC,USD,131,64.907,16463394.0,141241212.02
AUGO,USD,329,87.0405000000002,72930931.0,5521925304.28
AUID,USD,63,30.0359,4845582.0,6356742.1
AUMN,USD,29,26.1543,3963195.0,803856.84
AUNA,PEN,91,84.3704,25391544.0,131920911.49
AUPH,USD,499,68.7150000000001,88370082.0,1349424081.34
AUR,USD,814,97.8780000000001,1618811910.0,7395220307.51
AURA,USD,248,50.3259,52054839.0,350005503.23
AURE,USD,20,35.0541,6787035.0,16183689.34
AUROW,USD,47,,6834441.0,0.0
AUST,USD,28,47.9689,6568374.0,9375977.68
AUTL,USD,211,81.6559,217332356.0,358113831.31
AUUD,USD,21,10.4064,558204.0,844833.07
AUUDW,USD,7,,69586.0,0.0
AUVI,USD,1,0.0,0.0,0.0
AVA,USD,737,91.0037000000001,75204132.0,3003108620.17
AVAH,USD,366,97.1941000000001,211647751.0,1415733649.11
AVAL,COP,80,1.2271,4641908.0,20345230.23
AVAT,USD,79,106.0333,41047984.0,260069153.39
AVAV,USD,1194,92.2650000000004,46693875.0,8556797573.93001
AVB,USD,1612,96.9573000000004,137738035.0,22788830961.37
AVBC,USD,102,42.1006,8452197.0,155082640.44
AVBH,USD,141,85.6567000000001,9407147.0,268905662.3
AVBP,USD,256,94.6170000000001,44067775.0,923974572.940001
AVD,USD,275,75.6634,21644221.0,66800187.39
AVDL,USD,451,74.2996999999999,72926837.0,1569171327.62
AVEX,USD,65,70.5191,39822264.0,1023154170.18
AVGO,USD,6740,82.5431000000061,3928151161.0,1240996037186.02
AVIR,USD,248,91.2506,73025441.0,336143818.45
AVLN,USD,29,61.6906,27349256.0,808233594.44
AVNS,USD,605,97.0538000000001,45467270.0,681108591.22
AVNT,USD,660,107.2647,98373831.0,3475193919.01
AVNW,USD,288,93.6026000000001,12111711.0,271452359.09
AVO,USD,361,69.0496000000001,60907226.0,821791233.97
AVPT,USD,561,83.7522,177569396.0,2007577983.87
AVR,USD,186,61.8865,60241995.0,342449097.35
AVT,USD,853,108.9755,89385763.0,5406958381.8
AVTR,USD,1134,105.0728,717398052.0,6154993295.15999
AVTX,USD,176,78.6023000000001,41314802.0,664940544.42
AVX,USD,41,40.5246,3118191.0,23033333.18
AVXL,USD,380,45.9182000000001,42553301.0,138998661.3
AVY,USD,1629,99.5667000000003,76158974.0,13252583689.13
AWH,USD,51,13.7799,5907534.0,2273920.71
AWI,USD,924,104.4507,44578484.0,7569482997.6
AWK,USD,2182,104.677900000001,204421534.0,27616941757.28
AWR,USD,711,85.3830000000002,33463778.0,2529228734.75
AWRE,USD,64,61.8715,13392816.0,18465507.91
AWX,USD,28,51.0581,1678612.0,4351527.08
AX,USD,733,90.8911,51702800.0,4451766542.24
AXG,USD,43,99.6561,158533442.0,420589531.54
AXGN,USD,440,91.4477000000001,48617581.0,1721104459.54
AXIA,BRL,314,2.55680000000001,50506477.0,543468992.39
AXIA_p,BRL,89,0.5732,1562809.0,18278772.29
AXIA_pc,BRL,171,45.8431,7046544.0,71657907.0
AXIL,USD,35,61.8071,4213825.0,26335466.51
AXIN,USD,70,95.3892,19650217.0,198596237.05
AXINR,USD,57,,17827678.0,3390134.87
AXINU,USD,73,8.3726,1724778.0,17596610.42
AXL,USD,590,106.5902,253009895.0,1544725771.4
AXON,USD,2233,95.6466000000003,77094568.0,35393783380.98
AXP,USD,4370,87.0895000000034,594259749.0,196195586313.71
AXR,USD,84,90.6786,4810659.0,119991735.91
AXS,USD,884,101.5106,74837616.0,7744225862.71
AXSM,USD,764,89.1817000000001,45892741.0,8293338621.78
AXS_pe,USD,15,0.3732,82101.0,1585767.31
AXTA,USD,860,109.025,233336028.0,6518837532.5
AXTI,USD,348,75.9297,49675223.0,2751509991.67
AYA,USD,189,53.3495,76778931.0,1442888797.53
AYI,USD,1125,104.5941,31325774.0,9046565334.84002
AYTU,USD,81,45.6394,4898558.0,12846005.25
AZ,USD,101,51.9137,23400166.0,156004611.92
AZI,USD,14,0.0214,1299.0,6055.4
AZIO,USD,50,5.1806,797328.0,1324245.72
AZN,USD,2489,66.2166000000021,1027071650.0,192688462896.801
AZO,USD,2401,95.3442000000006,15565475.0,52409347944.21
AZTA,USD,656,117.9334,54359345.0,1352286588.01
AZTR,USD,27,32.2992,5230042.0,942827.06
AZUL,BRL,12,0.5367,979347.0,24156516.1
AZZ,USD,644,98.4958000000001,29599181.0,3723711142.03001
B,USD,1978,66.6224000000003,1116297829.0,45636010309.96
BA,USD,3763,75.5886000000029,595888803.0,121445617481.7
BABA,CNY,2834,13.1013999999998,314121567.0,39696366169.6402
BAC,USD,5120,79.2366000000054,5560833410.0,273423855899.21
BACC,USD,72,96.3211,20123647.0,205605286.78
BACCR,USD,60,,16762155.0,5029172.84
BACCU,USD,72,5.7628,1225019.0,12591553.99
BACK,,20,1.5202,57536.0,3619.03
BAC_pb,USD,16,0.1774,95770.0,2378752.1
BAC_pe,USD,8,0.069,8500.0,160225.0
BAC_pk,USD,25,12.6963,4322939.0,106471036.15
BAC_pl,USD,395,56.0723,6700147.0,8008174462.81
BAC_pm,USD,34,16.1923,8949883.0,192254273.11
BAC_pn,USD,27,17.1979,8950674.0,179844561.15
BAC_pp,USD,21,16.0625,5862849.0,98333148.08
BAER,USD,165,60.0204,34594634.0,67593858.35
BAFN,USD,46,34.7748,1428172.0,9062248.57
BAH,USD,1533,101.3052,121506657.0,9466088450.35998
BAK,BRL,142,3.7803,6522691.0,23417424.33
BALL,USD,1567,92.5796000000002,246492678.0,14306499484.85
BALY,USD,138,90.1924,44147203.0,428351936.8
BAM,USD,1274,93.6818000000003,1534646574.0,73204320844.2401
BANC,USD,595,100.672,154759303.0,2791827233.78
BAND,USD,367,81.5170000000001,24503203.0,522020303.17
BANF,USD,510,89.0484,29919102.0,3248298312.77
BANL,USD,16,65.7004,723985.0,3625738.61
BANR,USD,507,96.9552000000002,32950524.0,2010788577.16
BANX,USD,61,18.1451,1757508.0,33833900.43
BAOS,USD,10,1.6795,534690.0,1465002.12
BAP,PEN,877,98.7770000000001,78396948.0,25226217854.82
BARK,USD,230,62.9634,5535473.0,81953447.28
BATL,USD,82,47.167,10385682.0,20156773.57
BATRA,USD,383,81.9028000000002,8450893.0,397515570.2
BATRK,USD,563,96.8128000000001,51163577.0,2158497541.96
BAX,USD,1674,107.5388,555406072.0,9669309090.19003
BAYA,Error occured in EAN validator,39,99.4592,2723480.0,33082508.74
BAYAR,USD,33,,3667683.0,629998.06
BAYAU,USD,7,0.2609,20178.0,233762.3
BB,USD,509,54.9093000000001,321822228.0,1564642379.06
BBAI,USD,637,43.6431000000001,209032465.0,831606138.36
BBAI_t,USD,47,,2522488.0,0.0
BBAR,ARS,169,8.61969999999999,17604062.0,311514218.16
BBBY,USD,453,64.9752000000001,61660542.0,308654700.1
BBCP,USD,227,92.6187,46675132.0,326272762.69
BBCQ,USD,34,57.3158,16478333.0,166324816.98
BBCQU,USD,8,1.5248,438420.0,4515726.0
BBD,BRL,553,25.5095,1346282512.0,4826044985.39
BBDC,USD,371,49.3726,51696792.0,438183097.0
BBDO,BRL,77,0.2662,14095265.0,34892948.64
BBGI,USD,54,49.6278,579981.0,9025898.84
BBIO,USD,835,103.1626,202056590.0,14956494242.36
BBLG,USD,20,1.9422,34869.0,49723.67
BBLGW,USD,3,,30174.0,0.0
BBNX,USD,298,114.146,50865898.0,758088799.139999
BBOT,USD,116,97.6075,78190507.0,806671979.01
BBSI,USD,403,95.1124000000001,23359308.0,728447175.76
BBT,USD,577,96.4864000000001,80870725.0,2383703412.16
BBUC,USD,308,90.3088000000001,185821011.0,6226515575.12
BBVA,EUR,788,3.62160000000001,203830352.0,4416756716.12999
BBW,USD,424,112.108,14055658.0,526303539.25
BBWI,USD,1159,107.1034,215881043.0,4089894325.84
BBY,USD,1870,107.211,225962656.0,14793619946.64
BC,USD,853,108.7395,70653352.0,5177154392.54999
BCAB,USD,134,28.6819,475996.0,4130139.3
BCAL,USD,270,89.1795000000001,28684453.0,525010042.23
BCAR,USD,79,105.266,29479577.0,299482183.82
BCARU,USD,22,1.7461,492414.0,5244209.1
BCAX,USD,328,109.9878,72266598.0,1417469388.73
BCBP,USD,221,53.6323,9312245.0,84886986.7199999
BCC,USD,729,100.259,35281351.0,2662562272.52
BCDA,USD,45,30.0925,4479003.0,5346208.67
BCE,CAD,1044,53.4153000000003,498133280.0,12217275864.23
BCG,USD,33,83.0374,13958535.0,27270944.94
BCGWW,USD,2,,28125.0,0.0
BCH,CLP,274,2.4131,12191820.0,454899532.91
BCIC,USD,108,18.5802,2299764.0,19843559.65
BCLI,USD,75,10.5547,1164689.0,1172975.32
BCML,USD,210,71.7758000000001,7830305.0,233783361.58
BCO,USD,712,103.3369,42555009.0,4466102757.0
BCOW,USD,24,4.0861,225838.0,2529385.6
BCPC,USD,764,93.3062000000001,29978984.0,4989545589.53
BCRX,USD,617,96.166,244417962.0,2154778005.12
BCS,GBP,805,8.7878,296765462.0,6349241456.33
BCSF,USD,268,55.8363,36220421.0,477668133.76
BCSS,USD,63,69.4118,32554288.0,328741294.26
BCSS_u,USD,73,10.6291,4985108.0,51118053.76
BCTX,USD,60,5.2714,458619.0,3900076.72
BCTXW,USD,12,,225.0,0.0
BCV,USD,75,42.0872,2368452.0,51114848.93
BCV_pa,USD,2,6.2616,68791.0,1472815.31
BCYC,USD,253,74.0059999999999,37279205.0,213598758.83
BDC,USD,732,108.9084,42413593.0,4880921817.49
BDCI,USD,63,94.0939,24520808.0,245341628.04
BDCIU,USD,76,5.3145,1384879.0,14014196.34
BDL,USD,36,89.9588,1672016.0,55165389.6
BDMD,USD,23,63.6811,25911401.0,35386015.76
BDMDW,USD,53,,6654065.0,0.0
BDN,USD,564,83.4544000000002,145708135.0,402818949.429999
BDRX,GBP,18,9.4524,76189.0,1189699.57
BDSX,USD,122,81.7663999999999,8463064.0,128896277.54
BDTX,USD,262,67.7401,38816479.0,89064939.65
BDX,USD,2817,99.9725000000005,275471030.0,44853971074.2199
BE,USD,1692,95.4969000000002,271630737.0,34025132619.5
BEAG,USD,79,103.3735,27040436.0,285072006.95
BEAGR,USD,51,,21947303.0,4741858.76
BEAGU,USD,29,14.0231,3617959.0,36775153.2
BEAM,USD,564,106.5146,109582094.0,2761992309.93
BEAT,USD,90,23.1792,12866032.0,13294366.23
BEATW,USD,9,,570681.0,0.0
BEBE,USD,22,57.4035,8610538.0,85137490.44
BEBE_u,USD,42,16.4755,2471316.0,24542000.16
BEDU,GBP,10,0.0,0.0,0.0
BEEM,USD,102,19.5226,4332278.0,9365295.46
BEEP,USD,131,76.7106,31604739.0,71681910.1100001
BEKE,CNY,752,15.0755,167167474.0,2532429546.65
BELFA,USD,173,79.7615,1687176.0,292852094.46
BELFB,USD,481,93.4442000000001,11313624.0,2335094085.87
BEN,USD,1236,99.1784000000002,515367091.0,12532219671.59
BENF,USD,45,94.6463,13712868.0,50676247.0
BENFW,USD,32,,5701034.0,0.0
BEP,USD,460,63.8349000000001,195328792.0,6333578869.49
BEPC,USD,877,101.696,150157162.0,5678459768.14
BEP_pa,USD,11,47.8162,3825284.0,65385812.98
BERZ,CAD,8,0.0,0.0,0.0
BESS,USD,10,50.1705,3560882.0,7884680.26
BETA,USD,276,77.8698,173064654.0,3644137614.12
BETR,USD,197,73.5465,9624405.0,347332036.4
BETRW,USD,24,,572198.0,0.0
BFAC,USD,49,0.3624,18889.0,9572093.6
BFAM,USD,858,119.0106,62607914.0,5543332736.32001
BFC,USD,320,47.4014000000001,5251816.0,725118711.17
BFH,USD,733,119.1589,46126422.0,3493311765.96
BFK,USD,159,0.3436,150656.0,1498751.84
BFLY,USD,462,64.8781,152601655.0,663348817.88
BFLY_t,USD,26,,6459167.0,0.0
BFRG,USD,44,16.0216,2970688.0,2597049.55
BFRI,USD,42,35.3644,4527805.0,4587959.08
BFRIW,USD,10,,221435.0,0.0
BFS,USD,404,94.5006000000001,23186595.0,780060518.33
BFST,USD,337,59.7895,19453604.0,531397627.69
BFS_pd,USD,2,0.0,0.0,0.0
BFS_pe,USD,9,47.6994,2098769.0,45564435.73
BFZ,,116,3.3668,1012212.0,10873841.39
BFa,USD,451,88.5737000000001,149231006.0,4072791424.05
BFb,USD,1361,75.3620000000006,218838595.0,5789624017.77999
BG,USD,1461,97.9731000000002,190087745.0,21596038947.18
BGC,USD,690,83.6647000000002,309232549.0,2969359337.54001
BGDE,USD,45,43.94,2426026.0,16546879.03
BGFV,USD,49,6.0751,1392343.0,1953695.93
BGI,CAD,19,76.241,9138990.0,5768074.28
BGIN,USD,11,52.2573,47335596.0,118822282.65
BGL,USD,58,47.0352,20366273.0,20567178.22
BGLC,USD,17,35.695,862858.0,1847458.66
BGLWW,USD,46,,6138167.0,0.0
BGM,USD,34,44.5356,169513516.0,1768783930.05
BGMS,USD,29,40.1064,2650126.0,3072795.22
BGMSP,USD,4,1.3913,1882.0,1599.7
BGS,USD,535,70.1310000000001,56923029.0,261697260.46
BGSF,USD,95,41.7673,4476639.0,26404847.01
BGSI,USD,241,88.7981,24718217.0,3131359776.94
BH,USD,230,97.4622000000001,2030289.0,752247745.59
BHAC,USD,128,90.2583,299886960.0,147218138.28
BHAT,USD,23,29.9705,928558.0,1558595.96
BHAV,USD,6,30.2862,3240629.0,32064734.41
BHAVR,USD,1,,10000.0,2300.0
BHAVU,USD,2,1.4215,145000.0,1447100.0
BHB,USD,323,69.6005,11660028.0,381485078.35
BHC,USD,495,76.5032,285718575.0,1553601256.61
BHE,USD,545,109.089,39137895.0,2267425176.87
BHF,USD,905,97.5228000000003,56024099.0,3442440805.56
BHFAP,USD,19,27.5459,4682797.0,70836039.91
BHIL,USD,56,31.689,1937474.0,10320751.22
BHM,USD,87,59.2517,2429832.0,26359671.2
BHP,USD,1237,4.35420000000002,110697943.0,7755578198.52001
BHR,USD,298,71.9834000000001,49438292.0,119387439.49
BHRB,USD,344,49.732,10028422.0,641676192.819999
BHR_pb,USD,29,49.4671,1522616.0,22271976.85
BHR_pd,USD,2,17.9388,287020.0,4912376.0
BHST,USD,34,22.8139,5171441.0,21738069.2
BHVN,USD,607,98.4170000000002,148178941.0,1484600712.5
BHa,USD,83,98.5814,208180.0,402590383.46
BIAF,USD,53,8.8881,549669.0,2169527.9
BIDU,CNY,1217,23.6249999999999,64912456.0,7854216322.1
BIG,USD,29,5.6199,1668799.0,500.63
BIIB,USD,2021,97.6887000000002,144227774.0,26302327675.72
BIII,USD,21,46.4743,8016798.0,79063539.63
BIII_u,USD,18,27.706,4779274.0,47942740.0
BILI,CNY,390,8.19609999999999,27765515.0,627752028.63
BILL,USD,898,121.5139,121024086.0,5548905152.22
BIMI,USD,1,0.0,0.0,0.0
BINI,USD,22,14.2138,90870.0,1412957.34
BIO,USD,948,107.1435,23250783.0,6558310090.41
BIOA,USD,280,71.0551000000001,31585725.0,493094735.01
BIOL,,4,0.0,1.0,0.0
BIOR,USD,26,83.8019,3790107.0,488429.33
BIOX,USD,112,42.2359,26953357.0,34680239.26
BIOb,USD,16,98.2857,4974260.0,1417187414.05
BIPC,USD,742,72.5130000000002,89191204.0,3561887006.46
BIP_pa,USD,15,49.0858,3926865.0,65284593.69
BIP_pb,USD,12,31.6816,2534528.0,47603973.01
BIRD,USD,115,57.8506,3630016.0,13373485.31
BIRK,EUR,609,112.555,206995879.0,8491251737.15
BITF,USD,463,54.7389000000001,337458887.0,980212051.529999
BIVI,USD,90,14.0861,1062348.0,1657468.38
BIXI,USD,44,62.0701,13655422.0,135329059.33
BIXIU,USD,52,18.3094,4169065.0,41689492.52
BIYA,USD,12,0.0109,295.0,6214.63
BJ,USD,1220,108.7971,138927736.0,13367364835.62
BJDX,USD,27,14.9625,154818.0,293079.44
BJRI,USD,436,112.8126,23709738.0,882669542.65
BK,USD,2775,89.1661000000004,605011562.0,72299422930.3102
BKD,USD,512,111.2524,265661208.0,3333940265.05
BKE,USD,634,100.6522,51853923.0,2620486103.22
BKH,USD,801,100.4788,76492998.0,5321477709.20999
BKHA,USD,54,104.5076,4340800.0,50607260.78
BKHAR,USD,34,,1056556.0,1440473.48
BKHAU,USD,22,0.0841,7510.0,83883.74
BKKT,USD,247,56.4046,25163246.0,238043884.19
BKKT_t,USD,18,,363399.0,0.0
BKN,USD,116,0.3281,56443.0,687536.54
BKNG,USD,3617,101.644900000002,787647206.0,140386058395.11
BKR,USD,2068,100.9288,1001297909.0,58692864107.3099
BKSY,USD,389,75.0670999999999,30699886.0,789033675.510001
BKSY_t,USD,30,,3146154.0,0.0
BKTI,USD,222,80.1598000000001,3001323.0,225629731.78
BKU,USD,615,105.8555,76512180.0,3466719762.0
BKV,USD,358,98.7644000000001,108033957.0,3144820086.32
BKYI,USD,37,15.3849,166981.0,874376.29
BL,USD,680,119.9387,70357340.0,2942588768.07
BLBD,USD,604,115.3431,36501952.0,2010165901.34
BLBX,USD,77,14.0369,9577609.0,109932547.46
BLCO,USD,265,98.4073999999999,351371952.0,5587812991.97
BLD,USD,1149,104.7644,29361083.0,10525590644.22
BLDP,USD,365,43.1003,129938470.0,355432133.65
BLDR,USD,1707,104.6427,112555232.0,9809105229.36001
BLE,USD,173,0.0629,29994.0,312896.07
BLFS,USD,443,107.3984,52543261.0,1075267617.2
BLFY,USD,187,79.1998,15152486.0,189831895.61
BLIN,USD,37,41.5706,5237836.0,4974917.56
BLIV,SGD,10,51.7302,5620383.0,13796044.63
BLK,USD,3744,86.1637000000024,133758890.0,131228226893.76
BLKB,USD,634,103.1657,47386272.0,2322847293.77001
BLLN,USD,177,82.1668000000001,34052493.0,3006241446.74
BLMN,USD,561,94.3996000000002,80819388.0,473509711.62
BLMZ,JPY,18,67.2608,36701542.0,37629560.18
BLND,USD,445,87.2901000000001,208501659.0,470214090.76
BLNE,USD,73,46.0849,14770828.0,26018737.95
BLNK,USD,334,19.4634,27965743.0,16592199.64
BLRK,USD,32,53.6421,9253225.0,91689134.54
BLRKU,USD,74,22.2985,3846530.0,38568317.76
BLRX,USD,57,5.1995,226988.0,539384.81
BLSH,USD,367,111.0615,166928750.0,6347973541.58
BLTE,USD,127,66.5074,26657595.0,4774725947.5
BLUA,USD,3,95.5503,852083.0,8630413.05
BLUW,USD,74,93.0940999999999,24188684.0,249127499.3
BLUWU,USD,76,8.5304,2216463.0,22637225.79
BLX,USD,153,38.8963,11692420.0,581090516.29
BLZE,USD,302,54.9981,32998740.0,146942873.27
BLZR,USD,61,76.3977,21009327.0,210738742.22
BLZRU,USD,80,10.4006,2860184.0,29061758.77
BMA,ARS,274,10.7902,6778492.0,572702958.11
BMBL,USD,515,93.4963000000001,121948234.0,417899929.73
BMEA,USD,229,45.2712,32730712.0,45256128.01
BMGL,SGD,23,54.6481,855505.0,12180147.88
BMHL,HKD,8,76.5935,10734584.0,40312585.64
BMI,USD,1060,114.3126,33135900.0,5067202742.41001
BML_pg,USD,4,5.1713,197708.0,3752497.84
BML_ph,USD,10,6.1491,735468.0,14171267.93
BML_pj,USD,12,3.455,290630.0,5536501.5
BML_pl,USD,16,8.5179,1362627.0,26078303.76
BMM,CAD,49,36.4221,36372425.0,176462791.44
BMNP,USD,1,0.0494,1730.0,140181.9
BMNR,USD,710,34.2405000000002,206525238.0,4149891290.27
BMO,CAD,1234,53.8667000000004,377306224.0,51883714395.29
BMR,USD,49,31.5155,4894322.0,8021302.78
BMRA,USD,54,17.6442,545250.0,1358018.35
BMRC,USD,283,70.7366,11452063.0,295621172.17
BMRN,USD,1293,100.0045,193294676.0,11083922407.31
BMY,USD,4071,84.1717000000013,1718841058.0,101708036793.6
BN,USD,1679,80.9993000000006,1985436535.0,82867705901.39
BNAI,USD,71,30.0931,1958551.0,41949693.68
BNAIW,USD,62,,5524365.0,0.0
BNBX,USD,73,16.7371,1204620.0,899922.96
BNC,USD,82,34.6046,14250718.0,40912253.18
BNCWW,USD,23,,2242867.0,0.0
BNED,USD,222,98.3832000000001,34079485.0,350399027.03
BNGO,USD,99,16.8762,1936591.0,2905762.89
BNIX,USD,69,67.9149,18730555.0,81421110.1999999
BNKD,CAD,1,0.0,0.0,0.0
BNKK,USD,135,6.0385,483153.0,1263148.43
BNKU,CAD,1,0.5,5000.0,81147.0
BNL,USD,657,96.1533000000001,184391087.0,3384555457.92
BNR,CNY,42,47.8171,4214533.0,40886278.49
BNRG,USD,22,1.4491,37249.0,575188.48
BNS,CAD,1070,51.2460000000004,631078169.0,44566552228.21
BNT,USD,289,71.4545000000001,46731427.0,2107009046.77
BNTC,USD,158,100.0959,34387253.0,435520084.75
BNTX,EUR,763,78.1037000000003,197513838.0,17689788840.88
BNY,USD,2775,89.1661000000004,605011562.0,72299422930.3102
BNZI,USD,48,1.3743,45079.0,1199457.47
BNZIW,USD,45,,3546370.0,0.0
BOBS,USD,80,89.7812,117279156.0,1385260471.5
BOC,USD,284,71.4698000000001,21179570.0,253299883.93
BODI,USD,98,43.0568,1943071.0,25594901.92
BOF,USD,47,32.1009,4916599.0,17078650.7
BOH,USD,628,92.4010000000002,36610396.0,2693771204.28
BOKF,USD,573,99.5987000000004,60523707.0,7726913459.28999
BOLD,USD,127,72.3789,16267083.0,26048567.48
BOLT,USD,64,31.2898,601251.0,2821619.59
BON,USD,16,0.2744,16703.0,22041.51
BOOM,USD,275,84.3718000000001,17269867.0,98922823.3800001
BOOT,USD,836,120.0907,36426430.0,5420949772.76
BORR,USD,417,75.0837000000001,231035120.0,1136677667.83
BOSC,USD,37,23.132,1630759.0,7342246.52
BOT,,2,0.0372,8813.0,350316.75
BOTJ,USD,61,41.6056,1890276.0,38009848.76
BOW,USD,358,100.1389,32883628.0,787768905.999999
BOWN,USD,40,1.6698,50000.0,525500.0
BOX,USD,839,105.2188,145762886.0,3670299137.81
BOXL,USD,41,17.0437,118358.0,1241972.57
BP,USD,1871,13.9841999999999,366041857.0,16999778901.2
BPAC,USD,25,84.1906,5007043.0,50073077.79
BPACR,USD,21,,3819722.0,725747.18
BPACU,USD,33,18.1079,1076920.0,10908250.6
BPOP,USD,817,97.1979000000003,62081819.0,8353249359.29001
BPRN,USD,171,71.0652,4841677.0,163878696.68
BPTH,USD,29,0.0034,1702.0,289.17
BPYPN,USD,16,46.9304,5397021.0,72450148.39
BPYPO,USD,13,39.3485,3934848.0,59601388.61
BPYPP,USD,12,15.6054,1148555.0,18553146.0
BQ,CNY,23,5.4148,395175.0,810412.91
BR,USD,2023,98.0108000000003,113357406.0,19962287650.8201
BRAG,EUR,57,16.9162,5130157.0,9068756.43
BRAI,USD,7,64.9911,133938953.0,652327953.24
BRBI,BRL,11,0.4366,218849.0,3042113.3
BRBR,USD,1013,108.873,126594834.0,2414240812.36
BRBS,USD,237,66.7238,59992726.0,232249203.82
BRC,USD,609,91.4581000000002,39852537.0,3245169817.56
BRCB,USD,232,110.827,23905669.0,370009269.9
BRCC,USD,312,76.6818,89720305.0,80501325.1799999
BRFH,USD,39,77.412,12496977.0,33382485.54
BRIA,USD,8,85.0912,21272810.0,42685537.8
BRID,USD,45,86.8164,7880170.0,58157785.44
BRKH,USD,218,46.4392,67012483.0,115832682.88
BRKR,USD,883,117.7292,179214191.0,7045543791.12
BRKRP,USD,57,94.742,2614884.0,823394766.65
BRKa,USD,1854,82.2298000000035,415772.0,303642391799.2
BRKb,USD,6518,67.2907000000066,941002972.0,456140124573.819
BRLS,USD,22,45.5378,9773928.0,14606813.44
BRLSW,USD,32,,5615155.0,0.0
BRLT,USD,85,36.1501,5877630.0,8408940.1
BRN,USD,57,70.3122,10103816.0,11008890.77
BRNS,USD,41,63.9258,26113110.0,16402651.96
BRO,USD,1815,99.3520000000003,336754360.0,22896854530.52
BROS,USD,1005,104.16,142901277.0,7874463095.96999
BRR,USD,142,60.5647,54834614.0,136741580.67
BRSH,USD,2,0.0,0.0,0.0
BRSL,USD,501,97.4676000000002,179042087.0,2457996958.16
BRSP,USD,404,77.9108,101500721.0,568879340.440001
BRT,USD,229,78.1621000000001,14711946.0,209776982.62
BRTX,USD,39,18.0172,4590516.0,1232098.67
BRUN,USD,109,94.7144,44614370.0,1225750418.16
BRX,USD,867,106.4073,326497362.0,9279890192.99999
BRY,USD,158,1.7032,1321737.0,4247759.98
BRZE,USD,604,103.7598,116889100.0,2833669162.22001
BSAA,USD,35,100.157,6033965.0,62698018.48
BSAAR,USD,27,,3628136.0,578801.98
BSAAU,USD,42,18.6632,1078160.0,10958129.32
BSAC,CLP,294,5.2251,24621357.0,813756646.39
BSBK,USD,36,75.9897999999999,9768036.0,83021884.15
BSBR,BRL,185,14.394,546865074.0,3242883323.3
BSET,USD,179,76.5604,6628751.0,96072147.67
BSFC,USD,13,2.7104,4441658.0,3109.17
BSIN,USD,72,53.3051,27889303.0,34797421.27
BSLK,USD,49,19.1007,833943.0,1806094.73
BSLKW,USD,44,,2849860.0,0.0
BSP,,14,39.3013,127720851.0,4314410346.78
BSRR,USD,254,70.8879000000001,9148559.0,308872153.14
BSVN,USD,205,90.3393,8599699.0,347255314.07
BSX,USD,3175,95.0732000000011,1413187877.0,99681993312.0201
BSY,USD,1049,96.1247000000002,280958531.0,9884359265.43
BTA,USD,69,2.369,318394.0,2971160.64
BTAI,USD,106,22.5257,6953094.0,9800017.84
BTBD,USD,25,37.1045,2294808.0,2719767.3
BTBDW,USD,10,,427854.0,0.0
BTBT,USD,461,48.9254000000001,170534606.0,231593396.1
BTCS,USD,121,42.7649,21286597.0,43367705.86
BTCT,USD,32,10.7957,1690293.0,1840906.37
BTCY,USD,8,4.1547,834042.0,172215.54
BTDR,USD,415,98.2097000000001,195351917.0,2396245372.37
BTE,CAD,393,56.9417,405830399.0,1786600519.02
BTG,USD,712,69.8951,923783658.0,4167752852.58
BTGO,USD,63,45.9766,49241308.0,441206781.98
BTI,GBP,1284,15.5231,335911870.0,19597088089.27
BTM,USD,132,49.3438,2931999.0,14194868.39
BTMD,USD,229,77.7928000000001,23595607.0,52569334.41
BTMWW,USD,50,,18168007.0,0.0
BTOC,USD,31,68.9761,31344945.0,19220072.82
BTOG,USD,23,0.7839,18301.0,184386.31
BTQ,CAD,161,51.2291,72632255.0,339741520.51
BTSG,USD,637,105.8288,208773044.0,9869366398.41001
BTSGU,USD,56,47.9913,3839301.0,545002128.67
BTTC,USD,30,61.4605,6528300.0,22419532.33
BTU,USD,721,109.4921,133363201.0,4235525079.27999
BUD,USD,977,5.51160000000003,95279187.0,6530504078.56001
BUDA,USD,18,86.991,10932187.0,114028006.61
BUG,,375,44.8173,14578808.0,370348215.41
BUI_r,,56,,5246101.0,41968.81
BUI_r_w,,46,,2766777.0,22137.52
BULL,USD,351,67.8607,303990375.0,1700172739.16
BULZ,CAD,19,0.4907,417103.0,7336841.77
BUR,USD,502,93.7952,205957333.0,910538269.680001
BURL,USD,1245,107.1536,67444384.0,21842886753.8901
BURU,USD,69,25.3809,92958928.0,6324438.1
BUSE,USD,502,73.262,61963952.0,1563886928.55
BUUU,USD,3,51.7682,6043937.0,49300390.28
BV,USD,398,106.1558,98936924.0,1209367518.81
BVC,USD,13,71.2851,5693899.0,40028016.6
BVFL,USD,157,64.4647000000001,5581999.0,104732382.45
BVN,USD,551,88.5169000000001,243323179.0,8039649239.71
BVS,USD,353,90.0952,61037958.0,528967993.94
BW,USD,326,94.5357,140394462.0,1869979010.17
BWA,USD,1406,106.936300000001,219341168.0,11624134978.87
BWAY,USD,99,35.9057,14409334.0,178636270.99
BWB,USD,265,88.0942,24561214.0,444337272.28
BWEN,USD,103,45.7174,10699750.0,31548822.7
BWFG,USD,222,75.2191000000001,5997371.0,294177250.27
BWIN,USD,488,89.2042,86964445.0,1971959495.05
BWIV,USD,6,10.6616,1431319.0,14175558.1
BWIV_u,USD,3,7.1565,960757.0,9530709.44
BWLP,USD,267,74.0309,117918136.0,1756193982.36
BWMN,USD,276,81.1229,14202832.0,431566136.81
BWMX,MXN,92,75.0821,29646231.0,442150585.28
BWXT,USD,1391,95.2264000000001,87242047.0,17361845021.5
BW_pa,USD,6,37.3397,2863588.0,63056786.31
BX,USD,3507,74.9272000000001,563772846.0,65882092519.1999
BXC,USD,382,101.7079,7915308.0,444610948.87
BXDC,,37,51.3839,44960796.0,972502017.48
BXMT,USD,627,69.2212000000001,116762484.0,2221756509.49
BXP,USD,1287,114.1466,182039887.0,10025142903.49
BXSL,USD,682,53.2688,123934494.0,3012583963.38
BY,USD,383,86.3782,39037212.0,1240740913.58
BYAH,CNY,32,31.646,1873798.0,2235408.55
BYD,USD,793,104.186,77441759.0,6408877894.74998
BYFC,USD,47,53.8348,3327255.0,24668463.98
BYM,USD,121,0.4544,117717.0,1295283.57
BYND,USD,521,35.1401000000001,181098967.0,168648706.29
BYNO,USD,21,88.6696,2994148.0,37875972.2
BYRN,USD,341,78.1226999999999,17728464.0,179188925.54
BYSI,USD,55,28.8388,11858491.0,19423669.12
BZ,CNY,663,83.6357000000002,343036064.0,4680160872.09
BZAI,USD,218,43.876,63293625.0,104022393.22
BZAIW,USD,58,,8515671.0,0.0
BZFD,USD,109,73.6477,61251171.0,84259266.88
BZFDW,USD,23,,4282136.0,0.0
BZH,USD,435,104.9364,28683193.0,566590442.840001
BZUN,CNY,137,24.5568,13188800.0,32283846.51
C,USD,3844,81.7051000000024,1393687411.0,160201794675.3
CA,,12,51.8216,440484.0,10936273.12
CAAP,USD,209,94.5769,156259890.0,4048343991.89
CABA,USD,300,59.1492,96446103.0,277277530.35
CABO,USD,583,117.8134,6683380.0,622080771.0
CABR,USD,14,24.9634,2269549.0,2442015.33
CAC,USD,377,78.9449000000002,13353280.0,629137311.220001
CACC,USD,562,130.6864,13669881.0,7081242662.47
CACI,USD,1265,103.6907,22906896.0,12273352098.37
CADL,USD,220,66.4857,48714198.0,266765148.93
CAE,CAD,676,84.5897000000001,272021827.0,7172821562.37
CAEP,USD,131,108.8442,169096480.0,1348713365.2
CAES,USD,10,16.9044,4327505.0,43664525.45
CAG,USD,1774,89.8363000000005,429919778.0,6757732406.61999
CAH,USD,2380,90.5656000000007,212111819.0,44665823925.1401
CAI,USD,400,102.7993,290593342.0,5649138871.61999
CAII,,3,9.4155,2400000.0,23760000.0
CAKE,USD,668,115.0152,57145947.0,3096282828.44
CAL,USD,480,98.1759,32978259.0,352781385.91
CALC,USD,80,45.5436,13878205.0,16531785.84
CALM,USD,951,108.3516,50845167.0,4160141666.21
CALX,USD,640,106.9121,67328249.0,3225625105.15
CALY,USD,665,96.3750000000002,173241438.0,2351145488.0
CAMP,USD,111,100.6066,52240793.0,264671979.8
CAMT,USD,503,92.0649000000002,42941605.0,5730249305.77999
CAN,USD,221,30.096,225481185.0,119561794.98
CANF,,28,5.0471,108139.0,396195.0
CANG,CNY,103,26.2719,10330879.0,180894094.09
CAPN,USD,57,144.8352,7659010.0,82111722.62
CAPNR,USD,34,,5090755.0,1080264.49
CAPNU,USD,38,8.349,520142.0,5229466.11
CAPR,USD,344,71.3536000000001,41322271.0,1182144420.22
CAPS,USD,29,44.2529,5587329.0,2217197.65
CAPT,USD,25,13.3543,4322749.0,1786737.6
CAPTW,USD,37,,6356523.0,0.0
CAQ,USD,9,11.7728,2051416.0,20250724.92
CAR,USD,649,132.7759,46903206.0,6827254977.76
CARD,CAD,4,1.8956,11374.0,38860.41
CARE,USD,258,61.8939,13717218.0,327346323.44
CARG,USD,725,111.8333,84961485.0,2971316036.3
CARL,USD,131,83.3246,22651687.0,281002264.01
CARM,USD,83,37.3494,15628877.0,4583363.2
CARR,USD,2701,95.2225000000007,790933888.0,45021510141.94
CARS,USD,518,115.0288,64304501.0,618957479.430001
CART,USD,986,92.8671000000002,218267561.0,8730150035.51
CARU,CAD,1,0.0,0.0,0.0
CARV,USD,39,34.9004,2034887.0,3245515.98
CASH,USD,559,102.4201,21533736.0,1904336817.1
CASI,USD,44,71.9417,14788248.0,8474117.74
CASS,USD,323,77.7877000000001,9938442.0,442194871.11
CAST,USD,15,36.5158,12289520.0,44165954.41
CASY,USD,1569,91.0321000000006,33685326.0,24305705076.6901
CAT,USD,5221,72.806600000005,335337546.0,234538375723.33
CATO,USD,123,51.4522,9361847.0,27066065.79
CATX,USD,297,80.6188,91942590.0,381651995.5
CATY,USD,536,80.1483000000001,53560265.0,2711258984.55
CAUD,USD,5,90.3848,180769610.0,5417198.3
CAVA,USD,1151,102.6844,119599595.0,9548769937.93999
CB,USD,3296,94.7847000000018,365527695.0,119063709077.88
CBAN,USD,262,64.7537,13740742.0,274513068.01
CBAT,USD,69,19.4853,17272902.0,14533170.97
CBC,USD,187,100.3473,240606659.0,5772358171.65
CBFV,USD,157,54.6047,2769884.0,95732824.12
CBIO,USD,135,78.3134,27909543.0,503690635.03
CBK,USD,135,109.9244,15060930.0,393940636.47
CBL,USD,380,90.6264000000001,28044013.0,1181911880.9
CBLL,USD,266,97.9292,37157127.0,726731796.35
CBNA,USD,136,89.8968,3026528.0,109114549.54
CBNK,USD,253,78.7002,12818772.0,380070226.46
CBOA,,10,,128954.0,3125740.2
CBOE,USD,1776,91.8299000000002,96104135.0,26092264604.9
CBRE,USD,1991,100.4346,294094451.0,41510406171.3001
CBRG,USD,14,88.8128,2328307.0,27874204.93
CBRL,USD,600,104.5775,23374372.0,699918686.880001
CBRS,USD,153,40.3335,37159072.0,8425468787.45
CBSH,USD,922,79.0217000000003,113726956.0,5671864247.82
CBT,USD,811,103.2756,53312610.0,3935623282.08
CBTA,,8,,85897.0,1835283.88
CBU,USD,524,77.6101000000001,40788109.0,2393906222.71
CBUS,USD,173,45.6507,34845757.0,54520683.93
CBXA,,11,,123948.0,2722815.3
CBZ,USD,615,104.269,55938913.0,1983857527.23
CC,USD,901,95.1920000000002,143148182.0,2787877636.79
CCAP,USD,197,72.0335,26541415.0,337433148.11
CCAQ,USD,56,99.1765,14363579.0,147472213.17
CCAQU,USD,23,7.056,1021878.0,10585009.6
CCB,USD,405,98.3136,14991677.0,1219055429.71
CCBG,USD,272,72.6343000000001,12421489.0,541173895.560001
CCC,USD,764,110.643,649408953.0,4105270162.63
CCCC,USD,301,87.6059,96852113.0,243619997.74
CCCX,USD,209,19.7393,43069011.0,505408105.55
CCEC,USD,49,87.5188,52610492.0,1126087041.34
CCEL,USD,44,55.913,4508020.0,18981008.89
CCEP,EUR,1328,95.3050000000002,422410451.0,39980468669.7799
CCG,CNY,25,48.9801,966915.0,28004072.58
CCGWW,CNY,34,,3302794.0,0.0
CCHH,USD,10,40.4772,1555821.0,7818350.4
CCI,USD,2138,102.83,438079514.0,35737448551.7898
CCID,USD,2,41.9098,502917.0,12656763.45
CCIF,USD,73,38.4507,8150976.0,43243108.56
CCII,USD,63,84.8152,22068926.0,225825212.6
CCIIU,USD,39,8.0106,2084302.0,21574457.33
CCIX,USD,104,104.585,30826395.0,328006221.85
CCIXU,USD,43,6.4099,1842814.0,18570732.0
CCJ,CAD,1946,70.9113000000004,308854190.0,31846697092.84
CCK,USD,1268,109.3031,118895636.0,11996528110.1
CCL,USD,2021,73.1962000000003,1002333714.0,26633360636.18
CCLD,USD,130,44.3084,18827733.0,61885964.91
CCLDO,USD,2,0.0,0.0,0.0
CCLDP,,1,0.0,0.0,0.0
CCM,CNY,10,26.0894,734538.0,2835073.36
CCNE,USD,311,68.0921000000001,20170494.0,583247918.299999
CCO,USD,417,91.0203,463279933.0,1090052157.31
CCOI,USD,633,103.9582,52060012.0,1029325925.18
CCRD,USD,32,11.6938,911227.0,17298447.17
CCRN,USD,443,93.8356000000001,30298935.0,288830470.45
CCS,USD,605,109.3045,31079807.0,1789719919.11
CCSI,USD,343,109.2998,20108859.0,478323551.27
CCTG,USD,12,3.786,489092.0,5161493.22
CCTS,USD,16,68.4529,2687498.0,31685601.42
CCU,CLP,152,13.5527,25039314.0,285215487.68
CD,USD,137,42.5936,33838109.0,136164075.96
CDAQ,USD,20,148.5089,4916916.0,54087826.0
CDE,USD,1200,80.7045000000001,831689397.0,15537015780.07
CDIO,USD,47,16.9192,500724.0,996847.56
CDIOW,USD,17,,698607.0,0.0
CDLR,,98,25.717,22558550.0,525006692.0
CDLX,USD,248,34.7235,2016700.0,19036563.98
CDNA,USD,490,107.7502,55663407.0,1009146325.54
CDNL,USD,169,97.5556,18596773.0,794128642.129999
CDNS,USD,2796,92.6425000000004,255529187.0,74837036788.2201
CDP,USD,641,119.0949,135026308.0,4067655170.09
CDRE,USD,371,107.0597,45819024.0,1495209743.33
CDRO,EUR,43,79.0902,35961899.0,324308863.39
CDROW,EUR,21,,2577079.0,0.0
CDR_pb,USD,3,3.6303,31120.0,588726.52
CDR_pc,USD,7,5.5002,106442.0,1733820.68
CDT,USD,54,27.2678,172081.0,4575778.1
CDTG,USD,10,6.1794,186684.0,1308639.0
CDTTW,USD,37,,6422126.0,0.0
CDW,USD,1745,102.4823,130927023.0,16437333151.57
CDXS,USD,294,89.6923,81526427.0,148434353.52
CDZI,USD,255,80.2052,67441026.0,323309762.96
CE,USD,1272,114.7867,125878427.0,7645473237.96
CECO,USD,490,67.9526000000001,39538935.0,2492149585.29
CEG,USD,3283,86.2680000000011,309810544.0,86684489668.9799
CEI,USD,11,0.0815,229446.0,8437.88
CELC,USD,465,104.6038,51011495.0,5521707592.13999
CELG_r,USD,30,,357856.0,39902.53
CELH,USD,1331,94.1019000000003,240657009.0,9437554657.00002
CELU,USD,73,50.194,14529154.0,22841708.01
CELUW,USD,18,,2376925.0,0.0
CELZ,USD,37,3.4579,158688.0,302643.23
CENN,USD,71,55.3308,1364154.0,5242524.22
CENT,USD,361,115.2301,11119911.0,396582478.42
CENTA,USD,523,100.7475,51702063.0,1662119984.98
CENX,USD,678,98.3880000000001,97379768.0,5006196736.08
CEPF,USD,114,95.4867,43828319.0,449518236.39
CEPL,USD,19,26.3242,8481843.0,56732735.8
CEPO,USD,130,99.4235999999999,20381869.0,212101266.13
CEPS,USD,52,64.5587999999999,7617923.0,77142776.57
CEPT,USD,143,24.3316,33282444.0,327268590.07
CEPU,ARS,111,8.7859,13301958.0,211981256.45
CEPV,USD,113,95.7839999999999,24463098.0,248950900.92
CERO,USD,45,4.1257,1861220.0,573220.03
CERS,USD,301,78.8826,158039027.0,308398307.47
CERT,USD,586,111.9344,174130649.0,1117253496.14
CETX,USD,31,13.5144,248126.0,1550761.82
CETY,USD,29,16.3845,1993351.0,1452732.82
CEVA,USD,418,97.3638,27124809.0,582183181.32
CF,USD,1787,105.7384,162447556.0,19099260136.65
CFBK,USD,177,81.8934000000001,5258707.0,143702362.09
CFFI,USD,194,48.3408,1571234.0,115361183.36
CFFN,USD,472,91.0462000000002,115419125.0,818372486.230001
CFG,USD,1834,101.1027,427337901.0,25840551835.83
CFG_pe,USD,21,15.2627,2747289.0,50228047.56
CFLT,USD,952,40.9287000000001,126994600.0,3825427949.25
CFND,USD,21,36.2586,2417240.0,12420593.86
CFR,USD,952,100.1468,62889530.0,8575693316.92
CFR_pb,USD,13,19.5081,1170487.0,19251297.77
CG,USD,1204,91.0686000000003,327823515.0,16607714522.99
CGAU,USD,488,93.5998999999999,185303726.0,3118645853.21
CGBD,USD,289,39.6554000000001,27559485.0,314043253.04
CGC,CAD,450,8.53349999999999,36114823.0,35011556.1699999
CGCTU,USD,37,7.5651,2087930.0,21052904.4
CGEM,USD,350,108.5918,66738880.0,861542850.959999
CGEN,USD,129,17.1608,16225998.0,32172407.38
CGNT,USD,270,77.1239,56844637.0,461712370.2
CGNX,USD,1122,105.1052,174915784.0,8165963558.42
CGON,USD,448,114.0321,100578856.0,6010522934.8
CGTL,USD,13,5.8363,67021.0,1154262.45
CGTX,USD,121,26.9593,24128035.0,21598529.76
CHA,CNY,131,32.0063,40164561.0,690485330.67
CHAI,USD,42,59.864,13105348.0,21222907.24
CHAR,USD,42,100.6663,8603655.0,91043074.44
CHARR,USD,23,,7678725.0,1091103.25
CHARU,USD,12,0.5915,51843.0,554085.75
CHCI,USD,69,77.1841999999999,7748517.0,126367930.16
CHCO,USD,461,74.5505,10520021.0,1265711332.66
CHCT,USD,416,83.4957000000001,23856427.0,385725478.94
CHD,USD,1975,93.5525000000004,221666049.0,20456606900.48
CHDN,USD,890,89.4220000000001,62324545.0,5942885432.97
CHE,USD,1075,105.2399,13969775.0,5520384305.93
CHEC,USD,51,83.7694,10938606.0,109764428.61
CHECU,USD,64,13.0019,1697786.0,17172367.18
CHEF,USD,548,113.2607,46185558.0,2854829243.83
CHEK,USD,36,37.9501,2664290.0,4289478.6
CHGG,USD,379,45.0366,50422251.0,41791172.7
CHH,USD,729,115.1999,52411162.0,5376960305.63
CHK,USD,1674,91.9451000000004,219960433.0,24051281276.3099
CHKP,USD,1595,103.6728,105863380.0,15210642001.98
CHMG,USD,204,65.3512000000001,3161666.0,187637357.45
CHMI,USD,129,20.2099,7424993.0,18608637.9
CHNR,CNY,16,55.0559,691716.0,2488138.71
CHOW,HKD,8,69.0066,24490423.0,14883898.44
CHPG,USD,51,94.1731,8115009.0,82964605.38
CHPGR,USD,38,,6446812.0,887172.46
CHPGU,USD,26,8.0782,603830.0,6137559.45
CHPT,USD,574,26.4441,6837229.0,39676477.1599999
CHR,USD,29,13.2569,244634.0,1091304.15
CHRD,USD,1055,110.0325,61948736.0,7883405788.85
CHRN,USD,80,98.6871,141937194.0,3131492855.76
CHRS,USD,293,52.4535,80910097.0,133986430.69
CHRW,USD,1613,108.3194,127681087.0,21139947477.5
CHSCL,USD,11,13.6755,2830832.0,71555608.78
CHSCM,USD,18,25.3717,4998206.0,122169727.86
CHSCN,USD,15,33.3446,5601881.0,139285835.21
CHSCO,USD,9,13.9031,2983472.0,76884017.44
CHSCP,USD,10,10.2057,1252440.0,33516966.67
CHSN,USD,25,9.722,225397.0,717660.52
CHT,TWD,357,2.6814,20809304.0,880008840.449999
CHTR,USD,1829,119.3008,146724450.0,28745860485.77
CHWY,USD,1230,109.3956,255336903.0,6993150890.58
CHYM,USD,396,110.8843,386863229.0,8329533929.25
CI,USD,2980,93.3119000000002,246848332.0,66386432360.78
CIA,USD,181,40.0181,20230610.0,103222903.04
CIB,COP,412,19.0414,21522739.0,1508348226.72
CIEN,USD,1837,98.8604,139937527.0,54196365433.81
CIFR,USD,723,86.5642000000001,354093561.0,5631900000.89
CIG,BRL,350,8.4648,161183194.0,368616492.78
CIGI,USD,445,101.288,50420054.0,6040681182.73999
CIGL,USD,16,83.118,171783222.0,105359303.35
CIGc,BRL,30,0.0432,413427.0,1121800.92
CIIT,USD,18,40.2293,389175.0,2481706.34
CIM,USD,424,62.8384000000001,52561620.0,662983605.93
CIM_pa,USD,7,17.2098,998164.0,20686979.61
CIM_pb,USD,16,25.5168,3317199.0,76838291.42
CIM_pc,USD,16,36.1529,3759892.0,85492813.58
CIM_pd,USD,12,26.3526,2108211.0,49167133.72
CINF,USD,1629,73.386,113520073.0,18174230034.86
CING,USD,56,39.5322,5324576.0,32503294.36
CINGW,USD,12,,30266.0,0.0
CINT,USD,101,62.8094,11376766.0,50639351.6
CION,USD,305,35.5881,17719024.0,130373775.51
CIRC,USD,101,66.966,60244638.0,89692154.0299999
CISO,USD,49,37.9685,17204804.0,7314198.19
CISS,USD,21,3.9899,57734.0,623426.12
CITR,USD,31,48.4344,10828643.0,74685538.0
CIVB,USD,280,69.5552,14463370.0,333360975.98
CIX,USD,119,94.4219000000001,11635640.0,271938766.44
CJMB,USD,28,76.0219,4291698.0,5215721.54
CKX,USD,37,45.4938,934049.0,10428067.51
CL,USD,3337,88.3582000000002,707043437.0,59770828218.0199
CLAR,USD,220,77.1580999999999,29660732.0,85264300.0800001
CLB,USD,428,119.1083,54904799.0,891482186.98
CLBK,USD,281,34.0616000000001,91528563.0,1723372847.86
CLBR,USD,14,20.8239,6257625.0,63032457.5
CLBT,USD,478,94.7852,236433591.0,3875189544.58
CLCO,USD,86,63.7968,34275924.0,201713250.47
CLDI,USD,73,7.7452,1495723.0,421435.9
CLDT,USD,363,101.201,47241882.0,364107931.61
CLDT_pa,USD,11,21.6016,1036890.0,20559729.73
CLDX,USD,443,95.1789000000001,74707276.0,2237406307.85
CLEU,USD,14,1.4919,50225.0,14729988.0
CLF,USD,1170,89.8295000000004,512507924.0,4615552592.31999
CLFD,USD,330,82.6619000000001,11233362.0,320943688.37
CLGN,USD,50,29.6732,5610649.0,9048624.86
CLH,USD,1194,96.2618000000002,50870249.0,14033757000.6
CLIK,HKD,15,17.6026,1308923.0,6935831.63
CLIR,USD,68,23.0442,1568015.0,8120547.68
CLLS,USD,71,16.7072,12085894.0,42209883.9
CLMB,USD,305,94.8821000000001,17645426.0,365443904.39
CLMT,USD,373,73.0978,63702837.0,1982047052.38
CLNE,USD,442,70.6778999999998,155651104.0,367736396.15
CLNN,USD,64,33.9303,4335704.0,22178740.48
CLOV,USD,436,34.2524000000001,147618842.0,321055607.7
CLPR,USD,183,46.7655,7556170.0,24811467.38
CLPS,USD,20,56.4031,16831720.0,15649357.9
CLPT,USD,271,58.0838,17419136.0,191470325.38
CLRB,USD,77,18.4024,1470703.0,4454935.19
CLRC,USD,22,106.5903,2237571.0,28529030.25
CLRO,USD,40,71.9509,1924987.0,6937688.28
CLS,USD,1595,73.6215000000003,84651814.0,24400688063.09
CLSD,USD,97,15.6753,820439.0,10978052.41
CLSK,USD,761,98.2514000000001,252124743.0,2562536283.05
CLST,USD,48,50.1941,2034219.0,33249640.21
CLVR,USD,3,0.2694,4727.0,2.84
CLVT,USD,550,110.9807,709408015.0,1920985107.74
CLW,USD,394,81.8736000000001,13202289.0,208898335.82
CLWT,USD,14,61.0781,4526780.0,5665764.74
CLX,USD,2194,85.1003000000003,102905666.0,10568581213.47
CLYM,USD,210,64.3846000000001,36868441.0,311009366.95
CM,CAD,1139,56.6281000000004,518048396.0,50024035589.0499
CMBM,USD,100,56.7435,16474268.0,6158085.56
CMBT,USD,312,72.6299000000001,229497251.0,2318368821.56
CMC,USD,960,97.8545000000002,108255435.0,6689762641.27999
CMCL,USD,298,71.8783,13897770.0,322851648.39
CMCM,CNY,31,11.8674,1229717.0,6806832.36
CMCO,USD,488,99.1754000000001,28656461.0,421765002.55
CMCSA,USD,3850,97.5242000000011,3451780928.0,98408463638.4
CMCSV,USD,5,,744176.0,20360655.36
CMCT,USD,117,16.8472,496626.0,2659978.81
CMDB,USD,192,87.0543000000001,21102700.0,327517529.45
CME,USD,2950,93.3061000000007,338104674.0,97185196894.4798
CMG,USD,2853,92.8676000000005,1191278395.0,39525322364.2199
CMI,USD,2999,89.4356,123414796.0,66611732678.75
CMII,USD,24,44.3753,10501427.0,103960252.66
CMIIU,USD,34,26.9701,6382528.0,63756154.72
CMLS,USD,73,25.9327,4521698.0,372009.67
CMMB,USD,38,18.9518,1388712.0,2331278.99
CMND,USD,26,0.2881,1912309.0,4257721.5
CMP,USD,496,103.5825,43461349.0,1005821548.99
CMPO,USD,467,94.6161000000001,274256594.0,5176140697.45
CMPR,USD,421,109.3671,26502200.0,1985544386.18
CMPS,USD,345,70.3054000000001,94877107.0,583795672.0
CMPX,USD,329,110.2761,198594982.0,1047059974.43
CMRC,USD,397,81.7664000000001,67467198.0,214653665.88
CMRE,USD,385,96.0948,116022516.0,1940328115.7
CMRE_pb,USD,2,0.6908,13613.0,346086.65
CMRE_pc,USD,1,0.7775,30893.0,821753.8
CMS,USD,1543,101.2407,312757918.0,23811592510.33
CMS_pb,USD,1,0.0402,150.0,11551.5
CMT,USD,201,92.5772000000001,7927648.0,179054152.83
CMTG,USD,295,79.0835000000001,110889516.0,276439150.91
CMTL,USD,181,64.2895,19262063.0,65032131.55
CMTV,USD,51,36.5477,2047357.0,70064662.7
CNA,USD,616,101.0088,273261823.0,12569223799.29
CNC,USD,1945,99.3081000000003,490392694.0,18314044606.15
CNCK,JPY,62,92.4218,177229515.0,392606864.32
CNCKW,JPY,39,,2110277.0,0.0
CNDA,USD,20,0.0,1417657.0,15176812.75
CNDT,USD,463,84.6206000000001,131243325.0,183199240.01
CNET,USD,25,19.2379,701957.0,716308.9
CNEY,USD,20,3.7478,186951.0,88254.4
CNF,CNY,40,18.678,1456506.0,6350579.06
CNGL,USD,5,31.8979,629237.0,5663133.0
CNH,USD,1217,106.5347,1320982204.0,14085894067.1
CNI,CAD,1734,76.5416000000002,467990735.0,48720318341.4799
CNK,USD,670,115.9512,135417360.0,3658995099.72
CNL,USD,131,87.2715,80936857.0,1297261625.49
CNM,USD,962,112.1821,210001003.0,10378630816.87
CNMD,USD,629,116.4243,35054396.0,1283513627.9
CNNE,USD,450,106.082,46612782.0,629107945.32
CNO,USD,710,99.1319000000001,92538563.0,3857144521.39
CNOB,USD,417,83.1172,41823975.0,1132754579.25
CNP,USD,1481,105.226,688369280.0,29325306496.39
CNQ,CAD,1435,83.9579000000001,1742943037.0,81951394845.7899
CNR,USD,760,104.4894,52671185.0,5215011630.68
CNS,USD,605,99.9151000000001,51362425.0,3434029276.18
CNSP,USD,41,10.9281,159710.0,589852.79
CNTA,USD,306,83.0380999999999,128483924.0,4341433590.36
CNTB,USD,70,84.3174,53089384.0,139187096.25
CNTG,EUR,3,1.4495,400000.0,48000.0
CNTM,USD,42,44.6334,2514217.0,22867014.37
CNTN,USD,72,34.4066,26534925.0,79515042.64
CNTX,USD,98,80.8864,74318105.0,148857483.93
CNTY,USD,127,68.1406,19196465.0,26521504.27
CNVS,USD,89,26.0986,6108602.0,15795578.85
CNX,USD,780,103.9113,147011216.0,5563417707.73001
CNXC,USD,737,127.0637,77531999.0,2224177309.18
CNXN,USD,397,99.5269000000001,25106748.0,1472152659.28
CNXU,USD,12,40.9833,10966413.0,127132192.44
COAG,USD,21,81.0439,37851866.0,1096186392.22
COCH,USD,62,53.004,40750281.0,27153676.21
COCHW,USD,58,,6509720.0,0.0
COCO,USD,567,104.5853,60213724.0,3088878490.25
COCP,USD,53,36.3596,5013070.0,5528990.63
CODA,,110,78.7297,8881269.0,96226429.17
CODI,USD,477,94.7446,71281964.0,547686597.51
CODI_pa,USD,6,36.3642,1701114.0,33076104.0
CODI_pb,USD,11,29.8647,2247023.0,49482144.93
CODI_pc,USD,16,24.512,1938164.0,42681210.29
CODX,USD,78,10.612,552561.0,3538290.11
COE,USD,26,80.3194,3438101.0,74007258.72
COEPW,USD,23,,377697.0,0.0
COF,USD,3299,90.6521000000015,556190061.0,102516242714.98
COFS,USD,231,51.5592,7721008.0,223138275.48
COF_pi,USD,34,17.0345,10220647.0,187170654.5
COF_pj,USD,35,15.8952,7947670.0,139213754.94
COF_pl,USD,18,17.3413,4682179.0,74618067.99
COF_pn,USD,15,15.9625,2713614.0,42361538.22
COGT,USD,529,111.5697,190636400.0,7052260259.75001
COHN,USD,34,33.6908,834740.0,17922636.14
COHR,USD,1913,93.1156000000004,182176039.0,41556316235.9201
COHU,USD,533,120.025,56622049.0,1998217099.47
COIN,USD,2493,69.7713000000005,155200423.0,29076965423.6999
COKE,USD,1002,68.6374000000002,38792273.0,7136927410.78
COLA,USD,43,126.7004,5694464.0,59367968.15
COLAR,USD,30,,3713325.0,1270330.95
COLAU,USD,14,3.846,239770.0,2436456.31
COLB,USD,915,103.8759,293882716.0,8105613283.27999
COLD,USD,871,116.8563,333397145.0,4012762910.06999
COLL,USD,553,129.6394,42046777.0,1509174912.01
COLM,USD,688,116.2019,59426951.0,3453296235.64
COMM,USD,690,95.5603000000001,215557692.0,3679075771.34
COMP,USD,757,81.1999000000001,606686529.0,5033636908.38
CON,USD,576,100.0885,128073660.0,2732344495.13
CON_w,USD,576,100.0885,128073660.0,2732344495.13
COO,USD,1457,105.8456,206434013.0,14811710393.75
COOK,USD,209,85.9631,2391319.0,93700297.36
COOP,USD,164,0.3428,219372.0,31883961.44
COOT,AUD,26,45.5775,21284019.0,10886733.01
COOTW,AUD,21,,4329778.0,0.0
COP,USD,3841,86.0551000000025,1048457292.0,130098322427.37
COPL,USD,49,91.5593,16460910.0,169499083.0
COPL_u,USD,21,9.2553,1648005.0,17533674.44
COPR,USD,10,58.4058,10343269.0,43008577.44
COR,USD,2503,96.2784000000004,187320766.0,59180658371.8098
CORT,USD,864,83.9389000000001,90109572.0,3715939452.0
CORZ,USD,861,129.3106,411061190.0,6552903670.81999
COSM,USD,49,36.5123,21885030.0,4269450.25
COSO,USD,144,77.1426000000001,9158082.0,226185372.76
COST,USD,5833,76.5758000000056,339584639.0,333871015561.341
COTY,USD,746,96.7901,852208838.0,2823859577.64
COUR,USD,540,70.2219,201064769.0,1224253202.08
COYA,USD,105,53.4709,12542855.0,58795389.89
CP,CAD,1950,75.1733000000004,667341599.0,52724281372.02
CPA,USD,570,95.6477,28561985.0,3397292826.47
CPAC,PEN,40,6.6659,5650967.0,45850294.79
CPAY,USD,1429,104.6257,68385508.0,20409441830.4
CPB,USD,1461,104.6367,312034755.0,7687621697.17001
CPBI,USD,43,59.1533,2474244.0,41996904.93
CPF,USD,426,99.5377000000001,25980460.0,832885055.0
CPHC,USD,53,75.6787,3897700.0,60684436.87
CPHI,USD,25,89.6917,38587155.0,23538164.55
CPIX,USD,73,61.3009,9184773.0,48892078.4
CPK,USD,604,93.3827000000001,22416471.0,2812495773.51
CPNG,USD,1357,93.6306000000001,1533009007.0,30536798104.05
CPOP,USD,23,45.4959,5177880.0,45610428.11
CPRI,USD,832,114.1332,131137462.0,2365592225.06
CPRT,USD,2237,98.9234000000005,916022750.0,31220791238.16
CPRX,USD,762,95.3763000000003,116758586.0,2954008794.64
CPRY,,33,72.2619,1716230.0,46542183.96
CPS,USD,303,68.9145000000002,12236050.0,353351513.04
CPSF,,31,70.9877,763122.0,19525898.61
CPSH,USD,88,52.0845,10015122.0,41397672.33
CPSR,,28,75.5622,717842.0,18139615.16
CPSS,USD,146,77.7437,16870638.0,140812426.24
CPSY,,25,65.9653,610180.0,15250390.34
CPT,USD,1236,107.8985,108459611.0,11039823331.67
CR,USD,980,91.3243000000001,52736170.0,9395690619.85
CRAC,USD,40,91.9757,15865808.0,158410782.76
CRACR,USD,27,,12418892.0,1862833.8
CRACU,USD,16,11.1788,1970267.0,20016686.98
CRAI,USD,443,89.4161000000001,5779028.0,996264085.01
CRAN,USD,42,54.885,19429319.0,193087820.05
CRANR,USD,45,,25545362.0,4600397.43
CRANU,USD,75,17.3517,6142559.0,62033388.26
CRAQ,USD,72,98.2997,23257646.0,236024871.94
CRAQR,USD,48,,21940888.0,4831733.76
CRAQU,USD,35,8.1215,1921531.0,19773986.86
CRBG,USD,974,106.8642,476425466.0,12345117493.15
CRBP,USD,261,78.6936000000001,14580275.0,127037468.45
CRBU,USD,313,48.9199,48518917.0,88961631.2299999
CRC,USD,722,110.1688,97825044.0,6139525249.31001
CRCL,USD,994,61.1857000000002,140641156.0,14100027244.19
CRCT,USD,352,63.2304,34788943.0,145257502.04
CRDF,USD,241,35.0393000000001,27258455.0,42787120.85
CRDL,CAD,108,24.5698,28315745.0,35768438.63
CRDO,USD,1505,87.7213000000002,163569207.0,18699497485.98
CRDa,USD,252,90.6351999999999,27004446.0,271334401.6
CRDb,USD,66,95.3492,18065116.0,183295203.63
CRE,HKD,9,33.4931,548947.0,1273888.36
CREG,USD,18,4.191,115079.0,1416894.64
CRESW,,12,,2054447.0,0.0
CRESY,ARS,133,22.2522,14060293.0,174017912.04
CREV,AUD,12,27.875,525496.0,1810978.14
CREVW,AUD,33,,1961129.0,0.0
CREX,USD,71,40.6598,5325577.0,19189970.89
CRGO,USD,67,57.6298,29785075.0,48737797.96
CRGOW,USD,25,,1926740.0,0.0
CRGY,USD,678,86.3161,284982062.0,3541289571.49
CRH,USD,2127,90.4445000000002,604360733.0,66923252276.73
CRI,USD,715,122.1257,45003369.0,1591279308.62
CRIS,USD,81,43.3701,845249.0,9388168.79
CRK,USD,608,103.6013,304275418.0,5707758872.21
CRKN,USD,20,58.4691,1016322.0,1589567.14
CRL,USD,1355,120.3459,57968168.0,10483023430.53
CRM,USD,5124,98.0191000000026,802786959.0,151837021275.699
CRMD,USD,413,63.7111,49982220.0,417416933.49
CRML,USD,299,58.4926000000001,85576326.0,837616496.850001
CRMLW,USD,53,,4088694.0,0.0
CRMT,USD,291,104.6885,8717495.0,112126660.33
CRNC,USD,455,85.7476000000001,38747496.0,313528132.96
CRNT,USD,177,33.6671,30601026.0,71631584.3000001
CRNX,USD,572,127.925,135376901.0,4969208863.51999
CRON,USD,366,64.4271000000001,240340650.0,608732280.89
CROX,USD,1098,104.984,52166069.0,4464262270.32
CRS,USD,1272,102.8325,51093182.0,19132157975.74
CRSP,USD,953,83.6749000000003,80704345.0,3944931184.28999
CRSR,USD,432,93.0089000000001,99410417.0,636296763.79
CRTO,USD,349,95.1137000000001,47789272.0,897662566.27
CRUS,USD,1040,106.3829,53676930.0,7746475224.58999
CRVL,USD,576,94.0219000000002,47960127.0,2647632518.76
CRVO,USD,142,49.3325,6644333.0,23717709.31
CRVS,USD,294,79.5772,66916656.0,910593939.69
CRWD,USD,3678,79.3276000000011,797814334.0,84589006006.7998
CRWS,USD,77,43.3477,4664354.0,12453461.73
CRWV,USD,1469,77.0496000000001,344865269.0,29883078461.17
CSA,,3,32.1676,96503.0,7140187.25
CSAI,USD,52,6.1713,1541415.0,937079.23
CSAN,BRL,216,1.9387,18996528.0,77667788.91
CSBR,USD,67,68.0298000000001,9447182.0,63423233.34
CSCI,USD,24,27.5346,4579884.0,905772.71
CSCO,USD,5465,85.5071000000055,3370209720.0,271753194822.379
CSGP,USD,1747,106.0991,433276426.0,19976228599.61
CSGS,USD,652,106.8007,30448874.0,2406862963.91999
CSHR,USD,18,67.7708,89308691.0,442134715.22
CSIQ,USD,353,86.7332000000002,58887748.0,1003406024.47
CSL,USD,1566,106.0854,42927819.0,14289658045.12
CSLM,USD,47,73.9559,21436094.0,39057311.54
CSPI,USD,134,58.494,5891479.0,51826253.15
CSQR,USD,7,69.592,107881923.0,272000.0
CSR,USD,472,102.7343,17262633.0,1011743005.54
CSSE,USD,32,0.0,0.0,0.0
CSTE,USD,143,52.223,18057155.0,24213366.23
CSTL,USD,419,95.6244000000001,29002954.0,781185239.37
CSTM,USD,617,100.0437,136210318.0,3218839531.86
CSV,USD,348,91.558,14532437.0,640544477.02
CSW,USD,734,108.3438,17658367.0,4679436503.67
CSWC,USD,327,33.0676,20531542.0,464922232.02
CSX,USD,3026,85.3248000000001,1580769359.0,65134200961.1198
CTAS,USD,2618,86.2440000000003,345122677.0,61523271448.1399
CTA_pb,USD,6,10.4853,175378.0,11717004.18
CTBI,USD,387,62.0115000000001,11263680.0,691714674.95
CTEV,USD,237,97.4742,16617253.0,431175159.38
CTGO,USD,272,53.4904,16406385.0,324587692.14
CTHR,USD,30,74.5674,3334247.0,2774634.43
CTKB,USD,351,74.8861000000001,96709695.0,431227198.33
CTLP,USD,391,112.0878,82645985.0,879985021.23
CTM,USD,80,20.0484,18985969.0,11723224.07
CTMX,USD,294,92.6691,201743482.0,892671248.05
CTNM,USD,211,97.1580999999999,31793870.0,392337692.1
CTNT,USD,36,282.435,33548591.0,49966240.6
CTO,USD,397,66.6641,22521523.0,422093964.3
CTOR,USD,42,87.4289,81284879.0,63376035.7
CTOS,USD,328,100.1474,227768034.0,1556248862.81
CTO_pa,USD,19,40.1947,1894414.0,39328746.89
CTRA,USD,1773,82.0607000000001,623145190.0,20942052024.83
CTRE,USD,905,101.6312,240094423.0,8802906025.48001
CTRI,USD,411,111.4808,112523387.0,3076123431.49
CTRM,USD,45,5.053,488257.0,932381.3
CTRN,USD,248,97.0788999999999,8086631.0,381396740.1
CTS,USD,493,106.1768,30359230.0,1501299303.31
CTSH,USD,2061,108.3063,513237307.0,32162835339.33
CTSO,USD,106,41.5437,26107081.0,14471221.92
CTVA,USD,2450,90.6661000000009,606400744.0,48529760612.9299
CTXR,USD,106,5.6092,1539532.0,1274057.55
CUB,USD,68,126.3858,27172539.0,291662754.08
CUBE,USD,980,102.2996,231622858.0,8497590229.13
CUBI,USD,569,111.1651,37543461.0,2638248093.93
CUBI_pf,USD,1,0.0,0.0,0.0
CUBWU,USD,50,5.4107,1244449.0,13221152.43
CUE,USD,115,31.6093,1278827.0,26084767.34
CUK,USD,256,29.9636,43917897.0,1223129750.8
CULL,USD,1,0.0,0.0,0.0
CULP,USD,85,68.3371,8653331.0,25093094.83
CUPR,SGD,9,1.2223,11253.0,26361.76
CURB,USD,501,115.6742,131905118.0,3394489247.12
CURI,USD,250,66.003,39132048.0,118717139.39
CURR,USD,24,64.1816,72064397.0,137006500.95
CURV,USD,216,92.4694,92025571.0,158524485.54
CURX,USD,21,68.8056,19516597.0,5209782.39
CUZ,USD,776,113.7392,187146102.0,4359682031.85
CV,USD,95,39.601,19786069.0,141535452.82
CVBF,USD,556,71.6263000000001,126239708.0,2465684799.53
CVCO,USD,680,108.6325,8373849.0,4122183639.09
CVE,CAD,989,84.6125000000001,1574329991.0,41489922280.61
CVEO,USD,185,87.28,9551257.0,250860015.26
CVGI,USD,230,77.0598,28140288.0,97693870.38
CVGW,USD,408,94.9425,16970044.0,438134794.02
CVI,USD,500,102.7467,103292379.0,3358957293.2
CVKD,USD,48,16.804,520688.0,3216646.27
CVLG,USD,357,99.7732000000001,20424704.0,589997428.73
CVLT,USD,990,108.0198,44739252.0,3764368903.29
CVM,USD,112,10.931,1908011.0,9075914.76
CVNA,USD,1660,111.2763,793257704.0,54381943115.33
CVR,USD,34,45.4613,439215.0,4829022.26
CVRX,USD,232,72.8748000000001,19337932.0,166048521.5
CVS,USD,3368,91.6928000000013,1169924084.0,86980863902.4201
CVSA,USD,802,102.7137,34955032.0,3968256541.53
CVU,USD,84,48.4101,6394850.0,26903932.92
CVV,USD,67,50.65,3515376.0,14897792.44
CVX,USD,5654,76.6498000000053,1526445587.0,293346506983.34
CW,USD,1479,90.3240000000002,33367052.0,22070567710.68
CWAN,USD,882,108.7586,323421040.0,7634831080.16
CWBC,USD,256,51.9076,14083071.0,329317897.55
CWCO,USD,344,72.5466000000001,11607693.0,386208381.2
CWD,USD,48,5.3458,452758.0,522666.11
CWEN,USD,791,70.5312000000003,85462724.0,3244002984.46001
CWENa,USD,497,76.7834,26577639.0,990603474.35
CWH,USD,515,98.7183000000002,62705137.0,497286662.11
CWK,USD,628,94.0318999999999,220318262.0,2884930913.42
CWST,USD,794,125.5119,78597899.0,6636801084.11001
CWT,USD,709,95.9581000000001,57434081.0,2598527903.12
CX,USD,633,34.9123000000001,529095861.0,6059293890.9
CXAI,USD,78,15.2827,16671646.0,4081689.86
CXAIW,USD,36,,4875009.0,0.0
CXDO,USD,223,66.7441,21635055.0,149316032.42
CXII,USD,4,17.9641,7500000.0,79875000.0
CXM,USD,581,129.6101,172520346.0,1045042804.09
CXT,USD,730,110.7303,63716639.0,2733817166.6
CXW,USD,554,93.8962000000001,92852977.0,1895173491.38
CYAB,USD,13,34.1606,5205844.0,7463020.33
CYBN,CAD,161,53.7783,37359457.0,195635288.38
CYBR,USD,1401,41.8109,21104636.0,9401515829.81
CYCN,USD,47,27.3493,1184305.0,3603177.12
CYCU,USD,39,15.3436,1760318.0,2258536.4
CYCUW,USD,39,,6301467.0,0.0
CYD,CNY,213,95.7503,35923864.0,1309904955.09
CYH,USD,405,95.0080000000001,133970595.0,393232907.4
CYN,USD,59,10.3287,1489752.0,12893954.78
CYPH,USD,128,23.315,24822458.0,23885197.81
CYRX,USD,369,101.0285,50920764.0,481119605.62
CYTK,USD,836,110.1788,149376404.0,9806745261.62
CYTO,USD,9,22.7968,1302940.0,112692.93
CZFS,USD,187,36.0198,1730729.0,109750163.44
CZNC,USD,212,36.8138,6605067.0,147384910.0
CZR,USD,1008,100.6888,205096216.0,5400916643.13999
CZWI,USD,189,83.7134,8073456.0,159023877.38
D,USD,2455,83.0531000000007,730489386.0,45092668494.3601
DAAQ,USD,66,94.4427,16291405.0,166299183.9
DAAQU,USD,20,17.7021,3053594.0,31980160.76
DAC,USD,272,75.1504,13680050.0,1375843357.77
DAIC,USD,47,37.8344,742541.0,3340226.95
DAICW,USD,49,,8156942.0,0.0
DAIO,USD,59,46.0466,4325807.0,13437089.48
DAKT,USD,425,87.237,42122522.0,821248139.33
DAL,USD,2397,90.9543000000005,598153259.0,40223774643.6799
DAN,USD,679,104.6508,112585215.0,3772156139.0
DAO,CNY,74,42.7387,13952546.0,139326169.93
DAR,USD,1157,109.3603,173805149.0,9384720725.40999
DARE,USD,60,17.3363,2596897.0,5021666.5
DASH,USD,2170,95.4604000000004,392663366.0,65925403702.5802
DAVA,GBP,312,54.2764,22135392.0,107108814.76
DAVE,USD,601,107.1319,12213201.0,2525050228.78
DAVEW,USD,30,,6620179.0,0.0
DAWN,USD,441,89.0260999999999,91994771.0,1583154735.67
DAY,USD,968,138.638,224574132.0,15637662150.13
DB,EUR,1302,62.6485000000003,1196987172.0,39025277496.4398
DBCA,USD,25,46.9671,14536282.0,143385457.24
DBCAU,USD,19,23.7016,6861583.0,68615830.0
DBD,USD,412,103.0293,35677498.0,2733447041.78
DBGI,USD,36,7.2596,41743.0,2265560.16
DBI,USD,367,105.2504,45303953.0,261371208.74
DBRG,USD,703,114.3951,211085706.0,3253451044.04001
DBRG_ph,USD,15,30.7457,2591941.0,39774503.95
DBRG_pi,USD,20,41.5477,5345928.0,82982914.99
DBRG_pj,USD,21,30.8905,3611652.0,57207954.11
DBVT,USD,102,29.7659,17624094.0,351659003.63
DBX,USD,970,138.932,208083159.0,5056450532.51999
DC,USD,305,63.0011999999999,84376413.0,427185301.33
DCBO,USD,267,91.5489000000001,23019711.0,429430477.94
DCGO,USD,290,47.7598,47176865.0,32821308.31
DCH,USD,590,106.5902,253009895.0,1544725771.4
DCI,USD,1094,91.3273000000001,105858594.0,9016266089.2
DCO,USD,433,102.7744,15503974.0,1901993249.83
DCOM,USD,407,95.3426000000002,42101276.0,1436549166.19
DCOMP,USD,8,15.7912,836811.0,14990557.71
DCOM_p,USD,8,15.7912,836811.0,14990557.71
DCOY,USD,30,6.0332,67824.0,518213.15
DCTH,USD,289,57.7879,19955209.0,189099494.5
DCX,USD,25,5.0455,17739283.0,39178787.82
DD,USD,2402,78.6157000000005,106186229.0,14592488394.52
DDC,CNY,14,21.456,10192823.0,35476426.92
DDD,USD,482,62.2392000000002,100946802.0,206621301.14
DDI,USD,79,21.398,10603433.0,91175391.06
DDL,CNY,137,38.4443,70267252.0,179965094.07
DDOG,USD,2251,94.7840000000003,313570791.0,40896702359.9801
DDS,USD,616,105.5472,12278657.0,6856261082.74001
DE,USD,3948,82.7165000000024,223287429.0,123336843379.75
DEA,USD,569,82.8979000000002,38505696.0,833067374.509999
DEC,USD,375,87.2399000000002,63094884.0,992827090.64
DECA,,18,84.3119,194093504.0,190796752.0
DECK,USD,2031,102.3119,142107781.0,14268642818.79
DEFI,,12,102.3592,122831.0,12874165.83
DEFT,USD,222,12.3126,47775541.0,34746908.71
DEI,USD,586,103.309,173027419.0,1689625448.97
DELL,USD,2939,89.8006000000011,291897413.0,50446166169.22
DEO,USD,1482,9.52119999999999,53011375.0,4183494650.7
DERM,USD,151,93.0566,20039261.0,120479049.53
DETX,USD,11,33.1164,1873768.0,10973762.56
DEVS,USD,34,19.6714,6898277.0,1125236.27
DFDV,USD,113,38.091,11472284.0,43435827.84
DFH,USD,467,112.3428,37982265.0,555962884.48
DFIN,USD,541,108.378,27075566.0,1267199603.57
DFLI,USD,89,12.3932,1588252.0,3998496.52
DFLIW,USD,21,,1738461.0,0.0
DFMC,,1,0.3867,5800.0,294997.86
DFNS,USD,68,31.8229,321568.0,7009652.56
DFNSW,USD,16,,1061097.0,0.0
DFSC,CAD,26,14.8011,341321.0,852790.5
DFTX,USD,478,75.1774,93458190.0,2133700395.11
DG,USD,2140,101.9937,224986457.0,26726979353.4401
DGICA,USD,332,88.6227,27891813.0,510374777.44
DGICB,USD,31,90.4469,5044014.0,82554995.31
DGII,USD,466,106.5888,40186041.0,2011120449.12
DGLY,USD,34,7.5361,47004.0,231784.25
DGNX,USD,71,42.6425,12409391.0,90004305.2900001
DGX,USD,1909,99.5693000000004,109899308.0,21520722845.55
DGXX,USD,114,36.6908,26720942.0,96481348.0399999
DH,USD,319,90.0216000000001,94994824.0,242175221.36
DHAI,USD,34,27.7062,579794.0,1066601.36
DHC,USD,459,94.9353000000001,229845173.0,1374892896.26
DHI,USD,2328,102.131600000001,285679547.0,39570774337.8899
DHIL,USD,335,77.366,2092502.0,360699539.33
DHR,USD,3908,96.1473000000013,675938035.0,128826959511.68
DHT,USD,563,85.5901,137837296.0,2173949717.57
DHX,USD,162,94.5891,40861183.0,111286059.25
DHY_r,USD,2,,1290444.0,16130.55
DHY_r_w,USD,3,,0.0,0.0
DIBS,USD,207,84.7774,29955054.0,163148910.57
DIN,USD,405,93.5876000000001,11871709.0,334160046.76
DINO,USD,1272,94.6699000000003,170666845.0,10231973692.04
DIOD,USD,670,105.2644,48363251.0,3235671674.85
DIS,USD,4964,79.142800000003,1374431250.0,137338997427.65
DIT,USD,39,85.1173,830769.0,64109103.63
DJCO,USD,255,86.6953000000001,1194420.0,579576216.86
DJT,USD,679,63.8555000000002,176854576.0,2137176554.04
DJTWW,USD,59,,196821.0,0.0
DK,USD,573,115.9787,71080699.0,2806785633.12
DKI,USD,14,28.1393,469282.0,9450319.92
DKNG,USD,1626,90.3778000000001,448398960.0,11761830463.77
DKS,USD,1541,109.6811,72313897.0,14505118839.77
DLA,USD,39,0.5627,39675.0,3.97
DLB,USD,881,103.2116,62283957.0,3794370378.59001
DLHC,USD,163,83.5933999999999,12115190.0,67665341.76
DLNG,USD,42,65.1799,23713726.0,83306280.39
DLNG_pa,USD,1,0.0,0.0,0.0
DLO,USD,325,83.2319,148181621.0,1956863731.33
DLPN,USD,50,32.3849,4215596.0,5625401.24
DLR,USD,2243,95.7394000000003,354149038.0,63195292704.7
DLR_pj,USD,19,27.9444,2235543.0,45284850.66
DLR_pk,USD,27,22.1634,1861723.0,41634080.49
DLR_pl,USD,34,30.8092,4251668.0,84729177.07
DLTH,USD,134,85.5761,29641866.0,95094793.09
DLTR,USD,1747,106.8319,205330405.0,22599546644.21
DLX,USD,501,95.6182000000001,43777807.0,1165292271.91
DLXY,USD,9,65.7226,13890934.0,61692145.05
DMAA,USD,61,118.4106,28746352.0,301075411.01
DMAAR,USD,50,,16098586.0,1105400.55
DMAAU,USD,22,19.4197,4550031.0,46507387.8
DMAC,USD,193,66.2883,35718427.0,237373861.93
DMAT,,26,12.1254,172182.0,5140941.28
DMC,USD,514,91.157,43369509.0,1682160720.19
DMII,USD,80,83.9687,53487854.0,531537839.21
DMIIR,USD,62,,40196511.0,3235074.24
DMIIU,USD,88,7.9072,5185257.0,52047187.76
DMN,USD,37,15.149,3188462.0,1740954.7
DMRA,USD,111,100.9328,62127515.0,1623834882.22
DMRC,USD,276,83.5733,18657719.0,105458029.35
DMYY,USD,32,13.508,370449.0,4808696.47
DNA,USD,411,72.7742000000002,38833527.0,280888964.44
DNLI,USD,570,116.1169,184290549.0,3596395145.15
DNMX,USD,50,80.1616,16132476.0,159909885.69
DNMXU,USD,38,11.0184,2217507.0,22351830.72
DNN,CAD,569,65.1738,589846316.0,2038087431.2
DNOW,USD,648,109.4662,199825519.0,2451181954.0
DNTH,USD,389,114.4256,62552467.0,4041843185.2
DNUT,USD,434,92.7756999999999,159944539.0,562757600.720001
DOC,USD,1538,101.8023,701854308.0,11619860158.18
DOCN,USD,863,101.1608,118129737.0,11648552918.55
DOCS,USD,1051,104.3087,134479683.0,3189954976.11
DOCU,USD,1683,99.4334000000003,189915978.0,9144924124.04999
DOGZ,USD,26,27.0023,1469364.0,42725146.39
DOLE,USD,451,82.2543000000001,78272528.0,1138338507.85
DOMH,USD,85,70.0695,15845335.0,57389671.87
DOMO,USD,326,79.8745000000001,34770275.0,141697615.12
DOO,CAD,440,89.8929000000002,34634799.0,2411028890.34
DORM,USD,705,105.4605,31514382.0,3491531321.07
DOUG,USD,300,72.3727999999999,65790830.0,129089603.28
DOV,USD,1963,96.7458000000002,130299133.0,27080394427.37
DOW,USD,2536,73.4844000000003,530805721.0,21442122897.02
DOX,USD,1083,103.0915,110897046.0,7532978275.07
DOYU,CNY,95,26.7964,8086842.0,48356560.77
DPC,,28,58.7127,85222151.0,4180998728.06
DPRO,CAD,131,18.585,6782919.0,40079055.83
DPZ,USD,1629,123.9823,41034864.0,14908183036.84
DQ,USD,366,71.5055,48385198.0,1057791490.52
DRCT,USD,42,4.7962,35444.0,151396.58
DRD,ZAR,209,12.2811,10652387.0,309454045.58
DRDB,USD,80,119.6405,27517285.0,287355302.09
DRH,USD,575,114.6984,234549152.0,2199135764.5
DRH_pa,USD,4,0.0,0.0,0.0
DRI,USD,1903,99.0030000000001,113394199.0,22114101918.36
DRIO,USD,85,24.7255,2421434.0,31700093.01
DRMA,USD,32,31.3895,1262535.0,1724481.55
DRMAW,USD,8,,13304.0,0.0
DRS,USD,700,100.6964,268618520.0,11768407562.77
DRTS,USD,80,36.0772,32587136.0,234196411.22
DRTSW,USD,43,,4100445.0,0.0
DRUG,CAD,164,95.1990000000001,9340705.0,700373418.940001
DRVN,USD,443,109.3194,180329773.0,2417801095.86
DSAC,USD,36,45.3746,11654457.0,115630309.91
DSACU,USD,74,21.0428,5404846.0,54220499.59
DSC,CNY,1,0.0258,8650.0,47748.0
DSGN,USD,240,91.5714000000001,57193234.0,602419231.790001
DSGR,USD,236,94.5998000000001,43757586.0,1194455939.64
DSGX,USD,890,96.6087,82791903.0,6058344917.83
DSP,USD,266,57.6893,11550393.0,132308685.33
DSS,USD,33,110.2718,11074083.0,6529566.67
DSWL,USD,27,77.6733000000001,12338566.0,33185148.47
DSX,USD,136,54.0586,67241552.0,171419441.3
DSY,USD,16,11.7558,147168.0,389232.6
DT,USD,1367,103.8226,301363670.0,11387611102.91
DTC,USD,157,52.5906,1345784.0,5287731.5
DTCK,USD,11,0.0,0.0,0.0
DTCX,USD,62,35.6146,13844713.0,32769462.07
DTE,USD,1721,83.6053000000001,173922902.0,24845888816.24
DTI,USD,149,63.6827,22377376.0,85794089.7300001
DTIL,USD,152,75.8224,19563884.0,102948098.71
DTM,USD,1138,91.9896000000002,93844720.0,12289415804.21
DTSQ,USD,46,119.8884,4380012.0,48146163.89
DTSQR,USD,32,,6447935.0,855325.16
DTSQU,USD,23,0.9227,31552.0,342339.97
DTSS,USD,16,27.2021,2297799.0,2058190.06
DTST,USD,66,24.7279,574102.0,2170358.92
DTSTW,USD,8,,276863.0,0.0
DUK,USD,3524,70.2344000000006,547572106.0,70412182420.2097
DUKH,,10,59.4699,475759.0,11396766.35
DUKR,USD,14,45.3217,1544560.0,11477808.99
DUK_pa,USD,32,20.9827,8393114.0,206115058.82
DUO,CNY,26,0.599,230763.0,2824751.82
DUOL,USD,1170,101.4899,40836597.0,4729153221.72
DUOT,USD,116,45.2008,14188539.0,105040922.89
DV,USD,723,105.4393,161812762.0,1621960986.86
DVA,USD,1315,102.0501,65517065.0,10946630726.1
DVAX,USD,554,21.354,24277024.0,368208373.81
DVLT,USD,163,41.7388,357101243.0,219015012.73
DVN,USD,2367,52.4584000000004,605077098.0,29341951898.55
DVS,CAD,100,22.4361,20621181.0,98259358.05
DWSN,USD,62,86.9911,27013197.0,48409426.16
DWTX,USD,45,84.2819,28343599.0,168781233.81
DX,USD,512,42.2684,100280816.0,1283290295.95
DXC,USD,900,113.4974,183963945.0,2218077705.38
DXCM,USD,2074,104.5739,403525997.0,25833362696.57
DXF,CNY,10,56.2474,2940199.0,1819151.96
DXLG,USD,195,75.0453,41479542.0,22754821.16
DXPE,USD,493,91.5534000000001,14195765.0,1971342785.87
DXR,USD,29,56.6436,3306972.0,33771983.84
DXST,USD,14,25.693,414973.0,16701418.96
DXYN,USD,44,28.1084,3954192.0,1723497.96
DXYZ,USD,196,13.8952,3053529.0,83073404.6199999
DX_pc,USD,10,19.704,878797.0,22691644.22
DY,USD,952,98.0362000000002,29441926.0,10136192652.52
DYAI,USD,76,40.5425,14773098.0,12106981.41
DYCQ,USD,36,101.3012,2235090.0,25492372.92
DYN,USD,506,105.1927,193206205.0,3508874393.61
DYNCU,USD,29,7.2078,1196491.0,12081705.15
DYNT,USD,9,62.0327,9955456.0,445714.93
DYOR,USD,50,84.3602,14552099.0,144656238.11
DYORU,USD,30,10.5408,1818289.0,18485846.53
DZSI,USD,18,3.0784,1194107.0,860075.3
E,EUR,518,1.7044,25074113.0,1302902797.55
EA,USD,2185,94.2439,236319944.0,48143499207.57
EAF,USD,307,81.9446,21345014.0,182229704.59
EARN,USD,158,11.6673,4383373.0,23260995.44
EAT,USD,963,114.1459,48954400.0,7052342120.32
EBAY,USD,2294,103.448200000001,459315687.0,42937278436.8399
EBC,USD,572,84.0835000000003,192474150.0,3771810404.96
EBF,USD,370,90.1515000000001,22806850.0,485819710.88
EBMT,USD,198,64.7275,5155830.0,106605394.93
EBON,USD,31,2.1995,109747.0,194184.3
EBS,USD,424,90.1073000000001,46491780.0,424033796.77
EC,COP,324,1.4159,29126473.0,394165287.1
ECBK,USD,125,48.3933,4233111.0,71439720.57
ECC,USD,209,12.8749,17021048.0,74897620.5400001
ECCC,USD,2,2.8351,61595.0,1514011.26
ECCF,USD,5,3.0854,76710.0,1923119.7
ECC_pd,USD,2,5.6151,236859.0,4334519.7
ECDA,USD,39,100.0018,20473495.0,229461.07
ECF,USD,96,49.2767,6736293.0,77150540.49
ECF_pa,USD,1,13.1459,145000.0,3130086.0
ECG,USD,840,83.6500000000002,42696642.0,4916177040.80999
ECHO,USD,1121,126.5436,200530633.0,22327666986.25
ECL,USD,2848,94.5031000000001,265971973.0,70711713930.7901
ECO,USD,198,75.3899,29960662.0,1432785075.8
ECOR,USD,97,39.9914,3602270.0,22312759.18
ECPG,USD,486,114.8458,24623370.0,1675028937.26
ECVT,USD,411,107.894,118094434.0,1396371555.5
ECX,USD,91,67.9066,235651450.0,405733543.33
ECXWW,USD,62,,11481093.0,0.0
ED,USD,2317,74.6118000000003,274978867.0,30371387005.1001
EDAP,USD,74,45.048,16885890.0,60879782.24
EDBL,USD,28,0.3086,7383.0,73271.35
EDBLW,USD,12,,176301.0,0.0
EDHL,USD,17,68.2469,1137179.0,3375867.73
EDIT,USD,453,48.7424,81493786.0,231851368.19
EDN,ARS,107,11.1591,2467322.0,73119003.97
EDRY,USD,29,58.4576,1675739.0,32780495.5
EDSA,USD,69,64.9111,6196263.0,34957842.71
EDTK,USD,17,51.7832,8388619.0,9513090.12
EDU,USD,506,38.7742,66466864.0,3639133153.43
EDUC,USD,37,33.0935,2821219.0,4022333.97
EE,USD,448,108.8544,34656730.0,1146723892.67
EEFT,USD,822,116.9814,44540757.0,3080357381.25
EEIQ,USD,20,41.0288,675495.0,2409335.31
EEX,USD,175,5.1144,10122179.0,45830120.02
EFC,USD,461,54.7800000000001,68691038.0,835926971.660001
EFC_pa,USD,7,0.0,0.0,0.0
EFC_pb,USD,5,10.8291,522009.0,12603098.16
EFC_pc,USD,7,13.9165,556657.0,13836029.29
EFOI,USD,35,51.4019,3240088.0,11413288.64
EFOR,USD,671,113.9908,46736335.0,1884112377.66
EFSC,USD,482,87.0149,31550230.0,1723934708.27
EFSH,USD,6,4.1935,2738129.0,356362.04
EFSI,,162,59.7475,3233333.0,114060160.45
EFTR,USD,19,0.0003,12.0,0.0
EFTY,USD,8,68.6251,10369238.0,155745954.76
EFX,USD,1750,109.1285,128229929.0,23119897442.93
EFXT,USD,353,85.9737000000002,104975963.0,2288786316.68
EG,USD,1434,103.541,40972630.0,13535026857.64
EGAN,USD,224,95.3441,26172072.0,284175140.13
EGBN,USD,420,90.4341,27573706.0,676044764.990001
EGG,USD,4,33.071,4000000.0,23200000.0
EGHA,USD,56,88.9026,13779876.0,140351012.89
EGHAR,USD,46,,14559375.0,3639843.75
EGHAU,USD,44,4.0724,631218.0,6397939.94
EGHT,USD,325,78.951,111934806.0,188070740.03
EGO,USD,586,67.1487000000001,174685141.0,5911082065.30999
EGP,USD,963,104.3366,56105723.0,10387118667.54
EGRX,USD,82,43.3278,5626977.0,16281479.59
EGY,USD,433,70.5894000000001,73594563.0,427699519.69
EH,CNY,210,37.1296,20915519.0,209206970.96
EHAB,USD,404,85.6462,43872648.0,541430925.11
EHC,USD,1129,103.8311,103000546.0,10254540001.72
EHGO,USD,11,20.7744,423899.0,4786242.81
EHLD,USD,42,62.2655,1753779.0,13620707.79
EHTH,USD,263,69.3031,21997555.0,55751392.62
EIC,USD,97,34.3952,7925875.0,75797450.84
EICA,USD,1,11.1712,169986.0,4240300.77
EICB,USD,1,28.2628,488387.0,12209675.0
EICC,USD,3,8.4514,169986.0,4246250.28
EIG,USD,455,92.4219000000002,16860527.0,707493622.13
EIKN,USD,59,74.3444,40249052.0,493125132.47
EIX,USD,1970,95.8020000000002,368649473.0,25800135545.3
EJH,USD,16,23.2586,744724.0,1184152.38
EKSO,USD,80,98.6871,141937194.0,3131492855.76
EL,USD,2045,99.5481000000003,246176664.0,19791665379.54
ELA,USD,149,92.9971,24145291.0,420862890.25
ELAB,USD,21,11.2522,511270.0,1038272.93
ELAN,USD,957,115.1522,575127961.0,13637613557.84
ELBM,CAD,67,27.1963,29045631.0,16992239.02
ELC,USD,14,1.4064,2815898.0,56357621.87
ELD,,96,52.8922,2485929.0,69168906.12
ELDN,USD,259,57.2095,44158975.0,108494425.75
ELE,USD,119,65.9512,42420964.0,729038498.57
ELF,USD,1155,107.4693,63344456.0,3959310572.84001
ELLO,EUR,22,85.9656,11848826.0,278526342.41
ELMD,USD,239,75.3656,6240326.0,170189825.97
ELME,USD,561,77.2555000000001,68647992.0,405480104.42
ELMT,USD,36,82.2685,24664027.0,408096167.69
ELOG,USD,10,46.2055,5929102.0,6722441.66
ELOX,USD,16,67.1988,2712362.0,37195192.4
ELP,BRL,56,0.0238,99501.0,902122.92
ELPC,BRL,197,3.1666,23515435.0,270914104.77
ELPW,USD,62,40.3833,5856897.0,32497443.57
ELS,USD,1087,111.6191,216512444.0,13514499388.94
ELSE,USD,31,64.6157,2282501.0,16937675.05
ELTK,USD,23,65.0815,4374006.0,35081819.3
ELTX,USD,90,48.0236,11045975.0,97162933.85
ELUT,USD,69,51.6228,22821461.0,20181189.25
ELV,USD,3053,94.1602000000001,204213216.0,61052765950.3199
ELVA,USD,138,60.6512,30025786.0,272736574.49
ELVN,USD,338,100.4256,69606001.0,2673693515.39
ELVR,USD,122,12.8822,2476802.0,160326601.89
ELWS,JPY,17,10.1232,685158.0,3485249.6
ELWT,USD,36,77.1192,5105124.0,33761581.04
EM,CNY,49,9.85270000000001,21339417.0,24733022.37
EMA,CAD,489,55.5135000000001,170504117.0,8832960304.79999
EMAT,USD,36,88.0804,547651468.0,2962327611.56
EMBC,USD,749,102.0348,60534814.0,569315891.06
EMBJ,BRL,713,47.8153000000001,85090511.0,5201240884.38001
EME,USD,2041,98.0847000000003,43589172.0,31038907481.2199
EMIS,USD,49,107.0985,12790230.0,127993774.8
EMISR,USD,39,,10223193.0,1431460.23
EML,USD,159,87.0873000000001,5252197.0,109450562.14
EMN,USD,1535,100.1166,114484190.0,8451886147.64001
EMOP,,33,123.6992,50750932.0,2223905840.24
EMPD,USD,106,109.9958,30928236.0,139901306.46
EMPG,USD,10,65.7124,5474668.0,30402236.48
EMR,USD,3450,84.7656000000001,474782484.0,62748128738.1202
ENB,CAD,2372,53.7354000000008,1173648255.0,62887260417.2998
ENFY,USD,20,42.0807,6636524.0,564758.03
ENGNW,USD,26,,5057547.0,0.0
ENGS,GBP,20,31.2805,9776255.0,17031206.5
ENIC,USD,289,4.41139999999999,61031502.0,248445586.83
ENLT,USD,281,72.4197,101248757.0,9315882812.75002
ENLV,USD,65,82.2509,13844404.0,193149763.29
ENOV,USD,635,119.4402,68752707.0,1601620609.19
ENPH,USD,1527,103.9844,137051362.0,5091688982.25001
ENR,USD,663,111.6614,76458704.0,1360449476.28
ENRD,USD,90,17.786,24907358.0,273426416.35
ENS,USD,904,104.3184,38031837.0,6660803425.94
ENSC,USD,38,3.6092,517739.0,286139.98
ENSG,USD,1023,98.0330000000003,57297118.0,11120214041.71
ENSV,USD,23,15.5101,9024235.0,3609.87
ENTA,USD,291,98.1834,28550082.0,392282096.12
ENTG,USD,1345,113.6102,173255608.0,19552587990.1
ENTR,,188,10.9693,9577427.0,179866212.28
ENTX,USD,52,39.9574,19695197.0,24733776.31
ENVA,USD,702,102.0091,25398513.0,3587267154.78
ENVB,USD,43,18.1093,639294.0,1290526.76
ENVX,USD,626,63.3043000000001,138101402.0,815050534.44
EOG,USD,2741,98.4972000000003,524639718.0,72662689096.7005
EOLS,USD,384,86.493,56959652.0,333736062.67
EONR,USD,64,27.1284,13555681.0,7082329.8
EONR_t,USD,33,,3869063.0,0.0
EOSE,USD,620,64.0606000000001,225849073.0,1212572897.31
EP,USD,110,71.2137,28337397.0,75882266.34
EPAC,USD,566,106.7644,54600484.0,1995113925.51
EPAM,USD,1388,120.1367,62765121.0,9108732414.03999
EPC,USD,535,113.7738,52428426.0,1042518020.8
EPM,USD,249,60.5135,21707861.0,91811526.34
EPOW,USD,19,27.7966,14305828.0,12537276.82
EPR,USD,862,85.3495,65299070.0,3286840489.1
EPRT,USD,749,122.3112,264523178.0,8056809641.39
EPRX,USD,76,51.5861,33540220.0,237349273.84
EPR_pc,USD,57,71.5316,3857413.0,86919332.99
EPR_pe,USD,46,54.8639,1890602.0,57195830.94
EPR_pg,USD,19,34.6666,2079991.0,42373113.75
EPSM,USD,24,2.9725,79185.0,223551.11
EPSN,USD,218,112.312,33972940.0,196906713.33
EPWK,USD,16,4.4246,159847.0,546676.74
EP_pc,,61,75.6496,3337368.0,167377309.66
EQ,USD,91,80.6542,50994947.0,97829561.13
EQBK,USD,317,79.1803,16285204.0,727372743.549999
EQH,USD,1195,105.5591,288193900.0,10812397798.01
EQH_pa,USD,29,29.2845,9371028.0,180568376.53
EQIX,USD,2440,98.9109000000003,97552178.0,92031781628.1703
EQNR,USD,698,6.83270000000001,170857844.0,6617917999.79
EQPT,USD,141,72.2441000000001,155184868.0,3318814538.28
EQR,USD,1466,99.7036000000004,373811454.0,22363016190.3
EQS,USD,20,59.8599,8360457.0,9893830.37
EQT,USD,2078,97.7318000000002,611331800.0,37850365770.3899
EQX,USD,712,75.4135000000001,595123371.0,8369499545.22002
ERAS,USD,395,93.7422,320682625.0,4806348529.13
ERIC,SEK,640,12.4215,376557933.0,4230508843.64
ERIE,USD,941,93.9142000000001,43378788.0,11426375570.02
ERII,USD,458,100.7172,52374225.0,517105892.46
ERNA,USD,49,51.8396,604621.0,7064973.73
ERO,USD,469,76.3547000000001,79639942.0,2135955839.95
EROC,,16,67.8719,32696604.0,474100758.0
EROK,USD,16,61.781,15108956.0,334119020.6
ES,USD,1875,86.9716000000003,327088928.0,22575862494.9401
ESAB,USD,713,108.0315,65771813.0,6503386536.88
ESCA,USD,169,71.8206,9914862.0,171909929.7
ESE,USD,733,97.2683000000002,25199319.0,6864425179.3
ESEA,USD,130,71.4503,5041081.0,346806342.21
ESGLW,USD,24,,4742523.0,0.0
ESHAR,USD,52,,9380268.0,1122698.06
ESI,USD,832,110.8521,270133285.0,9313928891.89
ESLA,USD,35,72.9307,31384462.0,34092212.33
ESLAW,USD,20,,713275.0,0.0
ESLT,USD,729,64.3725000000001,30159522.0,24637503237.1
ESNT,USD,713,102.9591,94879892.0,5690166610.45
ESOA,USD,229,78.6064000000001,14667637.0,193229307.11
ESP,USD,120,52.9317,1585784.0,83656133.73
ESPR,USD,412,78.4788000000002,202230264.0,573347351.180001
ESQ,USD,326,89.3917000000001,7731770.0,833106219.48
ESRT,USD,495,96.0805,164739785.0,899317610.67
ESS,USD,1298,102.2881,65734223.0,16216783335.35
ESTA,USD,361,118.5268,34882545.0,2293240992.29
ESTC,USD,1005,104.7043,108832119.0,5852276068.67999
ET,USD,1757,40.4968000000006,1393258596.0,23972171764.5
ETD,USD,480,96.1165000000001,24458106.0,549372744.859999
ETHMU,USD,29,7.2204,1198583.0,12104584.31
ETHZ,USD,132,108.8847,14417844.0,88040297.95
ETN,USD,3984,88.2452000000023,342671499.0,120769012807.25
ETNB,USD,62,0.463,686898.0,6331649.4
ETON,USD,260,68.0344000000001,18636204.0,473756094.39
ETOR,USD,327,64.6119,43164906.0,1470632051.75
ETR,USD,2203,99.2791000000005,454604164.0,49184906188.0701
ETS,USD,32,89.3124,39788815.0,29236620.44
ETSS,USD,1,1.6667,250000.0,2475000.0
ETSY,USD,1198,129.2646,122668080.0,6678086155.83999
EU,USD,338,57.8502,112382365.0,197431120.27
EUDA,USD,14,49.4598,1233690.0,13621567.2
EUDAW,USD,20,,958137.0,0.0
EURK,USD,51,433.0706,4810346.0,55832433.28
EURKR,USD,34,,4710806.0,1273768.61
EURKU,USD,15,0.5611,34830.0,378076.38
EVAC,USD,80,78.0888,36661204.0,368946269.28
EVAC_u,USD,43,13.4222,6301527.0,63710295.75
EVAX,USD,33,23.4108,1952518.0,7103737.0
EVC,USD,241,83.0297,68653908.0,330869209.49
EVCM,USD,225,97.9398000000001,173306105.0,1983590791.02
EVER,USD,514,112.1131,35617370.0,635563839.05
EVEX,USD,266,87.5246000000001,304851602.0,883340229.2
EVEX_t,USD,29,,9659018.0,0.0
EVGN,USD,35,22.0453,2945408.0,1805550.95
EVGO,USD,456,69.9888000000001,98725539.0,199761922.59
EVGOW,USD,28,,8275984.0,0.0
EVH,USD,575,112.4564,126493020.0,418655419.1
EVI,USD,153,93.5265,12035990.0,243018367.99
EVLV,USD,506,78.2114,140680162.0,889727754.869999
EVLVW,USD,29,,6713490.0,0.0
EVMN,USD,134,105.1177,37860452.0,800189415.320001
EVO,EUR,83,2.0884,7421766.0,18885411.98
EVOK,USD,13,10.5913,182425.0,1826858.75
EVOX,USD,57,76.2717,18305183.0,181842524.69
EVOXU,USD,33,10.5065,2521578.0,25730495.6
EVR,USD,1188,92.3515000000003,35724211.0,11107373884.63
EVRG,USD,1544,94.6483,218180597.0,17467978185.33
EVTC,USD,565,106.1456,65407838.0,1859304437.37
EVTL,GBP,140,89.2292,113613746.0,307496930.98
EVTV,USD,50,5.1806,797328.0,1324245.72
EW,USD,2519,89.0189000000005,512579255.0,42019618888.81
EWBC,USD,1049,94.4147000000003,129360628.0,13951191596.8
EWCZ,USD,316,93.101,41258267.0,220859129.32
EWTX,USD,438,115.5184,124290559.0,3422969745.64
EXAS,USD,1393,77.4032000000001,147754112.0,14895290211.0
EXC,USD,2245,97.6019000000006,998696997.0,47856161817.4201
EXE,USD,1674,91.9451000000004,219960433.0,24051281276.3099
EXEEL,USD,100,,71758.0,0.0
EXEEW,USD,8,,1744.0,0.0
EXEEZ,USD,12,,1108.0,0.0
EXEL,USD,1280,107.2113,269486283.0,11731954938.47
EXFY,USD,255,62.8864,52999772.0,52377063.78
EXK,USD,451,60.9241000000001,180376606.0,1671316569.02
EXLS,USD,960,100.5958,153693910.0,5083620900.31999
EXOD,USD,96,71.5415,7747180.0,55813028.95
EXOZ,USD,24,65.3027,6060951.0,64514186.17
EXP,USD,1020,106.3497,32858969.0,6295953830.05
EXPD,USD,1720,102.5343,134106951.0,19407808751.51
EXPE,USD,2091,104.8713,120078145.0,29402484097.37
EXPI,USD,503,78.8155000000002,129509907.0,981752962.889999
EXPO,USD,748,99.8813000000002,48453737.0,3185426518.78
EXR,USD,1569,102.0288,215547641.0,28338374632.7199
EXTO,COP,2,0.0,0.0,0.0
EXTR,USD,635,106.1993,138884439.0,2307370602.28
EXYN,USD,13,34.8014,2768096.0,16574112.0
EYE,USD,563,125.9633,100917657.0,2594730671.32
EYPT,USD,363,112.5684,94378989.0,1433941442.42
EZGO,USD,13,0.0069,157.0,110281.05
EZPW,USD,534,122.6725,71844023.0,1746196080.79
EZRA,USD,42,8.8823,72731.0,859712.1
EZRAW,USD,8,,38257.0,0.0
F,USD,2870,68.8379000000003,2694212956.0,32135626717.13
FA,USD,375,111.8114,191799247.0,2352188904.32
FAAS,USD,19,0.0,0.0,0.0
FABC,USD,61,7.4074,359707.0,1591298.37
FAC,USD,91,68.2774,61308575.0,655678748.22
FACT,USD,65,110.6777,20462196.0,212989480.18
FACTU,USD,38,5.2067,945709.0,10017715.03
FAF,USD,831,100.9646,103083424.0,6265963698.81
FAMI,USD,17,22.872,8539011.0,7317674.71
FANG,USD,2223,99.0845000000006,278741644.0,51799659553.0699
FARM,USD,101,36.9249,8103139.0,12939070.36
FAST,USD,2380,90.5030000000007,1038544210.0,47944896192.73
FAT,USD,56,48.7948,8133382.0,14124959.37
FATBB,USD,27,68.2587,867436.0,2032811.64
FATBP,USD,12,1.1705,98411.0,277233.27
FATE,USD,370,76.4057000000002,89057679.0,107606116.3
FATN,USD,22,57.8224,8108972.0,64003341.96
FBGL,SGD,11,54.4582,7351869.0,7013300.19
FBIN,USD,1232,108.9043,129916455.0,5490667249.48
FBIO,USD,118,50.2609,16696111.0,45326929.17
FBIZ,USD,279,77.552,6485018.0,352545814.49
FBK,USD,556,84.3820000000001,42177999.0,2197412556.45
FBLA,USD,165,54.755,8849183.0,118238577.03
FBLG,USD,145,21.9202,1329447.0,1864620.38
FBNC,USD,446,86.8962000000002,35953000.0,2015341537.07
FBP,USD,595,104.4069,159411771.0,3419377455.29
FBRT,USD,435,65.7915,50635378.0,442038480.03
FBRT_pe,USD,3,0.4755,49110.0,943146.06
FBRX,USD,129,77.3825,15847061.0,400217927.73
FBYD,USD,113,48.3798,23689921.0,341322998.77
FBYDP,USD,2,67.8004,4676787.0,0.0
FBYDW,USD,30,,886913.0,0.0
FC,USD,306,95.3825000000001,10771998.0,185413743.38
FCAP,USD,134,30.7176,1027662.0,52812011.54
FCBC,USD,273,52.0769000000001,9843799.0,403381617.04
FCBM,,15,19.084,5772112.0,76171202.88
FCCO,USD,222,68.6628000000001,6454127.0,192345701.18
FCEL,USD,390,39.361,31342732.0,379268306.91
FCF,USD,497,79.1054,80438444.0,1417316305.06
FCFS,USD,812,104.0141,45596403.0,8442009391.21
FCHL,SGD,12,0.2407,3127.0,192310.5
FCN,USD,846,109.996,33157235.0,5747324915.13
FCNCA,USD,1224,95.2851000000003,10082985.0,19897442005.69
FCNCO,USD,17,11.5459,923667.0,18968359.7
FCNCP,USD,16,16.8446,2324556.0,46960072.8
FCPT,USD,620,106.7866,117197878.0,2765005186.53
FCRS,USD,70,62.8113,18058264.0,182278796.94
FCRS_u,USD,111,30.5871,8793654.0,89534716.46
FCST,USD,2,,687763.0,0.0
FCUV,USD,36,15.0805,105988.0,451570.72
FCX,USD,3096,90.0014000000002,1293859549.0,74383422930.8903
FDBC,USD,174,46.381,2694062.0,120867712.5
FDMT,USD,343,111.3966,58234099.0,503106395.6
FDP,USD,514,91.157,43369509.0,1682160720.19
FDS,USD,1699,110.5518,39321968.0,8662225533.15999
FDSB,USD,50,41.871,2204459.0,32833716.24
FDUS,USD,235,28.9672,10994360.0,199024803.78
FDX,USD,3140,89.1930000000001,211023753.0,72401425096.7903
FDXF,USD,422,29.0797,34694208.0,5238834693.67
FDXF_w,USD,422,29.0797,34694208.0,5238834693.67
FE,USD,1609,96.3986000000005,557604568.0,27603614025.78
FEAM,USD,81,66.3485,27544674.0,52936701.43
FEBO,HKD,9,1.3942,42699.0,48090.33
FEDU,CNY,15,31.8621,720543.0,7320531.75
FEED,USD,23,2.7405,156272.0,497238.43
FEIM,USD,265,89.3186,8815612.0,381363309.69
FELE,USD,703,99.7891,44089668.0,4134042571.65999
FEMY,USD,77,19.0965,576634.0,6218080.37
FENC,USD,195,69.0423000000001,23983295.0,164210053.98
FENG,CNY,15,5.607,302759.0,575491.69
FER,EUR,900,82.6546000000001,603004655.0,38792827012.49
FERA,USD,67,94.462,22293087.0,229754610.95
FERAR,USD,49,,18533248.0,5558201.33
FERAU,USD,43,9.187,2168119.0,22777902.26
FERG,USD,1823,99.1470000000004,192286990.0,44236845177.6901
FET,USD,303,84.8327000000001,9589797.0,522456587.46
FF,USD,267,81.4614000000001,35732192.0,143681199.89
FFAI,USD,190,12.9879,315410.0,24464956.02
FFAIW,USD,20,,244006.0,0.0
FFBC,USD,609,88.8344,92232805.0,2615090770.22
FFIC,USD,347,79.4043000000001,26904987.0,413141954.15
FFIN,USD,647,72.7938000000002,104327447.0,3093050833.81
FFIV,USD,1562,109.7229,61905063.0,17909171644.69
FFWM,USD,374,78.1827,64833002.0,382456191.42
FG,USD,835,97.5949000000002,129300749.0,3353544187.01
FGBI,USD,81,60.8531,10019004.0,81372340.22
FGEN,USD,121,28.9184,1170659.0,9104716.2
FGI,USD,21,74.178,1432578.0,9954214.46
FGII,USD,21,47.5581,13763302.0,136267522.3
FGIIU,USD,26,37.7309,8687528.0,86788404.72
FGIWW,USD,10,,1278855.0,0.0
FGL,MYR,13,10.3967,108988.0,1651961.76
FGMC,USD,62,106.6613,10981648.0,111336679.86
FGMCR,USD,33,,3587233.0,1492477.36
FGMCU,USD,17,3.7805,313627.0,3246804.0
FGNX,USD,78,54.6289,3135563.0,27388196.66
FHB,USD,600,110.6317,134612363.0,3340989196.41
FHI,USD,750,97.0739000000002,73682509.0,4087619419.04
FHN,USD,1130,90.5785000000001,429911738.0,9952376363.40999
FHTX,USD,198,88.3276000000001,51860598.0,270995587.84
FIBK,USD,559,109.5241,104657786.0,3572836615.45
FICO,USD,2066,100.5434,23318052.0,28352643039.85
FIEE,USD,16,69.2717,5907900.0,37484820.57
FIG,USD,602,82.0099000000001,365504400.0,10022945132.47
FIGR,USD,494,76.8419000000001,140317594.0,4874510004.77001
FIGS,USD,478,102.5447,162803010.0,2257716843.52
FIGX,USD,66,86.9136,13479061.0,136034818.8
FIGXU,USD,84,14.1836,2199663.0,22477351.34
FIHL,USD,344,96.9560000000001,82894526.0,1588501607.53
FINV,CNY,340,67.1012000000001,82370131.0,444052315.44
FINW,USD,157,59.7851,8194156.0,130023237.8
FIP,USD,388,96.1300000000002,113591545.0,551616845.25
FIRY,USD,184,89.3548,10882816.0,84936533.79
FIS,USD,2023,98.1183000000001,507161215.0,25242120153.27
FISI,USD,332,86.7072,17086156.0,552210607.01
FISK,USD,14,5.4657,118797.0,686655.9
FISN,USD,12,44.6062,26912371.0,297112575.84
FISV,USD,3236,93.1955000000002,496977713.0,29703724721.46
FITB,USD,2042,91.8634000000007,832824116.0,39015587687.3702
FITBI,USD,7,0.0139,2478.0,62384.78
FITBO,USD,15,0.5197,51966.0,1084885.4
FITBP,USD,8,0.0028,220.0,5086.4
FITB_pa,USD,8,0.0028,220.0,5086.4
FITB_pi,USD,7,0.0139,2478.0,62384.78
FITB_pk,USD,15,0.5197,51966.0,1084885.4
FIVE,USD,1109,106.9879,59159401.0,12592062871.93
FIVN,USD,716,103.2208,79030563.0,1335932130.02
FIX,USD,2032,98.1331000000003,34538191.0,47242939200.1299
FIZZ,USD,495,101.5407,95054597.0,3781445751.15999
FJET,USD,49,49.0014,21645906.0,87897962.16
FKWL,USD,49,37.9614,4473487.0,19992593.09
FLD,USD,142,91.0912,46259155.0,81192226.0700001
FLDDW,USD,55,,7091892.0,0.0
FLEX,USD,1535,101.7942,372979464.0,25350930976.1999
FLG,USD,788,93.9042000000001,391409785.0,5190042474.95
FLGC,USD,50,15.3387,6327597.0,11170376.03
FLGT,USD,415,101.1316,28721922.0,564639342.5
FLG_pa,USD,12,0.0507,10456.0,220754.45
FLG_pu,,43,36.7248,1762781.0,69816545.4
FLL,USD,181,48.1254,17452661.0,42679576.64
FLNA,USD,325,30.9359,14944749.0,26374935.69
FLNC,USD,660,100.1447,143036568.0,2062752272.06
FLNG,USD,411,70.9704000000001,38389831.0,1062037598.95
FLNT,USD,70,86.4016,25761224.0,83449604.26
FLO,USD,887,96.0000000000002,203516591.0,1764627130.43
FLOC,USD,295,159.2156,66590750.0,1361266937.19
FLR,USD,1052,105.8215,147838137.0,6540038318.9
FLS,USD,1156,106.7019,136372613.0,9899767547.39998
FLUT,USD,1274,108.1878,187694139.0,20775223111.15
FLUX,USD,72,56.0995,11983583.0,13402535.57
FLWS,USD,313,123.6252,45778604.0,166689353.79
FLX,CNY,23,18.6615,9778609.0,24481224.51
FLXS,USD,234,92.6446,3775879.0,178567646.58
FLY,USD,384,80.6109,132235965.0,4186806888.68
FLYD,CAD,1,0.0,0.0,0.0
FLYE,USD,23,6.6253,108150.0,210590.1
FLYU,CAD,2,0.0,0.0,0.0
FLYW,USD,542,101.644,123543134.0,1619805221.32
FLYX,USD,106,73.9851000000001,38307757.0,89437264.02
FLYX_t,USD,26,,1935014.0,0.0
FLYY,USD,126,35.5326,10078933.0,20003048.51
FLZH,USD,56,0.2411,109114.0,1028828.97
FMAC,USD,4,27.7903,4385408.0,43722578.15
FMACU,,2,2.7295,314000.0,3135635.4
FMAO,USD,207,35.7910000000001,4927842.0,129113088.35
FMBH,USD,327,63.5788000000001,16908600.0,709414510.25
FMC,USD,1253,97.1697000000001,121506031.0,1984357263.95
FMFC,USD,18,44.4521,6801179.0,30852798.04
FMNB,USD,333,42.3263,25070950.0,332133669.65
FMS,EUR,373,9.09679999999998,49143253.0,1117970526.37
FMST,CAD,44,28.7384,4985905.0,8852022.77
FMTO,CAD,22,49.4453,513130.0,2032499.98
FMUB,,33,51.8397,2163137.0,109460788.97
FMUN,,31,22.2833,808477.0,40153828.23
FMX,MXN,637,48.1054000000001,94774927.0,10594926115.33
FN,USD,1204,108.0163,38702123.0,19746333752.95
FNB,USD,849,91.8277000000002,324669924.0,5454814525.99
FND,USD,968,125.1443,135274677.0,7307498092.06
FNF,USD,1392,88.5734000000003,238408336.0,11641745728.75
FNGD,CAD,28,4.6121,69182.0,4724021.0
FNGO,CAD,12,1.4968,74838.0,6529548.14
FNGR,USD,69,27.4405,16823862.0,7280954.6
FNGS,CAD,79,16.0282,1202108.0,73439028.05
FNGU,CAD,40,8.1837,6546944.0,102464034.72
FNKO,USD,301,79.7726999999999,44544391.0,162077548.22
FNLC,USD,209,58.0649,6548984.0,183950780.06
FNRN,USD,36,36.466,5982957.0,92606644.13
FNUC,CAD,69,104.2292,18788657.0,52040732.82
FNV,USD,1310,87.3548000000004,168467132.0,38504316183.9402
FNVT,USD,18,6.1321,281153.0,4220106.53
FNWB,USD,98,60.1541,5714206.0,51245677.57
FNWD,USD,151,71.219,3074546.0,107875559.04
FOA,USD,201,111.984,10006976.0,219175746.98
FOCL,USD,74,45.048,16885890.0,60879782.24
FOFO,USD,7,53.023,4014409.0,38786745.38
FOLD,USD,669,104.7776,329001464.0,4697775911.49
FONR,USD,123,47.7191,2945697.0,55443115.13
FOR,USD,406,99.9893000000001,51011966.0,1524710250.75
FORA,USD,76,66.7302,19685183.0,41728857.03
FORL,USD,33,41.2595,418584.0,4727609.25
FORM,USD,763,99.5197000000001,77580780.0,6955194639.05998
FORR,USD,258,95.8346,18603351.0,113898512.27
FORTY,USD,29,5.6143,860952.0,95211515.03
FOSL,USD,166,65.2082999999999,38539166.0,158791637.63
FOUR,USD,960,122.1649,96908303.0,4783379035.52
FOUR_pa,USD,85,92.9062,9656304.0,542117228.63
FOX,USD,1065,106.3081,234334780.0,11958018305.85
FOXA,USD,1523,126.1339,251607188.0,15134191934.92
FOXF,USD,558,102.9044,43154091.0,720846103.03
FOXO,USD,20,5.8518,83127.0,24938.1
FOXX,USD,29,95.2639,6707636.0,22936255.32
FPAY,USD,49,46.4696,11436638.0,15671594.87
FPH,USD,168,75.3505,54089997.0,262786437.82
FPI,USD,422,62.6022,27305211.0,297779193.16
FPS,USD,263,57.0403,156238421.0,6119092211.71001
FR,USD,883,104.5716,138633026.0,8017823360.96
FRAF,USD,175,43.6249,1960092.0,101706791.24
FRBA,USD,244,64.3338000000001,16087157.0,257770855.21
FRBT,,24,55.7523,16698694.0,306924109.0
FRD,USD,156,61.6173,4379499.0,84090581.8800001
FRES,CNY,4,0.0,0.0,0.0
FRGE,USD,228,48.6577,6693629.0,273894950.92
FRGT,USD,21,9.9716,61304.0,411497.85
FRHC,USD,306,71.6265000000001,45598093.0,5695464188.1
FRME,USD,545,78.5371,48855766.0,1902638281.26
FRMEP,USD,2,,88900.0,2288060.0
FRMI,USD,328,70.0430000000001,446581460.0,4471177637.77
FRMM,USD,132,108.8847,14417844.0,88040297.95
FRO,USD,568,70.5601,157084206.0,5216847314.32999
FROG,USD,705,105.5004,127782633.0,7364927234.32
FRPH,USD,240,87.0859,16694629.0,371105176.22
FRPT,USD,827,122.1998,60052983.0,3566164811.16999
FRSH,USD,702,88.7518,223975899.0,2124120007.41
FRST,USD,273,90.3211000000001,22398561.0,300945345.88
FRSX,,50,0.141,7359.0,17121.39
FRT,USD,1079,103.3261,89262667.0,9427331821.44
FRTT,USD,3,71.2505,10623437.0,9690480.54
FRT_pc,USD,19,29.607,1776409.0,35006813.5
FRVO,USD,74,53.6991,154041120.0,5453935733.1
FSBC,USD,279,78.3604000000001,18882353.0,706827123.079999
FSBW,USD,212,77.5418,5754482.0,223926120.97
FSEA,USD,52,53.4328,2507391.0,34622669.66
FSHP,USD,41,120.4458,4237601.0,46521241.17
FSHPR,USD,30,,5963771.0,533892.14
FSHPU,USD,34,0.2035,18038.0,198098.62
FSI,USD,58,52.9446,6749144.0,40991576.74
FSK,USD,877,40.9649,114729459.0,1304767693.57
FSLR,USD,2173,107.786,115822608.0,24409667053.11
FSLY,USD,643,96.6042999999999,151186805.0,3594784869.44
FSM,USD,548,81.5718000000001,244290621.0,2400234502.18
FSP,USD,238,79.8495,82795879.0,69071488.89
FSS,USD,836,107.3471,65483974.0,7196613099.3
FSTR,USD,232,81.9698000000001,8573005.0,251754860.86
FSUN,USD,264,55.8932,24662008.0,898880077.109999
FSV,USD,723,88.0969,40487891.0,5775691485.33
FTAI,USD,1210,99.2107000000001,101775005.0,23784054359.24
FTAIM,USD,4,5.8896,153130.0,4195403.3
FTAIN,USD,10,7.6586,321660.0,8165819.13
FTCI,USD,113,45.3064,7251425.0,65234648.94
FTDR,USD,766,105.4941,74093660.0,4155694683.86
FTEK,USD,88,48.7362,15188750.0,23199971.0
FTFT,USD,30,39.0035,728651.0,4827378.27
FTH,USD,62,45.2446,5085334.0,136985723.66
FTHM,USD,94,51.0478,16937127.0,14224424.17
FTI,USD,1302,102.7991,409859684.0,25979579377.86
FTII,USD,19,95.0714,3861494.0,46846860.38
FTK,USD,266,94.3003,34115519.0,548164939.649999
FTLF,USD,110,74.1673000000001,6965127.0,80337814.37
FTNT,USD,2757,87.8010000000009,643279063.0,64516287050.63
FTRE,USD,796,111.8706,105830743.0,1351023249.88
FTRK,SGD,15,61.6722,13452240.0,6321088.81
FTS,CAD,800,57.2254000000001,291331777.0,16147107919.76
FTV,USD,1651,113.0368,344608312.0,19102330906.6601
FTW,USD,95,121.7847,35544843.0,386278622.04
FTW_u,USD,42,0.237,84905.0,847473.88
FUBO,USD,497,55.9204000000001,16464409.0,220407799.49
FUFU,USD,56,50.3959,15952089.0,30579942.08
FUFUW,USD,32,,2564198.0,0.0
FUL,USD,682,110.8272,59615897.0,3659304729.55
FULC,USD,333,136.2102,90761715.0,766261502.62
FULT,USD,664,80.1332000000001,153422044.0,3138357968.95
FUN,USD,709,113.2408,115737156.0,1951531774.89
FUNC,USD,191,57.3144,3698929.0,137510370.25
FURY,CAD,81,16.3823,31146480.0,16499482.13
FUSB,USD,64,38.1664,2124824.0,31550336.69
FUSE,USD,47,73.9559,21436094.0,39057311.54
FUSEW,USD,47,,6357318.0,0.0
FUTU,HKD,915,67.0248,64176681.0,9009366237.19999
FVAV,USD,35,55.6116,16099600.0,161523700.35
FVCB,USD,195,68.1176000000001,12284263.0,187874919.06
FVN,USD,43,100.062,7548667.0,81008462.67
FVNNR,USD,29,,4891216.0,656197.59
FVR,USD,261,106.5169,24128298.0,391404721.08
FVRR,USD,395,66.8907000000001,24047741.0,377139458.72
FWDI,USD,125,69.3133,51144812.0,287835943.66
FWONA,USD,565,95.4349000000002,22896164.0,1868024062.17
FWONK,USD,1192,100.5942,225567591.0,20281285156.26
FWRD,USD,470,109.2336,34545159.0,667951664.19
FWRG,USD,410,112.1584,69139936.0,830932313.379999
FXAC,USD,1,35.6718,3174786.0,31747860.0
FXHO,CNY,18,1.5578,81627.0,1703224.5
FXNC,USD,161,58.1377,5256186.0,139579741.0
FYBR,USD,730,28.7813,72050638.0,2736577611.3
G,USD,1049,107.173,181665713.0,7155882682.5
GAA,,41,33.6791,690420.0,23092751.79
GAB,,303,8.87229999999999,27608804.0,169751903.04
GABC,USD,359,56.4006,21186621.0,886224024.48
GAB_pg,,1,0.4097,9800.0,203840.0
GAB_ph,,1,0.0,0.0,0.0
GAB_pk,,1,0.0276,1000.0,20900.0
GAB_r,,149,,69298946.0,485092.63
GAB_r_w,,132,,25370140.0,177699.53
GAIA,USD,145,61.0218,12152064.0,35185341.71
GAIN,USD,174,18.2311,7259850.0,105024118.81
GALT,USD,209,51.17,33698730.0,99342419.75
GAM,USD,158,40.0843,9614816.0,562692768.4
GAMB,USD,297,80.9281,28502965.0,118140054.32
GAME,USD,99,31.1862,32133471.0,10646219.96
GAM_pb,USD,6,9.4043,714871.0,17875414.68
GANX,USD,83,21.647,9233231.0,19681974.02
GAP,USD,1089,113.4311,408542018.0,9366252752.85
GASS,USD,124,73.7625999999999,27429044.0,250562856.83
GATX,USD,706,105.0443,37291191.0,6373086281.78999
GAU,USD,206,82.0046,214291267.0,512160337.95
GAUZ,USD,56,38.0037,7123085.0,33314571.53
GBCI,USD,726,87.7896000000002,114304804.0,5132116546.18001
GBDC,USD,600,51.6425,134522542.0,1740124178.45
GBFH,USD,146,60.7594,8792084.0,252769512.12
GBLI,USD,59,76.122,8233013.0,230874690.78
GBNY,USD,15,0.0,0.0,0.0
GBR,USD,23,12.5331,643193.0,469313.74
GBTG,USD,372,107.5897,562012067.0,4599148735.60999
GBX,USD,571,115.6851,35792513.0,1847371743.2
GCBC,USD,181,73.5283,12518596.0,284464360.67
GCDT,HKD,9,69.8811,8997168.0,17527339.68
GCGR,,3,8.6259,3550000.0,35819500.0
GCI,USD,438,103.829,152319379.0,944720082.89
GCL,USD,23,71.6028,91657342.0,366873427.7
GCLWW,USD,39,,8387907.0,0.0
GCMG,USD,326,100.8194,60877776.0,644936205.299999
GCO,USD,312,106.2114,11793524.0,360155327.53
GCT,USD,462,91.8609000000002,27218885.0,1128459261.97
GCTK,USD,38,19.5048,1505611.0,1020083.43
GCTS,USD,116,17.2147,15659037.0,22126273.99
GCTS_t,USD,51,,13438075.0,0.0
GD,USD,3144,87.2688000000005,236013940.0,80797102454.83
GDC,USD,32,2.2789,94847.0,38395965.3
GDDY,USD,1612,106.7561,141354924.0,13464194021.23
GDEN,USD,374,81.8236000000002,21600485.0,589602574.900001
GDEV,USD,23,88.8419,16125267.0,225755218.88
GDEVW,USD,29,,7345681.0,0.0
GDHG,USD,33,88.3945,17644020.0,37736399.05
GDL_pc,,1,10.4819,72213.0,3597658.88
GDOT,USD,442,86.2394000000001,48880501.0,580179065.68
GDRX,USD,429,72.0125000000001,75405003.0,174539741.13
GDS,CNY,444,50.4217,101312029.0,4035337336.73
GDTC,SGD,21,69.0583,8171554.0,12089383.78
GDV,USD,303,31.5985,27859634.0,750350339.859999
GDV_ph,USD,1,0.0515,1000.0,22320.0
GDV_pk,USD,2,0.4213,23014.0,416373.68
GDXD,CAD,22,1.5051,37628.0,1552531.28
GDXU,CAD,39,3.5706,303496.0,61121059.44
GDYN,USD,480,101.0406,84496753.0,544145857.62
GE,USD,4633,81.7316000000052,848014414.0,242852990652.99
GECC,USD,56,58.8083,8169642.0,55367126.41
GEF,USD,573,98.0679000000001,24297913.0,1637708627.61
GEFb,USD,271,90.9971000000001,19436824.0,1485837202.67
GEG,USD,72,72.5649,22754195.0,52427225.4
GEHC,USD,2465,96.5591000000006,439258669.0,31987017283.69
GELS,AUD,18,48.3658,5180492.0,8873326.79
GEMI,USD,173,40.7672,20849462.0,132928458.61
GEN,USD,1464,101.4421,611144837.0,12244765328.17
GENB,USD,60,29.6221,37973027.0,498266122.8
GENC,USD,176,91.2959,11264921.0,164326334.41
GENE,AUD,2,0.0,0.0,0.0
GENI,USD,517,98.0820000000001,252597317.0,1526360951.96
GENK,USD,60,22.0896,1185064.0,2173892.6
GENVR,USD,114,,6727715.0,3520943.55
GENZ,,54,16.997,84985.0,3507908.04
GEO,USD,626,100.0762,133720960.0,2322162067.02
GEOS,USD,201,58.0878,7514069.0,96412743.09
GERN,USD,554,81.1259000000002,520437731.0,733443587.97
GETR,USD,7,53.4007,105509726.0,10550.98
GETY,USD,276,93.7005,392567120.0,314208517.64
GEV,USD,4553,80.7511000000045,215088505.0,188674596205.12
GEVO,USD,326,40.7697,99237644.0,242552701.23
GEw,,35,51.5034,1313332.0,67084295.45
GFAI,USD,41,13.5093,4221703.0,2215092.44
GFAIW,USD,5,,184261.0,0.0
GFEB,,182,74.7996999999999,6488832.0,266405110.82
GFF,USD,690,99.1800000000002,45490546.0,3446998437.76
GFI,USD,747,20.7639,185716120.0,8147221767.3
GFL,CAD,767,101.2365,353701758.0,14863988283.97
GFR,CAD,104,62.4847,78372994.0,514230886.95
GFS,USD,781,103.2422,566491641.0,25370465269.36
GGAL,ARS,414,23.9827,31777875.0,1563977292.91
GGB,BRL,394,32.1876000000001,402434678.0,1477630143.64
GGG,USD,1329,94.2639000000001,152675016.0,12831418086.46
GGN,USD,266,16.1456,25223353.0,133916253.26
GGN_pb,USD,2,15.5785,480126.0,9603432.06
GGR,USD,56,68.6034,13767065.0,55328055.6
GGROW,USD,26,,6582336.0,0.0
GGRP,USD,64,43.2662,9387079.0,11408822.04
GGT,USD,96,10.6684,4460274.0,18722589.08
GGT_pe,USD,1,0.0,0.0,0.0
GGT_pg,USD,1,0.661,8000.0,170240.0
GH,USD,936,106.6389,141403789.0,13681194551.41
GHC,USD,617,91.6431,3063729.0,3275993897.24
GHG,CNY,22,21.0414,63276788.0,104076171.57
GHM,USD,354,88.6001,10390315.0,882495189.989999
GHRS,USD,108,91.2558000000001,62562413.0,827937979.27
GIB,CAD,916,73.4018000000003,137507996.0,10201412411.46
GIBO,USD,39,0.5017,12214.0,928948.88
GIC,USD,338,86.7822000000001,33204078.0,1064563404.72
GIFT,USD,36,37.852,12911229.0,12452815.01
GIG,USD,74,42.2961,29025375.0,288735589.2
GIGGU,USD,27,12.2719,2454362.0,24426776.88
GIGM,USD,21,50.1916,5547303.0,7968410.42
GIII,USD,563,120.3636,50782178.0,1457483693.13
GIL,USD,993,95.6743000000001,177180662.0,10002345321.01
GILD,USD,3694,94.2781000000027,1170575482.0,158346347696.58
GILT,USD,278,62.1258,46886568.0,676888648.380001
GIPR,USD,44,13.6868,141028.0,416659.26
GIPRW,USD,5,,25779.0,0.0
GIS,USD,2725,91.8815999999999,490387268.0,18645826615.45
GITS,USD,19,40.4202,1485126.0,2758855.38
GIW,USD,63,91.1113,23376903.0,232075769.05
GIWWR,USD,42,,23335546.0,7001280.8
GIWWU,USD,20,8.9591,2298670.0,23746234.5
GIX,USD,31,51.6033,13256301.0,130390180.53
GIXXR,USD,22,,15932939.0,3503999.45
GKOS,USD,722,103.019,60507624.0,6709457085.48
GL,USD,1269,87.5013000000002,67942557.0,9597028474.98001
GLAD,USD,171,14.4289,3259980.0,62724466.22
GLAS,USD,25,15.0759,13056158.0,128278045.59
GLBE,USD,624,102.6263,172379049.0,5752254550.21
GLBS,USD,27,43.9228,9479577.0,23308523.71
GLBZ,USD,30,14.6481,427677.0,2165556.19
GLDD,USD,452,79.5655000000001,53134617.0,846865764.25
GLDG,CAD,165,17.3636,37260521.0,42985576.89
GLE,HKD,14,37.1397,5956322.0,8978118.24
GLED,USD,7,38.4766,6149525.0,60926275.57
GLIBA,USD,257,87.2217000000001,3184442.0,116641942.42
GLIBK,USD,462,110.74,39704063.0,1461594831.97
GLLI,USD,37,66.1657,114093001.0,324691440.42
GLMD,USD,34,4.8531,401028.0,196958.98
GLND,,21,41.8249,18290071.0,55985978.2
GLNG,USD,634,94.8487000000002,96551900.0,5119965870.56
GLOB,USD,917,112.0933,48401214.0,2712357501.48
GLOO,USD,45,83.2860000000001,16636437.0,78149636.12
GLOP_pa,USD,3,12.5744,639408.0,16368844.8
GLOP_pb,USD,3,0.0163,569.0,14566.4
GLOV,,73,2.3451,633199.0,36439760.02
GLP,USD,194,79.4521999999999,27009995.0,1197700453.65
GLPG,EUR,180,48.7464,32122525.0,989295100.81
GLPI,USD,1174,105.7413,299483443.0,13360733409.16
GLP_pb,USD,3,9.604,288121.0,7314810.79
GLRE,USD,286,75.6429,25088030.0,415169271.62
GLSI,USD,139,62.8067,9211251.0,232150547.5
GLST,USD,38,31.7971,23289332.0,7350158.71
GLTO,,111,100.9328,62127515.0,1623834882.22
GLU,USD,43,20.5516,1231107.0,23654139.56
GLUE,USD,351,102.4497,86545667.0,1527300408.65
GLW,USD,3356,80.5666000000022,693412094.0,86610895436.8494
GLXG,HKD,18,22.4226,1256000.0,159135200.0
GLXY,USD,579,82.3982999999999,157787349.0,3300509851.02
GM,USD,2635,92.0820000000004,808068392.0,60457485985.5799
GMAB,USD,559,12.5285,76912529.0,2225703642.56
GME,USD,731,46.7455000000001,209741976.0,4840349845.52999
GMED,USD,1123,100.3138,113671722.0,9717662615.22003
GMET,,20,15.7641,133996.0,5386397.13
GMGI,USD,122,86.4518,10953009.0,112427369.39
GMHS,USD,38,67.1983,33276673.0,53847117.26
GMM,USD,12,3.0845,55212.0,393533.64
GMRE,USD,420,76.7596000000001,10159009.0,342287878.36
GMRE_pa,USD,6,15.798,490530.0,11793058.41
GMRE_pb,USD,4,30.4064,623333.0,15745464.62
GMRS,USD,19,54.6484,29516581.0,373013249.86
GMTL,USD,28,11.6317,4531900.0,77713827.47
GMTL_w,USD,28,11.6317,4531900.0,77713827.47
GNE,USD,275,60.9084000000001,15123123.0,212901594.76
GNFT,EUR,14,0.0,0.0,0.0
GNK,USD,428,80.4897,35074755.0,749426084.599999
GNL,USD,640,88.7231000000002,187211662.0,1743888708.27
GNLN,USD,36,10.882,70272.0,593156.42
GNLX,USD,153,45.4644,20386258.0,68269824.2400001
GNL_pa,USD,17,44.4898,3025062.0,69262170.04
GNL_pb,USD,12,38.9856,1830714.0,39497481.93
GNL_pd,USD,14,44.2819,3513188.0,82102055.5
GNL_pe,USD,5,19.6558,903219.0,20832287.11
GNPX,USD,55,1.062,5362.0,192779.82
GNRC,USD,1621,96.9113000000002,57051093.0,10648451472.18
GNS,USD,46,15.8447,20526016.0,11838669.3
GNSS,USD,119,63.1184,28745333.0,54501871.28
GNT,,95,25.3642,4105450.0,34244335.9
GNTA,EUR,40,56.1744,13252120.0,12565257.92
GNTX,USD,1043,98.1171000000002,208944667.0,4646927492.45
GNT_pa,,1,0.0,0.0,0.0
GNW,USD,686,93.7041,358900094.0,3006717285.79
GO,USD,592,133.7942,132351235.0,1056943566.72
GOAI,USD,20,66.0326,24125317.0,123518413.48
GOCO,USD,157,78.0439000000001,13022822.0,27636813.72
GOEV,USD,159,2.1307,308638.0,4671704.4
GOGO,USD,464,99.8711999999999,135064996.0,568905566.03
GOLD,USD,441,94.1463,26807101.0,1103922196.5
GOLF,USD,636,111.0685,65035694.0,6145610120.11
GOOD,USD,404,53.6030000000001,25947611.0,294836202.02
GOODN,USD,2,5.8534,179199.0,3994345.71
GOODO,USD,7,13.2994,531975.0,10641565.0
GOOG,USD,6772,67.964200000007,3757501744.0,1101002953852.57
GOOGL,USD,7852,82.3715000000072,4834682847.0,1411142700490.51
GOOGM,USD,11,1.1095,2135598.0,108680582.22
GOOGN,USD,6,1.5519,2987551.0,150273815.3
GOOS,CAD,321,79.4026,36921881.0,392505739.99
GORO,USD,139,42.6919,69100366.0,83598590.98
GORV,USD,43,0.4229,15796.0,111569.23
GOSS,USD,361,76.0621000000001,359161448.0,122226414.27
GOTU,CNY,144,23.907,30622793.0,63497214.48
GOVX,USD,55,17.1977,597319.0,914335.84
GP,USD,56,31.0652,2213919.0,2597649.01
GPAC,USD,33,57.4593,13594784.0,134775077.98
GPACU,USD,62,15.1539,3121699.0,31248206.99
GPAK,USD,3,0.0,0.0,0.0
GPAT,USD,77,67.1125,24118582.0,259276147.82
GPATU,USD,43,0.8468,243488.0,2643615.17
GPC,USD,2010,96.0377000000002,132396481.0,14212819760.61
GPCR,USD,433,99.4682000000001,70697052.0,4050185575.27
GPGI,USD,467,94.6161000000001,274256594.0,5176140697.45
GPI,USD,789,101.6132,12090175.0,4161598999.79
GPK,USD,1040,115.9113,342969149.0,3840989273.35
GPMT,USD,268,53.1194000000001,25454587.0,45528860.82
GPMT_pa,USD,11,9.0572,745364.0,13079600.41
GPN,USD,1741,103.5373,283223513.0,20005214993.96
GPOR,USD,616,114.7818,20625758.0,4194307790.38
GPRE,USD,525,110.8657,77639768.0,1108057972.99
GPRK,USD,222,87.4128,56539152.0,525087790.69
GPRO,USD,342,37.6293,55217410.0,45040522.51
GPUS,USD,67,10.235,35711666.0,5337488.67
GRAB,USD,1171,87.6165000000001,3473107275.0,13624909658.65
GRABW,USD,31,,8120428.0,0.0
GRAF,USD,69,181.6478,25720666.0,275489139.06
GRAF_u,USD,53,5.262,1210288.0,12794645.28
GRAL,USD,888,79.8059000000003,34250425.0,2173533257.48
GRAN,USD,7,76.6953,15267170.0,22447604.11
GRBK,USD,665,89.6333000000001,38672136.0,2529941807.66
GRBK_pa,USD,4,4.92,98400.0,2162716.0
GRC,USD,400,88.0865000000001,23264049.0,1452556266.08
GRCE,USD,64,51.6379,8403594.0,31526069.84
GRDN,USD,332,90.4846000000001,45044346.0,1653885485.93
GRDX,USD,35,20.7074,1400275.0,4898876.12
GREE,USD,66,22.5566,3473795.0,5577910.44
GRFS,EUR,343,56.9687,147105947.0,1285046578.78
GRFX,,11,0.003,1432.0,358.0
GRI,USD,20,3.2633,57788.0,159068.86
GRML,USD,59,20.6762,30996678.0,12633193.02
GRMN,USD,1918,73.8768000000006,142479429.0,32556549763.41
GRND,USD,440,104.6022,185905641.0,2604252635.26
GRNQ,USD,24,66.5154,12057669.0,19283035.65
GRNT,USD,334,88.4620000000001,116677179.0,560235890.1
GRO,USD,57,40.9295,25087689.0,80760794.91
GROM,USD,3,0.0,0.0,0.0
GROV,USD,71,61.8223,25978738.0,30481359.39
GROW,USD,65,51.4706,5319818.0,13976504.56
GROY,USD,227,48.558,123552394.0,420725478.18
GRPN,USD,388,173.5908,65936787.0,935094393.91
GRP_u,CAD,285,25.5856,15502204.0,1008764276.44
GRRR,USD,145,25.7456,7145127.0,91003178.95
GRTX,USD,10,27.9362,56785886.0,5252658.54
GRVY,KRW,104,77.3416,5374387.0,329619627.95
GRWG,USD,244,40.6104,24403204.0,32735162.01
GS,USD,4449,75.6966000000037,223323408.0,191702544446.08
GSAT,USD,589,86.9294,111955245.0,8634489356.45
GSBC,USD,287,78.1542000000001,8506624.0,557919946.78
GSBD,USD,416,40.1379,45182687.0,410532170.73
GSHD,USD,566,123.0377,29278643.0,1293925463.79
GSHR,USD,51,93.9717,14039970.0,144746615.61
GSHRU,USD,47,8.7784,1311553.0,13494963.31
GSIT,USD,149,41.9031,16044283.0,100466984.25
GSIW,USD,22,8.7069,122979.0,2786469.16
GSK,GBP,1577,17.7525999999997,383007472.0,20912858528.14
GSL,USD,374,59.6022,21477923.0,781350636.66
GSL_pb,USD,3,6.6597,290310.0,7736761.5
GSM,USD,341,99.1991,185364090.0,811380734.93
GSRF,USD,46,84.5694,20005318.0,200406953.17
GSRFR,USD,37,,2889297.0,7079707.85
GSRFU,USD,50,11.042,2612026.0,26723241.15
GSRV,USD,1,6.4171,1519000.0,0.0
GSUN,USD,11,5.1233,493169.0,826353.56
GSX,,4,43.2309,23777.0,715687.7
GS_pa,USD,17,1.0932,327993.0,6286166.1
GS_pc,USD,11,10.3213,825713.0,15898195.08
GS_pd,USD,30,12.5786,6792292.0,128411082.84
GT,USD,807,98.6261000000001,283496176.0,2024165928.24
GTBP,USD,82,10.1063,4461726.0,2080320.15
GTE,USD,177,64.1543,22684807.0,176030005.57
GTEC,USD,47,3.4738,713234.0,484396.51
GTEN,USD,71,101.348,36591825.0,374937993.07
GTENU,USD,24,13.3271,4811758.0,49218768.09
GTERA,USD,51,83.2221,14891593.0,151869252.1
GTERR,USD,33,,10625975.0,1347385.92
GTERU,USD,23,14.666,2624286.0,27307438.67
GTES,USD,777,108.8162,276389414.0,6270448186.72001
GTI,USD,21,66.9197,2573112.0,2615767.12
GTIM,USD,40,36.7376,3878713.0,4652175.69
GTLB,USD,1021,90.4948000000001,151273298.0,3566686795.68
GTLS,USD,1130,105.4911,50497983.0,10420987943.21
GTLS_pb,USD,41,0.0146,1026.0,56665.32
GTM,USD,816,128.8448,379732092.0,2669416006.23
GTN,USD,467,98.0495000000001,91058875.0,401320829.32
GTNa,USD,30,93.9859,9275773.0,114916620.41
GTX,USD,778,97.5327999999999,182571371.0,3580942438.06
GTY,USD,581,98.3894,60932066.0,1940824796.04
GUAC,USD,6,32.7833,10330000.0,103816500.0
GURE,USD,32,30.9072,427174.0,2282749.25
GUT,USD,170,9.41140000000001,8433081.0,50977129.34
GUTS,USD,206,61.9738,98320373.0,159491061.07
GUT_pc,USD,1,0.0,0.0,0.0
GV,USD,23,4.5365,254380.0,287770.31
GVA,USD,747,117.1597,51253672.0,6152708901.65
GVH,USD,20,3.6586,88371.0,311100.74
GWAV,USD,39,9.8076,81368.0,1254783.44
GWH,USD,135,32.0293,9413146.0,14717490.34
GWH_t,USD,22,,1940570.0,0.0
GWRE,USD,1275,109.5193,91192424.0,13410912344.15
GWRS,USD,211,84.0617,24179248.0,183298176.53
GWW,USD,2283,82.4678000000001,38936629.0,42414947211.6701
GXAI,USD,27,8.3994,902505.0,1578330.45
GXO,USD,972,106.2066,122190523.0,6353996897.74
GYRE,USD,125,90.1038,82329478.0,490690280.22
GYRO,USD,25,66.68,1466503.0,12715988.38
H,USD,991,127.1235,52159232.0,7850512967.59
HACQ,USD,7,31.2697,8990000.0,89306600.0
HAE,USD,720,112.2214,51007309.0,2987775834.34
HAFC,USD,429,99.9422,29633808.0,787938958.64
HAFN,USD,380,80.1505000000001,400626144.0,3017464591.39
HAIA,USD,12,95.8429,5290600.0,62005832.0
HAIN,,501,80.146,72334419.0,59720459.09
HAL,USD,2081,82.3510000000005,687968093.0,25468955068.3401
HALO,USD,1268,109.9855,130458786.0,8625066648.27998
HAO,USD,22,0.05,3504.0,508938.24
HAPN,USD,559,93.5241000000002,107881722.0,1650085297.6
HAS,USD,1447,94.1145000000001,133164523.0,12026957771.63
HASI,USD,806,111.9144,143027016.0,5191205892.81
HAVA,USD,36,63.1604,10017137.0,100099676.7
HAVAR,USD,29,,11015276.0,1322933.41
HAVAU,USD,33,16.8715,2503707.0,25296264.69
HAWK,USD,43,53.5384,52446209.0,1650289068.37
HAYW,USD,581,109.6424,237884861.0,3308960987.78
HBAN,USD,1974,90.7466000000007,1833518864.0,28911620369.2601
HBANL,USD,29,30.8765,4013943.0,100646506.99
HBANM,USD,11,10.7939,755578.0,15610241.48
HBANP,USD,23,0.0989,19791.0,337451.84
HBB,USD,203,71.0239,7074142.0,133014875.26
HBCP,USD,249,60.9368,4794508.0,293705912.81
HBI,USD,246,1.1078,3919146.0,25809579.07
HBIO,USD,194,53.3431,2405870.0,13481957.33
HBM,USD,675,76.4417000000001,339326563.0,7253227359.42
HBNB,,20,95.0453,222436709.0,1392449158.35
HBNC,USD,393,81.2094,41496430.0,690192952.15
HBT,USD,254,78.9334000000001,28716913.0,767805097.219999
HCA,USD,2489,95.0904000000005,210956361.0,103062576199.07
HCAC,,33,56.5657,12056441.0,120042861.12
HCACR,,38,,16895607.0,4056058.34
HCACU,,62,14.3565,2971842.0,30427891.58
HCAI,USD,20,6.0775,463725.0,27802211.25
HCAT,USD,369,83.2892,61545887.0,100206849.91
HCC,USD,658,113.445,59901600.0,5360253961.15
HCHL,USD,17,35.8007,6362525.0,31968893.25
HCI,USD,542,87.3076000000002,11144529.0,1822844904.07
HCIC,USD,12,21.4881,5333536.0,52469158.88
HCICR,USD,14,,6534043.0,1143582.23
HCKT,USD,393,97.3294000000001,24516177.0,345672760.58
HCM,USD,122,2.5782,4498058.0,66386111.63
HCMA,USD,63,93.2443,23590638.0,237963375.51
HCMAU,USD,46,10.1835,2576458.0,26266628.0
HCSG,USD,498,115.2861,79138726.0,1496302893.25
HCTI,USD,40,3.9417,79932.0,1319160.49
HCVI,USD,53,94.6159000000001,51549275.0,176563559.54
HCWB,USD,46,14.2034,226803.0,994584.69
HCWC,USD,74,25.9699,6905616.0,1377849.59
HD,USD,5888,75.9424000000056,757204985.0,250318028702.691
HDB,INR,1301,13.5403,695287957.0,17908444374.02
HDL,USD,22,1.2921,840193.0,15046726.68
HDRN,USD,74,42.2961,29025375.0,288735589.2
HDSN,USD,396,97.8425000000001,41161027.0,254777729.37
HE,USD,669,85.5059,147613752.0,2084237809.06
HEI,USD,1337,100.0121,55242125.0,16112383136.97
HEIa,USD,1092,95.5831000000003,80769257.0,17599839227.2
HELE,USD,552,103.0891,24010040.0,368003874.61
HELP,CAD,161,53.7783,37359457.0,195635288.38
HEPA,,37,38.6376,11251008.0,703188.0
HEPS,TRY,116,95.919,342646432.0,993006823.16
HERE,CNY,75,12.913,4876487.0,23944799.91
HESM,USD,560,91.5392,117491462.0,4350521054.28
HFBL,USD,35,50.788,1551011.0,26770367.49
HFFG,USD,165,48.1527,25749784.0,48661977.76
HFRO,USD,189,93.0594,51560960.0,292156200.23
HFRO_pa,USD,3,2.3628,137040.0,2190778.8
HFRO_pb,USD,2,2.3846,95383.0,1583357.8
HFWA,USD,397,83.4936000000001,34155159.0,889472964.77
HG,USD,435,88.8546,59116985.0,1743798291.71
HGAS,USD,9,91.594,6849646.0,513802.5
HGBL,USD,99,53.7806,18680571.0,25340109.1
HGTY,USD,242,94.9136000000001,96625282.0,1025892506.18
HGV,USD,564,106.4896,84413419.0,3514014368.28
HHH,USD,693,92.8911000000001,55386293.0,3837124889.83
HHS,USD,63,78.5617,5828850.0,13432602.32
HI,USD,597,28.6885,20270344.0,630658521.45
HIFS,USD,237,71.6039,1572911.0,447956622.44
HIG,USD,2070,98.6569000000005,267243247.0,36082148540.95
HIG_pg,USD,19,16.1465,2228228.0,55260621.32
HIHO,USD,19,38.0445,1760113.0,1574316.44
HII,USD,1627,95.2953000000003,37550872.0,13648151688.22
HIMS,USD,1148,78.5927,175327223.0,4348963976.58001
HIMX,USD,334,50.7190000000001,88465942.0,712055727.03
HIND,USD,42,55.2405,3877074.0,9587401.49
HIPO,USD,299,56.1796,14626982.0,401444662.48
HIT,USD,51,66.8868999999999,36013384.0,37871665.05
HITI,CAD,114,23.5128,20660886.0,52519596.46
HIVE,USD,300,41.3902,109454805.0,291738053.06
HIW,USD,721,111.7181,123194179.0,2758084725.94
HIYS,,8,48.7737,229237.0,5798664.53
HKD,USD,37,0.3172,625054.0,979591.62
HKIT,USD,22,1.0078,8062.0,27932541.15
HKPD,USD,14,33.475,7866612.0,10098468.76
HL,USD,1066,75.1106000000001,503788662.0,9288895980.29
HLF,USD,504,107.4399,111382253.0,1567876002.57
HLI,USD,1038,104.5091,56724323.0,8164577081.31
HLIO,USD,471,97.8800000000001,32345569.0,2121197628.17
HLIT,USD,555,94.7249000000001,102773941.0,998042967.92
HLLY,USD,312,95.2966000000001,115751049.0,365815415.12
HLLY_t,USD,23,,5125686.0,0.0
HLMN,USD,501,105.6253,207247121.0,1737088859.02
HLN,GBP,1057,13.577,598180092.0,5976485744.96001
HLNE,USD,834,114.0912,49464591.0,4863265529.46001
HLP,USD,16,37.771,26230898.0,32429977.73
HLT,USD,2165,102.0296,232276681.0,69976382653.2299
HLX,USD,544,100.0046,147301599.0,1355847336.87
HLXC,USD,23,56.1428,9963972.0,101308750.02
HL_pb,USD,5,2.1343,3286.0,213992.68
HMC,JPY,655,4.2789,55543998.0,1419763596.1
HMH,USD,34,67.6556,7729609.0,151438097.42
HMN,USD,507,107.217,43295546.0,1897382094.78
HMR,USD,20,89.3951,52735881.0,58985007.83
HMY,ZAR,502,19.5444,122126288.0,1989806640.75
HNGE,USD,375,117.6387,64296449.0,2792824137.19
HNI,USD,627,83.6775000000001,60242919.0,2123008052.68
HNNA,USD,60,56.4016,4457088.0,44434164.94
HNRG,USD,377,86.3287,40686769.0,688821577.58
HNST,USD,373,60.3296,66410365.0,194573725.34
HNVR,USD,135,67.4444,4826794.0,111763040.67
HODL,,196,33.4781,20028109.0,484114776.2
HODO,USD,39,6.4215,4874283.0,15520680.42
HOFT,USD,207,82.6111,8873945.0,125724771.34
HOG,USD,874,117.7441,123948561.0,2535195527.21
HOLO,CNY,67,1.7125,385478.0,918074.71
HOLOW,CNY,14,,169776.0,0.0
HOLX,USD,1614,95.0651,212231302.0,15944530279.1
HOMB,USD,685,82.6103,165606951.0,4495396173.35
HON,USD,4182,83.6342000000018,265074667.0,116236092783.32
HONA,USD,665,14.0313,44468413.0,9831076746.04001
HONAV,USD,665,14.0313,44468413.0,9831076746.04001
HOOD,USD,2543,73.4181000000001,580878757.0,46068751572.1601
HOOK,USD,72,3.4089,338523.0,508846.95
HOPE,USD,489,97.8441000000002,125083785.0,1400113868.34
HOTH,USD,49,6.4617,1358435.0,1144496.34
HOUR,USD,21,95.3572,33558050.0,61742049.93
HOUS,USD,445,30.2878,33962130.0,477646394.87
HOV,USD,364,75.2523000000001,3816789.0,434892275.46
HOVNP,USD,4,2.4652,138050.0,2833330.0
HOVR,CAD,58,23.1391,15460522.0,29861129.65
HOWL,USD,157,27.8024,13511049.0,8878611.97
HP,USD,773,110.3996,110326894.0,3790306070.74
HPAI,USD,22,78.9685,29729195.0,142107250.54
HPAIW,USD,30,,6774840.0,0.0
HPCO,USD,5,0.0,0.0,0.0
HPE,USD,2277,95.9394000000002,1270501933.0,31292112051.64
HPE_pc,USD,165,85.3485000000001,25604327.0,1716862993.43
HPK,USD,304,104.1114,131553361.0,890502291.29
HPP,USD,601,116.1095,62980163.0,468545486.46
HPP_pc,USD,22,28.1555,4786477.0,66831160.91
HPQ,USD,2211,95.6872000000003,875090349.0,17255051503.88
HQ,SGD,23,92.5097,29449182.0,361984599.9
HQI,USD,129,73.0581,10155008.0,117777837.05
HQY,USD,986,109.5098,91555120.0,7788606618.16
HR,USD,859,117.1717,406024494.0,6925912776.47
HRB,USD,1111,96.8485000000002,122766673.0,4393149702.87999
HRI,USD,718,103.6122,34599581.0,4010615820.37
HRL,USD,1339,95.4391000000003,525218502.0,12108358774.11
HRMY,USD,607,108.5184,62824958.0,1938687328.26
HROW,USD,430,74.4477000000002,27750404.0,1069607340.96
HRTG,USD,399,85.4874,25945130.0,691136135.82
HRTX,USD,342,84.5743999999999,160081644.0,165800663.77
HRZN,USD,161,7.3487,5016120.0,23664932.94
HSAI,CNY,357,47.3465,61619538.0,1296345941.34
HSBC,USD,975,2.50600000000004,86126409.0,7057944489.99
HSCS,USD,29,24.7043,963338.0,2418697.12
HSCSW,USD,7,,734913.0,0.0
HSDT,USD,80,51.7599,30215713.0,55195146.36
HSHP,USD,217,91.2365,43013321.0,535984852.5
HSIC,USD,1182,107.7416,122736387.0,9120460313.96001
HSII,USD,95,2.8581,594031.0,30895154.16
HSLV,USD,94,59.9953,122074529.0,648478550.760001
HSPTR,USD,20,,5447236.0,1139359.99
HST,USD,1413,106.6294,730275684.0,13956058255.59
HSTM,USD,471,91.4522999999999,26717863.0,579820696.27
HSY,USD,2614,86.0830000000002,127602576.0,25624636342.11
HTB,USD,289,73.9548000000001,12370995.0,538403387.48
HTBK,USD,417,80.2258,49412602.0,606482312.559999
HTCO,USD,23,42.2732,3788949.0,36343948.48
HTCR,USD,30,59.0872,851000.0,4363542.62
HTFL,USD,295,78.3372000000002,67558773.0,1808018893.26
HTGC,USD,590,36.6425000000001,68566302.0,1095902218.65
HTH,USD,477,92.7165000000001,53114143.0,1942111760.35
HTHT,CNY,603,52.4750000000001,161177807.0,8009851869.8
HTLD,USD,419,103.6052,80283950.0,868821345.2
HTLM,USD,6,94.8033,85026655.0,205755222.17
HTO,USD,623,132.6754,55511846.0,3222560017.49
HTOO,EUR,43,8.3715,589980.0,1818061.58
HTT,CNY,96,31.7853,29176393.0,60485604.84
HTZ,USD,591,118.6755,374736363.0,1697628150.62
HTZWW,USD,134,,45075400.0,0.0
HUBB,USD,1774,97.7008000000004,51627864.0,25091696781.2499
HUBC,USD,58,0.6307,153080.0,642431.81
HUBCZ,USD,25,,2194896.0,0.0
HUBG,USD,614,111.7397,67690264.0,2542735223.85
HUBS,USD,1722,101.1468,51806529.0,14347905412.59
HUDI,USD,18,71.2219,10184155.0,13822154.73
HUHU,USD,17,70.3218,18574584.0,187601692.82
HUIZ,CNY,17,28.5957,2459285.0,4051581.19
HUM,USD,1960,98.1275000000003,117814958.0,23296343277.71
HUMA,USD,365,29.3496,78649915.0,51239619.58
HUMAW,USD,14,,504647.0,0.0
HUN,USD,785,110.7709,194270051.0,2501927839.29
HURA,USD,158,49.1311,31288637.0,67230023.3
HURC,USD,137,88.2419,5714530.0,90113617.1600001
HURN,USD,640,111.4101,18061699.0,2405082484.83
HUT,USD,693,83.9941000000001,102999782.0,5497699213.14999
HUYA,CNY,221,47.0079,37326238.0,120257971.59
HVII,USD,80,113.7037,22388262.0,231908517.69
HVIIR,USD,48,,16535972.0,4743144.06
HVIIU,USD,19,12.0408,2289550.0,23062743.16
HVMC,USD,59,85.7627,20291329.0,203614938.57
HVMCU,USD,64,9.071,2146236.0,21824720.12
HVT,USD,327,100.7953,15003807.0,327311229.88
HVTa,USD,19,85.5142,1034701.0,24944238.48
HWBK,USD,144,49.3985,3408812.0,121277910.19
HWC,USD,721,98.8311,80209324.0,5125278184.08
HWH,USD,32,81.8893,6327047.0,8963791.5
HWKN,USD,605,88.2622000000002,18452238.0,2780007485.42
HWM,USD,2411,94.8977000000003,379714648.0,85823623035.0002
HWM_p,USD,1,0.0,0.0,0.0
HXHX,USD,18,49.3592,4417654.0,2601155.13
HXL,USD,904,122.1537,92137299.0,7354629324.27
HY,USD,404,84.1319999999999,12174605.0,405103727.56
HYFM,USD,84,39.325,1872628.0,2844929.24
HYFT,CAD,58,19.318,9076487.0,11396035.25
HYLN,USD,280,53.8814,96087056.0,319726901.22
HYMC,USD,274,66.5409999999999,60791735.0,2006857710.55
HYNE,USD,39,32.1763,2605307.0,38922398.23
HYPD,USD,104,24.6372,3720726.0,13685645.75
HYPR,USD,97,20.1636,16981318.0,18486483.61
HYT_r_w,USD,2,,0.0,0.0
HZO,USD,376,108.4373,23948086.0,666345693.05
IAC,USD,753,122.2931,83890691.0,3386087811.01
IACO,USD,6,2.5451,890776.0,8826590.16
IACQ,,2,7.1974,1490226.0,14887357.74
IAG,USD,647,73.8241000000001,423985663.0,7851999664.09
IART,USD,498,114.5034,89079640.0,929568553.11
IAU,,2492,50.5595000000008,412513309.0,36141600011.6099
IAUX,USD,385,61.1011000000001,529071373.0,795255639.08
IBAC,USD,65,104.3917,5231727.0,55530798.84
IBACR,USD,42,,7622133.0,793430.49
IBCP,USD,381,93.5722000000001,19278350.0,643571944.47
IBEX,USD,336,103.7175,13886906.0,423621029.9
IBG,USD,17,5.9978,269743.0,1995332.83
IBGC,,1,33.3333,50000.0,1252860.0
IBGM,,1,33.3333,50000.0,1250325.0
IBHM,,1,88.8889,400000.0,10024640.0
IBIM,,1,33.3333,50000.0,1254250.0
IBIO,USD,99,50.973,25322873.0,47972568.92
IBKR,USD,1805,92.8702999999999,413737172.0,28075570143.23
IBM,USD,5176,65.5967000000048,618041884.0,152070635430.08
IBMU,,1,66.6667,100000.0,2516730.0
IBMV,,1,66.6667,100000.0,2515450.0
IBN,INR,1161,18.2938999999999,656263671.0,17414395952.14
IBO,USD,51,91.5879,98751653.0,50142542.09
IBOC,USD,514,83.6656000000002,52024512.0,3558386593.85
IBP,USD,881,113.6425,30343990.0,7992118376.82
IBRX,USD,602,79.4805000000003,832451627.0,7536290435.41
IBTA,USD,345,101.7201,20544977.0,598799542.63
IBTR,,1,33.3333,50000.0,1251905.0
ICCC,USD,58,52.8997,4785706.0,37885676.83
ICCM,USD,44,36.4549,1249204.0,11194998.09
ICCT,USD,39,10.4852,465824.0,463867.15
ICE,USD,2954,96.9566000000007,548318341.0,86055195883.3303
ICFI,USD,620,93.2035,16873810.0,1175484736.35
ICG,CNY,24,1.0441,299749.0,425240.63
ICHR,USD,522,101.8098,35497091.0,1826428114.12
ICL,USD,533,81.0042000000001,1045539555.0,5439658975.45999
ICLR,USD,1321,105.0331,80456668.0,9263617205.42
ICMB,USD,34,53.4744,7717672.0,13057783.56
ICON,USD,21,10.5428,382086.0,519496.11
ICR_pa,,2,0.9233,93418.0,2010550.5
ICU,USD,51,15.4765,618598.0,2311208.04
ICUCW,USD,23,,1259205.0,0.0
ICUI,USD,626,116.4212,29098033.0,3885583948.7
IDA,USD,931,104.1057,57683663.0,8074666311.36001
IDAI,USD,46,35.9485,2013094.0,5407326.24
IDCC,USD,1084,106.2555,27461354.0,8287659538.33
IDEX,,10,0.0,0.0,0.0
IDN,USD,139,58.8331,11914429.0,79401217.7599999
IDR,USD,291,50.8653,8041862.0,275841782.87
IDT,USD,413,74.2279000000001,17291037.0,878959672.58
IDXX,USD,2431,98.7208000000006,77874702.0,44877854186.4899
IDYA,USD,524,104.1449,98997218.0,3294297375.32
IE,USD,426,98.1101,156562929.0,1839808679.22
IEAG,USD,32,55.2348,19274227.0,192793518.0
IEAGU,USD,34,31.0716,10828451.0,109908822.65
IESC,USD,685,99.1490000000002,19754230.0,11419894794.16
IEX,USD,1365,102.261,75689968.0,14338996830.04
IFBD,USD,9,0.3343,27377.0,26426.37
IFF,USD,1593,106.1786,271084311.0,19542063992.8399
IFRX,EUR,89,33.3703,49151934.0,84691281.39
IFS,PEN,230,97.2722,108042453.0,4866484700.65
IGAC,USD,39,61.4911,11142185.0,110263395.75
IGACR,USD,40,,14569164.0,2768141.16
IGACU,USD,46,10.1658,1604155.0,16265710.5
IGC,USD,64,35.3615,36889418.0,9974335.6
IGIC,USD,140,84.5060000000001,36045531.0,888841755.21
IGT,USD,501,97.4676000000002,179042087.0,2457996958.16
IGTA,USD,20,60.753,1701214.0,11097491.0
IH,CNY,22,0.6391,142631.0,265865.37
IHG,USD,490,10.7772,16017322.0,2153139087.06999
IHRT,USD,296,95.0446000000002,123617306.0,408480209.0
IHS,USD,261,91.4508,306837301.0,2485888808.07
IHT,USD,24,70.829,6659378.0,10129097.58
IHYF,,26,92.6754,6811645.0,150286004.79
III,USD,266,96.0047,45928139.0,214642787.75
IIIN,USD,418,91.0461,17625304.0,585067426.710001
IIIV,USD,365,132.1576,25836481.0,586651700.230001
IINNW,USD,5,,199083.0,0.0
IIPR,USD,732,74.1399000000001,21496746.0,1090450590.85
IIPR_pa,USD,4,16.0777,910980.0,22619633.4
IJJ,,1173,74.5282000000002,44120724.0,5842671877.5
IKT,USD,181,93.7786,147263046.0,257580128.86
ILAG,USD,21,53.0468,1101756.0,4103670.5
ILLR,USD,121,13.6698,2720285.0,11467169.62
ILLRW,USD,19,,23798.0,0.0
ILLU,USD,5,1.7261,407762.0,4036312.26
ILMN,USD,1794,106.9466,161810005.0,20536449046.56
ILPT,USD,327,70.9758999999999,47315925.0,269903971.34
IMA,USD,109,55.6252,6272498.0,37074071.48
IMAQ,USD,4,92.1058,6296900.0,65172915.0
IMAX,USD,503,117.4917,64439341.0,2477878881.5
IMCC,CAD,28,35.6083,2216033.0,2380538.42
IMCR,USD,294,97.6869,49688924.0,1596923037.32
IMDX,USD,81,79.3143,25610758.0,112916409.74
IMG,USD,42,5.7852,111094477.0,46254082.18
IMKTA,USD,448,100.7121,14652304.0,1232824274.17
IMMP,AUD,56,2.3865,3516904.0,3087091.93
IMMR,USD,319,69.1729,22896549.0,138760802.54
IMMX,USD,136,64.4467000000001,44719143.0,402681443.08
IMNM,USD,398,125.4647,142089578.0,3084713021.83
IMNN,USD,54,15.1724,637577.0,1858922.6
IMO,CAD,826,97.1270000000003,469707738.0,53317429240.5999
IMOS,TWD,116,6.9438,2430267.0,90157801.99
IMPP,USD,104,63.8018,28847408.0,127280597.91
IMPPP,USD,2,0.1025,816.0,21069.12
IMRN,AUD,15,1.0514,84859.0,65748.76
IMRX,USD,176,58.9503,38139423.0,222513972.25
IMSR,USD,227,52.8986,43504605.0,297598230.01
IMTE,USD,15,18.4747,636717.0,522156.53
IMTX,EUR,197,92.5322,126466850.0,1272686771.27
IMUX,USD,139,49.7878,6781906.0,83137686.11
IMVT,USD,468,111.3203,229736127.0,5809325219.40999
IMXI,USD,413,101.6285,30584621.0,476324580.95
INAB,USD,62,51.6232,5027144.0,9862305.85
INAC,USD,56,89.0674,13141915.0,132963781.47
INACR,USD,35,,9342125.0,1447428.36
INACU,USD,22,9.6764,1115682.0,11402270.04
INBK,USD,269,85.3577000000001,7440331.0,156111078.48
INBS,USD,31,4.2674,102071.0,349220.61
INBX,USD,276,103.7566,15222274.0,1236781520.53
INCR,ILS,40,40.2619,23846496.0,19913765.16
INCY,USD,1661,108.5653,216890247.0,21292580369.0299
IND,,4,69.4271,138855.0,2942629.04
INDB,USD,616,91.9982000000001,43810540.0,3320803868.45
INDI,USD,440,111.0041,234540279.0,810139202.420001
INDO,USD,26,36.4834,5613663.0,18903493.91
INDP,USD,43,97.1301,109992297.0,327715851.89
INDV,USD,572,114.5954,138660799.0,4423426244.96
INEO,USD,10,84.174,10244501.0,5213717.28
INFA,USD,196,0.19,502676.0,11495615.58
INFU,USD,256,88.1686,17796994.0,160982073.69
INFY,INR,1045,12.5781,509389661.0,6835748851.37001
ING,EUR,826,5.96090000000001,171518744.0,4570777201.43
INGM,USD,311,95.2391000000001,220618368.0,6050535455.12
INGN,USD,296,86.9512,23541682.0,154255149.93
INGR,USD,1259,100.3951,63308608.0,7017583639.46
INHD,USD,24,0.6162,27861.0,6769018.13
INIO,USD,36,89.1203,668403606.0,26435362617.3
INKT,USD,63,63.2159,3149104.0,38143093.56
INLF,USD,33,8.1828,85663.0,74175360.16
INLX,USD,29,48.5339,2181347.0,16250414.31
INM,USD,34,68.8334,2281177.0,3618158.39
INMB,USD,190,29.703,7896749.0,10912363.06
INMD,USD,521,72.4386000000001,41671536.0,575895604.349999
INN,USD,451,102.582,111162502.0,538740469.45
INNV,USD,195,98.5748000000001,133801482.0,662931041.87
INN_pe,USD,14,45.2237,2894307.0,50785879.72
INN_pf,USD,13,35.2418,1409665.0,23480779.9
INO,USD,264,46.8558,38549848.0,66908534.52
INOD,USD,560,59.9299000000001,19570237.0,997580941.190001
INR,USD,258,108.3955,20325952.0,342070997.92
INSE,USD,216,90.3005000000001,24087903.0,187500555.89
INSG,USD,248,76.2920999999999,12417819.0,171999867.33
INSM,USD,1315,107.0025,231933807.0,38373894818.6701
INSP,USD,812,120.2716,34654651.0,2043005883.43
INSW,USD,677,95.6562000000002,47354737.0,3277265022.57
INTA,USD,605,100.4088,77376014.0,2324411176.14
INTC,USD,4508,81.120400000004,4091176995.0,201921502187.7
INTE,USD,16,87.2541,2824999.0,29408239.59
INTG,USD,26,75.343,1618984.0,62859958.19
INTJ,HKD,13,25.6677,375391.0,3754077.2
INTR,BRL,328,66.3758,216230840.0,1681068876.08
INTS,USD,57,10.041,271391.0,1546455.7
INTT,USD,149,76.8431,9654931.0,124841941.23
INTU,USD,3913,97.4578000000013,266616579.0,116098556080.25
INTZ,USD,65,39.7328,9042003.0,10050387.62
INUV,USD,74,24.7102,4054676.0,7703973.79
INV,USD,199,59.8931,50337526.0,252857610.78
INVA,USD,581,108.431,80031905.0,1797560887.81
INVE,USD,110,77.3539,18569793.0,65472836.11
INVH,USD,1252,99.9626000000002,593822920.0,15270672292.87
INVX,USD,424,108.2362,75568792.0,1890190885.36
INVZ,USD,234,24.8196,54940365.0,38929272.92
INVZW,USD,14,,98730.0,0.0
IOBT,USD,57,35.5479,25576318.0,9315349.36
IONM,USD,1,0.0,0.0,0.0
IONQ,USD,1314,55.9060000000003,208682729.0,7034505363.24999
IONQ_t,USD,23,,209153.0,0.0
IONR,USD,41,4.3968,3393515.0,14505639.43
IONS,USD,954,106.9886,176812902.0,13487064920.03
IOR,USD,10,92.0352,3742317.0,68979427.85
IOSP,USD,538,104.7388,25798335.0,1920623523.72
IOT,USD,1169,107.5766,401000777.0,12798557865.72
IOTR,USD,8,3.3337,101084.0,320008.35
IOVA,USD,630,68.1005,304070124.0,979249306.759999
IP,USD,1761,99.8390000000002,528680410.0,19118669036.95
IPAR,USD,643,112.4044,35998625.0,3187385341.18
IPCX,USD,76,110.3578,28737182.0,293173723.95
IPCXR,USD,51,,19654730.0,6885283.02
IPCXU,USD,27,5.2232,1360139.0,14286608.11
IPDN,USD,27,37.2119,4774424.0,4117071.63
IPEX,USD,52,102.4119,11182738.0,116147766.55
IPEXR,USD,38,,8225052.0,4868676.87
IPEXU,USD,11,1.945,172922.0,1762212.5
IPFX,USD,6,7.9863,2020509.0,20892063.06
IPG,USD,446,0.3676,1329245.0,35040655.35
IPGP,USD,683,116.7215,49541437.0,5257251400.07
IPHA,EUR,22,2.1328,1998329.0,3400756.89
IPI,USD,316,84.7092,11379086.0,431455119.54
IPM,USD,43,49.522,4474710.0,7645062.47
IPO-JATT,USD,5,39.8348,3196753.0,34900374.03
IPOD,USD,56,99.1765,14363579.0,147472213.17
IPODU,USD,23,7.0453,1020332.0,10509571.82
IPSC,USD,176,79.1713,142788991.0,286517154.0
IPST,USD,48,13.2206,90590.0,480355.59
IPW,USD,37,26.5009,175235.0,997647.12
IPWR,USD,63,35.5354,5688528.0,21021060.07
IPX,USD,105,14.8544,5379600.0,150528740.31
IQ,CNY,419,52.4447,278264140.0,400036953.06
IQMX,USD,61,5.4216,14228531.0,149379734.54
IQST,USD,41,7.8358,527812.0,3016344.11
IQV,USD,2189,107.7396,179821400.0,33568188991.76
IR,USD,1767,102.9732,402982722.0,32231564070.91
IRAA,USD,32,35.9437,24139926.0,3346220.11
IRAB,USD,21,44.4757,7688974.0,75575307.5
IRAB_u,USD,18,31.3611,5421711.0,53997731.56
IRBT,USD,332,5.3932,1716495.0,3705095.43
IRD,USD,136,65.6345,54181360.0,247288197.31
IRDM,USD,832,105.5269,111811533.0,3406053049.1
IREN,USD,996,54.7911000000002,195814827.0,6740495563.06
IRHO,USD,31,55.8331,16370160.0,161840648.5
IRHOR,USD,38,,12477759.0,1773089.53
IRHOU,USD,68,33.2943,7847492.0,78149348.06
IRIX,USD,62,55.1203,9594551.0,9971174.86
IRM,USD,1988,88.9206000000003,264562776.0,26752422476.3401
IRMD,USD,408,94.6720000000001,12101999.0,1107062912.9
IRON,USD,401,116.0657,44336377.0,3204630106.26
IRS,ARS,143,18.4802,14091240.0,225029602.66
IRS_t,ARS,9,,602133.0,0.0
IRT,USD,777,104.1365,245463771.0,3793804101.96
IRTC,USD,661,103.9231,34151755.0,4409444668.62
IRWD,USD,525,99.6826000000001,164087293.0,572884997.370001
ISBA,USD,80,20.7962,1586435.0,70891585.54
ISOU,CAD,98,67.8919,44301999.0,483069801.54
ISPC,USD,26,1.5688,22544.0,217022.45
ISPR,USD,129,75.0126,43056939.0,80816024.58
ISRG,USD,3992,92.3641000000021,326325250.0,150227056685.429
ISRL,USD,41,84.8414,1072880.0,14740277.16
ISSC,USD,230,75.3638,13484228.0,256666128.12
ISTR,USD,214,65.5519000000001,9031368.0,246720185.53
IT,USD,1883,118.3154,79215141.0,14189539821.39
ITG,,5,61.6358,29859191.0,429017706.59
ITGR,USD,722,119.6897,40640211.0,3499536945.51
ITHA,USD,34,43.2156,9939577.0,98522027.82
ITHAU,USD,72,25.337,5827511.0,58046606.61
ITIC,USD,249,78.6737,1485360.0,345059844.61
ITOC,USD,25,1.933,2114415.0,6103751.72
ITP,USD,23,8.2017,1391463.0,332850.81
ITRG,USD,204,46.4624,94217506.0,259142632.36
ITRI,USD,952,124.538,55219463.0,4969047146.94
ITRM,USD,56,3.8316,2041890.0,369487.54
ITRN,USD,328,83.4059,16521624.0,836432256.42
ITT,USD,1186,97.7904000000004,87426569.0,16279309933.07
ITUB,BRL,755,26.8387999999999,1450288070.0,11558030517.88
ITW,USD,3002,85.5655000000001,246185439.0,63672306403.9999
IVA,EUR,82,27.4381,57235896.0,307216060.73
IVCA,,20,99.7821,6468750.0,77625000.0
IVCB,USD,30,95.8181,10205119.0,70809277.5
IVDA,USD,39,13.2108,1531578.0,429380.45
IVF,USD,32,19.5571,349298.0,1502152.51
IVP,USD,33,0.0168,53800.0,2560.89
IVR,USD,371,37.2103,38092228.0,307163794.6
IVR_pc,USD,6,23.8294,1617884.0,39856044.73
IVT,USD,641,83.6435999999999,65188404.0,2009240227.22
IVVD,USD,261,101.0562,297718409.0,588730752.68
IVZ,USD,1212,95.0554000000003,421378593.0,10454654941.14
IX,JPY,417,3.18060000000001,34851865.0,1055731499.85
IXAQ,USD,12,85.0942,4002121.0,48265579.26
IXHL,USD,59,17.0141,2036483.0,17743898.16
IZEA,USD,78,36.65,6418604.0,23204672.65
IZM,USD,14,6.195,507289.0,1153015.68
J,USD,1693,91.5911000000003,108151521.0,13858401650.83
JACK,USD,459,113.6367,21674706.0,321174972.21
JACS,USD,65,100.748,24018217.0,252481421.36
JACS_r,USD,47,,21491482.0,2589536.56
JACS_u,USD,48,4.4235,1017412.0,10525623.42
JAGU,USD,18,48.8929,9873332.0,23690082.46
JAGX,USD,34,1.3796,35506.0,1154930.39
JAKK,USD,272,87.3542,9997239.0,199846829.04
JAN,USD,153,86.0561000000002,182617226.0,5042004023.81
JANX,USD,481,109.8397,66985186.0,964586530.73
JATT,USD,5,39.8348,3196753.0,34900374.03
JAZZ,USD,1182,112.6976,70794014.0,13612898316.06
JBDI,USD,18,76.6483,7292713.0,16902870.29
JBGS,USD,481,101.1667,58935671.0,887033105.15
JBHT,USD,1472,102.2431,96028246.0,20972212586.14
JBI,USD,514,110.3766,150545102.0,850450547.41
JBIO,USD,250,96.004,58348383.0,941100732.59
JBL,USD,1861,99.5239000000002,104291986.0,28031186976.92
JBLU,USD,728,90.5417000000001,336836413.0,1573911165.97
JBS,USD,501,77.7272,632868178.0,11176020115.19
JBSS,USD,451,111.6973,10155669.0,781303720.180001
JBTM,USD,763,106.8554,55637444.0,7396724724.7
JCAP,USD,199,102.8825,57015743.0,1165207482.22
JCI,USD,2595,94.2244000000004,574894037.0,74349095189.1598
JCSE,SGD,12,0.0356,625.0,793.49
JCTC,USD,39,51.0785,1798016.0,4413946.15
JD,CNY,1247,17.1944,214684008.0,6251995126.4
JDZG,CNY,10,0.4884,25092.0,1068214.8
JEF,USD,1170,99.7611,193517497.0,8871377815.74
JELD,USD,439,97.0507000000001,83610924.0,137664091.96
JEM,HKD,13,11.829,76055.0,3437324.38
JENA,USD,56,85.8902,19947943.0,203463180.88
JENA_r,USD,41,,18274164.0,3107217.84
JENA_u,USD,54,14.8119,3440120.0,36129979.72
JETD,CAD,6,4.5351,68027.0,340815.27
JETU,CAD,2,0.0,0.0,0.0
JEWL,USD,10,0.0,0.0,0.0
JF,USD,18,3.7814,647679.0,595570.66
JFB,USD,56,46.8068,9462803.0,46353346.77
JFIN,CNY,76,29.3917,7444765.0,23304172.59
JFU,CNY,16,47.1385,4108211.0,16023604.25
JG,CNY,23,10.4203,488441.0,3407825.09
JHG,USD,945,91.9545000000002,141680850.0,7270344990.75998
JHX,USD,652,49.3041000000001,286130330.0,5891737243.65999
JILL,USD,238,102.8338,15374877.0,199080301.03
JJSF,USD,538,100.0582,18764230.0,1563040578.52
JKHY,USD,1524,107.8578,76635803.0,12321225965.4
JKS,CNY,295,80.1721,41986122.0,1042258947.79
JL,USD,14,21.5725,356529.0,2473617.58
JLHL,CNY,6,87.7713,10048612.0,47293390.29
JLL,USD,1202,99.4208000000001,46125790.0,14469605522.81
JMG,HKD,7,40.9444,8316838.0,54974299.18
JMIA,USD,308,39.5629,48999436.0,430797740.74
JMSB,USD,162,62.6391,8839893.0,181475006.43
JNJ,USD,6369,76.8982000000063,1853298954.0,449712593718.136
JOB,USD,62,51.783,56894114.0,12261568.36
JOBY,USD,926,73.4221000000003,722219299.0,6621459033.21
JOBY_t,USD,39,,4594496.0,0.0
JOE,USD,573,86.9729000000001,49931338.0,3108730389.14001
JOUT,USD,279,77.7675000000001,7207810.0,326909123.18
JOYY,USD,443,68.8649000000001,23452687.0,1406715722.25
JPM,USD,6865,76.6442000000059,2037491189.0,603722454228.469
JPMO,,24,6.8883,156710.0,2175785.98
JPM_pc,USD,26,0.3329,246252.0,6149121.12
JPM_pd,USD,21,0.1161,78702.0,1948300.58
JPM_pj,USD,20,15.3203,5515333.0,106521351.25
JPM_pl,USD,34,17.3105,12809904.0,240165667.9
JPY,,12,33.055,727211.0,23941604.16
JRSH,USD,42,59.0365,7497587.0,24377599.26
JRVR,USD,278,90.6411999999999,41909904.0,252030126.78
JSPR,USD,199,50.4341,16663876.0,17061396.41
JSPRW,USD,16,,3014459.0,0.0
JTAI,USD,46,14.8219,210728.0,1551393.44
JUNS,USD,34,41.2769,19905400.0,5506463.39
JVA,USD,69,34.9211,1993491.0,7593735.57
JWEL,USD,12,14.3641,341310.0,863514.3
JWSM,USD,19,100.0412,25600027.0,256256296.73
JXG,USD,11,27.7998,3352396.0,27487844.11
JXN,USD,948,99.2342000000001,69209016.0,7327889583.55001
JYD,CNY,46,18.8083,1540529.0,167062690.28
JYNT,USD,188,91.6452000000001,13064429.0,115445292.5
JZ,CNY,11,0.0024,58.0,74502.15
JZXN,USD,25,5.4791,76314.0,159455.51
K,USD,406,0.6582,2290851.0,185277242.19
KACL,USD,13,85.8084,2715783.0,32405191.38
KAI,USD,640,113.3406,13383902.0,3938857441.67
KALA,USD,68,1.8669,361061.0,5496496.33
KALU,USD,547,102.0129,16678323.0,2119375636.12
KALV,USD,356,126.9191,67572907.0,1300988138.7
KAPA,USD,33,41.6423,8916111.0,5062775.99
KARD,USD,20,68.2053,60934045.0,1453276973.25
KARO,ZAR,187,84.2781,26036259.0,1243330944.94
KAVL,USD,26,30.7646,6009978.0,91409.77
KAZR,USD,39,20.2558,2494849.0,6856665.2
KB,KRW,563,6.1962,22026650.0,2188844423.03
KBDC,USD,184,76.4098,50697591.0,721696045.71
KBH,USD,892,108.82,66724416.0,3486309669.95
KBON,USD,24,40.4075,14300175.0,143892712.5
KBONU,USD,62,19.9668,7066266.0,71900208.54
KBR,USD,866,101.6457,128878034.0,4910574243.64
KBSX,USD,37,43.466,19457923.0,25205027.11
KBWR,,64,31.8165,232261.0,15795699.53
KC,CNY,217,5.6545,17084192.0,208170181.27
KCA_u,USD,1,0.2,40000.0,400400.0
KCHV,USD,54,99.5604,25710509.0,262600247.36
KCHVR,USD,40,,23063654.0,5476923.14
KCHVU,USD,54,5.3015,1369014.0,14147073.84
KD,USD,1361,88.8890000000004,196196254.0,2710649969.05
KDK,USD,180,70.5665,140708328.0,938337670.97
KDP,USD,1809,107.6751,1464989059.0,40059565549.53
KE,USD,395,89.7476,21583188.0,530783289.359999
KEEL,USD,463,54.7389000000001,337458887.0,980212051.529999
KELYA,USD,446,106.8709,33528854.0,302857289.32
KELYB,USD,24,94.913,3128384.0,64472230.26
KEN,USD,155,88.1998000000001,45959641.0,3778345149.51
KEP,KRW,298,1.9014,24410219.0,367618846.84
KEQU,USD,102,67.7195,1942547.0,70950618.79
KEX,USD,879,104.2817,55790434.0,7074487658.86
KEY,USD,1652,90.4757000000004,969973489.0,20044054611.22
KEYS,USD,2001,93.0275000000007,158984634.0,44970621002.33
KEY_pi,USD,19,3.583,716614.0,17620998.05
KEY_pj,USD,17,0.7452,126674.0,2686928.39
KEY_pk,USD,13,0.0168,3030.0,63033.3
KFFB,USD,38,66.0478,5341106.0,19439135.95
KFII,USD,63,98.4064,29199884.0,302873840.91
KFIIR,USD,49,,25942556.0,4642121.17
KFIIU,USD,32,5.2052,1544502.0,16508156.28
KFRC,USD,474,105.4357,18801461.0,582109691.95
KFS,USD,162,76.7944,22229381.0,237480026.08
KFY,USD,712,105.1785,53501102.0,3389987106.5
KG,USD,160,161.8399,12662389.0,92108127.54
KGC,USD,1343,69.4345000000001,829116829.0,24779547668.6501
KGEI,USD,154,71.7156,25644779.0,144689273.93
KGS,USD,632,93.3910000000001,94019481.0,5520803588.93
KHC,USD,2306,94.5214000000004,1120851992.0,26145682468.5099
KIDS,USD,296,99.4574,25545477.0,419423485.77
KIDZ,USD,49,0.3624,18889.0,9572093.6
KIDZW,USD,50,,9821811.0,0.0
KIM,USD,1290,106.6971,719566426.0,15984772222.55
KIM_pl,USD,14,0.1945,17313.0,359505.83
KIM_pm,USD,18,0.4493,47022.0,972876.9
KIM_pn,USD,29,37.5639,694354.0,41078631.9
KINS,USD,243,77.0428,11159498.0,170524993.49
KITT,USD,73,4.272,213723.0,3271422.69
KITTW,USD,17,,604776.0,0.0
KKR,USD,2497,85.3354000000005,766222346.0,74237308338.8801
KKR_pd,USD,166,193.8927,100339695.0,4097812434.13
KLAC,USD,3503,97.1245000000028,1268703880.0,197874469583.141
KLAR,USD,391,72.8751,275552866.0,5571137452.86
KLC,USD,282,92.8902,110008203.0,269155570.9
KLIC,USD,720,98.1510000000001,51365285.0,3349950296.75
KLRA,USD,33,47.1282,61062026.0,1493615493.17
KLRS,USD,129,85.9211,20442649.0,116838010.23
KLTR,USD,212,68.2553000000001,102638710.0,136321410.71
KLXE,USD,140,32.4169,7702348.0,19612019.52
KMB,USD,2996,93.6697000000002,310935404.0,30473170081.9
KMDA,USD,107,56.2205,32428933.0,235199653.25
KMI,USD,2794,83.1484000000003,1850010888.0,59936024483.5299
KMPR,USD,671,92.5775,54504531.0,1833630261.59
KMRK,USD,9,98.0891,16282775.0,41085722.91
KMT,USD,639,116.7709,88991568.0,3107592180.54
KMTS,USD,240,108.8742,63801141.0,1312640659.04
KMX,USD,1445,109.292,155101788.0,6393846582.61999
KN,USD,539,105.1975,89849942.0,2506897923.47
KNDI,USD,78,15.5579,15622602.0,11545892.64
KNF,USD,815,104.0975,59079987.0,4747125015.41001
KNRX,USD,12,46.2678,11864225.0,31353310.25
KNSA,USD,504,108.678,50321609.0,2290824647.47
KNSL,USD,1130,103.6807,23617844.0,7952895559.30001
KNTK,USD,629,106.4588,78356367.0,3557790169.98
KNW,USD,67,95.6495,371257104.0,128045158.76
KNX,USD,1053,106.2585,172664337.0,9783713163.01
KO,USD,5210,77.9681000000055,3354365102.0,249617675221.73
KOD,USD,335,102.9947,64452730.0,2334637731.5
KODK,USD,372,75.0133000000001,73442662.0,616597610.67
KOF,MXN,505,36.8771,19368206.0,1871986265.1
KOP,USD,435,113.3026,21790068.0,824789132.819999
KOPN,USD,318,60.1449000000001,111445928.0,292335369.01
KORE,USD,68,70.2592,12380825.0,106692451.3
KOS,USD,585,73.0164000000001,433126430.0,982358736.32
KOSS,USD,60,48.771,4616867.0,27371177.56
KOYN,USD,66,75.0237,17924054.0,179635373.59
KOYNU,USD,46,11.2946,2698372.0,27440858.18
KPET,USD,8,75.8478,17445000.0,176543400.0
KPLT,USD,72,66.9221,3207174.0,22539913.01
KPLTW,USD,21,,1622983.0,0.0
KPRX,USD,48,25.5122,1130704.0,2504330.44
KPTI,USD,203,81.671,18509189.0,120853861.64
KR,USD,2465,91.1602000000006,558540294.0,39797102878.0199
KRAQ,USD,24,38.5311,13293196.0,131162155.04
KRC,USD,809,128.2989,149183767.0,4533370661.04
KREF,USD,391,86.8141000000002,50856213.0,312799660.68
KREF_pa,USD,19,24.9135,3266164.0,57507832.71
KRG,USD,723,108.6896,220712555.0,5429352483.88
KRKR,CNY,12,8.4954,151359.0,694264.49
KRMD,USD,192,65.7293,30191301.0,137549029.58
KRMN,USD,610,100.1197,132685504.0,9810461365.53001
KRNT,USD,333,101.0041,43407757.0,643653766.24
KRNY,USD,375,80.6606,52218197.0,392627220.89
KRO,USD,319,97.3672000000001,112023986.0,729970843.12
KROS,USD,438,101.6099,20110361.0,286399647.05
KRRO,USD,227,87.9766,12688657.0,151385462.38
KRSP,USD,54,60.6153,20913862.0,215754853.64
KRSP_u,USD,42,42.0221,14497587.0,153675006.4
KRT,USD,265,92.6416000000001,18494662.0,508299214.8
KRUS,USD,317,132.3789,14759896.0,907766810.77
KRYS,USD,726,112.1008,33047073.0,8826388553.92002
KSCP,USD,112,19.6727,3325292.0,13457339.72
KSPI,KZT,459,69.7201000000002,132486183.0,10376649384.26
KSS,USD,849,114.0259,129284757.0,1722651777.06
KT,KRW,497,33.2850000000001,160504135.0,3351056624.48
KTB,USD,859,102.0838,56423912.0,3896431102.88
KTCC,USD,63,50.9522,5533039.0,16884142.38
KTOS,USD,1236,93.4394000000003,175214745.0,12355759638.96
KTTA,USD,49,68.1998,22495915.0,16494665.44
KTTAW,USD,10,,480315.0,0.0
KTWO,USD,24,53.5278,7561817.0,74692889.47
KTWOR,USD,31,,11082634.0,2327353.14
KTWOU,USD,12,11.4246,1613954.0,16220407.7
KUKE,CNY,16,6.7765,6387302.0,19685755.61
KULR,USD,248,29.976,13866172.0,35210822.99
KURA,USD,463,101.6665,90253950.0,831863075.190001
KUST,USD,34,7.5361,47004.0,231784.25
KVAC,USD,58,118.611,6531356.0,79901684.9
KVACU,USD,13,0.0484,9372.0,106796.24
KVHI,USD,138,66.009,12870293.0,110770476.23
KVUE,USD,2160,92.6553000000005,1779057259.0,30767533786.5999
KVYO,USD,588,106.5004,150059654.0,3585347019.04999
KW,USD,534,76.8091000000001,106998444.0,1156248048.19
KWM,USD,38,31.7971,23289332.0,7350158.71
KWR,USD,625,114.8389,19943632.0,2586056590.85001
KWY,USD,162,76.7944,22229381.0,237480026.08
KXIN,USD,17,1.5561,22076.0,149645.93
KYIV,USD,156,93.5586,215992816.0,2210705573.04
KYMR,USD,510,115.8204,95271518.0,7932614806.62
KYNB,USD,121,28.9184,1170659.0,9104716.2
KYTX,USD,267,82.0081,49857037.0,445954954.36
KZIA,AUD,52,54.0232,5797952.0,52926829.53
KZR,USD,129,77.0377999999999,5691320.0,37242920.02
L,USD,1359,80.0765000000003,164777644.0,17671912172.07
LAB,USD,322,78.836,308615604.0,281255613.87
LABT,USD,1,0.0006,11.0,34.54
LAC,USD,556,38.0852000000001,137754718.0,536767349.05
LAD,USD,902,113.519,25889429.0,7175284957.86
LADR,USD,432,76.4643000000001,97007812.0,958757297.789999
LAES,USD,174,14.7083,32766950.0,89964340.23
LAFA,USD,50,79.8848999999999,12552585.0,124776065.44
LAFAR,USD,37,,9365955.0,1124748.07
LAFAU,USD,23,9.3719,1113382.0,11225448.64
LAKE,USD,206,102.5462,10120397.0,96036010.47
LAMR,USD,1163,104.1986,90711009.0,11674028896.95
LAND,USD,396,43.9638,18964318.0,188915224.64
LANDM,USD,5,0.0,0.0,0.0
LANDO,USD,6,8.0775,468641.0,9449479.68
LANDP,USD,5,1.2601,124372.0,2518210.0
LANV,EUR,15,91.1643,106611705.0,165954039.3
LANV_t,EUR,45,,16131191.0,0.0
LAR,USD,410,54.4989000000001,89446893.0,646556134.21
LARK,USD,140,57.3947,3499685.0,92847901.64
LASE,USD,74,28.3134,13474133.0,10008685.79
LASR,USD,565,92.6475000000001,52260945.0,2846706077.99
LATA,USD,55,85.6729,14778582.0,147625303.92
LATAU,USD,56,7.6688,1322892.0,13441936.64
LAUR,USD,655,115.5771,161784587.0,5587787329.53
LAW,USD,255,102.2976,65608188.0,307808003.86
LAWR,JPY,9,67.5053,31025452.0,95732325.0
LAZ,USD,666,96.3637000000003,94858699.0,4186143924.7
LAZR,USD,453,4.8804,3596924.0,10485576.27
LB,USD,369,110.2698,30698097.0,1732466477.03
LBGJ,USD,13,6.1095,195750.0,22753756.77
LBRDA,USD,481,96.9829999999999,17703967.0,894936150.76
LBRDK,USD,817,95.6310000000001,119401409.0,5891979152.49
LBRDP,USD,16,22.8107,1638680.0,37410020.72
LBRT,USD,781,114.9553,187596578.0,5009074789.69
LBRX,USD,155,108.1903,31025545.0,731907276.56
LBTYA,USD,614,109.7614,192587524.0,2265956997.34
LBTYB,USD,21,98.0811,12719815.0,193048023.67
LBTYK,USD,588,88.1587999999999,131946862.0,1524867101.99
LC,USD,559,93.5241000000002,107881722.0,1650085297.6
LCCC,USD,42,90.9962,8103215.0,83402147.5
LCCCR,USD,30,,4512097.0,815303.85
LCCCU,USD,24,14.4024,1282542.0,13289427.78
LCFY,AUD,14,23.4969,422721.0,2535615.22
LCFYW,AUD,6,,54733.0,0.0
LCID,USD,945,72.7985000000003,284106459.0,2039181387.04
LCII,USD,699,99.5679,28864337.0,3511579500.31
LCLN,USD,28,55.0221,11586567.0,267776454.54
LCNB,USD,204,46.9927000000001,6698329.0,106142654.15
LCTX,USD,276,50.4518,125777449.0,196179299.73
LCUT,USD,172,86.156,19690971.0,128283097.9
LDI,USD,277,76.2594,176699629.0,252893403.84
LDOS,USD,1768,82.0211000000004,103172403.0,16198606460.83
LDTC,CAD,44,67.2,25276491.0,11668223.15
LDWY,USD,24,33.034,1576561.0,7194276.71
LE,USD,291,105.1195,32314944.0,368740777.83
LEA,USD,962,111.5721,55892473.0,6723298754.50001
LECO,USD,1160,81.6970000000001,44758989.0,11113854365.77
LEDS,USD,26,60.1563,4976966.0,12618812.04
LEE,USD,103,90.9502,20218165.0,176848410.24
LEG,USD,782,93.7509000000003,128024628.0,1279568947.13
LEGH,USD,260,106.1817,25251794.0,516144221.73
LEGN,USD,543,57.8625,111758170.0,2129437782.6
LEGO,USD,18,23.6354,7390088.0,73242660.74
LEGO_u,USD,41,34.2313,10703015.0,106824666.64
LEGT,USD,90,102.6318,26478392.0,287308654.84
LEGT_u,USD,23,0.4105,92314.0,1020359.0
LEN,USD,2055,104.0097,218978189.0,19205037243.73
LENZ,USD,357,113.4944,35585266.0,384107149.63
LENb,USD,540,97.2291000000002,29548559.0,2990875816.99
LESL,USD,411,72.6349,6798250.0,13972249.23
LEU,USD,835,92.1257000000001,17461123.0,3299302992.46
LEV,USD,72,0.0017,3925.0,94.2
LEVI,USD,652,99.4468000000001,99808973.0,1908132525.53
LEXX,USD,59,9.1178,2260070.0,1581465.51
LFAC,USD,26,42.0276,6041445.0,59997671.68
LFACU,USD,66,23.7766,3521344.0,35358474.94
LFCR,USD,222,80.5397,30209907.0,168110520.56
LFLY,USD,23,14.4861,909.0,58802.4
LFMD,USD,286,59.5387,28794375.0,115816393.17
LFS,JPY,15,52.3474,13694420.0,27255739.2
LFST,USD,472,88.6738000000001,343907920.0,2472893730.74
LFT,USD,163,66.4584,34850672.0,42874566.84
LFTO,USD,23,79.1582,131782943.0,3165426290.86
LFT_pa,USD,2,10.0,240000.0,5488400.0
LFUS,USD,961,104.2667,26368271.0,8755350343.03998
LFVN,USD,262,76.9518000000001,9709797.0,58870031.57
LFWD,USD,63,47.9983,1364374.0,9180833.26
LGCB,USD,17,15.3769,9093554.0,15969908.46
LGCL,CNY,30,96.4066,41252836.0,76101834.63
LGCY,USD,104,74.7291,9448694.0,103606096.1
LGFa,USD,26,6.6952,5603237.0,45538675.45
LGFb,USD,36,2.1245,222233.0,26405842.5
LGHL,USD,16,0.1184,1112.0,328972.57
LGIH,USD,541,104.4719,24271041.0,1011481140.86
LGL,USD,41,74.0535,4850813.0,33054581.77
LGL_r_w,USD,1,,114832.0,574.16
LGMK,USD,26,12.2494,110215.0,243088.99
LGN,USD,348,95.4774,73390063.0,4532557954.67
LGND,USD,658,109.3877,21922329.0,4504445781.96001
LGO,USD,90,47.6665,49159985.0,49488723.77
LGPS,JPY,17,73.3058,17308194.0,20569308.57
LGVN,USD,80,21.3776,6444708.0,5686255.21
LH,USD,1832,101.0271,82843392.0,21902335504.92
LHAI,USD,24,49.9869,8260319.0,6431412.73
LHSW,USD,17,66.9396,2175529.0,41460747.32
LHX,USD,2598,88.9980000000006,165807534.0,55675652022.06
LI,CNY,499,4.2325,36772486.0,658749765.07
LICN,USD,16,0.0335,5444.0,11028.94
LICY,USD,108,17.8696,7959480.0,1236581.23
LIDR,USD,96,25.4974,11809006.0,21399116.24
LIDRW,USD,16,,144177.0,0.0
LIEN,USD,70,31.7101,7258618.0,67998833.65
LIF,USD,470,54.5187000000001,44177628.0,2106765816.28
LIFE,USD,73,58.9498,18220709.0,267564642.71
LII,USD,1394,90.2416000000002,31404408.0,15046950224.64
LILA,USD,346,98.1346,37094907.0,304803065.39
LILAK,USD,447,95.4564999999999,153780355.0,1266622994.72
LILAP,USD,21,0.3726,751745.0,16305349.05
LILM,EUR,71,0.0,0.0,0.0
LILPV,USD,21,0.3726,751745.0,16305349.05
LIME,USD,5,25.3196,16211080.0,426513514.8
LIMN,USD,32,35.9437,24139926.0,3346220.11
LIMNW,USD,39,,2437376.0,0.0
LIN,USD,3974,92.0903000000028,425814281.0,206914467763.64
LINC,USD,329,94.3376000000001,29924557.0,1156514582.06
LIND,USD,392,89.0622000000001,58425310.0,1041943937.48
LINE,USD,648,104.4543,237816541.0,7872386468.54
LINK,USD,47,79.9362000000001,12589946.0,35635077.86
LION,USD,478,94.9838,276052879.0,2853225325.66
LIPO,USD,11,7.6138,351823.0,911210.13
LIQT,USD,38,45.2239,13543574.0,14805295.95
LITB,USD,20,40.9066,7340060.0,16881036.78
LITE,USD,1858,106.5465,82885750.0,54445805187.3401
LITM,CAD,69,104.2292,18788657.0,52040732.82
LITS,USD,91,32.8316,11171037.0,14044014.04
LIVE,USD,41,79.0535,2428250.0,25354503.81
LIVN,USD,622,106.724,58627106.0,3748293041.78
LIXT,USD,40,15.2346,2778328.0,16126668.71
LKCO,USD,9,0.0002,12.0,0.0
LKFN,USD,485,90.0237,22428103.0,1292440391.7
LKFT,EUR,180,48.7464,32122525.0,989295100.81
LKQ,USD,1371,115.0355,293104268.0,8632171210.49
LKSP,USD,48,70.3559,11041206.0,110485435.43
LKSPR,USD,30,,1417394.0,1632248.3
LKSPU,USD,19,8.4018,996448.0,10062003.76
LLY,USD,6384,84.9990000000065,800593327.0,787515377850.832
LLYVA,USD,330,102.4167,26191800.0,2293903336.78
LLYVK,USD,410,104.2338,66605783.0,5959909199.05
LMAT,USD,625,105.2541,24051396.0,2452289129.97
LMB,USD,465,93.9891000000001,11204579.0,896913628.63
LMFA,USD,47,19.3843,180977.0,2806779.4
LMND,USD,689,70.4719000000001,54137046.0,3449904913.45
LMNR,USD,238,69.7042,12638669.0,169403166.93
LMRI,USD,159,117.3032,112705925.0,1889946822.6
LMT,USD,4069,75.8007000000022,174948383.0,104664696337.8
LNAI,USD,132,43.2456,1960711.0,5471303.34
LNC,USD,1091,83.9692000000003,160560073.0,6074475191.92
LNC_pd,USD,26,32.804,6560806.0,171019653.28
LND,BRL,58,8.1397,8108563.0,29489234.34
LNG,USD,2347,93.6865000000006,196325778.0,50108737108.4498
LNKB,USD,219,65.6846,24610227.0,204128597.63
LNKS,MYR,12,3.2569,44185.0,200381.08
LNN,USD,515,107.4819,10930956.0,1300480358.78
LNSR,USD,192,71.8954,8827290.0,51952291.99
LNT,USD,1455,92.8161000000001,239725430.0,16970062183.35
LNTH,USD,1029,119.5257,77819131.0,5882672109.87
LNW,USD,566,17.4651,13738386.0,1411298655.99
LNZA,USD,172,79.0095,9980859.0,166858521.18
LNZAW,USD,18,,1259189.0,0.0
LOAN,USD,88,51.2149,5851592.0,25791439.65
LOAR,USD,556,119.0698,111478978.0,6593217028.42
LOB,USD,490,95.6435000000001,44267313.0,1538618530.64
LOBO,USD,12,1.7331,175243.0,109837.67
LOCL,USD,55,105.5612,24064031.0,29268387.38
LOCO,USD,300,94.8978000000001,28901384.0,394555558.87
LODE,USD,169,51.3902,39052241.0,123114558.55
LOGC,USD,181,48.2705,22074336.0,177238604.99
LOGI,USD,1105,67.4968000000003,108524869.0,10321065465.59
LOKV,USD,77,82.3665,59292045.0,542035909.17
LOKVU,USD,41,9.35,2150500.0,22510750.0
LOMA,ARS,152,20.249,23629972.0,273720545.69
LONA,USD,111,77.2165000000001,7253377.0,66457355.21
LOOP,USD,73,60.7008,29367129.0,39303974.78
LOPE,USD,925,104.2184,27632817.0,4592252806.05
LOT,USD,53,99.3417,643867399.0,825197596.82
LOTWW,USD,34,,5205369.0,0.0
LOVE,USD,308,113.5028,16622419.0,248243736.97
LOW,USD,4085,82.0733000000022,460193515.0,108342128488.14
LPA,USD,97,92.4328,29225355.0,97028623.08
LPAA,USD,69,85.9988,24695548.0,264533321.1
LPAAU,USD,29,0.6823,156921.0,1711131.33
LPBB,USD,63,103.2178,23740055.0,250628477.58
LPCN,USD,57,32.8907,2711622.0,19620213.33
LPCV,USD,26,37.093,8531378.0,84521863.9
LPCVU,USD,69,28.3398,6518119.0,65176034.5
LPG,USD,544,85.9275000000001,36761611.0,1204885277.06
LPL,KRW,246,4.13140000000001,41319123.0,165142514.46
LPLA,USD,1584,104.3847,83490587.0,26141592959.35
LPRO,USD,329,74.2128,87809885.0,153820580.53
LPSN,USD,152,27.5659,3399574.0,12104664.38
LPTH,USD,225,65.9317,43703605.0,488203275.76
LPTV,USD,15,21.1019,31165654.0,826706.6
LPX,USD,960,104.4245,72956605.0,5522799839.62
LQDA,USD,504,86.3564000000001,76794454.0,3436298781.37
LQDT,USD,417,104.139,32471582.0,996727137.280001
LRCX,USD,4194,91.075600000003,1139006080.0,248845790423.379
LRE,JPY,13,90.3679,12327908.0,22234531.23
LRHC,USD,30,6.1122,98776.0,207817.41
LRMR,USD,301,84.4499,87728327.0,414071154.87
LRN,USD,1038,118.9317,50575681.0,4202239169.78
LSAK,USD,60,61.2616,52560436.0,261985937.97
LSB,CNY,20,36.5387,15058567.0,13392536.34
LSBK,USD,60,44.6411,3510481.0,52277583.77
LSCC,USD,981,105.1055,144002979.0,13466120626.68
LSDI,USD,4,0.0,0.0,0.0
LSE,USD,11,64.8673,2799023.0,12762938.59
LSF,USD,102,41.4496,4561232.0,14129480.78
LSH,USD,20,27.2147,9369363.0,8658493.61
LSPD,USD,316,74.4039000000001,99211915.0,951344700.74
LSTA,USD,59,29.9121,2723910.0,9646747.04
LSTR,USD,934,107.9848,36637165.0,5853959798.97
LTBR,USD,256,55.9725,19672709.0,229097802.26
LTC,USD,556,81.6101000000001,41769080.0,1537103953.43
LTH,USD,690,99.9199000000001,222426423.0,6222067489.81
LTM,USD,317,12.4291,35685871.0,1871906045.63
LTRN,USD,72,31.5173,4021260.0,8471151.22
LTRX,USD,205,57.4388,25620959.0,138829968.15
LTRY,USD,56,12.3711,2812952.0,4930516.02
LTRYW,USD,20,,162597.0,0.0
LU,CNY,244,13.9711,121086868.0,235332279.02
LUCD,USD,190,46.4260000000001,88566903.0,111058339.06
LUCK,USD,223,96.8544,75646388.0,629866721.62
LUCY,USD,33,15.9462,1021149.0,1115786.54
LUD,USD,6,88.514,20083814.0,128860442.02
LULU,USD,2453,87.2079000000004,94581761.0,14405200655.97
LUMN,USD,1119,80.6564000000003,831037414.0,6007182891.56001
LUNA,USD,97,22.603,7675675.0,8129811.37
LUNG,USD,274,84.9098000000001,35863600.0,54489720.84
LUNR,USD,579,105.8167,169785072.0,3389280419.84
LUV,USD,1680,92.2856000000002,451472967.0,17190731496.99
LUXE,EUR,116,104.8418,143908222.0,1143756048.17
LVLU,USD,60,80.0314,2292423.0,20917294.99
LVO,USD,165,39.2035,5316399.0,30398296.52
LVRO,BRL,18,95.9784,110348410.0,242766279.5
LVROW,BRL,27,,1255617.0,0.0
LVS,USD,1531,93.2275000000003,617769643.0,31362550551.6101
LVWR,USD,145,96.3424000000001,197273929.0,337724256.35
LVWR_t,USD,46,,11056024.0,0.0
LW,USD,1466,96.4007000000005,133104937.0,5691392569.87999
LWAC,USD,62,84.416,18714073.0,189300556.97
LWACU,USD,74,9.6599,2141452.0,21796062.97
LWAY,USD,230,82.1058,12547341.0,310988276.74
LWLG,USD,324,32.1031,49367923.0,340249618.95
LX,CNY,273,48.737,62927524.0,172493922.04
LXEH,CNY,16,6.8316,127863.0,2383722.62
LXEO,USD,267,111.3563,87437707.0,686827316.96
LXFR,USD,288,93.5331,25260030.0,330143719.49
LXP,USD,670,104.3505,60571655.0,2827781920.07
LXP_pc,USD,38,72.6793000000001,1406616.0,64759359.21
LXRX,USD,328,72.8114000000001,323427182.0,497120540.9
LXU,USD,362,84.3217,60645810.0,834248002.85
LYB,USD,2033,96.3434000000004,310986195.0,22782727959.81
LYEL,USD,251,93.9943000000001,21932852.0,464598479.89
LYFT,USD,1118,116.8586,443696085.0,6898367719.62999
LYG,GBP,871,4.2178,613144370.0,3099897687.13
LYRA,USD,115,15.7885,280228.0,1014926.18
LYT,USD,8,78.8769,1560214.0,33154547.5
LYTS,USD,366,88.8011,32601110.0,646081101.219999
LYV,USD,1596,117.624,273728135.0,40724612223.0299
LZ,USD,521,104.1395,178753957.0,1274474598.14
LZB,USD,536,108.3396,43352415.0,1411023580.76
LZM,USD,174,83.6611,75214549.0,327401248.93
LZMH,CNY,28,75.0768,5896156.0,195715251.2
LZM_t,USD,43,,8982608.0,0.0
M,USD,936,101.3518,266606055.0,5009172666.47001
MA,USD,5498,91.5285000000058,802707795.0,411787686654.881
MAA,USD,1512,98.3755000000002,114496813.0,14505831787.89
MAAS,CNY,19,68.9427,300251488.0,2760865634.19
MAA_pi,USD,5,26.2972,262972.0,14148235.16
MAC,USD,662,97.5275000000001,276550182.0,5265417698.61
MACI,USD,63,399.2557,15831556.0,170565486.02
MACIU,USD,45,2.1227,339641.0,3525742.85
MAGH,SGD,5,62.8685,22003983.0,148746925.08
MAGN,USD,495,107.0287,38316518.0,467675495.76
MAIA,USD,57,28.8314,17529586.0,24108791.3
MAIN,USD,686,30.1728,28058586.0,1512854975.96
MAIR,USD,57,55.3592,97923783.0,4064714329.47
MAKO,USD,48,52.1445,45678420.0,295212921.35
MAMA,USD,286,71.3892,33174658.0,515953225.13
MAMK,USD,4,81.0068,7452619.0,36370297.0
MAMO,USD,30,79.3305,33033917.0,34043300.54
MAN,USD,749,120.8522,56204633.0,1670225923.26
MANE,USD,101,72.3384,30222237.0,2298506868.16
MANH,USD,1343,113.9385,67411979.0,9732848782.59998
MANU,GBP,223,116.467,65321869.0,1243481304.67
MAPS,USD,235,50.7532,56527287.0,35065893.6
MAPSW,USD,24,,2857938.0,0.0
MAQC,USD,2,95.2368,2712458.0,30677899.98
MAR,USD,2686,83.6115000000003,220481502.0,72688141564.9598
MARA,USD,872,69.6934,265722085.0,2314246602.57
MAS,USD,1683,107.663900000001,217198286.0,13475296355.91
MASI,USD,864,95.4895000000003,50004310.0,7980321846.56999
MASK,USD,12,15.8236,314228.0,16800137.56
MASS,USD,245,91.0248,37340062.0,251421747.42
MAT,USD,880,103.9103,301967458.0,4950139079.69001
MATH,USD,34,41.4311,16994611.0,41596889.84
MATV,USD,457,95.5735000000001,52677653.0,506809270.99
MATW,USD,386,101.2555,31594193.0,816581613.160001
MATX,USD,829,91.1015,27570510.0,4374268352.49
MAX,USD,389,102.2063,55254648.0,557903818.18
MAXN,USD,133,73.4443,12436126.0,31752230.68
MAYS,USD,23,28.5637,575780.0,24233931.91
MAZE,USD,262,97.3336,53869387.0,1939211090.99
MB,HKD,7,72.9854,12520668.0,89218614.84
MBAI,USD,36,37.9501,2664290.0,4289478.6
MBAV,USD,104,124.1865,29281096.0,315761393.71
MBAVU,USD,34,0.0324,9332.0,102100.84
MBBC,USD,27,40.3823,1191581.0,16566557.02
MBC,USD,729,84.9171000000001,173881708.0,1512601579.05
MBGL,USD,8,0.2139,632877.0,13954937.85
MBGL_w,USD,8,0.2139,632877.0,13954937.85
MBI,USD,255,68.0182000000001,34644429.0,213639324.54
MBIN,USD,407,147.3042,67664939.0,3118768653.95
MBINM,USD,8,13.8528,789612.0,19816148.04
MBINO,USD,2,0.0,0.0,0.0
MBIO,USD,67,15.4728,1041655.0,798360.13
MBLY,USD,741,92.4211000000001,233141467.0,1742550654.92
MBNKO,,2,15.1064,468298.0,11950866.97
MBOT,USD,132,20.2324,13589352.0,32026874.18
MBRX,USD,56,3.6851,249640.0,647342.54
MBUU,USD,365,110.9318,21783584.0,578196299.07
MBVI,USD,69,88.1475000000001,30410718.0,305223154.61
MBVIU,USD,81,6.9415,2394831.0,24302849.88
MBWM,USD,391,73.0558000000001,12628226.0,640546735.7
MBX,USD,297,121.284,57728513.0,2007061110.49
MC,USD,780,114.3799,85069387.0,5070587959.46
MCAG,USD,11,65.1925,1873000.0,23019170.0
MCAH,,2,33.9492,3071429.0,30468575.68
MCB,USD,378,99.1598000000001,12291010.0,1021218885.72
MCBS,USD,238,44.9329000000001,12877725.0,408600558.5
MCD,USD,5120,77.719800000004,552239283.0,170127875182.979
MCFT,USD,296,91.6089000000001,22132182.0,495676824.86
MCGA,USD,72,88.6769,15812211.0,160294705.23
MCGAU,USD,77,7.3962,1301879.0,14170257.25
MCHB,USD,286,95.2583999999999,209842297.0,2850610689.01
MCHP,USD,2293,104.772,568908879.0,37792196849.71
MCHX,USD,65,72.0119,28560272.0,45687286.87
MCK,USD,3211,95.5981000000008,111931331.0,95990934973.7701
MCO,USD,2551,96.4201,167005575.0,73346476794.9999
MCRB,USD,137,37.5502,3636350.0,39398721.77
MCRI,USD,475,95.7981000000002,17168436.0,1777853413.03
MCRP,AED,26,86.4985,30178006.0,88161358.86
MCS,USD,361,89.2333,21187457.0,361173375.33
MCTA,USD,4,68.4669,10391911.0,244453189.61
MCW,USD,459,35.8290000000001,117842551.0,747730213.08
MCY,USD,668,100.0521,55418024.0,4925935317.64999
MD,USD,580,110.1991,90497822.0,1970368205.17
MDA,CAD,313,68.6268000000001,111266115.0,3060677170.82
MDAI,USD,65,28.0055,8912517.0,15533394.28
MDAIW,USD,35,,2379996.0,0.0
MDB,USD,1836,97.8934000000003,78736618.0,20385866607.61
MDBH,USD,21,15.6028,821696.0,2613534.55
MDCX,USD,52,19.6157,11113826.0,7982924.77
MDGL,USD,745,109.7731,25309134.0,13644507970.5
MDIA,USD,43,93.3445,71792278.0,58992309.54
MDLN,USD,516,98.0320000000003,828973086.0,32724997170.42
MDLZ,USD,3285,91.2868000000003,1171836059.0,67030702120.3299
MDRR,USD,27,68.9483,1122824.0,12663175.27
MDT,USD,3771,89.9856000000014,1151910284.0,99561412510.6601
MDU,USD,839,95.7286000000002,200081708.0,4108670497.83
MDV,USD,180,35.1892,3632796.0,53825108.3
MDV_pa,USD,1,0.1367,2293.0,56591.24
MDWD,USD,175,71.2903,9162478.0,156232096.39
MDXG,USD,475,79.0880000000001,117798213.0,516870911.96
MDXH,USD,97,49.3457,25346037.0,75611896.79
MEC,USD,281,88.2359,22310389.0,473049583.19
MED,USD,315,88.4105000000001,9830491.0,101420434.61
MEDP,USD,1364,109.1173,30457640.0,14695411849.12
MEDS,USD,36,16.9325,6879763.0,2781074.09
MEG,USD,445,110.5509,39952169.0,892862835.920001
MEGL,HKD,13,1.0387,42210.0,46747.68
MEHA,USD,17,8.5747,3619168.0,341566.3
MEI,USD,391,98.027,34770859.0,204238276.96
MELI,USD,3037,89.8457000000006,45549154.0,81021952228.9901
MENS,USD,40,62.9809,47882685.0,188346972.99
MEOH,USD,476,82.0112999999999,63447146.0,3601412210.59
MERC,USD,249,87.1373,58367470.0,78722199.88
MER_pk,USD,21,14.0176,5887435.0,151344890.05
MESH,USD,36,42.8245,14774411.0,146305272.91
MESHU,USD,79,20.7411,7155643.0,71282088.88
MESO,USD,148,8.06229999999999,10456349.0,164008672.61
MET,USD,2442,94.9074000000006,610681575.0,45369271301.2799
META,USD,7357,80.2748000000065,1763321854.0,1045586181478.68
METC,USD,483,114.8261,61781582.0,987864254.36
METCB,USD,243,68.0612,7738559.0,77210958.96
MET_pa,USD,21,14.4167,3460062.0,73883385.5
MET_pe,USD,17,0.1271,40930.0,970878.37
MEVO,USD,30,46.8274,14048237.0,138427884.45
MEVOU,USD,28,25.2029,7560921.0,75685196.25
MFA,USD,434,58.0465,58972745.0,563260935.39
MFA_pb,USD,8,19.9206,1630701.0,32770970.37
MFA_pc,USD,21,40.5324,4458574.0,100802520.26
MFC,CAD,1508,55.3046000000004,919129374.0,32183140963.6599
MFG,,645,2.20940000000002,269062944.0,2139438097.8
MFI,HKD,14,1.1158,547222.0,6019398.75
MFIC,USD,336,42.1901,34753230.0,391288871.0
MFIN,USD,209,71.2104,16983763.0,153322101.59
MFP,USD,2,7.4775,3380945.0,147070757.5
MFPVV,USD,2,7.4775,3380945.0,147070757.5
MG,USD,268,96.6779,30759905.0,462612120.67
MGA,USD,1005,83.2258,230059377.0,13131979548.13
MGAM,USD,6,34.6635,21020000.0,1912740.0
MGEE,USD,561,58.5062000000001,22083606.0,1713062425.01
MGIC,USD,169,100.8598,49521287.0,895513690.3
MGIH,USD,6,89.7773,10099949.0,16352475.7
MGLD,USD,30,76.9381,32938140.0,31737218.65
MGM,USD,1342,99.7796000000003,255289284.0,10307220558.1
MGN,MYR,9,20.1046,6433506.0,11793454.28
MGNI,USD,682,94.3045000000001,135058343.0,1757245341.48
MGNX,USD,286,70.5336,44833858.0,120036841.69
MGPI,USD,524,104.9051,22419443.0,481869865.85
MGRC,USD,551,91.2786000000001,22419782.0,2481167848.3
MGRM,USD,12,35.2624,14327938.0,78806737.76
MGRT,USD,3,77.3622,10637288.0,882523832.67
MGRX,USD,41,24.0631,4112892.0,2065520.76
MGTX,USD,267,76.2416,70607833.0,622797916.09
MGX,USD,166,38.806,14609151.0,20968425.07
MGY,USD,760,89.5806000000001,212247344.0,6623636674.11001
MGYR,USD,48,47.807,3089618.0,53446307.22
MH,USD,199,106.0696,202884513.0,2078779764.91
MHH,USD,83,88.8471000000001,10660033.0,60876271.24
MHK,USD,1106,108.5199,66146374.0,6722238933.33001
MHN,USD,90,0.0167,5070.0,51995.25
MHO,USD,717,100.5352,25726958.0,3205746160.12
MHUA,USD,13,18.5741,159350.0,326667.5
MI,USD,12,1.0282,2375.0,62396.0
MIAX,USD,359,68.2492000000001,66045220.0,2641526852.11
MICC,EUR,1260,93.2467000000005,570928978.0,8709578844.95
MIDD,USD,872,114.5497,51793252.0,7078001899.66001
MIDDV,USD,1,,11527.0,933802.27
MIGI,USD,45,43.94,2426026.0,16546879.03
MIMI,USD,25,8.784,558803.0,9442438.0
MIND,USD,116,17.3657,1578344.0,12741717.15
MINE,CAD,30,44.7359,30034886.0,92786656.21
MINM,USD,16,69.2717,5907900.0,37484820.57
MIR,USD,738,112.3355,274839725.0,5456533531.36
MIRA,USD,59,13.9375,5856729.0,7992521.25
MIRM,USD,567,108.6179,66236633.0,6049118135.79998
MIST,USD,145,25.8744,32195656.0,45928755.65
MITK,USD,421,91.5454000000001,41340366.0,544909606.59
MITQ,USD,31,40.134,3989763.0,2382318.08
MITT,USD,233,40.3859,12844058.0,96526436.9000001
MITT_pa,USD,2,0.1148,1910.0,43892.97
MITT_pb,USD,2,18.4016,686011.0,14685946.17
MITT_pc,USD,4,17.3484,646920.0,16176480.48
MKC,USD,1908,97.4256000000004,247513278.0,12808964282.15
MKCv,USD,161,29.6348,4385536.0,264163934.84
MKDW,USD,30,62.905,2641032.0,17153033.75
MKL,USD,1542,83.2333000000003,10415666.0,20388635707.2299
MKLY,USD,53,92.0125000000001,16379304.0,164118987.84
MKLYR,USD,41,,13663511.0,1640019.94
MKLYU,USD,52,13.1554,2269283.0,22975457.23
MKSI,USD,1097,104.5728,70633138.0,15376881218.28
MKTW,USD,158,55.5882,1481139.0,26702643.42
MKTX,USD,1202,111.8731,39759031.0,6727851912.48999
MKZR,USD,60,14.9001,335949.0,1107419.13
MLAAU,USD,6,1.4694,543402.0,5427695.98
MLAB,USD,392,102.1418,5712608.0,508180167.68
MLAC,USD,79,106.0333,41047984.0,260069153.39
MLACR,USD,58,,21247855.0,5498415.59
MLCI,USD,52,31.5959,3535192.0,13364350.2
MLCO,USD,374,35.7668000000001,138878256.0,852336892.81
MLEC,USD,18,23.3561,169593.0,14550146.54
MLECW,USD,31,,2264570.0,0.0
MLGO,CNY,59,47.5953,5207663.0,22987634.93
MLI,USD,1237,95.9135000000002,212141809.0,11864925739.56
MLKN,USD,514,102.8691,70078528.0,1034427434.66
MLM,USD,1944,103.9132,62397365.0,37113624782.1899
MLNK,USD,57,17.022,12574790.0,258731639.19
MLP,USD,145,93.2292,18519650.0,291010091.97
MLR,USD,388,100.8974,11497982.0,497008781.79
MLSS,USD,65,21.1189,18679301.0,5694106.25
MLTX,USD,363,86.8737,71698101.0,1341450793.86
MLYS,USD,426,110.6806,97303422.0,2681197180.55
MMA,AUD,26,21.9389,5810158.0,8265028.06
MMAT,USD,13,0.0001,6.0,0.0
MMC,USD,2838,96.5175000000002,460613771.0,79988796921.9098
MMED,USD,67,95.8739,269255643.0,4016711368.06
MMI,USD,406,102.402,38729976.0,1039984133.64
MMM,USD,3533,78.7121,405967621.0,59397960575.9702
MMS,USD,827,118.3738,62193892.0,4334121577.75
MMSI,USD,824,107.9715,64410827.0,4736702302.19
MMTX,USD,29,57.513,5077298.0,50705607.65
MMTXU,USD,24,13.5052,1192258.0,12068792.44
MMYT,USD,789,113.9477,102385048.0,5544434542.01
MNDO,USD,37,30.3103,6118185.0,8208341.39
MNDR,USD,17,33.4149,296923.0,1685416.07
MNDY,USD,1047,104.2587,44889137.0,3807020438.26
MNKD,USD,531,62.8419000000001,194153588.0,665456933.02
MNMD,USD,478,75.1774,93458190.0,2133700395.11
MNOV,USD,62,13.7803,6782977.0,9275537.7
MNPR,USD,180,113.369,7594650.0,461903337.43
MNRO,USD,441,134.8904,42028734.0,693957182.720001
MNSB,USD,174,87.7956000000001,6248769.0,134751432.16
MNSO,CNY,280,9.00929999999999,27905333.0,494855775.04
MNST,USD,2253,101.8736,996361842.0,74140056705.8498
MNTK,USD,260,87.0975,123975293.0,180895852.63
MNTN,USD,229,80.7915000000001,49293852.0,533120189.19
MNTS,USD,53,10.4262,1963883.0,25553203.46
MNTSW,USD,26,,1458553.0,0.0
MNY,USD,43,66.8003,20827188.0,27465098.94
MNYWW,USD,39,,4266225.0,0.0
MO,USD,3511,63.3970000000012,1058691149.0,68644550845.7899
MOB,USD,56,31.9651,4038273.0,22902964.57
MOBI,USD,13,35.5477,11819274.0,155078562.3
MOBX,USD,73,20.727,3095556.0,7213310.01
MOBXW,USD,25,,1607636.0,0.0
MOD,USD,1011,110.7723,58826144.0,12751131537.73
MODD,USD,72,33.8589,1832842.0,9476168.30999999
MODG,USD,665,96.3750000000002,173241438.0,2351145488.0
MODV,USD,189,47.0658,6778232.0,810198.31
MOGO,CAD,53,28.0038,6691453.0,6754490.07
MOGU,CNY,11,37.8184,2708873.0,5300944.36
MOGa,USD,843,105.5784,30025323.0,8657920087.30002
MOGb,USD,50,107.9885,3502579.0,941288003.4
MOH,USD,1479,113.6814,59341505.0,8188044979.31001
MOLN,CHF,10,9.577,3592442.0,14258792.35
MOMO,CNY,308,75.1746,80861806.0,477719470.97
MOND,USD,85,6.0746,5310195.0,1593.05
MORN,USD,942,117.365,44632027.0,8405794130.29999
MOS,USD,1576,99.2717000000003,315537968.0,7876627968.77999
MOV,USD,363,92.9792000000001,14664418.0,363308093.74
MOVE,USD,56,41.9411,11573026.0,153608543.0
MP,USD,1351,89.6260000000003,159556620.0,8217238146.54001
MPAA,USD,271,99.1164,18758649.0,216566141.84
MPB,USD,292,69.1385,17506538.0,567269664.35
MPC,USD,2919,79.0337000000003,230728686.0,52717557624.8498
MPLT,USD,148,109.2143,46545135.0,874177765.31
MPT,USD,932,78.5349000000001,469716754.0,2180355171.6
MPTI,USD,198,51.4018,2221294.0,151593385.94
MPTI_r,USD,56,,1153306.0,2421942.6
MPTI_r_w,USD,57,,947144.0,1987899.69
MPU,USD,40,5.8963,3681036.0,1504248.84
MPW,USD,932,78.5349000000001,469716754.0,2180355171.6
MPWR,USD,2133,106.8953,52518722.0,56971834684.4901
MPX,USD,173,17.2628,5909787.0,44048327.62
MQ,USD,588,84.8238000000001,83084798.0,1361076288.52
MQT,USD,124,0.6367,141076.0,1444980.99
MRAI,USD,11,51.1056,12925984.0,5220868.8
MRAM,USD,220,71.0212000000001,16652767.0,174389945.94
MRBK,USD,199,86.8825,10330527.0,192978814.4
MRCC,USD,143,28.8038,6240752.0,32774975.72
MRCY,USD,652,114.8152,68938386.0,5202657280.56999
MRDN,USD,122,86.4518,10953009.0,112427369.39
MREO,USD,179,52.5002,83799626.0,33154486.08
MRK,USD,5606,82.7615000000053,2044130272.0,240251002715.05
MRKR,USD,71,29.1159,4854521.0,6452287.27
MRM,JPY,21,26.9768,2131678.0,2337670.87
MRNA,USD,1722,86.6831000000002,343953964.0,15689647412.92
MRNO,MXN,16,95.2973,78222264.0,45167244.21
MRNOW,MXN,49,,9216311.0,0.0
MRP,USD,1029,91.7765000000002,141546931.0,4056476949.74
MRP_w,USD,1029,91.7765000000002,141546931.0,4056476949.74
MRSH,USD,2838,96.5175000000002,460613771.0,79988796921.9098
MRSN,USD,251,8.9659,448191.0,12597252.01
MRT,USD,38,72.6187,62483056.0,128143836.78
MRTN,USD,465,101.9785,83275989.0,1178817290.98
MRVI,USD,451,99.9333000000001,147408587.0,470136131.62
MRVL,USD,3158,89.3498000000012,782532230.0,86654917494.0799
MRX,USD,444,95.2538000000001,68517138.0,3259164585.37001
MS,USD,3845,87.5395000000032,1376187499.0,252908146469.48
MSA,USD,818,102.0433,39392879.0,6540458402.14001
MSAI,USD,54,45.2008,912805.0,10118732.0
MSAIW,USD,37,,1889797.0,0.0
MSB,USD,128,50.735,6656451.0,237485184.84
MSBI,USD,337,80.2834000000001,16639673.0,375790072.25
MSC,USD,20,47.0232,90561080.0,228808656.84
MSCI,USD,2181,97.7006000000001,71030461.0,38745341442.59
MSDL,USD,239,34.4395,29192859.0,440244131.77
MSEX,USD,463,89.4619,16661782.0,867676471.619999
MSFT,USD,8716,76.6655000000092,5696814293.0,2243456184938.3
MSGE,USD,466,111.1584,44950802.0,2664835783.91
MSGM,USD,41,61.9455,2585638.0,10758617.63
MSGS,USD,747,105.661,20653084.0,6472254338.79
MSGY,USD,11,75.1409,10688809.0,8907874.43
MSI,USD,2674,91.0633000000004,151164276.0,63810425360.73
MSIF,USD,224,30.6144,13881855.0,166899439.15
MSLE,USD,35,46.3811,9665163.0,59884334.06
MSM,USD,864,108.6821,60694841.0,5599732802.57
MSN,USD,25,76.5474,16107586.0,5760262.42
MSPR,USD,35,1.9538,269110.0,1740778.96
MSS,USD,27,36.6049,296696.0,1846541.0
MSSA,,20,98.1466,3205000.0,40062500.0
MSTR,USD,2132,65.6638000000004,220380553.0,29083458820.78
MSW,USD,14,11.7025,1518417.0,2005233.01
MS_pa,USD,19,0.997,438601.0,8299377.75
MS_pe,USD,31,24.0536,8298543.0,209709883.78
MS_pf,USD,24,0.0969,32947.0,828170.12
MS_pi,USD,36,21.0262,8410438.0,209654508.17
MS_pk,USD,26,1.6802,672001.0,16352465.09
MS_pl,USD,19,15.4354,3087054.0,60356471.37
MS_pp,USD,37,25.1797,10071745.0,253617778.4
MT,USD,493,4.5394,34555321.0,1626742726.45
MTA,USD,195,60.6206,56677421.0,396783994.76
MTAL,USD,7,12.0988,2782725.0,28066482.01
MTB,USD,1917,94.6282000000003,137152764.0,28461769695.3
MTB_ph,USD,24,15.0948,1509475.0,37804637.41
MTC,USD,23,0.2439,242906.0,970490.74
MTCH,USD,1383,109.8638,256279366.0,8088456779.49002
MTD,USD,1650,103.6513,20945817.0,26889117328.8
MTDR,USD,956,105.014,130405060.0,7720503516.34001
MTEK,USD,25,50.4877,5265495.0,6307736.1
MTEKW,USD,13,,1747260.0,0.0
MTEN,USD,14,23.3467,1544795.0,1686894.71
MTEX,USD,47,73.6693,1421566.0,6672533.41
MTG,USD,932,105.3919,222893430.0,5996584294.01001
MTH,USD,877,105.0269,70055542.0,4446231180.02
MTLS,EUR,142,18.515,10936213.0,60039770.34
MTN,USD,984,125.32,44656726.0,5772820011.64999
MTNB,USD,63,20.6262,2823877.0,1972754.86
MTNE,USD,3,15.5429,3450506.0,34010494.22
MTR,USD,23,30.1846,562518.0,2703204.23
MTRN,USD,631,101.0869,21027915.0,3136612465.14
MTRX,USD,299,87.7998,24701445.0,289267865.98
MTSI,USD,938,105.7692,80698765.0,17190841893.41
MTSR,USD,20,0.0286,30095.0,856202.75
MTUS,USD,424,100.4526,41816685.0,695801608.069999
MTVA,USD,43,47.2184,2438539.0,3483074.63
MTW,USD,375,85.2234000000001,30603436.0,359544790.68
MTX,USD,568,98.3550000000002,30499040.0,2088538415.48
MTZ,USD,1370,96.5521000000001,76294296.0,22987369165.04
MU,USD,4815,83.5851000000042,944049599.0,362289745767.94
MUE,USD,108,5.0909,1115844.0,11191824.66
MUFG,JPY,858,3.23910000000003,364738931.0,6190275301.89001
MUR,USD,866,101.2607,145156137.0,5534368180.68
MUSA,USD,1039,99.1461000000002,18313159.0,8387709690.55
MUX,USD,335,72.7116000000001,43576793.0,887833203.18
MUZE,USD,21,27.269,5620627.0,55455837.22
MVBF,USD,231,67.8727000000001,8721598.0,219620225.33
MVF,USD,159,0.0112,6393.0,44317.49
MVIS,USD,303,27.4733,94678748.0,60064318.79
MVST,USD,352,79.9289,266287764.0,436976800.52
MVSTW,USD,22,,2346468.0,0.0
MVT,USD,110,0.0203,4234.0,45783.54
MWA,USD,836,103.3008,161638449.0,4329688306.58
MWC,,7,59.265,35214920.0,253547424.0
MWG,USD,16,3.5996,149094.0,408974.35
MWH,USD,133,83.5972000000001,102514405.0,3426789033.9
MWYN,USD,23,30.7902,6217998.0,5217137.16
MX,USD,160,67.9374,24792599.0,72009538.08
MXC,USD,38,77.986,1595590.0,13711070.47
MXCT,USD,312,72.2849000000001,77433496.0,79478430.47
MXL,USD,563,97.3138,88255221.0,2477345883.44
MYD,USD,184,0.0993,45421.0,470643.8
MYE,USD,391,98.5308,37005622.0,775821248.739999
MYFW,USD,196,82.6395,8069831.0,206541780.44
MYGN,USD,549,100.081,94524697.0,491947805.35
MYNA,EUR,10,0.0,0.0,0.0
MYND,USD,17,1.6035,755899.0,301249.61
MYNZ,USD,45,16.1863,2887893.0,3537253.49
MYO,USD,194,50.3331000000001,19447924.0,16103329.34
MYPS,USD,234,57.3461000000001,64378036.0,32749028.94
MYPSW,USD,15,,927590.0,0.0
MYRG,USD,739,105.2288,16385285.0,4576112317.29
MYSE,USD,39,10.6346,544292.0,1143273.66
MYSEW,USD,5,,58689.0,0.0
MYSZ,USD,28,15.7343,758117.0,577336.27
MYX,USD,7,12.0808,1267275.0,12527667.0
MZTI,USD,684,93.0222000000002,25508640.0,3862158614.79
MZYX,USD,7,10.2353,3070552.0,30499625.44
NA,CNY,37,60.7096,12357538.0,41017713.03
NAAS,CNY,22,0.8208,136574.0,1269078.96
NABL,USD,485,101.4396,191089766.0,889332439.94
NAGE,USD,347,76.6351,61035768.0,284517221.47
NAII,USD,50,56.6632,3555742.0,9382191.61
NAK,CAD,353,26.5479,149226217.0,250621186.74
NAMI,CNY,15,22.9618,726248.0,10532411.63
NAMM,USD,53,94.6159000000001,51549275.0,176563559.54
NAMMW,USD,52,,8463712.0,0.0
NAMS,USD,380,104.5281,122197731.0,4112256494.05
NAMSW,USD,14,,1296349.0,0.0
NAT,USD,430,53.7961000000001,113914309.0,571478621.44
NATH,USD,254,81.7337,3346533.0,331247573.62
NATL,USD,660,99.5107000000002,73436784.0,3168901809.22
NATR,USD,290,91.9679,16172386.0,374994641.42
NAUT,USD,208,74.1405,94216939.0,253626412.66
NAVI,USD,514,104.359,98086222.0,898773318.21
NAVN,USD,265,79.5466,190120005.0,3388725433.19
NB,USD,350,32.2822000000001,46999149.0,226507411.82
NBBK,USD,325,66.4208000000001,29106854.0,611532180.63
NBGr,,1,0.0,0.0,0.0
NBHC,USD,442,102.227,45533654.0,1796507972.12
NBIS,USD,1499,66.6429000000004,146886015.0,17798433425.53
NBIX,USD,1456,101.5966,102154669.0,13824344211.06
NBN,USD,344,86.1084000000001,7366873.0,810216377.03
NBOS,,89,75.8098,12697027.0,339143768.37
NBP,USD,106,57.9533,67022070.0,237742463.44
NBR,USD,487,83.5628,12363856.0,996706445.549999
NBST,USD,3,92.4738,3210984.0,64219680.0
NBTB,USD,531,68.2305000000002,35487423.0,1517023433.8
NBTX,EUR,29,11.7904,5717774.0,176378364.85
NBY,USD,62,104.0619,52472961.0,68043666.0999999
NC,USD,181,69.3863000000001,4148436.0,214086360.74
NCDL,USD,170,75.4888,37281695.0,503348304.52
NCEL,USD,16,69.1947,3698580.0,16107759.53
NCI,HKD,13,0.083,1903.0,27882.72
NCL,USD,29,4.5896,2466077.0,1161978.72
NCLH,USD,1364,94.3018000000004,432970064.0,8470954942.89
NCMI,USD,252,91.0673000000001,85403002.0,282332961.63
NCNA,GBP,42,1.0532,43838.0,253843.32
NCNC,USD,20,50.7841,143913157.0,863478.94
NCNO,USD,675,116.5331,127652457.0,1983450207.54
NCPL,USD,36,45.6831,3585162.0,1175471.37
NCRA,USD,23,16.6259,257676.0,4558903.98
NCSM,USD,80,86.5897,2272576.0,99579082.09
NCT,USD,18,9.7811,923117.0,6027991.36
NCTY,CNY,45,19.4324,2926738.0,16042044.8
NCV,USD,155,29.3806,6638161.0,98770248.47
NCV_pa,USD,2,14.6137,584547.0,12117659.31
NCZ,USD,130,38.8601,7394657.0,101819500.19
NCZ_pa,USD,3,5.7046,248723.0,5168734.78
NDAQ,USD,1997,98.8916000000003,552822726.0,47421357752.53
NDLS,USD,119,67.4141,3972051.0,31685111.6
NDRA,USD,32,18.3911,391520.0,1987706.36
NDSN,USD,1327,83.3688000000001,46452372.0,12234208340.25
NE,USD,785,109.3246,174424144.0,7967813184.25001
NECB,USD,269,63.6959,8799839.0,208512732.93
NEE,USD,4581,86.6481000000033,1807300714.0,165447404446.84
NEE_ps,USD,135,90.8205000000001,36327904.0,2033587431.2
NEE_pt,USD,107,85.3993,25619634.0,1346193568.56
NEE_pv,USD,68,,41575918.0,2091266370.31
NEGG,USD,79,95.626,20055720.0,564878053.06
NEM,USD,3186,82.7031000000011,871507663.0,93436008621.8501
NEN,USD,22,69.593,1940741.0,119808998.11
NEO,USD,574,111.5111,145200365.0,1274232189.55
NEOG,USD,716,117.5481,255870603.0,2267724556.97
NEON,USD,135,44.1505,7409759.0,13097899.04
NEOV,USD,80,35.9847,19748490.0,65292569.55
NEPH,USD,57,61.3291,6658210.0,26341752.12
NERV,USD,82,99.4806,46346819.0,282764417.29
NESR,USD,324,96.5899,97408026.0,1894564564.3
NET,USD,2074,90.3520000000006,290194900.0,60788976368.51
NEU,USD,768,84.9370000000001,7812505.0,5147400801.35
NEUP,USD,46,38.9612,2105684.0,10100033.3
NEWP,USD,154,81.6742,151264411.0,560526517.94
NEWT,USD,285,60.7136000000001,17521269.0,201692239.21
NEXA,USD,128,100.7763,133466591.0,1117212434.1
NEXM,CAD,47,39.5679,14105171.0,43924080.12
NEXN,,291,83.5008000000001,46527213.0,314395402.150001
NEXR,USD,21,0.1468,8947.0,507993.79
NEXT,USD,418,89.3424,236750454.0,1780509307.02
NE_t,USD,39,,307616.0,0.0
NE_ta,USD,36,,244497.0,0.0
NFBK,USD,342,73.5573,30720598.0,418315173.76
NFE,USD,591,92.4162,263970970.0,191817884.19
NFG,USD,1122,83.4142000000002,79273158.0,7169236527.55
NFGC,CAD,166,44.2501,170077763.0,348504711.85
NFLX,USD,5630,89.0887000000049,3709652784.0,350942528804.281
NG,USD,481,83.5714,366694652.0,2960727283.1
NGD,USD,640,23.4841,185924173.0,1602696171.35
NGEN,CAD,54,17.2861,18356773.0,68466246.63
NGG,GBP,899,6.2923,63259603.0,5326810188.8
NGL,USD,153,70.1559000000001,86862977.0,846229670.56
NGL_pb,USD,15,22.4976,2831464.0,70513255.37
NGL_pc,USD,1,1.1285,20313.0,515749.1
NGNE,USD,235,97.7463000000001,19210881.0,396680741.2
NGS,USD,276,95.6872,12089672.0,457172517.84
NGVC,USD,396,85.2460000000002,19641447.0,525914304.29
NGVT,USD,613,107.6484,37431556.0,2574106928.96
NHC,USD,460,86.9869000000001,13587227.0,2181557884.85
NHI,USD,630,77.3245000000002,37479747.0,2995085268.64
NHIC,USD,76,93.8712,19623787.0,203384394.31
NHICU,USD,50,8.8461,1849302.0,19749209.52
NHIV,USD,3,5.6585,1175049.0,11750490.0
NHP,USD,38,46.254,20479036.0,298492620.2
NHPAP,USD,2,7.3951,284381.0,6563513.48
NHPBP,USD,4,17.3835,593933.0,13659452.24
NHS_r,USD,46,,5886471.0,47091.78
NHS_r_w,USD,34,,2675580.0,21404.64
NHTC,USD,50,25.5967,2195662.0,6153214.4
NI,USD,1541,98.4342000000003,471930831.0,21662287114.92
NIC,USD,446,63.7095,13419409.0,1966181316.92
NICE,USD,825,60.2885000000001,35233857.0,3866455238.08
NICM,CAD,1,0.0245,4679.0,29384.12
NINE,USD,24,63.7777,8896963.0,79924922.3
NIO,CNY,947,12.6391,294372379.0,1764293907.54
NIPG,USD,23,3.2059,228616.0,10594235.33
NIQ,USD,282,102.9124,303732381.0,3847340866.77
NISN,USD,19,32.8142,1066242.0,12590407.35
NITO,USD,44,19.0488,276843.0,1866363.62
NIU,CNY,132,32.2187,22819377.0,62406843.96
NIVF,USD,13,0.508,17373.0,1354907.28
NIVFW,USD,21,,2584492.0,0.0
NIXX,USD,48,43.5333,12646738.0,8455748.44
NIXXW,USD,6,,107535.0,0.0
NJR,USD,794,80.0113000000002,80749231.0,4312718232.01001
NKE,USD,3945,83.9722000000007,1009472903.0,53108730638.8298
NKGN,USD,38,61.0769,79767969.0,1678037.43
NKLR,USD,74,87.2933,96459747.0,447177216.46
NKSH,USD,182,40.8636,2603292.0,94587080.6
NKTR,USD,446,63.5488,21470516.0,1300678309.77
NKTX,USD,272,85.0445,60845433.0,128792890.24
NL,USD,166,95.6133,46753786.0,272576665.17
NLOP,USD,525,50.6408000000001,7502080.0,103588016.2
NLY,USD,1351,60.6390000000004,455085653.0,9668488781.98998
NLY_pf,USD,27,21.6473,6234394.0,159020898.27
NLY_pg,USD,18,22.5857,3839601.0,94816083.66
NLY_pi,USD,18,18.0445,3067590.0,77978230.64
NLY_pj,USD,10,21.0921,2425580.0,61944621.2
NMAD,USD,40,15.2346,2778328.0,16126668.71
NMAX,USD,348,84.3375000000001,75837481.0,437950378.65
NMFC,USD,318,51.4877,48631779.0,402451256.67
NMG,CAD,101,67.3798,218604305.0,433935669.39
NMHI,USD,24,14.8723,90219534.0,325015.62
NMIH,USD,678,102.4767,77854062.0,2971248358.88
NMP,USD,41,98.5849,11965765.0,120885115.91
NMPAR,USD,22,,8615701.0,1723915.85
NMPAU,USD,14,11.1325,1351205.0,13633976.68
NMR,JPY,442,2.96950000000001,86800278.0,698641773.81
NMRA,USD,314,81.513,151026022.0,309958478.74
NMRK,USD,596,82.9879000000002,129663067.0,2031088234.81
NMTC,USD,72,47.8848,4167099.0,16451432.52
NN,USD,393,102.5161,139871249.0,2321167906.27
NNAVW,USD,30,,4591882.0,0.0
NNBR,USD,181,42.8714,32991969.0,69248889.47
NNDM,USD,282,40.8906,85546655.0,133046627.8
NNE,USD,467,67.9952000000002,35414232.0,772709895.22
NNI,USD,432,78.5875,19896828.0,2581671260.97
NNN,USD,1019,97.7585000000003,185984867.0,7737019615.11999
NNNN,USD,16,9.6668,4242867.0,127505558.25
NNOX,USD,286,34.5647000000001,24057725.0,51927907.17
NNVC,USD,80,17.5014,3926828.0,4366284.03
NOA,CAD,210,82.0214,22229905.0,301198837.93
NOAH,CNY,183,40.0922,27520169.0,274317927.34
NOC,USD,2811,84.8020000000003,120477423.0,81036620827.1801
NODK,USD,151,93.1897,19086625.0,249503156.25
NOEM,USD,40,102.668,9841507.0,102063683.38
NOEMR,USD,24,,6895227.0,1200356.8
NOEMU,USD,25,12.393,1187957.0,12128051.26
NOG,USD,729,110.7242,120419698.0,3446475795.44
NOK,EUR,1037,21.4648999999999,1201739703.0,9994924234.70001
NOMA,USD,19,67.137,9990887.0,47934417.36
NOMD,EUR,443,90.7158,126812604.0,1345826772.11
NOTE,USD,182,18.9962,4931806.0,2425786.02
NOTV,USD,152,24.5188,8601693.0,2627000.6
NOV,USD,927,112.888,405143344.0,7371281722.54001
NOVA,USD,376,2.6351,3306791.0,6136126.59
NOVT,USD,724,124.1255,44205081.0,5445715224.29999
NOVTU,USD,52,98.1690999999999,12418417.0,666985855.86
NOW,USD,4257,90.2085000000012,932775961.0,99932124035.2898
NP,USD,178,91.321,85651509.0,2188366169.24
NPAC,USD,72,94.2772,29119474.0,298894248.11
NPACU,USD,40,9.25,2857063.0,29073298.62
NPB,USD,221,106.5901,36860943.0,639642981.939999
NPCE,USD,230,99.0199000000001,33759679.0,485309805.83
NPK,USD,362,89.8247,6436850.0,873191057.810001
NPKI,USD,469,98.9794,83584883.0,1170212479.71
NPO,USD,638,102.0232,21554018.0,5389820648.54
NPT,USD,8,80.6708,17896781.0,106009167.32
NPWR,USD,270,91.2562,80656341.0,145059924.08
NPWR_t,USD,40,,10691511.0,0.0
NRC,USD,315,100.7381,22702986.0,439945083.51
NRDS,USD,347,92.8631,31678666.0,343285501.54
NRDY,USD,221,70.5605,89635213.0,79964352.43
NREF,USD,180,80.0003,15078381.0,205252045.98
NREF_pa,USD,1,9.1779,150977.0,3442275.6
NRG,USD,2001,96.5932000000004,203803110.0,30398390359.43
NRGV,USD,308,63.1903000000001,112601423.0,416712216.89
NRIM,USD,329,77.5169000000002,17243423.0,409491711.9
NRIX,USD,421,117.5262,121966593.0,1932368324.09
NRSN,USD,41,34.7523,12284921.0,9068701.63
NRSNW,USD,6,,228635.0,0.0
NRXP,USD,73,25.2307,9137691.0,18919097.1
NRXPW,USD,10,,23606.0,0.0
NRXS,USD,55,42.1443,5216740.0,37984814.76
NSA,USD,700,102.4363,79483098.0,2943075235.26
NSA_pa,USD,21,32.5586,2973661.0,66325902.08
NSA_pb,USD,4,7.1459,405041.0,9520955.94
NSC,USD,2797,78.8525999999999,177115708.0,51028630743.63
NSIT,USD,728,109.089,32949437.0,2423162620.95
NSLR,USD,149,30.9198,8185431.0,92529272.03
NSP,USD,655,113.7684,43424726.0,1387970628.4
NSPR,USD,80,69.0397,32283373.0,49803543.67
NSRX,USD,15,67.8246,7942826.0,21067983.12
NSSC,USD,568,108.9248,38916001.0,1550755034.15
NSTS,USD,47,39.9583,2102410.0,25458333.71
NSYS,USD,35,69.0493,1929614.0,23477734.53
NTAP,USD,1880,107.0116,209664294.0,21991047546.23
NTB,USD,422,78.2764000000002,31270150.0,1622822523.02
NTBL,USD,15,0.0,0.0,0.0
NTCL,USD,22,16.2343,207612.0,3261090.75
NTCT,USD,542,101.0937,72277602.0,2316853965.8
NTES,CNY,976,11.2392,71966872.0,8265828055.07999
NTGR,USD,456,108.7081,29177007.0,655269993.55
NTHI,USD,56,70.5126,18284808.0,92304332.0999999
NTIC,USD,152,53.7103,5100528.0,40784194.23
NTIP,USD,49,60.9824,13942591.0,21085675.56
NTLA,USD,676,80.5546000000001,112553060.0,1351511501.33
NTNX,USD,1310,92.3181000000002,249540878.0,9676248476.51997
NTR,USD,1487,73.5956000000001,353286542.0,25669907348.8301
NTRA,USD,1475,97.7017000000001,139926878.0,29327525654.12
NTRB,USD,53,59.8414,7274326.0,28063410.96
NTRBW,USD,7,,251982.0,0.0
NTRP,USD,42,51.1566,7629639.0,17887757.57
NTRS,USD,1662,88.8647000000002,162594819.0,22879369837.64
NTRSO,USD,24,22.6624,3625980.0,68149072.16
NTSK,USD,350,71.9019,179981896.0,1702181488.92
NTST,USD,510,143.9893,146120088.0,2755705139.86
NTWK,USD,61,40.6249,4824817.0,17876467.72
NTWO,USD,56,106.7941,19221200.0,200717949.82
NTWOU,USD,36,2.4237,436224.0,4602787.38
NTZ,EUR,18,30.6408,3374972.0,10144271.22
NU,USD,1859,85.3831000000002,3251549097.0,46600740883.4299
NUAG,,43,34.4025,1505110.0,31861095.43
NUAI,USD,128,40.4096,40912986.0,167118075.23
NUAIW,USD,49,,2001095.0,0.0
NUCL,USD,39,62.9381,18616944.0,138376907.25
NUE,USD,2383,82.2209000000005,187259260.0,31962685866.33
NUKK,USD,71,31.8506,19196477.0,9284761.53
NUKKW,USD,15,,1061397.0,0.0
NUS,USD,457,80.6338000000001,39148028.0,303512353.58
NUTR,USD,16,63.0063,12210059.0,109870686.9
NUTX,USD,291,69.8883000000001,4809226.0,536039126.44
NUVB,USD,442,80.8014,281354038.0,1574930370.98
NUVB_t,USD,31,,2699452.0,0.0
NUVL,USD,517,116.1113,85565606.0,8785641881.68
NUWE,USD,26,1.3899,8501.0,358210.99
NVA,AUD,57,12.5474,4790640.0,23399617.77
NVAC,,40,1.5953,8424.0,1458963.56
NVAX,USD,550,72.6449000000001,119456564.0,978822294.5
NVCR,USD,554,97.6330000000001,113685430.0,1299701128.83
NVCT,USD,141,49.9126,15735035.0,177995152.99
NVDA,USD,8081,75.4548000000078,18267505203.0,3244365347562.27
NVEC,USD,263,90.1051000000001,4358541.0,294744397.27
NVGS,USD,312,83.9211000000001,51797826.0,999678722.03
NVMI,USD,691,73.3692,23335725.0,9630054289.16998
NVNI,BRL,35,20.2219,2364362.0,3260721.7
NVNIW,BRL,39,,5266094.0,0.0
NVNO,USD,89,36.5472,244015.0,2762449.28
NVO,DKK,2816,10.5014999999999,353316152.0,14262597524.81
NVOS,USD,21,6.5866,1299553.0,67446.8
NVR,USD,1416,95.5054000000001,2557892.0,16923781077.53
NVRI,USD,45,21.8391,6137629.0,134719860.63
NVRI_w,USD,45,21.8391,6137629.0,134719860.63
NVS,USD,2127,7.67890000000002,145989448.0,22240501870.42
NVST,USD,717,114.2279,185880812.0,4525833276.53
NVT,USD,1504,98.7753000000003,159742123.0,18885625430.43
NVTS,USD,573,64.2651,157932349.0,1801361072.64
NVVE,USD,46,41.1961,216166.0,1390613.53
NVVEW,USD,11,,125176.0,0.0
NVX,USD,66,2.0493,5065031.0,3582900.01
NWAX,USD,33,26.3153,9815620.0,98603774.93
NWAX_u,USD,80,34.0232,11942072.0,124065345.18
NWBI,USD,561,71.2148,104197671.0,1328235713.41
NWE,USD,693,99.1711000000002,60998641.0,4017574542.76001
NWFL,USD,194,50.1425,5461364.0,162620520.33
NWG,GBP,637,5.3268,212139100.0,3211617862.61
NWGL,USD,9,1.9089,94235.0,106763.57
NWL,USD,890,100.9537,428955755.0,1516994802.68
NWN,USD,609,82.7185,34808634.0,1804089039.03
NWPX,USD,350,89.8264000000001,8656536.0,682269453.45
NWS,USD,689,88.2181000000002,161043804.0,5006552882.06
NWSA,USD,1174,110.2288,402226377.0,10158042460.74
NWTG,USD,34,39.5388,1815658.0,2099107.4
NX,USD,483,120.1447,55180155.0,983225303.79
NXB,USD,29,68.7802,17218432.0,44442696.0
NXDR,USD,403,65.6739,166739790.0,268052879.2
NXDT,USD,259,79.7705000000001,41257139.0,199272772.69
NXDT_pa,USD,5,17.3252,582054.0,8416005.06
NXE,CAD,581,62.2353,411938353.0,4653370652.59999
NXGL,USD,45,28.4499,2623961.0,1485238.54
NXGLW,USD,8,,903600.0,0.0
NXG_r_w,,1,,0.0,0.0
NXL,USD,52,15.6806,3447428.0,1458846.82
NXPI,USD,2336,102.7535,259424402.0,53955437899.92
NXPL,USD,47,49.9756,1353594.0,8671598.55
NXPLW,USD,4,,22148.0,0.0
NXRT,USD,486,91.7194000000001,23380489.0,623387103.31
NXST,USD,990,109.2042,33350171.0,6172648607.85001
NXT,USD,1347,109.4625,165987570.0,19643349044.27
NXTC,USD,80,63.1171,2566558.0,28471221.8
NXTS,USD,44,19.0488,276843.0,1866363.62
NXTT,USD,44,3.315,2528345.0,18661876.33
NXU,,31,2.5475,58269.0,55355.55
NXXT,USD,147,60.0331,100851479.0,36517585.6
NYAX,USD,140,86.227,31565563.0,2001817222.18
NYC,USD,49,78.1951,2283207.0,18828459.07
NYT,USD,1099,104.2147,167870328.0,13395102427.08
NYXH,EUR,84,60.7078,60706486.0,134524363.26
O,USD,2375,81.1528000000006,756765480.0,45824148949.9102
OABI,USD,344,65.7692,95347934.0,161969465.97
OABIW,USD,18,,14183615.0,0.0
OACC,USD,68,87.6904,17347652.0,183576401.28
OAK_pa,USD,18,32.6657,2351943.0,48645758.16
OAK_pb,USD,15,40.7048,3826264.0,78821671.92
OB,USD,269,82.8905,80396322.0,65282398.91
OBA,USD,71,87.1275,22043119.0,222893764.3
OBAI,USD,17,47.8933,11715729.0,10456853.96
OBAWU,USD,81,13.7928,3489593.0,35560844.69
OBDC,USD,792,55.6171000000001,276034356.0,3169112792.21
OBE,CAD,240,46.6733000000001,31159624.0,295440576.19
OBIO,USD,180,66.706,39943967.0,168233149.13
OBK,USD,386,73.6043000000001,22707417.0,956029655.93
OBT,USD,214,62.9615,8441801.0,270768013.3
OC,USD,1583,109.0258,87797320.0,9837823220.14999
OCC,USD,64,59.7938,5278061.0,59090837.74
OCCI,USD,71,8.5846,2521443.0,7569610.9
OCCIM,USD,3,26.4151,315924.0,7914023.95
OCCIN,USD,2,36.3728,509220.0,12583834.86
OCCIO,USD,2,0.0,0.0,0.0
OCEA,USD,45,10.311,23958958.0,2395835.92
OCFC,USD,423,67.9851000000002,65629067.0,1210281350.98
OCG,USD,17,1.9104,37028.0,3058724.64
OCGN,USD,283,33.6696000000001,113979431.0,197335731.25
OCS,CHF,98,42.2039,26183384.0,675933507.08
OCSL,USD,377,41.5234,36576462.0,428602271.24
OCTV,USD,21,19.5084,50216904.0,861356318.4
OCTVV,USD,21,19.5084,50216904.0,861356318.4
OCUL,USD,475,96.1493000000001,210529919.0,2132687533.5
ODC,USD,296,80.9826000000001,8304240.0,540465057.32
ODD,USD,455,116.7923,40584607.0,597228433.14
ODFL,USD,1877,90.9402000000004,189128138.0,36201926848.37
ODTX,USD,14,51.0172,24504292.0,418567136.92
ODV,CAD,195,78.2995999999999,239452559.0,728937646.88
ODYS,USD,23,65.6817,11039079.0,52180167.21
OEC,USD,421,100.6822,56773320.0,349045511.66
OESX,USD,82,63.7191,2584791.0,26547532.81
OFAL,USD,13,79.7983000000001,21043257.0,4474851.79
OFG,USD,524,99.0788,41875406.0,1705578969.46
OFIX,USD,353,94.006,37998517.0,458512908.78
OFLX,USD,245,95.6336,9653606.0,301650650.99
OFRM,USD,97,85.2401,35717267.0,648286152.02
OFS,USD,68,30.8776,4137031.0,16715627.14
OGC,USD,262,56.0568,124696952.0,3434880850.03
OGCP,USD,28,6.5811,274378.0,1476524.55
OGE,USD,1035,80.1018000000002,165312383.0,7784525732.87001
OGEN,USD,55,7.2119,325396.0,471223.74
OGI,CAD,164,38.6361000000001,54390042.0,77428880.27
OGN,USD,1340,76.4242000000004,200702441.0,1299888984.3
OGS,USD,742,96.1374000000002,60338806.0,5059067841.79999
OHI,USD,1273,81.6662000000003,243206923.0,10706504549.82
OI,USD,647,103.4896,158650566.0,1826203385.29
OII,USD,675,111.3652,110845137.0,3932460186.65
OIM,USD,25,39.0584,11229247.0,112071393.98
OIMAU,USD,23,37.028,10719607.0,108373916.07
OIO,USD,14,90.7046,315671434.0,547005301.99
OIOWW,USD,25,,4652310.0,0.0
OIS,USD,385,100.0081,60198630.0,611005199.87
OKE,USD,2707,83.6153000000008,526795698.0,46174315757.0302
OKLO,USD,1302,69.4182000000002,120782876.0,6351614834.23001
OKTA,USD,1655,100.3518,166718771.0,13716861141.4
OKUR,USD,130,73.3804,29642207.0,129269151.24
OKYO,GBP,27,50.6746,26593762.0,45742101.91
OLB,USD,32,47.8437,7016269.0,3478928.2
OLED,USD,1025,98.2747000000001,45944353.0,4386617836.72
OLLI,USD,923,121.1097,73219543.0,6698895300.11999
OLMA,USD,400,108.9478,95163758.0,1909381702.46
OLN,USD,839,112.9751,128766333.0,3658830812.07
OLOX,USD,37,29.4045,382690.0,2617258.7
OLP,USD,307,64.4624,14065471.0,312458632.59
OLPX,USD,369,24.2848,163225980.0,323388168.16
OM,USD,254,93.6809,17365916.0,70190058.67
OMAB,MXN,289,14.294,6081256.0,687641073.08
OMC,USD,2077,117.2846,334273228.0,25527466321.11
OMCC,USD,41,51.3938,3503788.0,16116478.44
OMCL,USD,596,110.1583,50098778.0,1818812742.66
OMDA,USD,273,94.2136000000001,56008486.0,829621292.730001
OMER,USD,309,51.3161,37140069.0,455357360.66
OMEX,USD,115,56.1457,32886943.0,32658257.19
OMF,USD,903,90.3140000000003,104340859.0,6056009274.2
OMH,SGD,12,0.5223,140172.0,357132.63
OMI,USD,507,102.1623,78239852.0,200665793.63
OMQS,USD,5,22.6971,3439287.0,447587.79
OMSE,USD,26,64.8102,27511199.0,117143569.15
ON,USD,1877,109.9334,427875315.0,27017143861.32
ONB,USD,788,90.1023000000001,344700128.0,7660548019.81002
ONBPO,USD,14,11.4417,560649.0,13866198.36
ONBPP,USD,5,10.8413,468344.0,11605562.7
ONC,USD,592,50.0783000000001,54948006.0,16215556758.25
ONCH,USD,66,92.3985,15938732.0,162556106.24
ONCHU,USD,54,27.9583,4822769.0,49802861.97
ONCO,USD,28,0.2485,9170.0,1041091.91
ONDS,USD,580,49.2057,260668088.0,2267371491.16
ONEG,USD,12,57.0633,9130121.0,20681536.95
ONEW,USD,222,98.736,16407032.0,167526227.73
ONFO,USD,26,34.5958,2432561.0,761696.16
ONIT,USD,234,78.2571000000001,6598718.0,274143803.13
ONL,USD,469,78.7496,44752649.0,98775733.3499999
ONMD,USD,55,88.9989,50687151.0,37597837.27
ONMDW,USD,25,,5585373.0,0.0
ONON,CHF,1155,98.1458000000001,293657751.0,11983570571.25
ONT,USD,445,110.5509,39952169.0,892862835.920001
ONTF,USD,254,46.9667,20192666.0,162994370.33
ONTO,USD,1196,98.1692000000001,48833210.0,9823395703.40001
OOMA,USD,294,80.0449,22012293.0,336631822.16
OPAD,USD,139,47.4265,2244132.0,35960758.27
OPAL,USD,171,84.4082,25624178.0,61008024.97
OPBK,USD,212,82.9172999999999,12376827.0,167266005.26
OPCH,USD,834,109.8571,172505262.0,4814001173.9
OPEN,USD,801,47.3539000000001,456842209.0,2314379097.12
OPFI,USD,330,85.2683000000001,72812809.0,680427175.34
OPFI_t,USD,29,,10243569.0,0.0
OPGN,USD,11,85.4989,10588318.0,243383962.32
OPHC,USD,49,31.6678,3885138.0,19216431.26
OPI,USD,8,59.3405,13027376.0,221465392.0
OPK,USD,445,77.1646000000001,582667851.0,767063325.59
OPLN,USD,615,119.809,126933773.0,3894155640.1
OPP,,105,36.1875,9043251.0,69498404.62
OPP_pa,,3,8.0108,192258.0,3235455.18
OPP_pb,,2,15.5573,373374.0,6762033.14
OPRA,USD,328,25.8067,23110520.0,334657145.31
OPRT,USD,292,93.3517,42892787.0,214217314.0
OPRX,USD,305,91.468,17164014.0,137059139.29
OPTH,CAD,8,21.4381,1227514.0,6344545.3
OPTT,USD,134,14.1954,36221067.0,13562762.85
OPTU,USD,388,118.5684,347943390.0,502374126.32
OPTX,USD,71,81.7521999999999,32929634.0,255423494.21
OPTXW,USD,39,,2920348.0,0.0
OPXS,USD,82,73.5675,5120192.0,71048068.48
OPY,USD,215,83.8105,8890881.0,782324699.76
OR,USD,540,89.2555,167349491.0,6158746999.58999
ORA,USD,827,96.1200000000001,59067401.0,6590076638.13
ORAN,EUR,247,0.0724,1921588.0,38886311.26
ORBS,USD,150,88.6002,332937700.0,600037376.960001
ORC,USD,367,42.6838000000001,85209814.0,597958634.04
ORCL,USD,5819,84.5558000000062,2435491367.0,518554857273.329
ORGN,,182,30.1193,1657477.0,4461977.96
ORGNW,USD,31,,2254070.0,0.0
ORGO,USD,321,97.4720000000001,125421250.0,373279960.48
ORGS,USD,20,46.9388,4599780.0,1827256.25
ORI,USD,1201,86.2821000000003,210146871.0,8578487066.79
ORIC,USD,349,126.3865,130832799.0,1372607697.97
ORIO,CAD,53,28.0038,6691453.0,6754490.07
ORIQ,USD,36,95.5542,8241555.0,84055348.13
ORIQU,USD,9,1.0733,92565.0,944163.0
ORIS,USD,23,22.1775,280368.0,1560471.03
ORKA,USD,328,100.3472,60521785.0,2841981275.63
ORKT,SGD,20,61.9053,3109007.0,2126293.84
ORLA,USD,453,89.524,309745833.0,4058261946.38
ORLY,USD,2835,90.8905000000004,753235954.0,69341728238.2097
ORMP,USD,130,45.4231,18588910.0,65791041.18
ORN,USD,327,90.4172,36600290.0,414579151.83
ORRF,USD,354,70.9433000000001,13953279.0,504405203.46
OSBC,USD,393,81.4365,41483217.0,841969827.93
OSCR,USD,785,74.3311,197649287.0,2699702629.99
OSG,USD,409,85.0435000000001,38281207.0,206236100.68
OSIS,USD,716,123.6806,20386175.0,5280069455.68001
OSK,USD,1112,109.2088,68094181.0,9728350147.50998
OSPN,USD,473,98.7163999999999,36596942.0,412390888.67
OSRH,USD,40,49.7544,17473033.0,7907409.2
OSS,USD,153,56.7927,14052440.0,125889088.73
OST,USD,38,17.2026,1025944.0,3843602.39
OSTX,USD,53,28.6533,12759929.0,21276355.75
OSUR,USD,365,98.1484,67573704.0,200059155.67
OSW,USD,498,118.2032,119994864.0,2775078272.69
OTAI,USD,3,18.1801,2500000.0,24750000.0
OTEX,USD,808,97.3843000000001,236316311.0,6256913073.46
OTF,USD,228,39.1035,180911437.0,2268920919.87
OTGA,USD,57,84.4919,20087956.0,201580169.7
OTGAU,USD,66,8.7462,2079401.0,21262014.7
OTH,USD,29,68.7802,17218432.0,44442696.0
OTIS,USD,2305,95.4572000000003,363385210.0,28060124811.31
OTLK,USD,177,23.1127,41761324.0,26059645.61
OTLY,USD,194,66.7488,21300871.0,231771175.14
OTRK,USD,38,43.5976,3088686.0,1542389.42
OTTR,USD,640,79.6849000000002,33455321.0,2887439035.86
OUST,USD,535,54.3580000000001,36428653.0,902735118.31
OUT,USD,626,108.5925,191193712.0,5084876002.84001
OVBC,USD,137,50.4778,2378018.0,102199175.79
OVID,USD,226,61.6056,114981176.0,244983810.71
OVLY,USD,170,49.1715,4137059.0,131180285.02
OVV,USD,1237,94.6780000000001,260857400.0,15386407946.77
OWL,USD,1062,98.1693000000001,663436404.0,7093426102.09
OWLS,USD,23,55.5714,21020150.0,136572479.53
OWLT,USD,145,87.5956,25456487.0,153881667.12
OXBR,USD,40,21.5814,1748401.0,1888294.61
OXBRW,USD,10,,834815.0,0.0
OXLC,USD,291,14.8493,14497671.0,170365105.95
OXLCN,USD,1,23.6576,603268.0,14659412.4
OXLCO,USD,3,19.2189,516394.0,12086099.06
OXLCP,USD,3,5.8317,205555.0,5056673.56
OXM,USD,538,125.3422,18714479.0,716999200.089999
OXSQ,USD,112,10.3291,10794114.0,15674928.52
OXY,USD,2353,80.4546000000008,800269538.0,43637726780.15
OXY_t,USD,512,,10536526.0,0.0
OYSE,USD,67,101.7897,26473557.0,268465840.69
OYSER,USD,52,,21889123.0,2740335.21
OYSEU,USD,69,3.1944,830818.0,8503025.22
OZK,USD,939,102.4696,112067451.0,5213527807.80001
OZKAP,USD,11,14.8943,2085197.0,33150376.59
P,USD,1556,91.1322000000001,302927814.0,18525690957.46
PAAC,USD,6,38.4568,6815826.0,67301228.12
PAAS,USD,1226,63.2507000000002,266514498.0,14086649048.96
PAC,MXN,372,16.2773,8450972.0,2088242424.95
PACB,USD,497,65.0210000000002,201955857.0,300932826.409999
PACH,USD,70,107.6004,23795595.0,240141831.49
PACHU,USD,78,11.2443,2844776.0,29121846.08
PACK,USD,313,101.3282,86681254.0,415046892.06
PACS,USD,462,100.0925,158418827.0,5980539684.31
PAG,USD,774,101.6515,66835740.0,13146116149.41
PAGS,BRL,615,85.9839,136814426.0,1325512304.74
PAHC,USD,499,97.7239,20589235.0,1039866577.0
PAII,USD,60,93.4788,18734250.0,189311358.18
PAII_u,USD,24,1.6286,326400.0,3382947.5
PAL,USD,230,89.2184,24775983.0,183761742.53
PALI,USD,145,98.8227000000001,171536172.0,350908315.99
PALO,USD,5,0.7794,132338.0,1310392.21
PAM,ARS,237,9.0158,4903240.0,428709037.15
PAMT,USD,145,97.5119,20422260.0,174696410.08
PANL,USD,283,84.2841000000001,55134338.0,387814958.92
PANW,USD,4327,86.4568000000025,704616334.0,124031801723.39
PAPL,USD,24,72.4748,18319328.0,14006994.44
PAR,USD,514,116.5125,48056784.0,975738523.08
PARAA,USD,44,77.3909,31500156.0,713478540.3
PARK,USD,32,43.359,1957691.0,33150166.67
PARR,USD,647,110.5418,55430724.0,3131183898.99
PASG,USD,89,68.9174,2214137.0,13805053.12
PASW,CNY,7,56.3976,13845628.0,16918079.4
PATH,USD,1146,93.6372000000002,424603299.0,4758225321.0
PATK,USD,676,121.498,38564167.0,4223967250.81
PAVM,USD,72,61.0468,4370367.0,41781816.68
PAVS,USD,16,0.0385,330.0,53693013.0
PAX,USD,331,84.6249,57924868.0,781140706.51
PAY,USD,407,94.3131000000001,59357789.0,1557111915.36
PAYC,USD,1541,115.5205,53864490.0,7070388071.87998
PAYO,USD,607,95.8066000000002,323963941.0,1662819931.12
PAYP,JPY,57,202.9439,696887254.0,14286816407.01
PAYS,USD,253,67.2491000000001,37595975.0,237076809.67
PAYX,USD,2776,98.4492000000001,350187881.0,32811833051.2
PB,USD,836,78.3013000000001,93769432.0,6358970388.56
PBA,CAD,935,60.8883000000001,354033551.0,15135372082.03
PBF,USD,768,101.7987,120437349.0,5268639291.72999
PBFS,USD,160,82.6083999999999,20715526.0,288176751.39
PBH,USD,693,115.9043,54906077.0,3187374856.74
PBHC,USD,60,56.1876,2739831.0,37686234.55
PBI,USD,655,95.4787000000001,129318760.0,1485420253.51
PBK,CAD,59,18.3242,8737239.0,6035381.28
PBLS,USD,19,60.7865,70855232.0,2039679896.0
PBM,USD,30,6.9898,266615.0,944289.94
PBMWW,USD,39,,5609172.0,0.0
PBR,BRL,1062,21.6022999999999,803940422.0,14839037524.87
PBRa,BRL,406,9.3856,255619170.0,4352866737.2
PBYI,USD,305,88.3953,44992359.0,298348591.3
PC,SGD,10,1.4272,29580.0,259851.48
PCAP,USD,78,97.0978,24692023.0,250963636.82
PCAPU,USD,85,4.0328,1025528.0,10492600.38
PCAR,USD,2012,77.8210000000003,409573842.0,46943843254.43
PCB,USD,192,68.6569,9682513.0,217958161.03
PCG,USD,1684,101.7378,2240697072.0,38952070610.0801
PCG_pa,USD,6,14.7244,851788.0,18640233.31
PCG_pb,USD,2,0.0341,400.0,8400.0
PCG_pd,USD,2,0.6748,11998.0,225298.5
PCG_px,USD,127,85.6176,27568956.0,1182649953.27
PCLA,JPY,22,33.8554,3254800.0,21038584.4
PCOR,USD,910,109.0403,164530967.0,9789003048.77001
PCRX,USD,547,119.7707,47127494.0,1106458814.75
PCSA,USD,42,21.3214,590182.0,1327654.97
PCSC,USD,78,141.7199,11560402.0,128314027.83
PCT,USD,566,80.376,159414056.0,1048916183.48
PCTTU,USD,4,0.157,11776.0,73024.16
PCTTW,USD,25,,2081995.0,0.0
PCTY,USD,992,103.946,55657504.0,7119775403.86998
PCVX,USD,756,109.4759,158081040.0,8348145099.14
PCYO,USD,224,78.7846000000001,18984981.0,194505844.51
PD,USD,559,111.3337,85851284.0,609115747.62
PDC,JPY,17,10.1232,685158.0,3485249.6
PDCC,USD,11,94.7286,6474355.0,94099904.72
PDD,CNY,1553,34.2436000000004,487440913.0,50045518402.4599
PDEX,USD,164,68.4315,2184840.0,113542494.22
PDFS,USD,444,94.4549000000001,39534391.0,1468108628.36
PDLB,USD,181,67.6913000000001,16373043.0,276539113.26
PDM,USD,527,96.3292999999999,120429567.0,841627550.9
PDPA,USD,4,65.2269,782722.0,19622403.04
PDS,CAD,315,75.6616000000001,9791524.0,904258242.68
PDSB,USD,115,10.9922,6146640.0,4086110.96
PDYN,USD,261,61.9246,29252491.0,203081624.83
PDYNW,USD,44,,6003851.0,0.0
PEB,USD,562,136.7822,155069518.0,1942602669.59
PEBK,USD,172,62.6869,3423652.0,133269770.32
PEBO,USD,414,71.5837000000001,25726779.0,855990792.31
PEB_pe,USD,47,71.2682,3039865.0,58263487.93
PEB_pf,USD,48,73.1813,4310728.0,82688288.15
PEB_pg,USD,21,40.0027,3634637.0,71099803.74
PEB_ph,USD,14,33.3801,2612700.0,45951328.2
PECE,USD,3,27.897,2437500.0,24180000.0
PECO,USD,788,90.1150000000001,115717695.0,4338485987.67
PED,USD,63,90.9457,12087511.0,163121920.29
PEG,USD,2209,78.2477000000007,389939264.0,31531658008.0201
PEGA,USD,968,108.8276,178926961.0,7205221393.11999
PEN,USD,919,93.5514000000002,36795308.0,11841488172.65
PENG,USD,558,132.1557,67696932.0,1549729831.0
PENN,USD,767,104.9875,140416545.0,2119868990.55
PEP,USD,5290,83.7745000000039,1143517251.0,175123608464.419
PEPG,USD,218,95.9337000000001,66356418.0,327559114.45
PERF,USD,54,67.5138,57427294.0,110599203.68
PERF_t,USD,25,,5443106.0,0.0
PERI,USD,229,55.0802,21663131.0,213656736.77
PESI,USD,199,56.1247,11886523.0,128700773.11
PETS,USD,196,61.3455,13111049.0,28725669.17
PETZ,USD,15,34.5108,3562636.0,3552456.9
PEV,USD,39,51.8302,693613.0,3259981.1
PFAI,USD,7,12.1508,491084.0,1815680.83
PFBC,USD,462,96.7352000000001,11455301.0,1062072247.44
PFE,USD,4688,69.3801000000029,3954381816.0,108310898988.19
PFG,USD,1625,82.5923000000004,178408915.0,16472253744.66
PFGC,USD,902,105.4818,165702783.0,14582305274.35
PFIS,USD,245,40.3958000000001,4043886.0,216573195.4
PFLT,USD,264,23.5785,23394137.0,190870072.39
PFS,USD,568,79.4026,103472085.0,2190177003.95
PFSA,,40,1.5953,8424.0,1458963.56
PFSI,USD,537,102.525,53235567.0,4979059929.71
PFX,USD,37,52.5559,1015696.0,41511798.78
PG,USD,5904,71.8327000000057,1672626914.0,241625208965.552
PGAC,USD,41,309.2807,9243610.0,96629825.77
PGACR,USD,26,,7773101.0,1560962.88
PGC,USD,326,90.6281,16057902.0,547478924.91
PGEN,USD,377,87.3805000000001,311520585.0,1202522635.5
PGNY,USD,702,118.2917,92661585.0,1882841716.48
PGR,USD,3278,91.0432000000014,529343486.0,105774250494.83
PGY,USD,516,62.7394000000001,45048573.0,574176161.66
PGYWW,USD,35,,1412010.0,0.0
PH,USD,2975,91.107900000001,114876688.0,102522462208.11
PHAR,,26,0.167,118053.0,1856207.36
PHAT,USD,377,91.1205,72674459.0,937561333.18
PHB,,204,74.6508,13063916.0,235159270.12
PHG,EUR,588,5.44060000000001,51762752.0,1413676999.48
PHGE,USD,50,34.8545,4108790.0,7274958.04
PHH,CNY,32,31.646,1873798.0,2235408.55
PHI,PHP,181,2.9362,6345335.0,133548380.52
PHIN,USD,741,107.4983,39796947.0,2735847315.59
PHIO,USD,49,11.7347,1363243.0,1521407.49
PHM,USD,2060,99.4929,186509416.0,22039572876.61
PHOE,USD,6,74.6051,16114717.0,126054651.36
PHR,USD,537,117.6006,72684980.0,710555245.91
PHUN,USD,88,26.1256,5342033.0,10412875.18
PHVS,EUR,188,92.1058000000001,64167240.0,1814570923.7
PHYT,USD,26,111.6717,7197362.0,105349032.68
PI,USD,746,109.4944,33351154.0,4239496818.17
PICS,BRL,58,66.9628,28885054.0,356723216.66
PII,USD,953,102.2164,58147747.0,3354325161.98
PIII,USD,86,68.7266,2285732.0,7013276.21
PIIIW,USD,28,,6476329.0,0.0
PIK,USD,5,0.0,0.0,0.0
PINE,USD,272,64.9147000000001,11437863.0,209311863.97
PINE_pa,USD,6,32.695,793136.0,19975317.5
PINS,USD,1821,109.5481,527753087.0,10883809648.77
PIPR,USD,758,91.1622000000002,64764903.0,5063683601.1
PITA,EUR,17,0.0,0.0,0.0
PJT,USD,774,91.7031000000003,23682115.0,3492256057.8
PK,USD,808,113.5179,228581704.0,2438014333.81
PKBK,USD,217,81.9570000000001,9614259.0,265243206.07
PKE,USD,301,89.0919000000001,19368982.0,549463181.02
PKG,USD,1745,101.5009,90437300.0,19155923104.19
PKOH,USD,206,87.2379,12560739.0,344364310.12
PKST,Failed to resolve identifier(s).,439,64.5722,24042351.0,500447949.63
PKX,KRW,334,3.18910000000001,9648367.0,556448843.39
PL,USD,722,83.4944000000001,277960270.0,7440225233.93
PLAB,USD,648,103.5255,61043450.0,2376019574.03
PLAG,USD,12,18.7163,2663829.0,5811706.13
PLAY,USD,476,116.9887,40697988.0,455020548.89
PLBC,USD,187,55.2255,3845915.0,188287519.06
PLBL,,48,99.1424,316371918.0,3467006292.84
PLBY,USD,146,63.2218,73316677.0,112916920.71
PLCE,USD,168,82.9806,18452109.0,59375342.16
PLD,USD,2891,99.0003000000011,923001528.0,122217090820.11
PLG,USD,136,36.2117,46307188.0,108122548.05
PLGO,USD,344,96.9560000000001,82894526.0,1588501607.53
PLMJ,USD,25,73.2794,665000.0,6916000.0
PLMK,USD,61,218.6796,23418520.0,249357894.52
PLMKU,USD,17,4.4825,828942.0,8745772.54
PLMR,USD,745,103.211,27354983.0,3338659879.91
PLNT,USD,892,115.8589,91676355.0,7326184563.83
PLOW,USD,428,109.1784,25247572.0,1030060858.53
PLPC,USD,361,124.1376,6067857.0,1705836954.32
PLRX,USD,347,83.4458,51669528.0,69607660.96
PLRZ,USD,28,7.9577,165841.0,2517676.65
PLSE,USD,213,84.0644000000001,58181075.0,1420759503.01
PLSM,ILS,8,48.6111,3161112.0,10919315.87
PLTK,USD,465,100.5363,382422942.0,1374435171.45
PLTR,USD,4492,67.9230000000046,1559560823.0,232958194666.591
PLTS,USD,8,33.049,3703273.0,58549188.79
PLUG,USD,958,63.4343000000001,884971722.0,1962964349.27
PLUN,USD,2,18.1995,2071800.0,20614410.0
PLUR,USD,46,59.1222,6378997.0,17504199.11
PLUS,USD,573,101.911,26651945.0,2046998806.22
PLUT,HKD,8,76.3266,11716139.0,38129485.05
PLX,USD,196,27.4286,22100027.0,46090143.95
PLXS,USD,710,102.9741,27552222.0,5440827308.02
PLYX,USD,20,73.5726,36672955.0,121360516.63
PL_t,USD,30,,4021081.0,0.0
PM,USD,4148,84.1115000000038,1310982663.0,216500218014.4
PMA,USD,14,11.7025,1518417.0,2005233.01
PMAX,HKD,10,14.6962,152426.0,3640305.21
PMCB,USD,71,12.947,1389990.0,967209.78
PMD,USD,33,55.5409,3393278.0,7704832.92
PMEC,USD,14,50.4273,19373215.0,15579949.5
PMI,USD,75,57.4195,58963769.0,11140513.84
PMN,USD,63,65.2285,5849504.0,74858264.47
PMNT,USD,24,76.2761,40478375.0,5265834.32
PMT,USD,455,80.5049000000001,70202028.0,823158502.69
PMTR,USD,69,85.8118,21270994.0,218572371.95
PMTRU,USD,34,8.8615,2196583.0,22636192.85
PMTS,USD,215,80.7427,9265706.0,139311900.22
PMT_pa,USD,6,20.1777,928168.0,20440457.68
PMT_pb,USD,8,29.9322,2334716.0,51958415.04
PMT_pc,USD,8,15.0466,1504652.0,26455193.03
PMVP,USD,142,70.1561,37415541.0,47015157.89
PN,USD,10,9.5822,123299.0,1621049.08
PNBK,USD,148,50.7635000000001,59733977.0,75908662.83
PNC,USD,2998,86.7441000000001,346120395.0,72507499837.0398
PNFP,USD,1159,83.7118000000001,126496872.0,11082036077.19
PNFP_pa,USD,10,19.3213,1545694.0,39241039.63
PNFP_pb,USD,15,32.1359,4499031.0,120545806.52
PNFP_pc,USD,9,11.2616,1013542.0,24788520.66
PNNT,USD,217,23.577,15395288.0,77261076.1499999
PNR,USD,1563,99.8337000000004,161339682.0,14515311762.56
PNRG,USD,211,95.5972000000001,1546765.0,335889516.08
PNST,USD,66,33.5849,13841143.0,5411437.38
PNTG,USD,419,100.4297,34916966.0,1078745594.72
PNW,USD,1203,107.3268,130067651.0,12791469959.03
POAS,SGD,13,39.2388,5378358.0,19132854.29
POCI,USD,50,60.9057,6666038.0,29955047.08
PODC,USD,62,78.6681,23644260.0,104092827.21
PODD,USD,1611,106.3104,73636231.0,16602278719.11
POET,USD,226,36.9171,63704821.0,656090589.32
POLA,USD,31,24.5727,894487.0,1629326.76
POLE,USD,80,114.2755,27151738.0,287541737.54
POLEU,USD,51,0.0968,23016.0,256345.77
POM,CNY,12,0.2678,18145.0,83873.45
PONO,,6,12.6122,1539320.0,15270944.43
PONY,USD,353,35.8584,126696149.0,1315837842.57
POOL,USD,1528,115.1643,41969775.0,8763442636.68997
POR,USD,875,102.9016,119088125.0,6155605428.78
POST,USD,835,116.9627,53011060.0,5243608018.08
POWI,USD,720,121.6417,67779112.0,3560835035.42
POWL,USD,935,115.8345,42200564.0,7563893913.83999
POWW,USD,259,70.7113,82146639.0,165775045.87
POWWP,USD,1,1.7238,24133.0,602842.34
PPBT,USD,33,12.5898,187960.0,968417.24
PPC,USD,860,103.3287,245843601.0,9274739623.08
PPCB,USD,17,42.0344,1046797.0,2004002.89
PPG,USD,2026,95.1282000000004,212040509.0,22659871654.09
PPHC,USD,89,67.8281,20353335.0,213315973.57
PPIH,USD,157,59.0907,4801505.0,142032685.06
PPL,USD,1675,84.1029000000001,632754853.0,23735786512.94
PPLI,USD,753,122.2931,83890691.0,3386087811.01
PPSI,USD,74,31.2954,3472608.0,13125148.28
PPTA,USD,494,81.7063,102210915.0,2779975555.4
PPYA,USD,14,96.8818,8644375.0,95174568.75
PR,USD,1110,92.8750000000003,777636242.0,15578076227.34
PRA,USD,439,92.9485000000001,47968682.0,1177826501.27
PRAA,USD,429,104.5023,39858081.0,701823645.17
PRAX,USD,525,111.929,31204406.0,9705201424.18999
PRCH,USD,415,99.9971000000001,109400336.0,892198134.91
PRCT,USD,611,112.5249,64047938.0,1710941672.32
PRDO,USD,637,103.6078,64965296.0,2333105918.8
PRE,USD,59,25.5861,3981807.0,70710577.95
PRENW,USD,27,,3498482.0,0.0
PRFX,USD,16,1.0171,20049.0,45653.73
PRG,USD,587,117.8246,47207340.0,1400984648.14
PRGO,USD,747,114.91,158998032.0,1807878535.08
PRGS,USD,719,108.7384,44599688.0,1188507796.07
PRHI,USD,35,83.0166,3109910.0,14895791.92
PRI,USD,927,98.3105000000003,30657104.0,7770909998.05
PRIF_pd,USD,1,0.0,0.0,0.0
PRIF_pj,USD,3,0.8043,12708.0,317827.08
PRIF_pl,USD,1,0.0,0.0,0.0
PRIM,USD,961,104.5401,56719342.0,7807827433.13999
PRK,USD,474,54.5573,9872639.0,1629591415.4
PRKS,USD,537,136.567,64371782.0,2585045920.49
PRLB,USD,490,97.6323,23230815.0,1323329607.65
PRLD,USD,156,74.8733,48605823.0,238867213.71
PRM,USD,583,88.7140000000001,144716967.0,3973416034.31
PRMB,USD,891,108.633,394194379.0,7153280586.83999
PRME,USD,378,90.7856000000001,163976059.0,566437019.350001
PRMW,USD,891,108.633,394194379.0,7153280586.83999
PROC,USD,19,89.3888,2080295567.0,49649501.97
PROF,USD,126,49.7583,18082472.0,117223748.43
PROK,USD,195,72.1788,147943772.0,247053971.94
PROP,USD,218,49.6266,48501379.0,80856678.07
PROV,USD,77,71.9512000000001,4499604.0,71692015.39
PRPH,USD,75,2.7037,359281.0,1201343.09
PRPL,USD,194,63.5039,2764348.0,42386312.9000001
PRPO,USD,38,29.3385,524387.0,13204947.34
PRQR,EUR,134,54.1616,71719489.0,130977779.41
PRSO,USD,48,6.2961,946484.0,932406.46
PRST,USD,48,0.0,0.0,0.0
PRSU,USD,401,111.4837,30455646.0,1150288901.85
PRTA,USD,423,113.5625,59456013.0,573709807.72
PRTC,USD,16,0.5716,139407.0,2071588.02
PRTH,USD,289,85.6031000000001,70498280.0,362885291.56
PRTS,USD,135,27.6658,2229246.0,16935679.6
PRU,USD,2342,64.5244000000004,223913956.0,22550590537.61
PRVA,USD,545,103.8776,130899068.0,2863495133.47
PRXG,,13,20.2921,2846071.0,93521323.85
PRZO,USD,37,8.6393,2240016.0,2646646.94
PS,USD,16,78.7686,315074625.0,8822968941.3
PSA,USD,2141,91.7642000000007,171373814.0,46604820627.2101
PSA_pf,USD,23,18.7499,2100019.0,41700026.64
PSA_pg,USD,20,20.262,2431460.0,47575467.2
PSA_ph,USD,26,23.7868,2711692.0,58786301.14
PSA_pi,USD,27,20.7784,2628474.0,49372063.74
PSA_pj,USD,25,27.0166,2796207.0,50330744.36
PSA_pl,USD,40,14.9003,3367482.0,60427500.96
PSA_pn,USD,18,18.475,2087684.0,31303653.32
PSA_ps,USD,21,26.8424,2684205.0,42161651.75
PSBD,USD,83,73.4894,22870478.0,233417224.32
PSEC,USD,413,46.1596000000001,231263795.0,565675986.749999
PSEC_pa,USD,7,34.9872,1837236.0,30136742.76
PSFE,USD,346,86.5219000000001,44345090.0,313898936.460001
PSHG,USD,25,15.3502,1908380.0,3539768.25
PSIG,USD,27,59.9383,9216485.0,56721946.61
PSIX,USD,431,92.9459000000002,21424596.0,1399185959.92
PSKY,USD,1317,82.6432000000002,898831265.0,9178749023.77
PSMT,USD,669,105.7896,32647420.0,4919507396.68
PSN,USD,914,105.7332,113112417.0,6276896732.51
PSNL,USD,314,91.9711,98177307.0,807862837.169999
PSNY,USD,265,99.0725,142547363.0,2711949955.33
PSNYW,USD,27,4.9952,34134.0,194746.42
PSO,GBP,346,4.5508,27362873.0,363983662.89
PSQH,USD,161,36.4074,1222070.0,11809488.24
PSQH_t,USD,31,,3791253.0,0.0
PSTG,USD,1556,91.1322000000001,302927814.0,18525690957.46
PSTL,USD,378,84.7337,23406946.0,428291148.96
PSTV,USD,63,16.1976,1114695.0,5682160.85
PSUS,,23,12.3387,12338649.0,516425299.62
PSX,USD,3114,81.7839000000007,327917748.0,55095280716.97
PT,USD,18,3.7814,647679.0,595570.66
PTAC,USD,1,0.0286,5000.0,49900.0
PTC,USD,1526,107.2544,123888365.0,18399249043.32
PTCT,USD,724,127.6832,105912472.0,7433551129.90001
PTEN,USD,799,118.2467,448888687.0,4462914879.27001
PTGX,USD,658,122.5404,78808251.0,8069824843.94999
PTHL,USD,25,1.933,2114415.0,6103751.72
PTHS,USD,45,89.9281,3125574.0,70560709.15
PTIX,USD,32,10.5625,191988.0,353829.96
PTIXW,USD,9,,215533.0,0.0
PTLE,USD,22,0.1291,7928.0,46985.52
PTLO,USD,451,88.0406000000001,63724983.0,336665210.72
PTN,USD,73,67.6489,1203656.0,19088598.16
PTNM,HKD,17,83.6074,16731957.0,173845033.23
PTON,USD,913,93.6044000000002,390477772.0,1962733964.04
PTOR,USD,20,44.3015,11292305.0,110732388.94
PTPI,USD,28,44.6458,18917471.0,118007.21
PTRN,USD,176,99.4889,154370591.0,1960073032.94
PUBM,USD,387,76.1689000000001,29082111.0,247948968.53
PUCK,USD,8,23.8298,1752500.0,19277500.0
PUK,USD,451,2.93830000000001,36830691.0,1047430720.22
PULM,USD,34,9.744,355879.0,522803.48
PUMP,USD,531,98.2939000000002,120503205.0,1578763514.81
PURR,USD,129,41.1519,55398806.0,375577130.78
PUSA,USD,44,36.6654,7921411.0,25283094.4
PVH,USD,893,114.6564,52865794.0,3732813767.11
PVLA,USD,306,103.5617,14853656.0,1735068014.6
PW,USD,34,33.0197,121257.0,1056433.14
PWP,USD,381,106.1233,77366110.0,1402269971.03
PWR,USD,2829,90.6890000000004,136091617.0,71790991389.3299
PW_pa,USD,6,59.8689,86592.0,748864.34
PX,USD,328,107.8928,85010645.0,662312796.580001
PXED,USD,161,101.11,36446723.0,1140180414.1
PXLW,USD,82,38.1329,2426514.0,14257041.13
PXMD,USD,2,0.1519,191770.0,11832.21
PXS,USD,28,62.2788,6376931.0,27012035.6
PYPD,USD,43,56.2036,10776518.0,43914266.12
PYPL,USD,3475,83.9770000000007,740802897.0,35361143936.9999
PYXS,USD,226,56.5676,46903788.0,97952776.44
PZG,USD,83,44.0183,37760961.0,58088820.5
PZZA,USD,631,98.9588,32559161.0,1112097337.44
Q,USD,1665,76.8269000000005,160833772.0,17557597476.5299
QADR,USD,2,1.5,300000.0,2973000.0
QALT,,43,16.2932,1192598.0,30145440.63
QBTS,USD,936,52.2142000000002,191499423.0,2942577524.59
QCLS,USD,58,15.946,1252302.0,4613048.79
QCOM,USD,4690,86.2968000000033,909614104.0,128310461816.72
QCRH,USD,441,84.2584,13792405.0,1178634149.46
QDEL,USD,599,127.2871,86798643.0,1747359592.1
QETA,USD,55,96.845,3629499.0,41664295.06
QETAR,USD,32,,588510.0,863247.63
QETAU,USD,9,0.0448,4008.0,44590.72
QFIN,CNY,678,69.1551000000001,85084754.0,1218906144.48
QGEN,USD,994,81.3811000000001,167847522.0,6652186628.05
QH,CNY,14,7.6315,54070.0,196067.99
QLEP,USD,4,6.4879,1530771.0,15200556.03
QLYS,USD,919,107.7235,37937103.0,3766084266.74999
QMCO,USD,125,41.7836,16432178.0,169960507.85
QMMM,USD,35,3.4607,1694053.0,24561928.2
QNC,CAD,44,28.1274,61716693.0,189555146.2
QNCX,USD,112,14.5127,141933.0,5777472.27
QNRX,USD,42,49.0204,984533.0,7424075.68
QNST,USD,472,96.3950000000001,55374220.0,710335429.46
QNT,USD,54,43.7897,14390502.0,1161702367.1
QNTM,USD,56,24.5027,1567832.0,7244928.32
QRED,USD,4,9.5829,1537090.0,15281843.42
QRHC,USD,151,68.5067,14436610.0,17308703.91
QRVO,USD,1264,101.0337,89126690.0,7087888939.31001
QS,USD,868,52.2867000000002,302356111.0,2262754033.66
QSEA,USD,35,109.9749,11148177.0,116494356.05
QSEAR,USD,20,,6725186.0,1091697.91
QSEAU,USD,22,7.1657,817607.0,8396604.7
QSI,USD,301,42.1545,83389524.0,68980087.04
QSIAW,USD,12,,451787.0,0.0
QSR,USD,1145,98.5883000000001,342085581.0,24722706555.3
QTEX,USD,43,23.0111,10924386.0,6035504.26
QTEXW,USD,5,,199083.0,0.0
QTI,USD,49,37.7978,5204299.0,24592575.02
QTRX,USD,357,94.9941,44747987.0,214622688.66
QTTB,USD,203,112.1721,23156513.0,249626057.27
QTWO,USD,765,101.6571,63638211.0,3377266230.98
QUAD,USD,292,81.5247,31221919.0,207571610.05
QUBT,USD,590,56.1999000000001,126753081.0,1085527739.15
QUCY,USD,45,16.1863,2887893.0,3537253.49
QUIK,USD,186,31.6416,5766614.0,63081074.74
QUMS,USD,33,90.5087,9898531.0,100246032.62
QUMSR,USD,29,,6811439.0,1702373.32
QUMSU,USD,35,5.4487,621507.0,6333216.74
QURE,USD,490,91.2132000000001,61709036.0,1186762501.49
QVCGA,USD,308,50.3248,3981673.0,11835849.99
QVCGB,USD,53,89.1798,162515.0,3250300.0
QVCGP,USD,36,33.2354,4228633.0,47171680.23
QXL,USD,15,47.6348,6352750.0,13923064.9
QXO,USD,938,72.0228000000003,746348462.0,14386184994.33
R,USD,958,98.8241000000002,37897385.0,7810082742.67
RAAQ,USD,61,5.4216,14228531.0,149379734.54
RAAQU,USD,18,13.0088,2244017.0,22883751.04
RAC,USD,54,91.5448,21659542.0,225067544.76
RACC,,7,33.4826,2603260.0,27021838.8
RACD,,7,32.6047,2535000.0,26459400.0
RACE,EUR,2017,72.5153000000002,136275129.0,46887858343.01
RAC_u,USD,37,3.9852,942892.0,9971699.84
RADX,AUD,12,2.5396,300037.0,1290159.1
RAIL,USD,189,83.4006,27326968.0,262207688.09
RAIN,USD,40,78.7164,8079281.0,30623231.52
RAL,USD,1089,108.49,121437876.0,5442833839.74001
RAMP,USD,627,106.7714,64925995.0,1815039379.1
RAND,USD,25,77.0319,2287708.0,26851193.75
RANG,USD,58,546.6422,16122174.0,169843016.85
RANGR,USD,35,,11451431.0,3352681.85
RANGU,USD,42,9.0932,1085503.0,11001749.99
RANI,USD,129,46.6531,52381679.0,44541517.19
RAPP,USD,281,113.8002,54427563.0,1755460654.7
RAPT,USD,269,62.1222,17990941.0,648268677.95
RARE,USD,692,99.9293000000002,98419603.0,2173502383.88
RAVE,USD,59,38.8013,5514332.0,14597552.27
RAY,HKD,23,53.1124,3104466.0,11695092.9
RAYA,USD,14,1.6499,16591.0,73836.61
RBA,USD,1087,101.4381,188982367.0,18325728324.82
RBB,USD,234,63.7804,10833627.0,240457256.34
RBBN,USD,341,93.1844,164133849.0,358839787.32
RBC,USD,957,102.9434,32566350.0,17719886620.92
RBCAA,USD,302,82.2977,14386423.0,1008637946.29
RBKB,USD,111,57.6625,9017423.0,144410286.9
RBLX,USD,1898,88.9494000000004,597388457.0,37441275727.08
RBNE,USD,29,2.3518,13695.0,558862.65
RBOT,USD,76,41.4398,2683468.0,2113102.05
RBRK,USD,1026,81.2962,130853253.0,7063666329.21
RC,USD,561,75.1992,124244602.0,233836989.41
RCAT,USD,493,53.4198000000001,80804266.0,969067119.65
RCEL,USD,193,18.47,5684489.0,21052124.62
RCFA,USD,58,47.0352,20366273.0,20567178.22
RCI,CAD,735,74.2567000000002,318621664.0,11582983526.97
RCKT,USD,517,97.9503,106955349.0,381027779.54
RCKY,USD,237,84.9394,6405553.0,239270172.15
RCL,USD,2248,92.3809000000002,247764075.0,68382823831.3801
RCMT,USD,199,82.837,5871125.0,140091352.41
RCON,CNY,25,7.1529,5051956.0,12577440.6
RCT,USD,25,61.1579,41814022.0,29621136.74
RCUS,USD,461,105.1725,132277675.0,2936902524.04
RC_pe,USD,4,8.3739,385201.0,4506851.7
RDAC,USD,33,75.7259,4506479.0,38756542.84
RDACR,USD,24,,4766189.0,677172.33
RDACU,USD,5,0.0466,3500.0,36193.2
RDAG,USD,80,92.4386000000001,27731710.0,282246182.1
RDAGU,USD,38,7.393,2217881.0,22796856.64
RDCM,USD,93,69.5509,11641700.0,152142352.8
RDDT,USD,1744,93.8094999999999,133176881.0,22135240570.18
RDGT,USD,14,1.2157,44123.0,125218.29
RDHL,USD,32,8.5338,518941.0,387411.42
RDI,USD,63,62.4907,13145909.0,14748343.12
RDIB,USD,25,97.0908,1631698.0,12073711.41
RDN,USD,738,99.3775000000001,132148052.0,4467508769.43999
RDNT,USD,686,110.888,87195976.0,5090902431.80001
RDNW,USD,155,85.9721,33131210.0,214569273.0
RDVT,USD,303,88.0494,12422849.0,558578056.21
RDW,USD,542,56.4076000000001,134291260.0,1529674611.68
RDWR,USD,283,101.7178,42805137.0,1130139311.08
RDY,INR,515,15.937,132749937.0,1853899668.26
RDZN,USD,121,45.9901,38890196.0,56007290.84
RDZNW,USD,41,,4775047.0,0.0
REA,USD,18,52.3259,10417507.0,225991466.32
REAL,USD,499,109.9275,132450420.0,1547750401.34
REAX,USD,346,65.8679000000001,143536430.0,371999521.63
REBN,USD,26,51.7393,4249578.0,7026985.14
RECT,SGD,6,83.7724,12147000.0,47134678.32
REE,USD,67,51.1841,14907041.0,23973444.44
REED,USD,27,62.905,7458718.0,13973235.18
REFI,USD,234,38.6164,9869652.0,113549932.27
REFR,USD,68,29.2307,10191979.0,10322936.48
REG,USD,1191,105.5985,193346958.0,14410454249.71
REGCO,USD,13,35.3267,1554379.0,34021582.73
REGCP,USD,14,39.5719,1820303.0,41889182.28
REGN,USD,2783,97.8999,100859577.0,76665324724.1897
REI,USD,340,38.0052,96477441.0,120964114.02
REKR,USD,248,41.0436,56479939.0,54151121.05
RELI,USD,42,8.8823,72731.0,859712.1
RELIW,USD,8,,38257.0,0.0
RELL,USD,210,75.6886,9527069.0,110389371.27
RELX,GBP,866,5.0297,88138661.0,2954346168.03
RELY,USD,636,88.8369000000001,187058687.0,2971758093.61
RENE,,47,119.5008,10547263.0,133491921.53
RENT,USD,109,96.2183,32315883.0,132153111.61
RENX,USD,34,14.9055,389525.0,1068907.36
REPL,USD,398,102.017,85585868.0,673553911.35
REPX,USD,352,79.9443,17344513.0,612348625.76
RERE,CNY,166,52.4356,69065215.0,328565659.54
RES,USD,481,101.1233,224129252.0,1536061016.69
RETO,USD,20,1.0248,33506.0,5269908.85
REVB,USD,32,17.5583,686254.0,810338.72
REVBW,USD,21,,1561868.0,0.0
REX,USD,435,98.8608,32562513.0,1414270897.45
REXR,USD,931,109.3862,243941737.0,8025076918.75
REXR_pb,USD,11,20.8679,626034.0,14066080.9
REXR_pc,USD,11,26.7506,922890.0,19583685.69
REYN,USD,632,105.3945,222139228.0,4750608076.87001
REZI,USD,878,99.4534000000001,150600274.0,5093576820.74999
RF,USD,1860,86.2643000000002,736173828.0,19464320593.64
RFAI,USD,54,234.6715,8242841.0,89080765.07
RFAIR,USD,44,,9042991.0,1033378.55
RFAIU,USD,50,4.4634,531141.0,5670483.82
RFAM,USD,22,55.7535,7768333.0,76306103.78
RFAMR,USD,23,,5471581.0,547158.1
RFAMU,USD,18,31.7748,3288697.0,32558100.3
RFIL,USD,118,69.4995000000001,7541329.0,76913629.02
RFL,USD,99,45.0975,23095747.0,57922849.62
RF_pc,USD,30,30.8074,6161480.0,149566736.22
RGA,USD,1194,102.1785,66940522.0,13658276129.55
RGC,USD,57,88.5167000000001,438577383.0,5796895588.67
RGCO,USD,187,61.6734000000001,6418465.0,142492933.04
RGEN,USD,973,124.5087,70232834.0,9392901282.74001
RGF,USD,39,24.1417,424228.0,1842141.89
RGLD,USD,1343,85.7670000000004,72787776.0,18023000911.22
RGNT,USD,12,35.2544,2472513.0,9327554.96
RGNX,USD,406,74.3696000000001,46955140.0,396284250.36
RGP,USD,352,94.3704000000001,32500994.0,124862267.68
RGR,USD,444,80.5424000000001,12841794.0,496650502.57
RGS,USD,72,44.4259,1110103.0,28598333.92
RGTI,USD,906,53.9580000000002,179358180.0,2883335488.5
RGTIW,USD,49,,3299066.0,0.0
RH,USD,911,124.9118,23640630.0,3428224605.78
RHE,USD,22,28.0715,1101715.0,1367645.84
RHE_pa,USD,2,0.0,0.0,0.0
RHI,USD,997,121.2086,123988843.0,3245291781.07
RHLD,USD,263,103.0908,8512726.0,1317057304.38
RHP,USD,800,110.8838,69978576.0,6605787980.18
RIBB,USD,33,130.2508,5026486.0,52749673.08
RIBBR,USD,21,,4110251.0,733987.39
RIBBU,USD,11,32.3576,1689065.0,17453435.7
RICK,USD,253,63.8563,4881555.0,115125874.03
RIG,USD,962,91.5818000000001,1022454605.0,5997469112.24
RIGL,USD,371,96.5677999999999,17867012.0,567351815.980001
RILY,USD,284,64.659,25904873.0,202325585.67
RILYL,USD,1,0.0,0.0,0.0
RIME,USD,55,6.5388,1008660.0,1140732.35
RIO,USD,1468,10.8377999999999,136017835.0,12285295293.68
RIOT,USD,882,89.7613000000001,339430133.0,5011704087.64
RITM,USD,967,64.1529000000001,358177248.0,3497771467.91
RITM_pa,USD,9,0.9658,652490.0,16636338.25
RITM_pb,USD,17,22.7022,2556449.0,63774131.68
RITM_pc,USD,22,23.0167,3660407.0,88105523.06
RITM_pd,USD,24,18.9543,3525496.0,87480962.31
RITM_pe,USD,11,20.3893,1549583.0,37670964.42
RITM_pf,USD,9,,2204153.0,54133536.67
RITR,HKD,24,62.7151,28619264.0,77189571.45
RIV,USD,97,37.7214,10324843.0,114979479.44
RIVN,USD,1531,70.6135000000003,1018822165.0,15876193438.58
RIV_pa,USD,2,4.2064,164469.0,3659751.8
RJET,USD,116,94.1208,44076342.0,798316340.74
RJF,USD,1693,93.3956,179432518.0,26389316493.9699
RJF_pb,USD,5,0.0,0.0,0.0
RKDA,USD,32,16.1794,352989.0,487086.11
RKLB,USD,1598,62.2206000000003,372162599.0,26099256180.36
RKT,USD,1318,103.2099,1012034362.0,16256950684.71
RKTO,USD,49,6.4617,1358435.0,1144496.34
RL,USD,1489,111.4728,41964330.0,14553851510.74
RLAY,USD,485,96.3925,206000005.0,2080782135.87
RLGT,USD,265,80.0178000000001,37473640.0,248340303.6
RLI,USD,838,93.5905,85892135.0,4917490020.28001
RLJ,USD,493,103.638,157455520.0,1189803669.6
RLJ_pa,USD,93,41.938,5401462.0,132098571.26
RLMD,USD,182,78.0169,81831965.0,502750692.3
RLX,CNY,222,116.0632,1060290743.0,2334739792.24
RLYB,USD,92,79.6445,4219679.0,37440468.12
RM,USD,246,97.7994000000001,9005493.0,311272040.36
RMAX,USD,282,75.4183,16076140.0,105885055.62
RMBI,USD,150,29.8479,5000724.0,68653830.48
RMBS,USD,1078,96.1742000000002,104001720.0,9328742673.65997
RMCF,USD,56,71.6975,6767944.0,13048365.61
RMCO,USD,33,46.344,7025549.0,21658171.8
RMCOW,USD,29,,1009967.0,0.0
RMD,USD,1876,70.1590000000004,101773030.0,22939357565.8501
RMIX,,22,57.196,27703156.0,517398043.28
RMNI,USD,248,88.7473,82144295.0,286790621.78
RMR,USD,393,88.3216000000001,14214173.0,223348167.14
RMSG,USD,18,22.368,2320621.0,1162039.87
RMSGW,USD,28,,4196163.0,0.0
RMTI,USD,112,25.7146,1014967.0,8960789.62
RNA,USD,223,53.7712000000001,9197951.0,123208570.73
RNAC,USD,197,79.7806,23440782.0,148726882.33
RNAZ,USD,36,35.3114,373764.0,2742514.87
RNG,USD,753,121.2677,89424981.0,3312932573.52
RNGR,USD,302,92.9141,22077859.0,348343977.5
RNGT,USD,60,84.3563,19958714.0,199540600.16
RNGTU,USD,19,7.866,1861071.0,18870599.88
RNLX,USD,25,1.0669,93250.0,338497.5
RNR,USD,1034,102.6471,42654954.0,12673310275.76
RNR_pf,USD,25,5.6443,1693290.0,34753136.1
RNST,USD,536,92.8457,85670025.0,3101261203.18
RNTX,USD,90,26.3744,22548648.0,25809640.84
RNW,INR,327,111.8553,273380900.0,1630732363.47
RNWWW,INR,32,,7692276.0,0.0
RNXT,USD,59,21.9594,9893183.0,9676599.72
ROAD,USD,689,102.3251,49101256.0,5449491266.78
ROC,USD,18,79.3133,15133089.0,101750062.18
ROCK,USD,590,102.8846,30517618.0,1303202897.19
ROG,USD,531,103.9416,18551900.0,1952489589.33
ROIV,USD,812,99.3456,714227424.0,18124574398.5201
ROK,USD,2482,92.3751000000007,102792107.0,38389809414.2
ROKU,USD,1359,88.2320000000002,116424248.0,11239938260.58
ROL,USD,1612,100.4823,483472127.0,25762506579.48
ROLR,USD,35,56.6842,6217693.0,33042344.68
ROMA,HKD,12,24.6573,13190093.0,45353214.42
ROOT,USD,439,71.9217000000002,10083628.0,554005941.88
ROP,USD,2404,109.7133,108518006.0,38801295647.71
ROST,USD,2270,100.5743,322652059.0,69374661658.7401
RPAY,USD,390,116.2776,96278671.0,330927072.41
RPC,USD,328,107.8928,85010645.0,662312796.580001
RPD,USD,619,99.968,66809443.0,529663021.74
RPGL,SGD,8,5.7097,60802.0,4713743.2
RPID,USD,78,54.5952,24479097.0,56750923.82
RPM,USD,1400,89.1840000000004,113925866.0,11397160370.1
RPRX,USD,1234,94.9166000000003,420744763.0,19525996539.79
RPT,USD,178,74.644,5801803.0,82395508.56
RPT_pc,USD,8,35.2874,735471.0,18129411.15
RR,USD,346,37.2089000000001,68328425.0,163011249.12
RRBI,USD,225,63.1695,4159539.0,367513944.33
RRC,USD,1026,103.5102,241912437.0,10730388675.94
RREV,,2,3.8,949999.0,9376490.13
RRGB,USD,159,74.8721,13849003.0,47452728.91
RRR,USD,526,102.1602,59729489.0,3393773359.66
RRX,USD,1010,104.6782,69683669.0,12335756373.25
RS,USD,1250,87.1484000000002,44492502.0,13558880809.18
RSF,,40,46.0733,1861252.0,27141442.5
RSG,USD,2367,97.4943000000006,299963015.0,63368199223.6701
RSI,USD,512,100.5671,104697242.0,2247718160.29
RSKD,USD,228,75.8271000000001,70989750.0,294793455.09
RSMR,,15,50.7728,228478.0,5061678.75
RSSS,USD,110,65.1055,21776173.0,58554472.36
RSVR,USD,164,93.2468000000001,61366644.0,605198418.18
RSVRW,USD,23,,4023830.0,0.0
RTAC,USD,74,51.3509,12401227.0,129521614.76
RTACU,USD,44,12.293,2968796.0,34195174.04
RTB,USD,49,28.8359,3927401.0,57988396.44
RTC,USD,16,2.7807,33454.0,67577.08
RTO,USD,500,15.132,76452734.0,2334431021.64
RTX,USD,4574,78.8035000000041,1062123191.0,204123761339.22
RUBI,USD,15,0.0323,195.0,290619.15
RUM,USD,460,70.8105,195191706.0,1174799070.4
RUMBW,USD,21,,4353920.0,0.0
RUN,USD,910,120.9544,288538095.0,4323428792.30999
RUSHA,USD,622,104.8448,63952537.0,4082752367.13
RUSHB,USD,292,91.7783000000001,15342682.0,983795712.320001
RVLV,USD,477,120.0829,49729341.0,1249698256.51
RVMD,USD,933,97.0373000000002,206299202.0,19621683325.9
RVP,USD,60,67.7652,20286982.0,13448641.96
RVPH,USD,111,25.7295,3373232.0,3207415.24
RVSB,USD,187,78.5573,15841651.0,86922007.18
RVSN,USD,41,9.1358,200269.0,1659472.73
RVSNW,USD,12,,181337.0,0.0
RVTY,USD,1162,107.8971,120370887.0,10878410431.85
RVYL,USD,49,28.8359,3927401.0,57988396.44
RWAY,USD,192,51.8935,22036373.0,150884308.57
RWT,USD,451,76.1642,95370338.0,530420753.17
RWT_pa,USD,7,7.6822,199741.0,4889210.57
RXO,USD,589,112.5902,185684194.0,2710609665.17
RXRX,USD,699,72.0676000000002,378123574.0,1262506741.89
RXST,USD,467,99.3222000000001,41116339.0,324429521.21
RXT,USD,278,71.9177,182584222.0,218420610.86
RY,CAD,1695,51.9214000000008,719986230.0,119505339590.03
RYAAY,EUR,786,42.8589000000002,222892220.0,13020695073.06
RYAM,USD,404,80.8176000000001,54502628.0,493245636.36
RYAN,USD,808,103.5343,134043286.0,4859548720.46
RYDE,SGD,24,31.7407,47626584.0,32294597.81
RYET,USD,18,56.4956,21061517.0,35771519.28
RYI,USD,390,97.2427000000001,50457692.0,1170834857.69
RYM,USD,56,57.651,1256280.0,24944153.35
RYN,USD,845,90.6634000000002,272669719.0,5656778646.44
RYOJ,USD,14,78.1756,9029279.0,27542275.37
RYTM,USD,568,111.2929,76272019.0,7265057608.94999
RYZ,USD,390,97.2427000000001,50457692.0,1170834857.69
RZLT,USD,301,103.3453,99513396.0,342002000.68
RZLV,USD,271,59.8112,235327561.0,618248882.329999
RZLVW,USD,40,,1668499.0,0.0
S,USD,1021,87.0123000000001,292989157.0,3887051987.7
SA,CAD,438,75.412,81159393.0,2266630619.82
SAAQ,USD,26,36.2665,8575207.0,85535705.24
SABR,USD,562,106.5199,421087016.0,608093063.71
SABS,USD,114,81.4568,62285292.0,238495455.36
SABSW,USD,16,,890591.0,0.0
SAC,USD,30,68.1519,16152012.0,161422562.52
SACH,USD,110,25.1389,12055610.0,12163593.42
SACH_pa,USD,1,0.1356,3135.0,49062.75
SAC_u,USD,67,15.8206,3749447.0,37894884.05
SAFE,USD,475,97.1688999999999,69582702.0,948249529.23
SAFT,USD,417,90.13,13234325.0,974525430.39
SAFX,USD,128,90.2583,299886960.0,147218138.28
SAGT,MYR,14,74.3196,14157893.0,22225078.32
SAGU,USD,4,18.4988,2077749.0,20533133.8
SAH,USD,478,114.3839,22390443.0,1558775299.48
SAIA,USD,955,110.8728,29571328.0,10256173276.46
SAIC,USD,880,91.6970000000002,38771907.0,3721081301.7
SAIH,USD,14,9.6085,114371.0,1033261.96
SAIL,USD,463,103.1328,584954257.0,7119738584.53
SAM,USD,739,110.6133,9097151.0,2059448480.87
SAMG,USD,190,87.6559000000001,6733531.0,91465995.6699999
SAN,EUR,939,3.43090000000004,491714734.0,5564183062.42
SANA,USD,403,89.3171000000001,248560594.0,869680755.15
SANG,USD,56,57.5178,19141254.0,89250342.35
SANM,USD,856,107.7061,57728341.0,8285718634.79
SANW,USD,43,44.1153,947073.0,7242159.6
SAP,EUR,1595,7.02220000000002,82019787.0,15924810711.94
SAR,USD,131,25.5967,4174843.0,92981911.8099999
SARO,USD,606,107.9227,358816177.0,9338548219.90998
SATA,USD,5,14.786,1157669.0,113786295.17
SATL,USD,251,71.1634000000001,97964617.0,573493118.47
SATLW,USD,28,,4005312.0,0.0
SATS,USD,1121,126.5436,200530633.0,22327666986.25
SAVA,USD,325,30.9359,14944749.0,26374935.69
SB,USD,297,85.4944000000001,87056171.0,546760916.830001
SBAC,USD,1495,102.3497,108556335.0,19171570529.2601
SBC,USD,102,83.3172,85464653.0,275759747.58
SBCF,USD,547,93.2532000000001,90684978.0,2770802596.29
SBDS,USD,157,52.5906,1345784.0,5287731.5
SBET,USD,314,54.791,114860333.0,799983379.429999
SBEV,USD,51,3.1216,757439.0,253794.97
SBFG,USD,157,66.1535,4139220.0,86909290.45
SBFM,USD,32,11.8649,283399.0,810146.0
SBFMW,USD,4,,23973.0,0.0
SBGI,USD,401,79.4913,38482128.0,529310513.89
SBH,USD,559,123.4465,117778201.0,1642973449.73
SBLK,USD,459,64.5313,71972567.0,1592845425.31
SBLX,USD,61,7.4074,359707.0,1591298.37
SBMT,USD,16,23.3368,6916018.0,69245849.98
SBRA,USD,823,108.519,273675510.0,5255745365.11
SBS,BRL,495,11.0608,389837896.0,2322517957.72
SBSI,USD,396,63.5874000000001,18918395.0,590228640.589999
SBSW,ZAR,527,21.7241,153719256.0,1933828534.92
SBUX,USD,3819,88.8896000000009,1013122032.0,90648035272.1895
SBXD,USD,81,111.7555,22859664.0,244082715.88
SBXD_u,USD,34,0.2197,44942.0,481367.65
SBXE,USD,25,45.6368,12595686.0,125032849.6
SBXE_u,USD,61,20.962,5030911.0,50681902.72
SB_pc,USD,3,0.1989,1601.0,41626.0
SB_pd,USD,2,0.1878,6000.0,160071.6
SCAG,USD,7,71.6085,51994722.0,467935796.31
SCCO,USD,1480,98.817800000001,824467873.0,118510022044.67
SCE_pn,,26,38.7009,5418124.0,124882673.94
SCHL,USD,449,125.5354,26254638.0,912495917.05
SCHW,USD,3571,96.6338000000024,1680657783.0,159482645134.33
SCHW_pd,USD,22,0.1259,37759.0,916055.54
SCI,USD,1093,99.2566000000003,136947493.0,11092511916.0
SCII,USD,32,67.6429,11840901.0,118103034.55
SCIIR,USD,33,,13762398.0,3027727.56
SCIIU,USD,52,10.6705,1867874.0,19084718.3
SCKT,USD,42,40.7337,3356861.0,2467079.62
SCL,USD,464,91.8879000000001,20870798.0,1040935927.26
SCLX,USD,249,25.3157,2149646.0,18291561.58
SCLXW,USD,15,,136231.0,0.0
SCM,USD,126,19.4484,5629780.0,56648133.44
SCNI,USD,26,18.0657,923329.0,623875.69
SCNX,USD,36,16.9325,6879763.0,2781074.09
SCOP,,8,16.9087,2709834.0,26946023.17
SCOR,USD,75,90.8188,13707924.0,96765471.85
SCPH,USD,31,0.2845,152731.0,389464.05
SCPQ,USD,16,33.1683,3432930.0,34022856.44
SCPQU,USD,48,25.9466,2685475.0,26879157.59
SCPX,USD,28,0.0314,19194.0,877.12
SCSC,USD,457,112.5776,22880840.0,881961893.86
SCVL,USD,441,111.4436,30261744.0,468223038.15
SCWO,USD,180,42.4249,7422400.0,18927336.16
SCYX,USD,98,41.9062,4161459.0,30274148.78
SCZM,USD,78,22.487,20798424.0,150713097.19
SD,USD,377,81.148,29958099.0,470714436.87
SDAWW,USD,28,,2681521.0,0.0
SDEV,USD,62,104.0619,52472961.0,68043666.0999999
SDGR,USD,518,103.104,67591304.0,880699158.2
SDHC,USD,156,98.5441,8225707.0,108453774.95
SDHI,USD,57,94.6177,26434267.0,272597015.73
SDHIR,USD,38,,25214249.0,5405738.46
SDHIU,USD,16,10.9798,3067548.0,31471621.08
SDM,Error occured in EAN validator,20,57.873,18360254.0,33966469.9
SDOT,USD,45,0.5579,7265.0,1192796.8
SDRL,USD,508,107.4973,67218650.0,2817689133.93
SDST,USD,63,42.6611,4513426.0,9852265.18
SDSTW,USD,46,,1246037.0,0.0
SE,USD,1840,97.2017000000001,551101213.0,50421813714.1
SEA,,15,28.4375,305703.0,5014603.16
SEAL_pa,USD,3,6.8861,339659.0,8559406.8
SEAL_pb,USD,5,7.2379,477413.0,12034302.33
SEAT,USD,295,104.5335,11485530.0,71920750.09
SEATW,USD,18,,5429031.0,0.0
SEB,USD,412,100.1831,959563.0,4950746404.90001
SECZ,USD,143,24.3316,33282444.0,327268590.07
SEDG,USD,758,110.9891,67501518.0,3132012803.64
SEE,USD,911,94.5419,139329974.0,5828607286.38999
SEED,CNY,29,59.2989,7201624.0,8720777.27
SEEL,USD,18,19.4581,84829.0,32148.47
SEER,USD,148,67.9314,37349797.0,67334323.02
SEG,USD,312,85.3573000000002,10927417.0,239920233.68
SEGG,USD,56,12.3711,2812952.0,4930516.02
SEI,USD,680,120.0208,73497648.0,4177012173.85001
SEIC,USD,1134,93.2548000000002,111885047.0,8856327428.42999
SELF,USD,105,37.4041,4272201.0,22510705.22
SELX,,15,67.3939,29218420.0,22826210.89
SEM,USD,632,80.8534000000001,100213159.0,1628496479.47
SEMR,USD,425,89.461,116801572.0,1395196507.59
SENEA,USD,368,89.7244000000001,4684677.0,719839261.48
SENEB,USD,36,87.4964,1355495.0,213998264.06
SENS,USD,292,29.112,12169835.0,85914324.02
SEPN,USD,264,104.6266,47161142.0,1206396069.99
SER,USD,63,95.5676,14332704.0,27356951.92
SERA,USD,179,65.6422,25064355.0,64046415.0499999
SERV,USD,416,52.2691000000001,40431441.0,337272094.35
SES,USD,322,50.1688,163248445.0,196564559.54
SES_t,USD,29,,4657137.0,0.0
SEV,USD,46,36.2698,8932390.0,23988331.94
SEVN,USD,163,60.8995,13760841.0,115127094.64
SEZL,USD,547,93.1370000000002,31318966.0,3118839637.2
SF,USD,1067,97.4664000000001,147754945.0,10956077630.89
SFBC,USD,112,63.8085,1637365.0,71538633.61
SFBS,USD,613,81.4004000000003,44502909.0,3294604037.47
SFD,USD,478,101.9355,401092046.0,10479979727.76
SFHG,HKD,9,9.674,218632.0,803363.29
SFIX,USD,391,100.4484,118851403.0,406435146.38
SFL,USD,452,58.8243000000001,86419955.0,898937220.05
SFM,USD,1506,107.2068,100821747.0,7983542719.72999
SFNC,USD,587,86.7190000000001,125262604.0,2449676630.8
SFST,USD,253,81.3037,7697573.0,422541036.02
SFWL,USD,13,66.8332,27145956.0,25736759.25
SF_pb,USD,8,14.7474,943838.0,21741875.53
SG,USD,646,85.7820000000002,91729506.0,567211934.350001
SGA,USD,79,83.131,5290432.0,60787752.1
SGBX,USD,37,29.4045,382690.0,2617258.7
SGC,USD,224,77.7170999999999,12150274.0,128978478.78
SGHC,USD,397,88.5742,450022996.0,4908209116.22
SGHT,USD,225,72.4641000000001,39427503.0,194027445.14
SGI,USD,964,107.0458,225186819.0,16865994118.99
SGLY,USD,19,2.641,331605.0,137938.18
SGML,USD,294,83.5943,93893872.0,1188193461.42
SGMO,USD,267,15.4033,63816363.0,19261536.12
SGMT,USD,200,25.5477,15631139.0,91132351.4399999
SGP,USD,43,90.1277,30132722.0,780668814.4
SGRP,,59,66.3365,18833539.0,13481508.31
SGRY,USD,483,127.6522,166954293.0,2177354900.67
SHAK,USD,768,108.0221,43587725.0,3709251618.04
SHAZ,USD,39,37.6251,13269877.0,745620159.42
SHBI,USD,337,78.7757,26323968.0,489888263.97
SHC,USD,551,86.5965000000001,246944985.0,3922911439.05
SHCO,USD,244,62.2658,33716263.0,302491741.03
SHEL,USD,2179,13.8768999999998,386078117.0,35454170489.8601
SHEN,USD,362,78.9531000000001,43678776.0,636325352.5
SHFS,USD,46,27.5915,1781251.0,1073786.15
SHFSW,USD,20,,1245462.0,0.0
SHG,KRW,468,4.8463,23426082.0,1434748589.92
SHIM,USD,57,84.1269,33975097.0,166875752.73
SHIP,USD,128,52.886,11459570.0,142937283.14
SHLS,USD,646,125.8648,211166179.0,1532777574.58
SHMD,EUR,54,62.7718,41203797.0,224647420.41
SHMDW,EUR,35,,3686164.0,0.0
SHO,USD,532,110.4087,205681869.0,1871290350.58
SHOE,USD,441,111.4436,30261744.0,468223038.15
SHOO,USD,656,104.7727,76573418.0,2791490522.44
SHOP,USD,3137,76.942600000002,938433960.0,120052986302.74
SHOT,USD,135,6.0385,483153.0,1263148.43
SHO_ph,USD,14,31.3915,1350823.0,28304276.68
SHO_pi,USD,11,15.0264,581321.0,12194279.47
SHPH,USD,23,13.9049,88589.0,731478.28
SHPW,USD,4,2.413,159657.0,0.16
SHW,USD,2911,88.6839999999999,218731456.0,71132729521.9505
SI,USD,120,81.2144,16842487.0,237337039.8
SIBN,USD,369,109.9564,48765343.0,683033195.449999
SID,BRL,183,3.4032,45132885.0,60377212.7
SIDU,USD,130,14.7396,14250711.0,37562227.75
SIEB,USD,115,72.5974,29721838.0,57922629.2
SIF,USD,46,43.1456,2698335.0,29747253.63
SIFY,INR,74,12.5372,9081612.0,69842234.64
SIG,USD,760,120.4415,47376647.0,4031498260.33
SIGA,USD,407,92.3129,66210602.0,336074128.73
SIGI,USD,739,91.0933000000001,54291242.0,4178595111.85
SII,USD,464,92.7691999999999,23872207.0,3269717835.07
SILA,USD,591,70.2314999999999,38797036.0,927563616.46
SILC,USD,63,38.0487,2171113.0,53887452.28
SILO,USD,39,27.5323,344871.0,2079656.5
SIM,MXN,19,0.1628,250321.0,7705912.14
SIMA,USD,75,642.6692,22832546.0,243382185.85
SIMO,USD,538,85.0648,28908436.0,3621926328.56
SIND,USD,9,90.0524,134120285.0,1609443420.0
SING,USD,4,0.0024,1914.0,19.71
SINT,USD,52,44.2135,1907170.0,4262133.34
SION,USD,215,106.8613,48248387.0,1982064107.28
SIRI,USD,1184,89.4716000000004,301184831.0,6617421670.01001
SISI,USD,18,51.4205,470217.0,3945224.97
SITC,USD,534,113.991,59816563.0,369615150.12
SITE,USD,828,118.3845,52454029.0,6794712352.81
SITM,USD,798,113.0848,29851222.0,12644285737.29
SJ,CNY,17,49.0429,19390470.0,13555564.13
SJM,USD,1641,97.7544000000003,104479716.0,10190951463.77
SKBL,USD,39,20.2558,2494849.0,6856665.2
SKE,CAD,315,80.2878,99943499.0,2725578129.31
SKIL,USD,178,89.3341,8010822.0,52088542.19
SKIN,USD,261,103.5056,134143947.0,124141548.48
SKK,USD,13,80.8235,1101958.0,3055891.84
SKLZ,USD,184,89.3548,10882816.0,84936533.79
SKM,KRW,441,8.7272,33460724.0,974606759.98
SKT,USD,700,94.8137,108918458.0,3702135849.2
SKWD,USD,540,111.3754,45154998.0,2111039236.15
SKY,USD,692,113.0772,62076938.0,4835796069.31001
SKYA,USD,67,37.294,15783633.0,29289599.94
SKYAW,USD,19,,12706295.0,0.0
SKYE,USD,176,47.1978,16587154.0,12148071.76
SKYH,USD,163,74.4455,25669892.0,264937595.16
SKYH_t,USD,27,,3060562.0,0.0
SKYQ,USD,56,16.6768,799596.0,2503478.78
SKYT,USD,415,80.2842,39503561.0,1059392480.46
SKYW,USD,731,97.1534999999999,38531093.0,3602238711.3
SKYX,USD,196,48.1763,64790212.0,76719349.1
SLAB,USD,741,102.3146,33745125.0,6248955115.55001
SLAI,USD,31,7.2974,327369.0,697820.09
SLAM,USD,11,103.0361,14758956.0,276420085.2
SLB,USD,3008,94.9380000000003,1419439320.0,69501891557.1401
SLBT,USD,37,103.5042,338654920.0,1644831837.31
SLDB,USD,293,89.6543,88265150.0,630767997.7
SLDE,USD,357,95.1258000000001,108975567.0,2048629108.6
SLDP,USD,379,51.5862000000001,116061117.0,376958800.04
SLDPW,USD,38,,7670309.0,0.0
SLE,USD,44,14.5226,218098.0,951224.5
SLF,CAD,1017,56.0202000000002,310499874.0,20136724173.14
SLG,USD,761,105.4577,74721964.0,2821767579.0
SLGB,CNY,6,0.2992,40074778.0,50051596.82
SLGL,USD,42,93.5639,3058599.0,240874835.1
SLGN,USD,708,107.2417,113332469.0,4532663596.69
SLG_pi,USD,20,21.6997,1996371.0,42010667.92
SLI,USD,245,37.6184,92585680.0,332192762.55
SLM,USD,797,114.4309,215079402.0,4676568856.9
SLMBP,USD,11,25.8913,1035648.0,76418803.29
SLMT,EUR,59,67.7729,7461296.0,112596969.49
SLN,USD,137,63.8776,30172220.0,219979157.92
SLND,USD,143,86.9146,47124046.0,41835050.03
SLND_t,USD,36,,4673723.0,0.0
SLNG,USD,47,87.9081,16347676.0,67270360.47
SLNH,USD,120,45.6143,71921314.0,95857193.34
SLNHP,USD,2,6.7567,332433.0,3527114.13
SLNO,USD,542,114.6808,59771290.0,2370568713.02
SLP,USD,425,100.8725,20400968.0,274455051.66
SLQT,USD,355,62.2827,109834079.0,144676795.62
SLRC,USD,252,42.8901,23398707.0,335164475.62
SLRX,USD,30,6.0332,67824.0,518213.15
SLS,USD,257,29.0757,57135228.0,286201628.34
SLSN,USD,104,79.2076,55946650.0,53515082.2
SLSR,USD,165,81.0732,135449792.0,1280931751.74
SLVM,USD,805,104.2193,41412891.0,1804093934.4
SLXN,USD,31,25.9554,275936.0,2221658.55
SLXNW,USD,41,,2579559.0,0.0
SM,USD,964,89.0722000000002,213536919.0,6315645610.59
SMA,USD,448,94.1701000000002,52136967.0,1600460097.18
SMBC,,305,70.4252,7754636.0,492139462.69
SMBK,USD,304,76.4050999999999,13064078.0,509301379.42
SMC,USD,181,72.1949,9973253.0,287374848.42
SMCI,USD,1854,77.1082000000003,498742630.0,12641111849.73
SMFG,JPY,669,1.97349999999999,125158046.0,2492448293.6
SMFL,USD,1,0.0,1.0,0.0
SMG,USD,945,106.1053,61734806.0,3692525041.52
SMHI,USD,208,67.4231,18246278.0,131319600.23
SMID,USD,138,72.1886,3830750.0,125150351.98
SMJF,SGD,21,97.4161,14351774.0,72231874.88
SMLR,USD,293,32.8107,5015193.0,79470828.02
SMMT,USD,562,96.3496,768607207.0,12201757494.31
SMP,USD,427,88.8946000000001,19790845.0,696440321.35
SMPL,USD,663,111.5632,98718533.0,1427423108.25
SMR,USD,991,53.9324000000002,186663009.0,2316354813.22
SMRT,USD,304,76.9702,148427821.0,227056301.05
SMSI,USD,58,30.9362,1729298.0,5055360.2
SMTC,USD,861,112.0003,104328477.0,8260607980.70999
SMTI,USD,154,63.084,5781043.0,112170603.26
SMTK,USD,30,30.6801,6579700.0,3228308.07
SMU,,8,1.2835,45495.0,1409890.05
SMWB,USD,230,76.2221,66771143.0,271388224.74
SMX,USD,24,0.9426,17038.0,3448537.86
SMXT,USD,94,34.2965,19517064.0,13738079.15
SMXWW,USD,34,,1386994.0,0.0
SN,USD,973,106.3003,150437672.0,16521967786.29
SNA,USD,1817,101.4199,52462371.0,19148592201.67
SNAL,USD,28,7.597,235034.0,686873.27
SNAP,USD,1259,71.7516000000001,1024011452.0,5826224325.45999
SNAX,USD,24,87.2391,3260083.0,357032.52
SNBR,USD,316,102.4826,23621305.0,82295730.6400001
SNCR,USD,194,12.2107,1405056.0,12152354.24
SNCY,USD,443,110.1062,59673990.0,949032696.650001
SND,USD,155,69.734,29975692.0,150603675.9
SNDA,USD,318,71.2199000000001,33719923.0,1129058886.1
SNDK,USD,2013,89.5675000000012,132640495.0,77109544258.4899
SNDL,CAD,251,28.7268,74739520.0,107625563.12
SNDR,USD,627,128.2042,118069365.0,3166657176.29
SNDX,USD,489,116.7311,103434762.0,2309125191.03
SNES,USD,38,37.7236,2000641.0,3869299.8
SNEX,USD,739,97.1009,115429630.0,6560782474.10998
SNFCA,USD,181,71.5817,16070682.0,145301232.89
SNGX,USD,50,11.093,1644486.0,1174297.66
SNN,USD,487,10.275,43189773.0,1342234472.85
SNOA,USD,37,1.8418,88139.0,168404.15
SNOW,USD,2614,80.8550000000006,280232948.0,45267247088.3599
SNPS,USD,2960,96.4279000000002,184645163.0,74620676462.4901
SNRE,CHF,258,0.0006,454.0,25985.64
SNSE,USD,62,45.2446,5085334.0,136985723.66
SNT,USD,32,49.0654,11447749.0,31122678.25
SNTG,USD,10,63.8764,1791939.0,3385355.59
SNTI,USD,46,66.2526,20634201.0,13585251.29
SNWV,USD,142,58.4915,5029661.0,97706846.59
SNX,USD,1132,100.6514,80481764.0,14034506947.32
SNY,EUR,1300,8.97559999999996,215487913.0,10350944627.6
SNYR,USD,38,58.3008,8686773.0,4274796.17
SO,USD,3364,72.6309000000011,818791977.0,77749680368.4398
SOAR,USD,60,34.7694,18479267.0,3430227.51
SOBO,USD,695,68.4989000000002,142881838.0,4537862599.39
SOBR,USD,44,30.2809,849856.0,580431.19
SOC,USD,491,88.1897999999999,165356983.0,2649835313.38
SOCA,USD,64,89.024,15757205.0,159383176.12
SOCAU,USD,30,10.9416,1936676.0,19797662.52
SOFI,USD,1719,57.7201000000003,740431586.0,13794177948.17
SOGP,CNY,28,12.1726,372245.0,4624271.59
SOHU,USD,122,76.2452,19876494.0,319209606.65
SOL,USD,29,0.0,0.0,0.0
SOLS,USD,1718,87.6883000000006,139288489.0,10279672986.05
SOLV,USD,1746,91.0090000000008,157608080.0,10903712040.4
SOMN,USD,69,119.8298,41940457.0,2156019823.61
SON,USD,928,93.8683000000004,92806307.0,4816298211.39
SOND,USD,76,15.0387,2001410.0,2563036.46
SONM,USD,47,42.5079,632627.0,4756191.57
SONN,USD,12,3.786,267968.0,889096.0
SONO,USD,627,109.0847,129950937.0,1853831299.51
SONY,JPY,1322,8.64089999999998,507481167.0,10534871411.88
SOPA,USD,44,7.022,911964.0,772547.32
SOPH,USD,108,55.0457,46176287.0,231566877.87
SORA,USD,8,58.2771,14490010.0,40419453.26
SORN,USD,23,48.2704,12695079.0,125442743.62
SORNU,USD,23,25.6129,6736180.0,67361665.66
SOS,USD,38,7.2964,965737.0,2114826.92
SOTK,USD,51,59.1522,9296824.0,47375039.95
SOUL,USD,71,117.1288,30008355.0,306703909.62
SOUL_r,USD,45,,23632331.0,4262720.22
SOUL_u,USD,27,7.1541,1832872.0,18377075.52
SOUN,USD,916,46.2195000000002,186314171.0,1296795203.58
SOUNW,USD,21,,380128.0,0.0
SOWG,USD,48,4.7975,965265.0,5747639.77
SPAI,USD,59,60.7769,12541138.0,53414760.27
SPB,USD,631,122.7281,28222861.0,2094603927.82
SPC,,21,41.235,239163.0,4675330.97
SPCB,USD,39,20.354,1278337.0,12217486.55
SPCE,USD,391,20.1075,26921562.0,70264935.2500001
SPCK,,14,12.3967,400619.0,8727532.92
SPCX,USD,579,20.0731999999999,1498426936.0,256021226284.96
SPE,USD,73,46.1111,4899358.0,71950445.49
SPEC,USD,2,0.0,0.0,0.0
SPEG,USD,46,96.6645,11116394.0,112583278.99
SPEGR,USD,34,,10225345.0,2555194.06
SPEGU,USD,21,14.371,1652658.0,16944511.35
SPE_pc,USD,15,24.1989,541037.0,13398269.22
SPFI,USD,276,57.9999,10927329.0,456448639.7
SPG,USD,2300,95.3422000000004,309183659.0,58031772166.0302
SPGI,USD,3728,90.3358000000013,267402550.0,118623192712.91
SPGI_w,USD,17,,48343.0,18563712.0
SPG_pj,USD,4,3.6108,28776.0,1559661.64
SPHL,SGD,8,45.3264,1025273.0,2647321.35
SPHR,USD,659,140.9171,40761307.0,4529632615.0
SPI,USD,26,0.0,0.0,0.0
SPIR,USD,270,49.9802,19348368.0,281445403.02
SPKL,USD,60,110.4766,6890091.0,78439866.3
SPKLU,USD,10,0.3619,36196.0,410782.37
SPMA,USD,3,16.1772,372075.0,9290712.75
SPMC,USD,39,107.6133,22199292.0,261723009.65
SPME,USD,1,0.0,0.0,0.0
SPNT,USD,488,98.3493000000001,115602176.0,2496529657.88
SPNT_pb,USD,9,0.0,0.0,0.0
SPOK,USD,302,60.4401,12624137.0,142800244.93
SPOT,EUR,2717,92.4103000000005,191439398.0,96780442261.0801
SPPL,SGD,12,3.0638,299830.0,1273339.96
SPPP,USD,134,27.6124,12035625.0,184935205.44
SPR,USD,139,0.2148,252415.0,9336565.99
SPRB,USD,85,35.3646,973333.0,70723891.17
SPRC,USD,21,0.5509,3158.0,11580.6
SPRO,USD,122,38.2068,22112206.0,51698331.26
SPRU,USD,102,48.3656,8884393.0,28695779.36
SPRY,USD,425,113.9882,113193635.0,941841691.26
SPSC,USD,901,109.0795,40046259.0,2572012874.91
SPT,USD,479,87.4458000000002,47497276.0,346633967.81
SPTX,USD,23,70.496,37736905.0,696965834.56
SPVU,,76,59.164,1212862.0,72046808.56
SPWH,USD,180,67.6485,26396147.0,37444048.38
SPWR,USD,192,56.4284,84782049.0,73888990.0900001
SPWRW,USD,52,,2926778.0,0.0
SPXC,USD,879,102.5243,51328774.0,10314295308.23
SPYU,CAD,31,2.6181,418870.0,9031614.5
SQFT,USD,57,30.1782,433673.0,1259506.57
SQFTW,USD,51,,1769333.0,0.0
SQM,USD,667,35.2174000000002,50296944.0,3844567642.04
SQNS,USD,92,92.7871,13912014.0,46608872.56
SR,USD,736,96.6225000000002,57119977.0,5051123479.74
SRAD,EUR,439,92.3581,204472295.0,4260148864.36
SRBK,USD,143,50.8825,4121571.0,68463427.27
SRCE,USD,409,103.2557,24865982.0,1758210484.21
SRDX,USD,81,1.4377,205549.0,7557859.49
SRE,USD,2214,93.2032000000004,609293857.0,58191391236.1099
SRFM,USD,142,36.7184,40967024.0,57768958.31
SRG,USD,175,80.9952,45620308.0,136163638.15
SRG_pa,USD,8,12.1282,339592.0,7821846.42
SRI,USD,322,90.8323,25646640.0,131208805.97
SRL,CAD,30,75.9003,11556850.0,88495244.01
SRPT,USD,986,100.7832,106403704.0,2283843241.18
SRRK,USD,585,112.6769,135014150.0,6385773587.85
SRTA,USD,294,83.8429000000001,72547124.0,325928632.88
SRTAW,USD,16,,2267221.0,0.0
SRTS,USD,128,46.8222,7707888.0,29936003.23
SRXH,USD,50,2.6936,525737.0,3896113.04
SRZN,USD,101,102.6717,11904720.0,324104508.59
SRZNW,USD,28,,2932667.0,0.0
SR_pa,USD,22,0.0001,14.0,335.72
SSAC,USD,23,48.6829,8908020.0,88203602.64
SSACR,USD,20,,9822905.0,1768122.9
SSACU,USD,25,29.0087,5226936.0,52638375.81
SSB,USD,934,90.9482000000005,88199719.0,8190693817.61
SSBI,USD,54,60.9375,4126395.0,53681170.0
SSD,USD,863,102.5657,42194230.0,7198669757.48001
SSEA,USD,32,91.6078,6995065.0,70612563.78
SSEAR,USD,17,,4269056.0,811120.64
SSEAU,USD,28,6.572,501844.0,5078647.28
SSII,USD,47,80.0757000000001,160256795.0,789654720.74
SSKN,USD,38,51.9803,3060685.0,5302610.3
SSL,ZAR,250,5.3685,34014489.0,363076457.27
SSM,USD,20,59.1241,842418.0,4544611.81
SSMR,USD,13,79.073,111276701.0,1471077987.22
SSNC,USD,1409,96.8576,233270464.0,16617165678.28
SSP,USD,375,103.0663,82047566.0,300498703.84
SSRM,USD,736,78.0014000000001,161066354.0,4686235377.98001
SSSS,USD,149,30.9198,8185431.0,92529272.03
SST,USD,135,79.09,6499048.0,16882408.91
SSTI,USD,213,90.8817,11772721.0,85759678.92
SSTK,USD,508,93.9234,34505809.0,576596458.220001
SSYS,USD,311,73.1809,63532034.0,553451602.53
ST,USD,864,113.0872,164465029.0,5763953445.08999
STAA,USD,536,113.6545,56587049.0,1166316406.55
STAF,USD,16,74.9961,1232740.0,740114.2
STAG,USD,1005,96.5977000000002,184701667.0,6709120096.94
STAI,USD,57,32.4108,1217345.0,7234925.39
STAK,USD,9,1.19,119117.0,86582.46
STBA,USD,446,77.9449,27488886.0,1155225067.21
STBX,USD,8,0.0,0.0,0.0
STC,USD,492,104.2467,31742660.0,1971886980.79
STDN,,10,38.537,57456755.0,523913724.06
STE,USD,1654,101.081,98511752.0,21803569139.36
STEC,USD,13,71.2851,5693899.0,40028016.6
STEL,USD,424,70.3074999999999,35800910.0,1280401836.52
STEM,USD,315,26.5059,2374124.0,23551532.36
STEP,USD,568,106.7232,87791974.0,4274463177.41
STEX,USD,118,47.6534,49690696.0,58865745.52
STFS,CNY,20,17.7202,205780.0,14624064.47
STG,CNY,12,9.6901,491879.0,1728600.94
STGW,USD,379,103.767,257192517.0,1514429037.5
STHO,USD,220,79.6753000000001,9625868.0,76195327.72
STI,USD,90,68.3851,5809794.0,53674471.64
STIM,USD,245,92.1487,64124917.0,94531048.0199999
STKE,CAD,65,27.7016,10624576.0,18802344.63
STKH,USD,34,23.92,365230.0,777819.76
STKL,USD,434,139.8865,165586681.0,1024853974.8
STKS,USD,145,72.7936,22976704.0,40959794.83
STLA,EUR,1360,74.3690000000002,2159514464.0,16800216547.52
STLD,USD,1804,91.6675000000001,132197966.0,24395085550.69
STM,USD,787,13.5232,120709780.0,4646725545.76999
STN,CAD,769,80.0946000000002,91361239.0,8084353935.75001
STNE,BRL,727,81.3769000000003,186498496.0,2611174506.68001
STNG,USD,642,83.8962000000001,42299798.0,2914159515.16001
STOK,USD,375,124.2418,77380206.0,2472297881.7
STRA,USD,569,103.9479,23505578.0,1933414960.38
STRC,USD,24,17.2485,14725621.0,1252224402.83
STRD,USD,19,57.4133,8051787.0,458540144.58
STRF,USD,19,44.5109,5715070.0,529929005.81
STRK,USD,168,43.676,6123713.0,440045485.66
STRL,USD,1212,99.7128000000001,30598012.0,12515699827.49
STRO,USD,285,73.8633999999999,12239455.0,287009289.3
STRR,USD,64,67.0699,2478842.0,27218006.03
STRRP,USD,4,0.2972,7043.0,72789.41
STRS,USD,126,66.5918,5315829.0,156773581.65
STRT,USD,270,91.9781000000001,3757199.0,291722985.71
STRW,USD,172,69.8708000000001,9381310.0,112779514.59
STRZ,USD,281,104.7012,17578731.0,214981519.0
STSSW,USD,16,,9959287.0,0.0
STT,USD,1989,96.0574000000004,265863224.0,34278871373.0301
STTK,USD,196,64.8683,58623520.0,381810231.69
STT_pg,USD,39,26.7263,5345246.0,115673466.5
STUB,USD,258,80.4101999999999,281985780.0,2529735089.5
STVN,EUR,327,91.5669,45517874.0,724714491.53
STWD,USD,935,58.9939000000001,218726046.0,3792578177.29
STX,USD,2556,91.2671000000012,206501969.0,88711887234.8697
STXS,USD,206,61.9228,61689505.0,114539257.12
STZ,USD,2370,101.5103,173335464.0,25683247064.45
SU,CAD,1399,76.0591000000003,898088624.0,52489493149.7001
SUGP,HKD,9,1.7414,62046.0,295476.86
SUI,USD,1105,106.0626,130704434.0,16427143041.18
SUIG,USD,81,42.1363,32361974.0,47686881.1
SUJA,,16,20.8866,4968660.0,58117409.81
SUMA,USD,6,6.6747,1181176.0,11681207.64
SUMAR,USD,1,,15000.0,3600.0
SUNB,USD,701,73.0362000000002,299209306.0,20076695357.01
SUNE,USD,46,52.9216,2172896.0,4597062.75
SUNS,USD,162,57.1032,7719326.0,61196241.59
SUPN,USD,655,107.5018,62394119.0,3189283502.42
SUPV,ARS,150,42.1158,31670781.0,323982383.14
SUPX,USD,62,76.2633,32979823.0,689887107.14
SURG,USD,75,46.1907,11507790.0,8624666.34
SUUN,CAD,59,18.3242,8737239.0,6035381.28
SUZ,,295,8.27619999999999,102303995.0,994970789.11
SVA,USD,43,98.0742,70476645.0,455983893.15
SVAC,USD,70,97.0537999999999,22322415.0,228745953.81
SVACU,USD,55,0.8805,202527.0,2105582.61
SVAQ,USD,27,77.8388,17245237.0,170664293.93
SVAQU,USD,61,25.7878,5713303.0,57182353.31
SVC,USD,497,53.1547000000001,68856777.0,515945867.679999
SVCC,USD,49,91.6599,14257689.0,148381737.67
SVCCU,USD,24,5.2469,816156.0,8607893.04
SVCO,USD,191,84.072,27482050.0,270603242.0
SVIV,USD,32,69.4493,15973284.0,158181680.6
SVIVU,USD,26,28.8235,6629464.0,67355354.24
SVM,USD,429,75.4393,166875449.0,1715119935.61
SVMH,USD,21,2.8633,7311609.0,572820.91
SVRA,USD,338,106.2146,217663345.0,1255102193.91
SVRE,,16,2.8145,70356.0,215289.36
SVREW,ILS,16,,581565.0,0.0
SVRN,USD,34,42.1306,790294.0,18506631.37
SVV,USD,344,109.7953,169069539.0,1275080940.05
SW,USD,1464,103.9636,545300084.0,21749604734.16
SWAG,USD,42,65.0399,12123161.0,23823390.92
SWAGW,USD,8,,626800.0,0.0
SWBI,USD,439,61.7042000000001,27597200.0,392334205.73
SWIM,USD,334,101.2792,118913313.0,654799725.17
SWK,USD,1578,97.1997000000004,151105636.0,11036644066.11
SWKH,USD,139,10.3487,1251767.0,21123108.94
SWKS,USD,1680,117.7669,177130174.0,9950817526.75
SWMR,USD,57,85.1444,9544868.0,424938170.16
SWP,,12,105.1216,5560927.0,147922326.49
SWSS,USD,8,93.2062,4346513.0,46507689.1
SWVL,USD,22,28.997,2889357.0,5466867.27
SWVLW,USD,33,,1400627.0,0.0
SWX,USD,726,93.1048000000001,67384661.0,5743540083.77
SXC,USD,516,82.7116,70184109.0,472202606.09
SXI,USD,556,103.2283,12506100.0,3258158091.71
SXT,USD,671,114.1855,48607883.0,4517081961.58
SXTC,USD,33,109.7257,35351399.0,137913498.8
SXTP,USD,34,9.8127,260936.0,601067.88
SY,CNY,63,43.4806,36862516.0,112620800.45
SYBT,USD,463,72.6129000000001,21431911.0,1447644547.41
SYBX,USD,44,78.7531,9211462.0,7321237.4
SYF,USD,1852,113.2191,368463043.0,25328742431.82
SYF_pa,USD,18,10.3436,5213161.0,98018238.67
SYF_pb,USD,26,30.9777,6195547.0,160169442.28
SYK,USD,3695,87.9850000000018,337295847.0,112825944004.06
SYM,USD,796,108.664,138239256.0,7292564784.3
SYNA,USD,640,113.702,44412737.0,3227314811.76
SYNX,USD,21,60.2303,3995946.0,5336418.77
SYPR,USD,55,66.4632,15293849.0,47147873.47
SYRA,USD,30,52.4287,7255702.0,3558966.76
SYRE,USD,365,100.9428,87660543.0,3968425818.04
SYRS,USD,97,0.5695,152797.0,261417.72
SYY,USD,2621,90.5154000000002,433130450.0,31241506189.59
SZZL,USD,70,111.375,26284397.0,268475924.96
SZZLR,USD,49,,21838144.0,3726816.43
SZZLU,USD,25,8.7709,2069922.0,20912874.76
T,USD,4427,70.5541000000039,4835302557.0,138268714293.86
TAC,CAD,425,76.1926,240713308.0,3162399314.58
TACH,USD,64,97.1819999999999,26822216.0,275566592.48
TACHU,USD,24,2.7669,763656.0,7952166.32
TACO,USD,96,89.1846,33460839.0,342348420.71
TACOU,USD,33,21.7847,6538668.0,67095218.32
TACT,USD,79,74.5338,7659260.0,33322214.62
TAIT,USD,32,39.6604,2085563.0,5255618.76
TAK,JPY,635,3.26990000000001,104447478.0,1907733292.03
TAL,USD,594,61.6271000000001,250300574.0,2800745598.22
TALK,USD,345,83.192,139357173.0,678506749.0
TALKW,USD,23,,8152208.0,0.0
TALO,USD,571,100.8954,168419077.0,2495598956.62
TANH,USD,17,0.9417,134426.0,183083.65
TAOP,USD,33,65.7667,6282531.0,7543452.66
TAOX,USD,54,9.4338,704886.0,3589522.29
TAP,USD,1467,111.4679,195311497.0,8472036727.58
TAPa,USD,14,3.3426,85669.0,4215056.31
TARA,USD,210,79.5109,44688606.0,229631557.11
TARS,USD,509,107.8124,46385389.0,3427992028.72
TASK,USD,324,109.234,39913063.0,296893923.07
TATT,USD,167,63.5139,8246149.0,357965883.16
TAVI,USD,53,95.4241,15192328.0,159987454.24
TAVIR,USD,40,,11108177.0,1476226.76
TAVIU,USD,30,3.9535,468487.0,4892071.88
TAYD,USD,163,52.2601,1682302.0,96364275.36
TBBB,MXN,308,119.8955,75897825.0,2739255121.72
TBBK,USD,596,112.2372,46729328.0,2726601877.82
TBCH,USD,285,90.5411,17970041.0,222541581.23
TBH,USD,39,6.4215,4874283.0,15520680.42
TBI,USD,263,110.6443,33640474.0,154532194.53
TBIO,USD,4,29.33,520854.0,312512.4
TBLA,USD,331,80.2242,195055900.0,786141994.38
TBLAW,USD,29,,5082009.0,0.0
TBLT,USD,4,12.7009,550758.0,1470518.53
TBN,USD,106,43.2117,15041543.0,644810752.51
TBPH,USD,360,104.5729,54192416.0,880709859.75
TBRG,USD,288,67.9908,10198071.0,205829745.17
TC,CNY,12,0.3534,93305.0,825125.08
TCBI,USD,647,110.7981,48169818.0,4571199822.38
TCBIO,USD,11,17.7172,2126067.0,44247874.39
TCBK,USD,359,80.8924000000002,25857505.0,1236712540.74
TCBP,GBP,16,0.0,0.0,0.0
TCBS,USD,35,39.9077,1153210.0,20235914.28
TCBX,USD,309,65.8243,10952442.0,416211497.28
TCGL,SGD,20,78.5906,14036089.0,80998724.82
TCI,USD,110,106.3857,9191010.0,322110333.53
TCMD,USD,385,104.3354,23534139.0,631137051.38
TCOM,CNY,904,26.8412,175437587.0,9533707938.83
TCPC,USD,285,28.3376,23776155.0,93217593.67
TCRT,USD,66,21.0358,513730.0,1344008.07
TCRX,USD,199,55.5721,33940181.0,34236428.42
TCX,,159,88.9253000000001,9914378.0,177734903.05
TD,CAD,1579,57.6625000000007,963744198.0,92263222259.15
TDAC,USD,58,84.8919,16391688.0,173485958.28
TDACU,USD,47,5.554,958066.0,9957017.04
TDAY,USD,438,103.829,152319379.0,944720082.89
TDC,USD,873,116.9038,110007918.0,3117208458.12
TDG,USD,2062,99.4051999999999,55602332.0,66443726480.9599
TDI,,39,22.6208,1707405.0,70410308.86
TDIC,HKD,11,43.888,1073315.0,4778099.15
TDOC,USD,819,85.1451000000001,153700119.0,927525602.990001
TDS,USD,660,108.9218,115784394.0,4791827406.48999
TDTH,USD,20,0.8298,37426.0,213754.23
TDUP,USD,390,97.8075,105995665.0,435467967.32
TDW,USD,777,114.2102,56796697.0,4406465333.64
TDWD,USD,51,76.6182,13634192.0,135032496.13
TDWDR,USD,46,,14995324.0,2847075.5
TDWDU,USD,30,8.1708,1453968.0,14841263.28
TDY,USD,1525,101.7625,47145649.0,27916955865.41
TE,USD,464,85.7315000000002,239256086.0,1363688171.16
TEAD,USD,269,82.8905,80396322.0,65282398.91
TEAM,USD,1821,111.6019,178157658.0,16822713178.11
TECH,USD,1235,118.8381,185169386.0,9754399167.89999
TECK,CAD,1226,80.4629000000003,387795350.0,20185291678.63
TECX,USD,257,119.027,22459462.0,550060471.79
TEF,EUR,424,0.510199999999999,28741309.0,117043814.63
TEKY,,6,6.4493,83842.0,2975813.78
TEL,USD,2284,99.2550000000004,287805834.0,60198662967.2301
TELA,USD,121,76.5656,34272895.0,27531488.65
TELO,USD,120,51.0935,26406903.0,33367461.01
TEM,USD,913,92.0954000000001,161346993.0,7791516087.39
TEN,USD,218,58.9100000000001,17748265.0,566910901.55
TENB,USD,688,108.6955,119861768.0,2366232071.48
TENX,USD,109,51.4008,13634152.0,198361113.36
TEN_pe,USD,2,1.0923,51838.0,1372670.24
TEN_pf,USD,2,1.141,76980.0,2078085.0
TEO,ARS,131,12.5428,15754791.0,186856970.28
TER,USD,2195,98.5858000000002,154331324.0,43568321608.95
TERN,USD,518,105.9643,122411766.0,5788920453.00001
TEVA,USD,1225,65.1550000000002,758694771.0,23105408421.69
TEX,USD,856,91.0670000000004,103999614.0,6033307639.16
TE_t,USD,22,,11852803.0,0.0
TFC,,2656,79.1672000000002,967271084.0,44653356942.04
TFC_pi,USD,14,12.0475,831321.0,14992884.25
TFC_pr,USD,35,23.1752,8574752.0,158446432.48
TFII,USD,714,85.0952000000001,69942152.0,7947650337.21
TFIN,USD,456,103.8469,24813674.0,1501534955.34
TFPM,USD,455,90.1558000000002,185726752.0,5776465890.65
TFSL,USD,411,95.0870000000001,266654805.0,3593551522.35
TFX,USD,1157,109.2283,48355849.0,5830389914.03999
TG,USD,269,92.3927,32352505.0,255187783.21
TGAA,USD,28,74.9628,5362411.0,58648816.83
TGB,CAD,410,59.2705000000001,216827788.0,1409613748.74
TGE,,58,9.8358,36339999.0,61633076.91
TGEN,USD,129,74.1006,22169197.0,96619124.65
TGHL,SGD,15,16.0622,2387858.0,7428204.09
TGL,USD,31,9.6756,185909.0,1567579.23
TGLS,Error occured in EAN validator,434,93.6384000000002,43438012.0,1909653217.46
TGNA,USD,732,19.3008,31249696.0,604540700.18
TGS,ARS,171,14.1916,9864940.0,328463550.04
TGT,USD,3372,81.2589000000008,369088146.0,43680044824.8499
TGTX,USD,762,78.7079000000001,120489839.0,4047560583.6
TH,USD,344,82.7194000000001,82381628.0,1341843668.74
THAR,USD,72,34.4066,26534925.0,79515042.64
THC,USD,1357,102.0939,87941081.0,16854327449.07
THCH,CNY,32,70.6701,23493243.0,58270700.39
THFF,USD,389,87.8925,10452047.0,668776005.300001
THG,USD,867,93.3892000000001,32674104.0,5795476131.23
THH,JPY,11,42.722,21380739.0,183426262.13
THM,USD,116,75.1601,196647929.0,460706588.6
THMO,USD,2,0.0,0.0,0.0
THO,USD,840,110.463,57505879.0,4610749024.60001
THR,USD,453,109.4747,36060739.0,1859084165.43
THRM,USD,537,106.4643,32689466.0,931720894.91
THRY,USD,399,101.0473,44814605.0,172548009.77
THS,USD,520,24.0951,12164668.0,287195955.11
THTX,USD,10,0.0959,44072.0,105264.94
TIC,USD,406,96.3358999999999,212943310.0,1823878087.71
TIGO,USD,703,93.6144,156842810.0,12867154619.01
TIGR,USD,293,51.8813,94103884.0,650777217.35
TII,USD,43,66.1165,65442448.0,169944372.64
TIL,USD,114,70.6537,4791716.0,40764223.3
TILE,USD,589,104.087,60429602.0,1546876523.93
TIMB,BRL,331,5.1037,24386333.0,603778050.710001
TIPT,USD,313,84.9619999999999,31920518.0,544876837.15
TIRX,USD,15,0.3206,337753.0,100201651.35
TISI,USD,66,66.1277,3022956.0,47508044.35
TITN,USD,321,106.1333,24731468.0,438009249.16
TIVC,USD,28,25.3397,1051912.0,923628.98
TIXT,USD,39,0.1444,182952.0,691748.74
TJGC,HKD,15,37.3258,3769917.0,18604923.21
TJX,USD,4013,94.1288000000027,1039894353.0,165181366208.36
TK,USD,382,88.9791000000001,77422149.0,889043316.25
TKC,TRY,288,8.8274,77586824.0,452173961.97
TKLF,USD,18,66.2674,2804955.0,6332996.9
TKNO,USD,186,94.5991000000001,50718548.0,177560105.18
TKO,USD,1239,120.6997,90486388.0,18253257615.98
TKR,USD,965,101.4363,70496496.0,6955158038.67999
TLF,USD,47,61.019,4969116.0,11892926.55
TLGY,USD,37,22.8363,5487413.0,49534962.12
TLIH,SGD,10,80.8868,2378429.0,8788909.26
TLK,IDR,382,5.9964,59288853.0,1099226435.56
TLN,USD,1113,109.9174,49897522.0,17172750025.47
TLNC,USD,40,60.5335,15544396.0,157931651.39
TLNCU,USD,54,36.2117,9298823.0,96519423.2
TLPH,USD,81,56.8533,29506600.0,26410479.21
TLRY,USD,631,10.7577,13255814.0,96879377.8200002
TLS,USD,314,83.3861000000001,62388272.0,290543331.34
TLSA,USD,81,50.9414,64827414.0,78701430.44
TLSI,USD,173,56.0314000000001,34412331.0,151868916.79
TLSIW,USD,30,,1851412.0,0.0
TLX,USD,71,0.6646,2258331.0,21786342.13
TLYS,USD,158,105.8999,24550102.0,76210091.17
TM,JPY,1121,2.17020000000004,25733320.0,5267782631.07002
TMAR,,13,56.4692,169409.0,3993817.21
TMC,USD,391,60.9352000000001,263982633.0,1348234011.13
TMCI,USD,328,80.7658,52395359.0,125848236.59
TMCR,USD,9,60.3594,37303444.0,386736504.24
TMCWW,USD,27,,4501652.0,0.0
TMDE,USD,16,83.2054,19607383.0,27420719.42
TMDX,USD,875,115.1651,39802484.0,4122431776.47
TME,CNY,872,58.6451000000001,434814783.0,4703258240.62999
TMHC,USD,896,105.3834,96960535.0,5679943007.21
TMO,USD,4483,93.7744000000025,348510988.0,177676201953.94
TMP,USD,395,78.3254,11265492.0,904722049.059999
TMQ,USD,243,61.3519000000001,105985221.0,377258349.77
TMS,USD,77,82.3665,59292045.0,542035909.17
TMTS,USD,5,8.1299,1869899.0,18732638.99
TMUS,USD,3149,102.349600000002,1097919864.0,228801931129.84
TNC,USD,546,104.1901,17752778.0,1219618482.61
TNDM,USD,646,118.2469,81033753.0,1619013917.56
TNET,USD,590,96.9417,44539354.0,1825567864.63
TNGX,USD,394,116.535,188569350.0,3912762580.36
TNK,USD,465,89.6646000000001,26915719.0,1853975192.33
TNL,USD,853,111.2545,68092998.0,4717832701.22
TNMG,USD,39,28.2645,828506.0,2260534.58
TNON,USD,46,12.6645,2182354.0,864212.65
TNXP,USD,185,46.9151,7479269.0,100738687.75
TNYA,USD,267,50.8771,110401935.0,70761384.75
TOI,USD,232,63.3678,63357304.0,230982504.64
TOIIW,USD,22,,3905381.0,0.0
TOL,USD,1464,93.9454000000005,87821307.0,12054977028.93
TOMZ,USD,46,34.2258,2786834.0,7381126.92
TONX,USD,102,74.9819999999999,42387957.0,168003770.72
TOON,USD,91,31.363,18548858.0,11640575.23
TOP,USD,16,3.3245,20231347.0,16753578.44
TOPP,USD,16,53.6305,13246737.0,9327027.52
TOPS,USD,26,62.5877,3468087.0,3313085.43
TORO,USD,50,77.2231,26582448.0,129177934.16
TOST,USD,1538,91.3812000000002,471530402.0,13568238531.96
TOUR,CNY,43,9.2024,946436.0,7647665.96
TOVX,USD,43,5.8099,2666354.0,638955.16
TOWN,USD,541,68.4331000000001,63255286.0,2143146668.41
TOYO,USD,38,79.6822,34039534.0,204367948.72
TPB,USD,477,103.5474,20054634.0,1862817432.08
TPC,USD,586,98.8311,51999861.0,3892764380.86
TPCS,USD,51,32.8483,3293038.0,13524380.08
TPET,USD,40,6.4754,2843758.0,1677246.54
TPG,USD,727,91.2975000000002,140465177.0,6183766606.06
TPH,USD,751,105.0023,89424262.0,3865825146.18
TPHS,USD,13,60.9732,39600498.0,1892375.14
TPIC,USD,270,41.3185,20149353.0,2435403.69
TPL,USD,1499,74.8965000000002,51660565.0,22635385208.49
TPR,USD,1961,99.9961000000002,202041335.0,27894186913.2499
TPST,USD,69,58.0677,9278870.0,14281205.82
TPVG,USD,166,12.6292,5127362.0,28520904.41
TR,USD,419,89.5509,38571852.0,1634147798.87
TRAD,USD,5,19.0051,2781767.0,27531890.64
TRAK,USD,221,59.9771,13718891.0,141463114.59
TRAW,USD,62,45.2118,6884621.0,11295949.01
TRAX,USD,96,59.0512,20604358.0,455102860.61
TRAXV,USD,96,59.0512,20604358.0,455102860.61
TRC,USD,266,87.3738999999999,23594709.0,432467453.14
TRDA,USD,274,90.4020000000001,35094772.0,376768246.71
TREE,USD,428,98.0299,13678243.0,665245730.9
TREX,USD,1008,111.9921,116358976.0,4301691053.87
TRGP,USD,1908,99.9769000000004,214596742.0,50296874523.8801
TRGS,USD,3,2.9625,617888.0,6110258.32
TRI,USD,1247,101.4043,442668470.0,37936988970.05
TRIB,USD,51,22.6554,152932.0,3195917.5
TRIN,USD,289,28.0171,25184363.0,393909576.63
TRIP,USD,693,111.4142,129644768.0,1553661188.44
TRLV,USD,71,15.9781,27147007.0,240779716.44
TRMB,USD,1543,98.7055000000002,230093780.0,15496159902.22
TRMD,USD,368,59.8185,61232524.0,1524503153.53
TRMK,USD,524,84.4558000000001,49496016.0,2067487084.44
TRML,USD,44,4.6853,1206730.0,57898905.4
TRN,USD,628,93.8819000000001,74640982.0,2355017524.98
TRNO,USD,736,112.6513,119756513.0,7335614744.19
TRNR,USD,25,1.7165,8829.0,95657.31
TRNS,USD,383,104.214,9753639.0,736497798.79
TRON,USD,91,91.4544,433843024.0,850921945.15
TROO,USD,25,60.1668,73499687.0,301690458.09
TROW,USD,2046,90.6248000000001,194181582.0,18219521121.11
TROX,USD,531,98.9216000000001,157804178.0,1369067928.46
TRP,CAD,1366,76.3175000000004,795247362.0,49490880682.33
TRS,USD,429,123.2689,44164490.0,1592660092.81
TRSG,USD,14,83.127,9803563.0,11047308.64
TRST,USD,360,85.1899999999999,14506472.0,635383622.029999
TRT,USD,49,55.6433,5627005.0,40007769.21
TRTN_pb,USD,7,8.3415,479633.0,12007312.58
TRTN_pc,USD,9,34.7481,2432374.0,59058040.72
TRTN_pd,USD,8,24.4107,1464638.0,33141449.72
TRTN_pe,USD,7,29.2785,2049496.0,37727176.8
TRTN_pf,USD,7,35.0663,2103968.0,50965570.01
TRTN_pg,USD,6,15.6278,1093946.0,25926520.2
TRTX,USD,346,83.4873,64542481.0,525132373.55
TRTX_pc,USD,12,20.9625,1687480.0,30778197.41
TRU,USD,1262,112.7319,217348180.0,15625841342.05
TRUE,USD,247,15.8363,14085302.0,31674797.2
TRUP,USD,502,98.7479999999999,43074649.0,1182548797.1
TRV,USD,2820,87.4809000000002,182484896.0,53439472384.84
TRVG,EUR,89,67.6433,15697004.0,45441599.78
TRVI,USD,362,98.7816,140249835.0,1771019097.7
TRVN,USD,23,0.4839,4179.0,7839.39
TRX,USD,130,9.9918,32718643.0,45524477.19
TS,USD,496,7.32620000000001,36984571.0,1984269649.56
TSAT,CAD,156,60.831,9188691.0,323137529.99
TSBK,USD,204,75.4409000000001,5905470.0,225706486.23
TSCO,USD,2193,96.6525000000001,506903960.0,23144020968.9899
TSE,USD,223,30.9033,11298200.0,4353669.25
TSEM,USD,759,81.6158000000001,92082896.0,16684317354.13
TSHA,USD,362,96.3001,307790331.0,1391093642.91
TSI_r,USD,2,,965.0,33.87
TSI_r_w,USD,5,,1262.0,44.28
TSLA,USD,6091,61.5559000000046,2431908042.0,946891769052.648
TSLX,USD,446,56.2284,53428257.0,1009913116.62
TSM,TWD,4959,15.6194999999997,811370106.0,272778894485.4
TSN,USD,1695,95.2662000000002,268770047.0,16840077973.6
TSQ,USD,195,81.6645,13587711.0,79140474.16
TSSI,USD,267,55.2743,15517911.0,199897367.97
TT,USD,3038,92.1588000000007,203724644.0,84523977245.04
TTAM,USD,232,102.0687,188175964.0,2835442827.06
TTAN,USD,698,105.2823,87118263.0,5909422905.95999
TTC,USD,1121,98.2853000000003,93602348.0,8732901992.84999
TTD,USD,2294,85.5670000000003,365380581.0,9670030592.90999
TTE,USD,2087,66.0784000000012,1507734189.0,127891441836.3
TTEC,USD,278,90.7617,44162906.0,114314182.05
TTEK,USD,1288,102.1448,265094273.0,8120536641.97001
TTGT,USD,332,101.5356,73409566.0,469220262.93
TTI,USD,464,87.8470000000001,129711622.0,1129608520.19
TTMI,USD,925,99.4883000000001,103318731.0,9695771708.41003
TTNP,USD,4,49.4297,657531.0,2663000.55
TTOO,USD,43,5.3792,1508591.0,631846.87
TTRX,USD,34,56.899,16949062.0,63675688.94
TTSH,USD,149,48.3452,19129679.0,67129998.46
TTWO,USD,2026,101.143500000001,187792925.0,38392989923.58
TU,CAD,748,51.9768000000001,818413817.0,10436494276.49
TULP,USD,24,33.034,1576561.0,7194276.71
TURB,EUR,16,64.6262,8541731.0,11432037.27
TUSK,USD,184,68.3992000000001,32948312.0,95392351.06
TUYA,USD,208,46.4748,252450424.0,659987735.629999
TV,MXN,203,27.5055,146864830.0,418148887.13
TVA,USD,76,93.8836,21123856.0,221927103.5
TVACU,USD,25,11.6626,2624108.0,26327696.77
TVAI,USD,54,102.759,21052788.0,213814675.42
TVAIR,USD,42,,17080566.0,3416158.35
TVAIU,USD,52,15.3471,3144242.0,32026815.68
TVGN,USD,128,82.198,3468139.0,16459730.72
TVGNW,USD,51,,10536815.0,0.0
TVIV,USD,1,7.0155,1210168.0,12016968.24
TVRD,USD,191,48.5723,6060864.0,34283210.79
TVTX,USD,557,113.1588,105229508.0,3604847308.3
TW,USD,1223,106.2456,123283922.0,14256525771.77
TWAV,USD,40,18.2774,628204.0,1015059.12
TWFG,USD,192,96.3462999999999,12554695.0,290308182.44
TWG,USD,23,25.7447,15338651.0,42215782.39
TWI,USD,399,94.7124000000001,60968547.0,429408650.23
TWIN,USD,193,89.7702,12947452.0,211708815.54
TWLO,USD,1755,94.9436000000003,144099521.0,19289664134.26
TWLV,USD,24,45.5134,8076325.0,79794903.2
TWLVR,USD,32,,12916052.0,1939991.01
TWLVU,USD,51,18.6413,3299480.0,33273105.7
TWNP,USD,40,94.9534,51896056.0,193405538.71
TWO,USD,492,75.0327000000001,78819569.0,886091080.88
TWO_pa,USD,9,14.1103,712600.0,17380314.0
TWO_pb,USD,13,32.4772,3299416.0,79439925.28
TWO_pc,USD,9,30.5492,2951479.0,73639285.91
TWST,USD,584,124.4263,77482276.0,3643691875.9
TX,USD,293,16.036,32147833.0,1323620991.93
TXG,USD,702,110.4888,129137985.0,2524518078.12
TXMD,USD,87,37.6129,4353473.0,7983018.27
TXN,USD,4103,95.276600000003,869901999.0,175188126567.07
TXNM,USD,719,104.9222,116157693.0,6803395395.74001
TXRH,USD,1209,104.52,68701168.0,11427545939.43
TXT,USD,1405,89.5810000000002,155772125.0,13646160855.44
TY,USD,243,14.4005,7665817.0,243484851.07
TYGO,USD,99,76.3519,57959266.0,201223316.12
TYG_r_w,USD,2,,92899.0,8360.91
TYL,USD,1675,104.9998,44276097.0,15913996818.54
TYRA,USD,304,102.7931,61132002.0,1988659553.51
TZOO,USD,224,76.4318,7856971.0,49166520.33
T_pa,USD,36,3.2743,1571670.0,29998641.66
Tw,USD,1223,106.2456,123283922.0,14256525771.77
U,USD,1187,80.7171000000001,352362749.0,9550282344.88
UA,USD,642,96.9865000000001,196917330.0,1139022838.75
UAA,USD,781,112.6582,212744470.0,1236720358.85
UAC,USD,10,18.0979,1892963.0,18573098.95
UAC_u,USD,20,36.3771,3804882.0,37737689.63
UAL,USD,1882,90.1008000000005,292455968.0,27995720596.5299
UAMY,USD,459,70.1974,104022846.0,897449540.98
UAVS,USD,85,11.776,6900107.0,6815207.44
UBCP,USD,64,30.5186,1764298.0,26883708.24
UBER,USD,4274,86.269700000002,1756197228.0,129988472467.4
UBS,USD,1745,57.4279000000005,1882398196.0,79496063791.9804
UBSI,USD,723,78.8674000000001,108004500.0,4482371989.42
UBX,USD,19,1.4295,246056.0,25516.01
UBXG,USD,15,20.7127,313103.0,16713470.0
UCAR,CNY,16,9.1335,2113951.0,2633749.38
UCB,USD,628,89.1383000000002,106755543.0,3372938851.54
UCFI,USD,64,98.1747,51281602.0,292321945.7
UCL,USD,24,28.559,7392499.0,12924828.97
UCTT,USD,648,109.3237,49008137.0,3029294731.46
UDMY,USD,413,90.6750000000001,132640291.0,710917866.25
UDR,USD,1116,109.8993,357082789.0,12451803049.9
UE,USD,526,101.9101,128428189.0,2563206472.93001
UEC,USD,840,87.0794000000002,430903551.0,5698678310.16001
UEIC,USD,168,90.6869000000001,11454069.0,45481104.76
UFCS,USD,415,86.8463000000001,22281552.0,837027368.11
UFG,USD,21,46.2198,4536470.0,19021973.05
UFI,USD,132,68.8286,12793307.0,47509081.24
UFPI,USD,838,90.4344000000001,51077718.0,4695909867.44001
UFPT,USD,599,126.3201,9773282.0,2127377565.19
UG,USD,58,56.6371,2602090.0,17488308.94
UGI,USD,1096,95.9998000000001,205818555.0,7517870394.05001
UGP,BRL,284,5.9507,63601872.0,324164175.51
UGRO,USD,56,0.2411,109114.0,1028828.97
UHAL,USD,474,103.0316,20026121.0,1176947095.1
UHALb,USD,672,80.3459000000002,141457469.0,7474095096.39
UHG,USD,143,39.6156,17327702.0,22641826.27
UHGWW,USD,31,,2090109.0,0.0
UHS,USD,1330,104.6225,55757733.0,10316455748.89
UHT,USD,396,73.5511,10205695.0,412512094.340001
UI,USD,717,97.7859000000002,59183068.0,46373797116.4199
UIS,USD,396,89.2816,65090948.0,147480288.36
UK,CNY,10,0.0845,563.0,2923.1
UL,EUR,1828,11.5141999999999,248094137.0,14237706294.83
ULBI,USD,166,77.6889,12940356.0,84438383.64
ULCC,USD,385,101.4219,233057604.0,1240285628.13
ULH,USD,231,102.053,26911160.0,542897214.56
ULS,USD,687,118.6337,92307165.0,7797841173.55001
ULTA,USD,2194,104.4134,44889816.0,23267130656.35
ULY,USD,63,26.569,583698.0,2393215.34
UMAC,USD,253,51.8736,24792233.0,399027932.02
UMBF,USD,820,100.9391,76692982.0,8774873816.87
UMC,TWD,575,6.7949,170938089.0,1596242338.03
UMH,USD,517,86.8280000000001,73946448.0,1092624190.22
UMH_pd,USD,22,24.7548,3213690.0,67715857.6
UNB,USD,143,48.7363,2248724.0,54130420.73
UNCY,USD,86,35.3054,9426434.0,56959476.54
UNF,USD,650,103.5327,15046274.0,3667618349.21
UNFI,USD,672,102.7449,62181267.0,2795437476.69
UNH,USD,5815,87.3335000000045,793128181.0,228536656309.801
UNIT,USD,651,94.8536000000002,230321555.0,1943756985.36
UNM,USD,1318,89.7876000000001,143459291.0,10722962630.2
UNP,USD,4267,92.068700000002,546958917.0,132946611886.05
UNTY,USD,278,80.1275000000001,8047236.0,421658908.71
UOKA,USD,13,0.1048,1290.0,87.72
UONE,USD,53,56.5944,348055.0,1979805.33
UONEK,USD,66,84.8753,2895745.0,14396734.94
UP,USD,280,94.1078,34123760.0,331105577.01
UPB,USD,275,106.8836,58166578.0,1067509430.62
UPBD,USD,557,99.1558999999999,57801948.0,1050020242.64
UPC,USD,16,15.8289,100001.0,358717.91
UPLD,USD,159,64.069,1881264.0,17130236.37
UPS,USD,3683,70.3470000000003,525211539.0,52022332854.8101
UPST,USD,860,80.4014000000002,76952504.0,2454609298.37
UPWK,USD,667,104.4613,129028182.0,1631071366.54
UPXI,USD,134,51.8067,38024362.0,78480088.73
URBN,USD,833,111.2854,95298644.0,6312926920.20001
URE,,29,51.8057,444877.0,26210030.79
URG,USD,343,74.0849000000001,294399094.0,429881475.67
URGN,USD,360,99.8853,48665342.0,976117774.61
URI,USD,2579,98.0766000000004,61050137.0,45839287792.99
UROY,CAD,204,46.8523,68791392.0,227523889.61
USAR,USD,556,64.0594000000001,156661796.0,2805558929.2
USAS,USD,291,65.0438,212651846.0,1091985994.73
USAU,USD,196,56.8692,9384051.0,165696397.64
USB,USD,3095,86.1363000000003,1341987968.0,70315736510.66
USBC,USD,67,95.6495,371257104.0,128045158.76
USB_pa,USD,11,1.0623,3993289.0,3403659313.83
USB_ph,USD,22,3.7269,1490781.0,27246541.97
USB_pp,USD,18,0.0083,1895.0,40690.37
USCB,USD,184,89.7361,16564804.0,309512143.2
USDE,USD,37,22.8363,5487413.0,49534962.12
USEA,USD,44,31.9101,3043644.0,6307477.2
USEG,USD,72,53.3051,27889303.0,34797421.27
USFD,USD,1269,111.9289,246495535.0,22177182881.43
USGO,USD,114,87.5165,12117031.0,124903098.51
USIO,USD,72,57.0262,15736987.0,26383045.04
USLM,USD,484,94.4464000000001,27089166.0,3505893337.64
USNA,USD,381,97.8784000000001,18071262.0,322838200.34
USPH,USD,513,110.0635,16750317.0,1256966762.32
UTHR,USD,1556,104.3274,44283603.0,25171403376.8301
UTI,USD,544,100.2609,55205278.0,1965068274.91
UTL,USD,478,86.8259000000001,15620846.0,807037223.42
UTMD,USD,250,83.4283999999999,2655362.0,164775941.43
UTSI,USD,33,68.3002,6274730.0,15326811.5
UTZ,USD,508,110.7154,98103670.0,821723425.779999
UUU,USD,39,54.1445,1639746.0,10030499.94
UUUU,USD,724,73.9060000000001,184705489.0,3314445176.68
UVE,USD,416,88.0154000000001,24495384.0,857584880.17
UVSP,USD,390,85.0895000000001,23472958.0,811775698.18
UVV,USD,468,86.2438000000001,21496898.0,1132138973.57
UWMC,USD,599,81.9761000000001,278082537.0,1162950136.01
UXIN,CNY,42,1.0257,2290762.0,6980636.78
UYSC,USD,42,129.2969,6889469.0,71999408.04
UYSCR,USD,24,,4451799.0,726262.74
UYSCU,USD,33,15.06,902223.0,9246495.71
UZX,USD,17,15.3769,9093554.0,15969908.46
V,USD,6624,92.6839000000061,1538387501.0,484773956319.55
VABK,USD,162,63.3253,3435046.0,135710563.98
VAC,USD,755,118.1428,40574217.0,2655917614.81999
VACHU,Failed to resolve identifier(s).,50,0.0488,15432.0,161038.7
VACI,USD,51,109.0435,25799646.0,255975225.88
VACI_u,USD,36,10.9718,2595958.0,25989312.38
VAL,USD,788,101.3141,70162440.0,6182370830.71
VALE,BRL,1126,20.5210999999999,875155297.0,13152394979.42
VALN,EUR,36,4.9569,4700476.0,35460844.11
VALU,USD,113,97.9328000000001,9193185.0,347517853.65
VAL_t,USD,97,,2601802.0,0.0
VANI,USD,75,64.8207,55898389.0,72613509.49
VATE,USD,86,78.3313,10685898.0,114747454.66
VAXX,USD,12,0.0215,24288.0,497.7
VBIO,USD,28,25.3397,1051912.0,923628.98
VBIX,USD,15,47.6348,6352750.0,13923064.9
VBNK,CAD,135,75.3931,24372654.0,383431561.52
VBTX,USD,67,1.7165,939727.0,26218695.2
VC,USD,716,121.9676,32559922.0,3002653870.1
VCEL,USD,580,117.8953,60207700.0,2048196320.59
VCIG,USD,20,3.0704,285072.0,2452243.37
VCNX,USD,21,51.3217,1373694.0,2180454.92
VCTR,USD,638,92.9612000000002,58130531.0,4024483935.27
VCYT,USD,698,110.6657,88302699.0,3111866564.16
VECA,USD,7,39.2179,5187074.0,51456242.18
VECO,USD,565,105.8636,64610447.0,2231100044.23
VEEA,USD,42,58.0387,30280458.0,17777119.03
VEEAW,USD,48,,2026097.0,0.0
VEEV,USD,2185,101.5045,164924701.0,29512758494.13
VEL,USD,219,101.5927,39880460.0,731432291.09
VELO,USD,147,77.6923,23153225.0,444181127.06
VENU,USD,100,50.2573,28890499.0,102997735.41
VEON,USD,183,25.2588,17489991.0,825325726.670001
VERA,USD,457,113.9872,81823695.0,3563695630.94
VERI,USD,198,42.7809,39767159.0,79819045.05
VERO,USD,39,9.2222,171453.0,466283.49
VERU,USD,240,34.9154,5604081.0,13792302.71
VERX,USD,613,108.3666,86326139.0,1393145434.67
VET,CAD,378,66.234,101304203.0,1359671759.84
VFC,USD,1145,92.7810000000002,364017647.0,6187220834.79
VFF,USD,224,30.519,37118759.0,92234790.43
VFS,VND,84,98.0472,2293853231.0,9699936211.12
VFSWW,VND,7,,598840.0,0.0
VG,USD,570,86.8674000000001,448022746.0,6658080989.24
VGAS,USD,97,87.5756000000001,19310173.0,34831002.49
VGASW,USD,30,,4146481.0,0.0
VGNT,USD,309,59.9665000000001,42512503.0,1704708069.78
VGNT_w,USD,309,59.9665000000001,42512503.0,1704708069.78
VGZ,USD,139,30.7274,44846055.0,87758652.15
VHAI,USD,3,11.4447,1252382456.0,4108.95
VHC,USD,71,28.6112,1198466.0,16729602.49
VHCP,USD,25,73.0401000000001,16799217.0,166334368.22
VHCPU,USD,61,21.5741,4962021.0,49623132.65
VHI,USD,149,95.5629,27046550.0,386352503.24
VHUB,USD,21,69.3906,62723991.0,76042199.54
VIA,USD,253,65.1594000000001,50465510.0,839650484.48
VIASP,USD,2,0.4812,10078.0,259407.72
VIAV,USD,872,99.8824000000003,246201035.0,8222831273.58
VICI,USD,1785,97.7963000000001,1068784423.0,29333222948.31
VICR,USD,666,87.4929000000001,29628750.0,5751642971.9
VIDA,USD,9,48.9306,4480338.0,15326478.24
VIK,USD,902,103.1576,328446710.0,24575746250.55
VINC,USD,48,9.3686,490378.0,389220.25
VINO,USD,8,2.9072,27476.0,77268.56
VINP,BRL,101,68.3421,34884850.0,421528140.93
VIOT,CNY,59,23.4922,7768133.0,10330178.03
VIPS,CNY,722,71.1958999999999,286548138.0,4524475896.75
VIR,USD,507,85.6794000000002,144500868.0,1237578234.67
VIRC,USD,218,64.3484,10121774.0,62907222.31
VIRI,USD,45,84.2819,28343599.0,168781233.81
VIRT,USD,851,97.5743000000002,84912826.0,3615173895.83
VISL,USD,25,25.0985,622308.0,1370146.51
VISN,USD,690,95.5603000000001,215557692.0,3679075771.34
VIST,USD,473,60.6245,63205540.0,4316816229.01
VITL,USD,642,117.6934,50429841.0,916149770.05
VIV,BRL,412,4.0921,65381914.0,950705801.67
VIVK,USD,37,8.0507,53715.0,1613216.6
VIVO,USD,69,78.6370999999999,10874920.0,37442384.05
VIVS,USD,74,13.0036,443728.0,636203.92
VKTX,USD,929,67.9662000000001,78914289.0,2644309554.86
VLD,USD,147,77.6923,23153225.0,444181127.06
VLGEA,USD,275,82.3576,8799374.0,369750635.7
VLN,USD,112,42.3118,45799062.0,65768459.66
VLN_t,USD,23,,3096745.0,0.0
VLO,USD,2919,88.1231,261672162.0,59796071650.5699
VLRS,USD,188,35.9442,41909544.0,315066219.42
VLTO,USD,2062,100.7153,247363752.0,22421686345.22
VLY,USD,807,93.2825000000001,515930600.0,6374535295.28002
VLYPN,USD,12,19.4433,1166587.0,29727276.6
VLYPO,USD,6,17.3426,693699.0,17160693.75
VLYPP,USD,9,36.8977,1697295.0,41723670.03
VMAR,CAD,37,0.9558,21704.0,553301.05
VMC,USD,1881,99.5640000000002,129188495.0,35611233755.82
VMCA,USD,24,92.235,5502488.0,68505975.6
VMD,USD,291,79.8402,30608115.0,276604682.39
VMEO,USD,175,1.8563,2929880.0,21155550.66
VMET,USD,61,66.2936,72147182.0,887611786.12
VMI,USD,1086,97.4839999999999,18925239.0,7861793108.18999
VNCE,USD,70,68.9396,8856879.0,35751730.91
VNDA,USD,356,82.3466000000001,49519852.0,359076455.51
VNET,CNY,408,50.7531,141884435.0,1264128297.79
VNME,USD,45,106.0196,21203872.0,213052910.36
VNMEU,USD,19,4.1116,822325.0,8437054.5
VNO,USD,820,102.9643,193675516.0,5234204483.76001
VNOM,USD,837,100.3093,192144580.0,8982437607.89999
VNO_pl,USD,24,35.086,4210295.0,74839130.82
VNO_pm,USD,26,39.6566,5068050.0,90204988.14
VNO_pn,USD,23,35.5077,4260935.0,74682387.48
VNO_po,USD,20,32.5194,3902312.0,56902719.28
VNRX,USD,81,27.7289,3207101.0,10274247.22
VNT,USD,958,105.7712,148927256.0,5282167606.1
VNTG,USD,17,2.5346,261971.0,210323.18
VOD,EUR,912,8.66709999999999,199617212.0,2899517045.45
VOR,USD,176,75.5504,40937841.0,678273784.68
VOXP,,3,25.848,38772.0,1373242.21
VOXR,USD,207,91.6017,63610212.0,325761241.22
VOYA,USD,923,112.2565,101779683.0,7212517148.54999
VOYA_pb,USD,27,42.2793,5073520.0,119592934.67
VOYG,USD,388,85.8408000000001,45927842.0,1247374344.15
VPG,USD,367,101.2667,12433654.0,639145790.450001
VRA,USD,218,67.3041,19140107.0,67333754.78
VRAR,USD,64,43.2662,9387079.0,11408822.04
VRAX,USD,24,7.2378,57685.0,263663.87
VRCA,USD,172,80.6796,13859718.0,109936821.43
VRDN,USD,455,110.7054,122249479.0,2866780991.97
VRE,USD,473,89.7193,84190734.0,1529976884.82
VREX,USD,424,103.0312,43376527.0,470010759.13
VRM,USD,105,99.4867000000001,5206911.0,46540199.44
VRME,USD,50,21.703,2847215.0,2166912.57
VRNS,USD,769,101.1534,116138348.0,2987048616.18
VRPX,USD,19,0.0013,17.0,20.4
VRRM,USD,689,106.5362,161836387.0,2425321885.98
VRSK,USD,2028,106.5989,139669576.0,27742896010.3
VRSN,USD,1721,99.9541000000002,90262180.0,22450438157.39
VRT,USD,3114,86.2729000000008,331388760.0,78381127549.9002
VRTS,USD,519,95.4712000000002,6379521.0,894656973.689999
VRTX,USD,3044,100.582900000001,255290420.0,114794154378.47
VRXA,USD,78,96.5122,119392818.0,422651070.74
VS,USD,18,52.2564,3233257.0,4762159.29
VSA,CNY,17,0.0306,8562.0,184889.51
VSAT,USD,729,104.9586,143337903.0,6818057450.84999
VSCO,USD,791,121.2508,96383766.0,4884375538.68999
VSEC,USD,597,127.8643,35875234.0,6585851524.11
VSECU,USD,41,,8647116.0,433899196.08
VSEE,USD,41,24.3944,13563370.0,2280178.59
VSEEW,USD,35,,3753148.0,0.0
VSH,USD,652,96.455,135943700.0,2772838501.97
VSME,USD,13,0.5799,16034.0,27290.47
VSNT,USD,1082,68.5965000000005,96807614.0,3595435312.44
VSNTV,USD,1082,68.5965000000005,96807614.0,3595435312.44
VST,USD,2538,92.8633000000006,313125428.0,48873799244.4201
VSTA,BRL,27,66.0269,10544500.0,27405241.56
VSTD,USD,22,16.7537,2366458.0,626202.14
VSTE,USD,13,44.3599,13296219.0,947080.74
VSTM,USD,301,91.2053000000001,80145429.0,502152553.33
VSTS,USD,653,122.613,161978094.0,1220956481.88
VSXY,USD,791,121.2508,96383766.0,4884375538.68999
VTAK,USD,36,44.0584,1585928.0,1316995.76
VTEX,USD,290,83.1072000000001,74904281.0,287508949.6
VTGN,USD,114,36.7824,15084215.0,8699389.70000001
VTIX,USD,27,39.8869,11526573.0,64909038.49
VTMX,,158,12.7634,11289036.0,351318037.23
VTOL,USD,407,101.4055,30022300.0,1345629962.67
VTR,USD,1745,108.2343,526207080.0,42720467934.03
VTRS,USD,1959,88.7142000000005,1033150606.0,13760368311.84
VTS,USD,486,70.3692000000001,29215256.0,530043665.41
VTSI,USD,136,22.8696,2585839.0,10034865.62
VTVT,USD,60,79.5826,3134491.0,111569358.73
VUZI,USD,263,53.8479,44734882.0,116937718.12
VVOS,USD,57,39.5948,5501524.0,6966748.11
VVPR,USD,69,78.6370999999999,10874920.0,37442384.05
VVV,USD,843,112.6572,143679274.0,4803671819.11999
VVX,USD,553,98.1271,30724119.0,2025497518.54
VWAV,USD,69,67.9149,18730555.0,81421110.1999999
VWAVW,USD,34,,3724980.0,0.0
VXRT,USD,167,1.9114,4625139.0,2740924.05
VYGR,USD,304,76.2857,46092639.0,179044204.5
VYNE,USD,96,55.4044,18496873.0,11697106.81
VYX,USD,667,115.6266,159341780.0,1175623153.71
VZ,USD,4738,69.9371000000037,2920463567.0,141125108121.02
VZLA,CAD,326,73.3157000000001,259142817.0,881482494.539999
W,USD,962,121.1828,134535269.0,11401241887.27
WAB,USD,2121,97.5071000000006,164708510.0,41115267175.38
WABC,USD,443,86.731,19953108.0,1041769822.3
WAFD,USD,535,87.6164000000001,64795827.0,2047100817.64
WAFU,USD,16,62.7411,1833649.0,3264009.96
WAI,USD,18,8.017,184261.0,360427.99
WAL,USD,896,90.6333000000002,98971585.0,7163223569.87
WALD,USD,157,76.6829,92607210.0,142129688.88
WAL_pa,USD,16,19.3725,2324703.0,55631715.32
WASH,USD,374,74.3645000000001,14182162.0,473354466.16
WAT,USD,1988,92.9108000000004,91224249.0,28318714935.05
WATT,USD,86,20.8792,1148572.0,21807051.3
WAVE,USD,32,1.5088,94140.0,642518.27
WAVS,USD,39,15.3436,1760318.0,2258536.4
WAY,USD,687,113.5579,217818992.0,5926511808.35
WB,USD,350,35.0603,55300451.0,499927588.89
WBD,USD,2401,80.0311000000004,2006553327.0,54103593123.33
WBI,USD,263,179.1723,84239710.0,2313656683.92
WBS,USD,996,94.2676000000002,152745010.0,10454951102.38
WBS_pf,USD,8,0.0316,1898.0,39475.64
WBTN,USD,246,106.5579,144102945.0,1759582811.89
WBUY,USD,19,29.3955,1529390.0,1989575.92
WBX,EUR,80,80.5173,17483967.0,52785455.1
WCC,USD,1185,105.6179,51440728.0,14042326896.35
WCN,USD,1604,91.6505000000003,231014306.0,37604702280.63
WCT,USD,18,1.2554,1708723.0,30429287.04
WD,USD,574,87.7597000000002,30129116.0,1459961211.76
WDAY,USD,2299,113.7914,228771948.0,30545139551.4999
WDC,USD,2551,107.887400000001,371877910.0,96449968282.73
WDFC,USD,722,94.4873000000001,12681971.0,2603326846.55
WDH,CNY,66,12.8689,35918194.0,58489341.8
WDS,USD,552,1.5109,28740452.0,586057627.440001
WEAV,USD,412,101.1908,80513431.0,450647793.55
WEC,USD,2169,85.4987000000005,278501971.0,31862719732.9399
WEED,,10,15.9208,75624.0,1500644.84
WEL,USD,27,32.6205,24756.0,302270.76
WELL,USD,2511,101.073900000002,713517329.0,140011752404.03
WEN,USD,898,105.0714,200142270.0,1476698501.97
WENC,USD,5,18.8063,3018333.0,29911880.03
WENN,USD,82,100.9662,30305049.0,307453280.15
WENNU,USD,75,3.2244,967834.0,9982555.99
WERN,USD,558,111.4479,66813223.0,2020056646.48
WEST,USD,289,100.0678,97624053.0,546894903.25
WETH,USD,25,4.5286,540317.0,734755.53
WETO,CNY,11,1.9981,1638426.0,36387036.6
WEX,USD,895,118.7855,40489856.0,6182578275.77
WEYS,USD,188,60.5344,5770276.0,202213454.73
WF,KRW,278,3.45530000000001,8553833.0,548314713.83
WFC,USD,4182,80.0427000000038,2424289380.0,194020157007.72
WFCF,USD,40,78.0234,3931821.0,49497815.24
WFC_pl,USD,388,63.7873,8924991.0,10337732387.07
WFC_py,USD,20,0.025,6904.0,164032.96
WFF,USD,10,38.0629,3452405.0,4628152.93
WFG,USD,588,90.9399000000002,69134543.0,4512962084.9
WFRD,USD,891,104.8202,75145209.0,7026886984.71
WGO,USD,600,113.4384,32067542.0,1017676856.58
WGRX,USD,50,70.0564,1760816.0,8489568.55
WGS,USD,574,125.9762,37399892.0,2872445860.8
WGSWW,USD,25,,3230022.0,0.0
WH,USD,885,115.8245,85963953.0,6962786216.92
WHD,USD,684,122.9901,85377603.0,4064353111.67
WHF,USD,118,40.0847,8609319.0,60151870.99
WHG,USD,157,79.9139000000001,7582273.0,125812254.9
WHK,USD,16,30.467,7006407.0,194918242.74
WHLM,USD,21,92.1639,4534323.0,16231868.51
WHLR,USD,15,3.4685,69482.0,193920.97
WHLRD,USD,5,41.4631,740098.0,26391562.76
WHLRP,USD,15,54.7511,1294932.0,8797631.65
WHR,USD,1092,96.2743000000002,62408229.0,3560463680.35001
WHWK,USD,117,85.8162,46154850.0,166360328.06
WILC,ILS,36,83.5515,11639011.0,399535598.56
WILD,,2,0.466,466.0,8981.26
WIMI,CNY,56,15.6327,2716840.0,6150146.03
WINA,USD,464,111.6045,4008898.0,1706818706.29
WING,USD,1037,127.9239,34837260.0,6334042720.2
WINT,USD,19,0.0,3.0,0.31
WINV,,17,92.1709,2839742.0,35638762.1
WIT,INR,572,3.77300000000001,373526506.0,806864062.059999
WIX,USD,1014,136.9315,57305572.0,5305097521.73001
WK,USD,709,87.4174000000002,45937780.0,2985924371.31
WKC,USD,584,119.6871,61281293.0,1447631273.38
WKEY,USD,34,5.9245,476826.0,3099107.96
WKHS,USD,158,77.9009,8486160.0,39102290.2500001
WKSP,USD,60,12.2373,1852728.0,1711275.28
WLACU,USD,38,10.0671,1273492.0,12694597.6
WLDN,USD,521,92.4292,13966566.0,1166969478.18
WLDS,USD,29,5.3375,116868.0,504869.76
WLFC,USD,306,93.6180000000001,21748611.0,1316375065.45
WLGS,USD,18,0.0355,62166.0,14925762.0
WLII,USD,6,30.6772,4567548.0,45850846.44
WLK,USD,852,108.5591,139089778.0,15562709477.39
WLTH,USD,204,82.8419000000001,123739238.0,1215634011.37
WLY,USD,576,114.943,48279016.0,1851625427.46
WLYB,USD,36,96.8573,8484034.0,335457281.71
WM,USD,3696,86.2761000000005,346475294.0,78541022995.4499
WMB,USD,2842,90.1724000000004,1102855029.0,77534978945.6503
WMG,USD,687,110.3636,161390521.0,4341530226.80999
WMK,USD,399,78.1723000000002,19343574.0,1316443729.64
WMS,USD,1133,104.176,79847964.0,11038933461.93
WMT,USD,5984,84.8516000000064,6753552178.0,849499554108.139
WNC,USD,499,102.5014,41691627.0,363117724.88
WNEB,USD,206,78.4406,15786400.0,203745965.62
WNS,USD,93,2.9847,1280294.0,74511483.91
WNW,USD,19,0.5417,142651.0,652804.31
WOK,USD,16,0.6358,15366.0,4465219.52
WOLF,USD,317,119.7529,61942422.0,1533413230.28
WOOF,USD,437,126.6116,313653904.0,876724046.29
WOR,USD,596,91.6250000000002,45127957.0,2393982400.18
WORX,USD,29,5.8093,61979.0,381501.97
WPAC,USD,20,47.1158,5575263.0,55066672.3
WPAC_r,USD,20,,7792475.0,2026372.9
WPAC_u,USD,15,22.7302,2613986.0,26743916.5
WPC,USD,1543,79.8069000000002,177762471.0,12038345576.53
WPM,USD,1642,73.0052000000004,331548661.0,41758807097.2001
WPP,GBP,371,13.7665,29703194.0,559274681.44
WPRT,USD,108,34.5771,6568184.0,13246696.56
WRAP,USD,118,31.2518,17419189.0,34085867.45
WRB,USD,1703,104.6345,388265826.0,26625091678.37
WRBY,USD,647,109.4524,117216659.0,2585168356.44
WRD,CNY,238,33.9521,105523342.0,844245728.549999
WRLD,USD,379,112.5651,5247212.0,861251925.92
WRN,CAD,145,42.3671,95594268.0,253012058.63
WS,USD,480,93.9394,46896604.0,1441778201.57
WSBC,USD,622,78.9502,75689190.0,2619396106.11
WSBF,USD,246,72.5511,13041093.0,234318846.69
WSBK,USD,45,67.988,6319721.0,62654298.73
WSC,USD,835,125.3671,226907815.0,4189025983.89
WSE,GBP,427,72.1297,739454184.0,9338854710.82002
WSFS,USD,594,96.8540000000001,49775080.0,3261218909.36001
WSHP,GBP,22,89.9861,10329051.0,1047142868.36
WSM,USD,1810,101.2218,119185838.0,21930324938.51
WSO,USD,1512,114.8829,40228138.0,14815811359.06
WSOb,USD,23,93.5575,5289500.0,2378019113.19
WSR,USD,443,68.5332000000002,35222155.0,559856463.49
WST,USD,1597,105.9273,74551121.0,19040766039.39
WSTN,USD,25,76.3821,4615397.0,46000256.33
WSTNR,USD,21,,3400639.0,714134.19
WSTNU,USD,9,14.9433,894354.0,9040549.56
WT,USD,605,125.2761,191599445.0,2712035834.19001
WTBA,USD,214,60.4499000000001,10302911.0,247160558.37
WTF,USD,11,87.1898,42058204.0,264460477.88
WTFC,USD,919,99.2482000000002,66948510.0,9364470365.73001
WTFCP,USD,3,0.0,0.0,0.0
WTG,USD,35,94.3001,6887277.0,70446326.79
WTGUR,USD,30,,4208396.0,631759.4
WTGUU,USD,42,2.3593,173225.0,1899107.08
WTI,USD,327,77.2706,114960503.0,346786714.67
WTID,CAD,5,8.4021,252065.0,1028425.2
WTIU,CAD,7,2.7522,41283.0,944967.87
WTM,USD,625,99.1003000000001,2454429.0,5310304766.38001
WTO,CNY,18,1.5578,81627.0,1703224.5
WTRG,USD,1315,77.6711000000002,220306963.0,8781117510.43999
WTS,USD,948,105.078,28869841.0,8551027682.02001
WTTR,USD,524,98.2590000000001,122189322.0,1851260905.91
WTW,USD,1527,99.3741,93858471.0,27974049401.79
WU,USD,1026,106.5508,332904554.0,2940030726.28
WULF,USD,795,111.0827,550451625.0,9244424431.04
WVE,USD,478,105.3357,202668358.0,2003049661.69
WVVI,USD,68,31.1491,1552758.0,4267402.05
WW,USD,171,79.0072000000001,7899731.0,169388848.72
WWD,USD,1182,94.7799000000002,56473322.0,19304594745.07
WWR,USD,132,20.7715,26406330.0,16965547.02
WWW,USD,580,111.9665,91801359.0,1595655922.83
WXM,USD,11,49.1496,553855.0,2999662.06
WY,USD,1787,92.3346000000004,665791236.0,16199346218.78
WYFI,USD,198,95.7008,36954136.0,478997730.11
WYHG,CNY,16,0.7395,93044.0,171766.08
WYNN,USD,1214,95.4249000000002,99039048.0,10296872839.46
WYY,USD,77,33.4732,3309558.0,25651642.56
XAGE,USD,50,36.8497,912146.0,555437.52
XAIR,USD,87,17.2884,124570.0,1193653.81
XBIO,USD,27,28.0102,641732.0,1798078.24
XBIT,USD,139,32.0489,9771117.0,23022748.76
XBP,USD,61,92.3862999999999,10872049.0,34865664.14
XBPEW,USD,36,,3828968.0,0.0
XCBE,USD,23,73.4146,16518315.0,162597338.4
XCH,USD,11,1.6589,1045076.0,1160034.36
XCUR,USD,34,45.2253,2882634.0,6559049.61
XE,USD,79,63.7915,183147354.0,5316002596.01
XEL,USD,2081,98.4460000000009,614589856.0,48334414085.2699
XELA,USD,27,60.7736,16865369.0,21611205.6
XELAP,USD,13,34.381,430603.0,688.97
XELB,USD,39,49.6685,3004258.0,5076270.68
XENE,USD,532,100.6185,97264636.0,5204720261.46
XERS,USD,450,61.6005,106349311.0,687054412.280001
XFIX,,12,88.6804,798125.0,40950388.99
XFLH,USD,17,35.6109,4945763.0,48859763.11
XFLHU,USD,17,38.0387,3862821.0,38473697.16
XFLH_r,USD,13,,4642700.0,464270.0
XFLH_u,USD,17,38.0387,3862821.0,38473697.16
XFOR,USD,232,90.2011,85078013.0,345707085.88
XGN,USD,152,84.8912,20509590.0,87341815.92
XHG,CNY,13,0.0,15.0,12.78
XHLD,USD,14,13.69,1639712.0,3047301.58
XHR,USD,540,104.2532,96169754.0,1425694795.12
XIFR,USD,566,65.8918000000001,62119151.0,650605619.989999
XLO,USD,78,79.3559,4747722.0,40687804.67
XMAX,USD,62,10.2617,6526646.0,46528472.66
XMTR,USD,510,102.6171,54798845.0,2464769022.29
XNCR,USD,446,118.2643,87682969.0,1135248830.86
XNDU,USD,48,48.5906,25591886.0,230660580.89
XNET,USD,112,32.451,20656126.0,119505893.44
XOM,USD,6254,68.2185000000068,2827878139.0,449237738558.952
XOMA,USD,187,44.2082000000001,7792631.0,248606119.25
XOMAP,USD,2,1.0163,10000.0,262700.0
XOS,USD,80,50.1645,6881788.0,15899774.77
XOSWW,USD,29,,1504406.0,0.0
XP,BRL,803,83.5169000000001,346530373.0,6415901886.49
XPEL,USD,431,95.9488000000002,26444362.0,1214638896.79
XPER,USD,340,94.2911000000001,45515595.0,261910883.41
XPEV,CNY,528,16.8858,132331475.0,2275956925.33001
XPL,USD,75,44.2448,41178113.0,32237510.6
XPO,USD,1161,102.4896,120333789.0,22134520910.2
XPOF,USD,313,105.1893,44050218.0,289723823.95
XPON,USD,38,10.7317,102293.0,1064976.45
XPRO,USD,469,108.2939,122800347.0,2024818896.93
XRAY,USD,883,116.858,234096832.0,2700743925.06
XRN,USD,420,76.7596000000001,10159009.0,342287878.36
XRN_pa,USD,6,15.798,490530.0,11793058.41
XRN_pb,USD,4,30.4064,623333.0,15745464.62
XRPN,USD,91,118.486,28093006.0,288973926.63
XRPNU,USD,41,6.7845,1608616.0,16630120.56
XRTX,USD,23,8.6172,148729.0,439276.42
XRX,USD,648,99.9259000000001,130683514.0,245163895.52
XSLL,USD,16,27.2273,5683334.0,55914217.82
XTIA,USD,98,13.7779,5295190.0,11309828.77
XTKG,,16,0.0432,780.0,31577.4
XTLB,USD,14,42.3463,1001745.0,5351713.53
XTNT,USD,65,71.7669,100662529.0,73548153.46
XWEL,USD,48,33.5182,2828932.0,3349066.34
XWIN,USD,62,10.2617,6526646.0,46528472.66
XXI,USD,168,101.9309,353504165.0,2306626583.87
XXII,USD,41,10.3494,35718.0,190388.75
XYF,CNY,86,23.9171,5321447.0,45687064.78
XYL,USD,2117,98.1824000000004,233379522.0,28426529928.61
XYZ,USD,2239,85.2075000000004,456038245.0,28294802988.69
XZO,USD,113,94.9195,86299289.0,1416318194.5
YAAS,USD,21,2.4955,344304.0,24202832.35
YALA,USD,166,79.4647000000001,100995396.0,681841021.610001
YAYO,,1,14.0247,10000000.0,10.0
YB,CNY,33,16.7243,5417271.0,93120653.56
YCBD,USD,57,19.7054,2068691.0,1975870.88
YCBD_pa,USD,1,0.0,0.0,0.0
YCY,USD,41,81.5302,9669669.0,97017832.17
YCY_u,USD,18,9.0724,1076006.0,10777512.56
YDDL,USD,12,67.8705,31104627.0,161897507.64
YDES,USD,22,80.3436,56908349.0,290892460.57
YDESW,USD,16,,5489063.0,0.0
YDKG,USD,20,3.1331,173647.0,162819.89
YELP,USD,712,121.2603,66681381.0,1698349785.71
YETI,USD,891,119.1923,90297735.0,3544016082.11001
YEXT,USD,439,95.3804,95612564.0,416289147.07
YGF,,1,0.0,0.0,0.0
YGMZ,USD,11,0.0528,42188.0,512331.07
YHC,USD,36,3.0488,39753.0,3848372.82
YHGJ,USD,29,75.3209,1965304.0,7121978.03
YHNA,USD,39,103.0368,4415966.0,47198366.5
YHNAR,USD,24,,5472986.0,630257.89
YHNAU,USD,35,20.9416,1670082.0,16757848.5
YI,CNY,29,8.7546,454976.0,2962533.74
YIBO,USD,21,86.1611,28362895.0,26940122.78
YJ,CNY,13,42.6237,1087175.0,1636992.11
YMAT,USD,15,48.8451,1563366.0,3635739.09
YMM,CNY,599,83.8513,781926039.0,6552640406.73
YMT,CNY,5,2.6798,171769.0,441875.76
YOOV,USD,16,83.118,171783222.0,105359303.35
YORW,USD,377,53.8335,8726071.0,269606906.15
YOTA,USD,16,84.8412,3124366.0,38335970.82
YOU,USD,812,105.5449,106191419.0,4896845964.37999
YOUL,CNY,16,23.9026,16689139.0,18469571.39
YPF,ARS,398,35.7645000000001,140650221.0,6399601563.07
YRD,CNY,64,3.0332,2653586.0,5622397.14
YSG,CNY,118,32.2107,20562184.0,79066785.1599999
YSS,USD,191,71.5814000000001,94056538.0,1961120902.64
YSWY,USD,33,73.7208,22990251.0,558809971.22
YSXT,USD,18,50.6916,13532310.0,16240028.5
YTRA,INR,56,64.4699,41254102.0,48306133.43
YUM,USD,2320,87.4907000000009,241145369.0,37340684604.75
YUMC,USD,1556,74.8988000000004,261507948.0,12522910413.22
YXT,CNY,6,62.2953,3361375.0,11768173.87
YYAI,USD,27,4.6598,191115.0,5879587.91
YYGH,USD,19,15.4661,495175.0,12351082.75
Z,USD,1102,107.0885,193000179.0,8973027196.33
ZAPP,,13,16.0773,1276492.0,1531790.4
ZBAI,USD,13,0.3791,39097.0,267322.8
ZBAO,CNY,13,47.1254,7753084.0,7813041.43
ZBH,USD,1872,105.7457,204580470.0,18448466482.6899
ZBIO,USD,268,104.4741,65957973.0,1711932544.1
ZBRA,USD,1571,104.3444,49703180.0,10888794735.61
ZCMD,USD,16,68.6249,2504689.0,10758212.76
ZD,USD,623,125.0711,46070473.0,1894365894.5
ZDAI,USD,15,3.5098,282317.0,2153219.23
ZDGE,USD,92,36.0765,4525343.0,12338093.61
ZENA,CAD,86,42.7376,37947021.0,79669943.7900001
ZENV,BRL,31,80.071,23142412.0,44909728.48
ZEO,USD,69,68.8754,24380580.0,27901367.4
ZEOWW,USD,48,,9583536.0,0.0
ZEPP,USD,88,76.2326,6460834.0,107551043.59
ZETA,USD,827,89.1951000000002,201241498.0,3449029024.53
ZEUS,USD,348,19.1153,2152695.0,91669195.52
ZG,USD,643,111.1235,47072227.0,2206057867.49
ZGM,USD,8,44.5947,2426473.0,5265359.02
ZGN,EUR,299,98.6358,264652461.0,2764964095.09
ZH,CNY,127,30.9292,25867965.0,81561478.6400001
ZIM,USD,543,51.0922,61576997.0,1528646795.62
ZIMV,USD,116,0.9116,257039.0,4510087.96
ZION,USD,999,83.6094000000003,122024424.0,7074946329.36001
ZIP,USD,361,86.9979000000001,59594671.0,160281758.07
ZJK,USD,29,72.4327,40071370.0,74944355.65
ZJYL,USD,30,87.1677,5951276.0,16388085.86
ZK,CNY,88,0.0265,67302.0,2019146.57
ZKH,CNY,33,43.7024,56678963.0,175457158.24
ZKIN,USD,20,1.8546,1062967.0,2308054.4
ZKP,USD,33,57.548,16982481.0,167545726.34
ZKPU,USD,19,16.819,5078533.0,50582054.52
ZLAB,USD,337,33.7229000000001,38366764.0,720755772.97
ZM,USD,1668,79.1309000000003,209432248.0,16956728255.59
ZNB,USD,25,3.6381,67022.0,16563683.19
ZNTL,USD,289,84.9677000000001,60485579.0,116499833.02
ZOM,USD,123,2.904,28456580.0,2812461.47
ZONE,USD,89,33.8921,75620115.0,36554070.51
ZOOZ,USD,43,58.304,4719681.0,28135787.13
ZPTA,USD,26,60.0911,112567749.0,76110611.02
ZS,USD,1935,93.3974000000001,151030147.0,27428763334.94
ZSPC,USD,95,27.361,1312891.0,26153622.8
ZSQR,USD,47,3.278,1728528.0,19145319.69
ZSTK,USD,50,15.3387,6327597.0,11170376.03
ZTEK,CAD,57,3.5153,4347614.0,2226439.63
ZTG,USD,8,44.5947,2426473.0,5265359.02
ZTO,CNY,522,15.1393,85355799.0,2048582778.23
ZTS,USD,3362,101.319300000001,424762519.0,49720282176.9499
ZUMZ,USD,301,104.8566,17694925.0,392091633.65
ZURA,USD,212,84.9626,80712522.0,453328544.85
ZVIA,USD,256,71.6571999999999,51432290.0,79514332.2400001
ZVRA,USD,319,72.8702000000001,43077406.0,408216987.79
ZWS,USD,777,104.91,175066051.0,7914439547.72001
ZYBT,CNY,24,17.5273,1921849.0,2191711.25
ZYME,USD,444,105.6947,75702524.0,1907623297.41
