symbol,currency,top_investors_num,investor_outstanding_ratio,sharehold,holdings_value
A,USD,20,47.6814,134667901.0,15438599260.39
AA,USD,20,53.7883,141942677.0,8756542438.48
AACB,USD,20,71.1611,15779980.0,162861942.0
AACBR,USD,20,,18075309.0,5457080.39
AACG,CNY,20,10.8638,7437785.0,6622418.33
AACI,USD,13,21.0003,5359683.0,52979349.58
AACO,USD,4,7.8495,1859950.0,18413405.0
AACP,USD,4,23.442,4153921.0,41331513.95
AADX,USD,18,85.2509,145560298.0,3315863588.44
AAGR,USD,5,0.2192,126820.0,1268.2
AAL,USD,20,50.7587,335990791.0,3969064662.45
AAMC,USD,1,,250000.0,925000000.0
AAME,USD,20,85.0406,17345886.0,30163164.78
AAMI,USD,20,68.0949,24261479.0,1388706443.94
AAOI,USD,20,50.1935,40276698.0,3348352000.23
AAON,USD,20,66.6227,54571870.0,5467056016.68
AAP,USD,20,84.8881,51187515.0,2729150895.66
AAPG,,20,0.0652,61071.0,1798412.63
AAPL,USD,20,34.4831,5064667688.0,1311898991802.35
AARD,USD,20,67.9341,14866755.0,67077830.39
AAT,USD,20,91.092,55922315.0,1098977058.91
AAUA,,5,1.3899,90768.0,4442249.46
AAUC,USD,20,55.3403,70031941.0,1978653463.34
ABAT,USD,20,34.0793,46489053.0,133678565.58
ABBV,USD,20,37.0097,653886900.0,143584707764.0
ABCB,USD,20,65.2454,43905158.0,3430590649.4
ABCL,USD,20,57.1707,174585166.0,673931511.55
ABEO,USD,20,65.0852,37095398.0,183654679.44
ABEV,BRL,20,5.4162,844737024.0,2441671294.0
ABG,USD,20,74.3585,13844655.0,2750604893.17
ABLV,USD,9,26.9916,6617928.0,4470350.88
ABM,USD,20,68.738,40267438.0,1554037274.88
ABNB,USD,20,44.9535,187874297.0,24516069536.82
ABOS,USD,20,62.7573,45327996.0,112492393.39
ABP,USD,20,16.5444,975468.0,4127170.94
ABPWW,USD,20,,5446405.0,0.0
ABR,USD,20,46.0046,88494549.0,675686091.16
ABR_pd,USD,12,11.4396,1052439.0,16914014.98
ABR_pe,USD,7,14.8517,853969.0,14558001.93
ABR_pf,USD,20,23.1124,2621391.0,58141974.31
ABSI,USD,20,66.7968,112783198.0,424952036.5
ABT,USD,20,40.0142,696974265.0,73529515910.37
ABTC,USD,20,22.0448,5291788.0,345374408.49
ABTS,USD,19,21.5492,638167.0,880167.98
ABUS,USD,20,72.8991,144003520.0,657168281.64
ABVC,USD,20,21.6087,5617112.0,7154663.01
ABVE,CAD,20,21.0098,10755150.0,14340510.27
ABVEW,CAD,20,,2308922.0,0.0
ABVX,,20,44.9816,35666286.0,4092418554.48
ABVc,USD,20,21.6087,5617112.0,7154663.01
ABX,USD,20,89.756,86095867.0,767390234.89
AC,USD,20,7.9869,137973.0,5013870.9
ACA,USD,20,65.6207,32166142.0,3476066145.78
ACAA,USD,4,0.2521,72028.0,717297.32
ACAD,USD,20,71.147,121829106.0,2768375897.41
ACB,CAD,20,10.0039,6157481.0,20510287.25
ACCL,USD,5,92.4127,11043221.0,44563416.66
ACCO,USD,20,61.2228,56482937.0,176927795.32
ACCS,USD,20,63.3454,2459164.0,18651382.48
ACDC,USD,20,93.5858,169315694.0,983684072.43
ACEL,USD,20,74.5274,60659913.0,682676833.13
ACET,USD,20,62.3068,5824585.0,42832520.06
ACFN,USD,20,43.9082,1101333.0,18044065.35
ACGC,USD,4,3.5965,789313.0,7837071.22
ACGL,USD,20,52.679,184055257.0,17632623854.6
ACGLO,USD,20,28.0338,3700463.0,72431282.65
ACH,USD,20,80.9253,61975602.0,156589144.92
ACHC,USD,20,92.1095,84710312.0,1729887673.66
ACHR,USD,20,49.327,374687058.0,2241584999.83
ACHR_t,USD,20,,7223990.0,0.0
ACHV,USD,20,60.7744,62390371.0,274323477.15
ACI,USD,20,77.0078,380829922.0,6492280223.18
ACIC,USD,20,66.7234,32336817.0,359784773.35
ACIU,CHF,20,62.6593,63770288.0,197196196.46
ACIW,USD,20,63.7464,64805483.0,2758127098.87
ACLS,USD,20,64.2158,19735984.0,1973252354.46
ACLX,USD,20,54.1922,31691456.0,3391447949.36
ACM,USD,20,49.4274,63525524.0,5480382810.55
ACMR,USD,20,56.616,36300829.0,1791061213.77
ACN,USD,20,40.1567,245735793.0,49287185676.15
ACNB,USD,20,34.4916,3507779.0,168931043.41
ACNT,USD,20,64.7494,5852191.0,79455588.32
ACOG,USD,20,58.133,12657958.0,83336536.83
ACON,USD,20,29.9438,737294.0,2246762.54
ACONW,USD,9,,228546.0,0.0
ACP,USD,20,35.4031,44420826.0,236236864.06
ACP_pa,USD,2,33.473,535568.0,10832608.64
ACR,USD,20,61.8114,4407810.0,90475325.03
ACRE,USD,20,38.5417,21383338.0,102741431.06
ACRS,USD,20,58.0524,81077786.0,302668602.66
ACRV,USD,20,66.0723,28280127.0,47195710.3
ACR_pc,USD,7,24.2536,1164171.0,29191051.44
ACR_pd,USD,6,28.8531,1300657.0,28418851.89
ACT,USD,20,94.2227,131535609.0,5912381222.67
ACTG,,20,83.575,80724373.0,402466598.72
ACTU,USD,20,70.9927,16985583.0,47476465.89
ACU,USD,20,72.33,2756032.0,122182104.51
ACVA,USD,20,53.6002,93577537.0,450000618.76
ACXP,USD,20,7.8935,339249.0,1178234.41
AD,USD,20,104.3963,55747497.0,2800566701.1
ADAC,USD,20,41.4254,9527839.0,94409606.1
ADACU,USD,20,21.5386,4953857.0,49471949.57
ADAG,USD,20,33.5566,22164563.0,66662297.63
ADAML,USD,13,17.6337,1023602.0,24506086.67
ADAMM,USD,12,27.188,1996458.0,50468916.09
ADAMN,USD,7,42.1957,2593887.0,60780659.18
ADAMZ,USD,2,0.0,0.0,0.0
ADAP,USD,20,0.6456,1711307.0,464707.38
ADBE,USD,20,42.3962,168525428.0,41333590488.55
ADC,USD,20,71.6301,86029873.0,6448896164.84
ADCT,USD,20,69.9795,89007531.0,306043987.28
ADC_pa,USD,20,33.8406,2368837.0,40351494.39
ADEA,USD,20,73.5886,81163580.0,1796123563.86
ADGM,USD,20,71.3377,15844489.0,18062479.54
ADI,USD,20,45.3637,220960446.0,71031671240.67
ADIL,USD,20,27.4579,685933.0,2151910.5
ADM,USD,20,58.4512,281709533.0,20125962700.97
ADMA,USD,20,62.9695,145945913.0,1619954434.25
ADN,USD,20,8.9589,339425.0,1178715.25
ADNT,USD,20,65.2573,51170411.0,1021561437.75
ADP,USD,20,45.658,182510145.0,38613499110.1
ADPT,USD,20,59.17,94698225.0,1415515082.24
ADSE,EUR,20,81.0884,60818023.0,734506985.99
ADSEW,EUR,20,,1425850.0,0.0
ADSK,USD,20,48.5554,102452016.0,24320542582.47
ADT,USD,20,76.9263,522896019.0,3619071754.43
ADTN,USD,20,58.2649,47193504.0,556284302.45
ADUR,CAD,20,34.3161,12118050.0,184988880.43
ADUS,USD,20,65.4896,12223490.0,1168794941.54
ADV,USD,20,82.9709,11031223.0,353905871.24
ADVB,USD,15,73.915,1221175.0,6252086.55
ADVM,USD,20,10.5464,2328371.0,15079335.63
ADXN,CHF,8,0.0376,374.0,2351.87
AEAE,USD,5,91.4612,5500000.0,66055000.0
AEAQ,USD,20,52.2675,12358672.0,122304137.38
AEAQU,USD,20,22.7281,5360413.0,53887200.88
AEBI,USD,20,80.9734,62759346.0,646030875.47
AEC,CAD,20,52.7384,9616844.0,43114744.94
AEE,USD,20,52.8626,146298640.0,15819639736.26
AEG,EUR,20,7.2957,109752029.0,807014587.87
AEHL,USD,20,0.1612,24965.0,388276.38
AEHR,USD,20,51.9944,16878011.0,654885806.86
AEI,USD,20,96.3305,37468504.0,69736768.16
AEIS,USD,20,61.644,23443605.0,6655669434.09
AEM,USD,20,37.7538,188783731.0,37489876709.85
AEMD,USD,20,10.427,274607.0,622240.5
AENT,USD,20,124.713,63578169.0,323687078.11
AENTW,USD,20,,2179500.0,0.0
AEO,USD,20,70.3755,117930580.0,1956622523.3
AEON,USD,20,48.0582,23478689.0,22326066.98
AEP,USD,20,44.7279,253897810.0,32545332654.6
AER,USD,20,47.3611,74681173.0,10454182092.4
AERO,,20,74.6228,102774850.0,1558742808.3
AERT,USD,20,94.1929,5406063.0,35144564.98
AERTW,USD,20,,7386422.0,0.0
AES,USD,20,53.1954,379369703.0,5381858211.27
AESI,USD,20,75.9178,94825533.0,1202303541.17
AEVA,USD,20,71.8753,48372283.0,991592820.95
AEXA,USD,20,60.6737,21038615.0,233268818.45
AEYE,USD,20,59.6413,7451271.0,52769327.73
AFBI,USD,20,54.6182,3328917.0,72321566.23
AFCG,USD,20,52.5781,12371015.0,36956770.5
AFG,USD,20,61.216,50862040.0,6654087516.6
AFIB,Failed to resolve identifier(s).,15,17.1484,5129493.0,351913.86
AFJK,USD,20,97.2224,3078388.0,114473882.18
AFJKR,USD,20,,4595366.0,1384583.0
AFJKU,USD,10,0.0743,2354.0,27480.46
AFL,USD,20,41.447,210959104.0,23548861716.24
AFMD,,20,0.0,0.0,0.0
AFRI,USD,20,83.2761,22454381.0,247000457.95
AFRIW,USD,18,,1440436.0,0.0
AFRM,USD,20,60.694,178657774.0,10180550672.03
AFYA,BRL,20,89.837,47504532.0,725520383.46
AG,USD,20,37.6584,185666688.0,3905984137.01
AGAE,USD,20,65.5402,4179835.0,17585712.67
AGBK,BRL,20,92.4755,54283786.0,392449835.81
AGCC,USD,10,76.6869,17474256.0,262138361.66
AGCO,USD,20,76.3087,55254052.0,6235469455.17
AGEN,USD,20,38.523,16041911.0,63741796.77
AGH,USD,20,36.5247,7891017.0,25180642.99
AGI,USD,20,38.4159,160804857.0,6766965106.73
AGIG,USD,20,77.0811,33933248.0,50552178.61
AGIO,USD,20,75.6404,44984478.0,1450990626.61
AGL,USD,20,83.7846,13978455.0,166783014.22
AGM,USD,20,61.8922,5767057.0,883744785.79
AGMB,EUR,20,42.5337,20946970.0,250650987.36
AGMH,USD,20,7.1934,142009.0,330869.15
AGM_pd,USD,2,6.5488,261951.0,5524546.59
AGM_pe,USD,4,11.9699,380641.0,7994005.36
AGM_pf,USD,4,8.008,384382.0,7326487.76
AGM_pg,USD,4,17.1285,856423.0,15146092.33
AGM_ph,USD,4,27.7138,1108554.0,26206216.56
AGM_pi,USD,2,18.5064,740255.0,17558848.6
AGMa,USD,20,56.4181,581547.0,79058097.08
AGNC,USD,20,27.6832,322288370.0,3256235074.26
AGNCM,USD,13,21.3092,2003080.0,50050839.15
AGNCN,USD,9,0.0115,1500.0,37890.0
AGNCO,USD,7,0.1915,30824.0,770908.24
AGNT,USD,20,68.6565,112818942.0,878749441.93
AGO,USD,20,64.9264,28735988.0,2350628694.71
AGPU,USD,20,9.9937,1023727.0,3702070.14
AGRO,USD,20,80.7779,116569317.0,1716841737.66
AGRZ,MYR,13,68.6766,11450808.0,44146765.67
AGX,USD,20,65.8652,9233831.0,4933663769.2
AGYS,USD,20,61.3168,17290312.0,1307884816.3
AHCO,USD,20,86.3571,117492648.0,1377060233.36
AHG,USD,13,0.0266,226949.0,507861.0
AHH,USD,20,53.8929,40934482.0,243818273.51
AHH_pa,USD,14,30.5357,2089692.0,45544472.54
AHL,USD,20,92.5072,84957057.0,3150119059.5
AHL_pd,USD,20,123.2,3087217.0,59250587.99
AHL_pe,USD,18,43.2106,4321065.0,80145751.65
AHMA,USD,11,62.9739,6905075.0,33820085.19
AHR,USD,20,64.2255,123777051.0,5848096426.15
AHRT,USD,20,53.8929,40934482.0,243818273.51
AHRT_pa,USD,14,30.5357,2089692.0,45544472.54
AHT,USD,20,16.1651,1046929.0,3613965.67
AHT_pd,USD,1,89.9987,1000000.0,20250000.0
AHT_pf,USD,2,0.0,0.0,0.0
AHT_pg,USD,1,7.4529,109628.0,667623.56
AHT_ph,USD,2,0.0674,700.0,3776.15
AHT_pi,USD,1,0.0,0.0,0.0
AI,USD,20,41.3742,62867720.0,532621690.81
AIAI,USD,15,25.7789,18126234.0,232591731.68
AIB,USD,15,41.7263,29617087.0,47927211.56
AIBZ,USD,13,29.0176,15679613.0,63692918.08
AIEV,USD,17,63.5445,65195032.0,10777761.32
AIFA,USD,20,65.5402,4179835.0,17585712.67
AIFC,USD,20,35.7397,49977537.0,74797755.84
AIFF,USD,20,34.1983,5336914.0,12225811.72
AIFU,CNY,20,87.7207,5198082.0,140396080.4
AIG,USD,20,56.509,299613170.0,23233895682.3
AIHS,USD,10,1.0649,48549.0,51951.34
AII,USD,20,81.7865,16022639.0,305555699.35
AIIA,USD,20,62.0035,9108340.0,91223906.94
AIIA_r,USD,20,,8311589.0,2077897.25
AIIA_u,USD,20,20.1272,2956683.0,30225731.49
AIIO,USD,20,4.6195,7304542.0,4995776.67
AIIOW,USD,20,,986788.0,0.0
AIIR,USD,20,99.5074,156156282.0,1216471786.71
AILE,USD,20,0.0,0.0,0.0
AIM,USD,20,1.2212,338579.0,560723.42
AIMD,USD,20,63.909,5447939.0,10431706.78
AIN,USD,20,73.8986,20987191.0,1088790487.12
AIOS,USD,19,32.8142,1066242.0,12590407.35
AIOT,USD,20,64.6163,86702588.0,275612576.44
AIP,USD,20,61.3466,28324934.0,592293173.52
AIR,USD,20,65.3111,26054163.0,2851888681.98
AIRE,USD,20,31.0462,1665548.0,6974764.33
AIRG,USD,20,44.7029,5666458.0,32479729.07
AIRI,USD,20,41.4229,2009285.0,5877783.96
AIRJ,USD,20,63.3168,45841701.0,168045865.14
AIRJW,USD,20,,9353979.0,0.0
AIRO,USD,20,56.9187,17898395.0,136974691.42
AIRS,USD,20,102.4493,72273565.0,236923421.2
AIRT,USD,20,74.9786,2018216.0,53161213.63
AISP,USD,20,50.7581,17480871.0,47684436.21
AISPW,USD,20,,8472576.0,0.0
AIT,USD,20,46.2888,17108135.0,4539974294.75
AIV,USD,20,69.4901,99965845.0,440641800.5
AIXC,USD,20,66.6372,13484036.0,9536101.85
AIXI,USD,19,1.6454,45442.0,107962.49
AIZ,USD,20,60.0243,29740680.0,6550713743.76
AJG,USD,20,54.7373,142098022.0,32201754112.57
AKA,USD,20,93.5259,10121471.0,104381350.48
AKAM,USD,20,55.6048,80841388.0,8777220245.8
AKAN,USD,14,1.8751,10136.0,68554.08
AKBA,USD,20,34.8452,93474790.0,140765660.86
AKOa,CLP,20,0.1032,81352.0,1805556.64
AKOb,CLP,20,2.5645,2022887.0,51512528.42
AKR,USD,20,84.281,120155652.0,2297376066.24
AKRO,USD,20,1.0922,898222.0,47555483.63
AKTS,USD,20,82.7174,44174896.0,854617436.68
AKTX,USD,20,25.7802,460126.0,3203703.75
AL,USD,20,63.5537,71202690.0,4611011494.29
ALAB,USD,20,54.7079,93773860.0,17012083232.85
ALAR,USD,20,2.0061,147414.0,923878.51
ALB,USD,20,50.9364,60071504.0,10325669563.17
ALBT,USD,20,29.6141,3627053.0,1146929.14
ALB_pa,USD,20,74.0538,34064778.0,2326710970.36
ALC,USD,20,31.1084,155448302.0,11951841417.74
ALCC,USD,20,46.3523,80615819.0,5361357682.76
ALCE,USD,20,65.9541,477943.0,382.35
ALCO,USD,20,74.2033,5503164.0,219691543.52
ALCY,USD,20,94.2501,3966075.0,48128967.84
ALCYU,USD,5,0.043,4942.0,59755.16
ALDF,USD,20,80.8407,19165322.0,201428840.74
ALDFU,USD,20,1.7356,518353.0,5205309.45
ALDX,USD,20,54.6883,32988576.0,119761102.02
ALE,USD,20,0.3449,200459.0,13116913.91
ALEC,USD,20,62.6115,69514563.0,127946322.5
ALEX,USD,20,11.2152,8173284.0,168752915.46
ALF,USD,20,516.5554,25554805.0,274640406.54
ALFUU,USD,20,0.1301,37438.0,404017.67
ALG,USD,20,68.3204,8313444.0,1372432412.44
ALGM,USD,20,87.5954,163187393.0,7507693313.18
ALGN,USD,20,60.2159,43125473.0,7429515511.08
ALGS,USD,20,61.4271,3309823.0,26993047.73
ALGT,USD,20,57.6609,15496810.0,1302304364.17
ALH,USD,20,99.2188,197056862.0,4959507132.36
ALHC,USD,20,67.4405,139422321.0,2525926250.59
ALIS,USD,20,86.4221,7283237.0,73080828.83
ALISR,USD,20,,2808275.0,1544551.25
ALISU,USD,20,4.7081,294376.0,2994999.34
ALIT,USD,20,67.1346,17684823.0,292954055.23
ALK,USD,20,62.965,70246050.0,2607811297.48
ALKS,USD,20,66.995,111664010.0,3789114219.34
ALKT,USD,20,87.6701,93823876.0,1828039771.04
ALL,USD,20,45.382,116822987.0,24231377814.77
ALLE,USD,20,53.0028,45080067.0,6572056966.11
ALLG,EUR,4,6.8592,18748989.0,9385743.89
ALLO,USD,20,46.6604,161049987.0,336091709.67
ALLR,USD,20,6.6779,1060080.0,1161110.35
ALLT,USD,20,65.9535,32266392.0,273273172.81
ALLY,USD,20,61.6796,187629303.0,7381786502.13
ALL_ph,USD,20,0.0957,43968.0,893663.69
ALL_pi,USD,18,17.167,2060029.0,38395326.11
ALL_pj,USD,20,25.0291,6007000.0,156067983.78
ALM,CAD,20,49.619,142956552.0,2321610862.26
ALMR,USD,20,61.915,42914057.0,1087749350.46
ALMS,USD,20,72.1602,89068995.0,1752896902.11
ALMU,USD,20,35.8077,6554689.0,88179559.16
ALNT,USD,20,64.4134,10948050.0,664456773.73
ALNY,USD,20,69.3687,92615986.0,32118844182.76
ALOT,USD,20,51.458,3998961.0,59534820.96
ALOV,USD,16,35.4304,10634395.0,104639567.35
ALOY,USD,20,13.304,9077578.0,103898209.86
ALP,USD,20,34.9505,8203182.0,10340949.04
ALPP,USD,20,0.0114,2813.0,2.81
ALPS,USD,20,66.1657,114093001.0,324691440.42
ALPX,,3,15.6219,1825815.0,0.0
ALRM,USD,20,65.6255,32458715.0,1453099790.11
ALRS,USD,20,49.466,12430168.0,292778497.45
ALSA,USD,13,99.3194,3205000.0,49357000.0
ALSN,USD,20,62.0372,51450965.0,5671889323.78
ALT,USD,20,47.8109,92979894.0,272094146.86
ALTG,USD,20,70.1242,22815332.0,154485262.31
ALTI,USD,20,66.2222,73290584.0,264435532.54
ALTO,USD,20,37.6883,29202780.0,115536389.94
ALTS,USD,20,40.4349,51419660.0,76046274.23
ALUB,USD,20,47.437,13638099.0,136154565.9
ALUB_u,USD,20,7.5868,2181170.0,22092947.2
ALUR,USD,20,13.0849,130904.0,2461216.36
ALUR_t,USD,20,,3977877.0,0.0
ALV,USD,20,54.0949,39617639.0,4281553849.59
ALVO,USD,20,59.1935,230847467.0,826191389.74
ALVOW,USD,20,,5035706.0,0.0
ALX,USD,20,85.8956,4386938.0,1024054941.54
ALXO,USD,20,52.88,71156872.0,138832559.12
ALZN,,20,5.0936,244068.0,296021.45
AM,USD,20,65.2669,310003995.0,6681580459.22
AMAL,USD,20,80.6473,24113660.0,937720952.62
AMAN,,5,34.7665,2607481.0,26447085.74
AMAT,USD,20,41.6829,330944065.0,118594860357.62
AMBA,USD,20,55.3929,24296936.0,1324531500.28
AMBI,BRL,13,12.7379,2062906.0,9806267.4
AMBO,USD,8,0.0591,1548.0,3694.12
AMBP,USD,20,92.1427,550742721.0,2257528496.9
AMBQ,USD,20,48.0876,11421082.0,359220526.67
AMBR,USD,20,0.5112,444802.0,893615.54
AMC,USD,20,23.7786,212248388.0,249637224.49
AMCI,USD,20,85.7347,19376326.0,98931179.36
AMCR,USD,20,45.3059,209468917.0,8365865225.4
AMCX,USD,20,73.5893,23874788.0,176347955.1
AMD,USD,20,37.7681,615848256.0,139138088838.14
AME,USD,20,41.1057,94215596.0,19997979274.66
AMG,USD,20,59.3541,15676661.0,4414565098.5
AMGN,USD,20,48.1614,259930399.0,90748273557.03
AMH,USD,20,61.8177,222036846.0,6412020114.26
AMH_pg,USD,20,41.589,1913096.0,43653211.65
AMH_ph,USD,16,37.6699,1732822.0,40900850.03
AMIX,USD,20,8.3251,45205.0,870914.63
AMJB,USD,20,,13529876.0,464481899.01
AMKR,USD,20,70.3523,174383649.0,10247256706.21
AMLI,CAD,20,12.1634,31097712.0,12669820.26
AMLX,USD,20,78.8873,87711926.0,1118688203.9
AMN,USD,20,71.9498,27906512.0,499313891.56
AMOD,USD,20,89.6325,4371012.0,17787280.05
AMODW,USD,20,,8604267.0,0.0
AMP,USD,20,47.6597,42131263.0,18792692363.46
AMPG,USD,20,32.3109,8187124.0,18696311.22
AMPGR,USD,5,,2434491.0,243449.1
AMPGW,USD,15,,156558.0,0.0
AMPGZ,USD,5,,2394160.0,287299.2
AMPH,USD,20,76.3122,33648369.0,674260068.75
AMPL,USD,20,63.5567,66014132.0,549603145.52
AMPX,USD,20,39.9754,57706140.0,890472218.62
AMPX_t,USD,20,,9757310.0,0.0
AMPY,USD,20,55.7799,23030082.0,130017448.63
AMR,USD,20,91.3342,11612789.0,2321466485.97
AMRC,USD,20,73.0535,25533214.0,658764164.35
AMRN,USD,20,57.1347,11832278.0,172102898.41
AMRX,USD,20,78.8584,251820041.0,3697053674.18
AMRZ,USD,20,34.42,190527337.0,10171612682.88
AMS,USD,20,49.2107,3260199.0,5137501.27
AMSC,USD,20,45.0524,21833381.0,747832738.03
AMSF,USD,20,70.4321,13055324.0,435347398.92
AMSS,,9,67.8837,7755230.0,19517252.55
AMST,USD,20,38.2533,2501102.0,3675348.19
AMT,USD,20,46.638,217283732.0,37608599926.25
AMTB,USD,20,56.9122,21880605.0,482723768.52
AMTD,USD,20,0.7045,299405.0,296064.45
AMTM,USD,20,79.5343,194314966.0,5182505092.23
AMTX,USD,20,20.1215,14158892.0,41608719.28
AMWD,USD,20,70.4839,10269206.0,440917659.49
AMWL,USD,20,42.9509,6468909.0,34142229.46
AMX,MXN,20,4.5944,137885202.0,3521911420.26
AMZE,USD,20,6.0722,3569578.0,1717562.67
AMZN,USD,20,39.1475,4211129877.0,956747708537.73
AN,USD,20,69.9194,23396158.0,4613123211.92
ANAB,USD,20,77.1598,22845830.0,1367886138.92
ANDE,USD,20,62.2164,21187187.0,1450034588.17
ANDG,USD,20,109.5074,14753111.0,410745699.65
ANEB,USD,20,87.8112,35813552.0,54749866.72
ANET,USD,20,49.2112,619669335.0,87586715919.07
ANF,USD,20,66.9781,29759497.0,2746249727.39
ANGH,USD,18,78.9111,7153139.0,26294618.53
ANGHW,USD,20,,2955604.0,0.0
ANGI,USD,20,70.0463,28332365.0,259225957.16
ANGIV,USD,20,70.0463,28332365.0,259225957.16
ANGO,USD,20,73.2299,30267645.0,347300221.12
ANGX,USD,20,28.0181,36318209.0,124566281.39
ANIK,USD,20,70.131,9331374.0,122618495.89
ANIP,USD,20,55.8564,12698773.0,998141128.18
ANIX,USD,20,19.3162,6567236.0,18805269.28
ANL,USD,20,8.1141,5893239.0,40928315.95
ANNA,USD,20,94.0098,38487550.0,316003063.66
ANNAW,USD,20,,4880907.0,0.0
ANNX,USD,20,67.4014,110431899.0,587167023.46
ANPA,USD,7,71.3365,10773070.0,317551464.3
ANRO,USD,20,66.5358,25835346.0,590062680.99
ANSC,USD,20,89.5628,29486053.0,330551465.19
ANSCU,USD,12,0.064,22085.0,242020.99
ANTA,USD,17,84.4694,20266352.0,161243301.41
ANTX,USD,20,74.2076,26726829.0,86141851.02
ANVS,USD,20,23.3685,8096408.0,18032128.84
ANY,USD,20,36.8337,2665896.0,5948789.59
AOGO,USD,13,19.8302,867270.0,11213516.92
AOMR,USD,20,56.9352,14185200.0,120398164.51
AON,USD,20,47.5395,101533217.0,33282223665.76
AONC,USD,10,78.1842,25087504.0,132005218.52
AORT,USD,20,65.3376,31717111.0,1230871800.16
AOS,USD,20,57.4915,64370695.0,4252691424.7
AOSL,USD,20,63.9929,19152800.0,502906996.48
AOUT,USD,20,73.2023,9156678.0,89885704.78
AP,USD,20,67.9182,13805334.0,91329983.52
APA,USD,20,76.1715,269243463.0,10014458863.72
APAC,USD,20,80.4392,4933951.0,49459079.13
APACR,USD,20,,4201430.0,507202.58
APACU,USD,20,9.4623,580388.0,5861505.6
APAD,USD,20,79.233,16321999.0,164165869.95
APADR,USD,20,,14755885.0,3887433.48
APADU,USD,20,17.1865,3540447.0,35712387.89
APAM,USD,20,63.506,45085047.0,1647144805.95
APC,USD,20,65.4552,8227855.0,148565177.15
APCX,,20,13.3845,5622024.0,2228866.12
APD,USD,20,55.4628,123504482.0,34989664417.63
APEI,USD,20,73.9169,13558923.0,697671824.76
APG,USD,20,55.4562,240251767.0,9605858511.32
APGE,USD,20,74.3999,46036901.0,3920650677.82
APH,USD,20,49.107,604134701.0,77617020537.49
API,USD,20,38.7637,25391941.0,92601629.65
APLD,USD,20,57.8331,165269302.0,4243926307.76
APLE,USD,20,63.9348,150929663.0,1777552385.27
APLM,USD,20,47.163,1035727.0,14845070.02
APLS,USD,20,72.2261,92464667.0,3420371933.07
APLT,USD,20,13.8314,21087030.0,2641241.41
APM,USD,15,18.8762,1198036.0,1035902.83
APO,USD,20,60.8516,350820678.0,43461195372.56
APOG,USD,20,62.7294,13090551.0,453710091.04
APO_pa,USD,20,83.572,24026754.0,1554929440.1
APP,USD,20,51.3223,156909241.0,70506987286.32
APPF,USD,20,58.6189,14119774.0,2233045349.3
APPN,USD,20,76.3768,32326274.0,847356359.8
APPS,USD,20,48.7713,58982036.0,229460924.16
APRE,USD,20,30.6106,3790429.0,3017309.71
APT,USD,20,44.4938,4545890.0,20536870.58
APTO,USD,20,108.3101,2764534.0,4511701.57
APTV,USD,20,49.5163,104786329.0,7449794895.41
APTV_w,USD,13,,8068371.0,471999703.5
APUR,USD,5,3.0608,335506.0,3321509.4
APUS,USD,20,61.6087,929747.0,13625039.58
APVO,USD,20,12.2006,152031.0,723924.77
APWC,USD,15,85.6752,35326021.0,48157699.94
APXT,USD,20,60.5611,20875456.0,207089848.99
APXTU,USD,20,12.5544,4327576.0,43707890.79
APYX,USD,20,56.5135,23685910.0,100606322.3
AQB,USD,20,9.90089999999999,509611.0,473260.64
AQMS,USD,20,15.3921,547172.0,1923496.34
AQN,USD,20,48.1035,370236739.0,2240540009.7
AQST,USD,20,46.8744,58811302.0,253707595.06
AQU,USD,14,93.7617,1623060.0,17723815.2
AR,USD,20,51.3242,159020549.0,6351897380.62
ARAI,USD,20,62.4943,32406950.0,23344222.01
ARAY,USD,20,59.8272,71172663.0,39382456.38
ARBB,MYR,15,35.5431,627428.0,3711563.24
ARBE,USD,20,32.06,40017351.0,26817258.21
ARBEW,USD,16,,3035664.0,0.0
ARBK,USD,20,97.4933,13025138.0,39623777.99
ARCB,USD,20,73.648,16396829.0,1612792100.44
ARCC,USD,20,17.3777,124776069.0,2332878803.98
ARCI,USD,20,45.9387,16198875.0,159664672.35
ARCL,USD,3,15.1659,1934859.0,19247195.64
ARCO,USD,20,41.1745,86688869.0,675341714.99
ARCT,USD,20,69.6038,19783528.0,152777933.36
ARDT,USD,20,92.1036,132030531.0,1157424400.59
ARDX,USD,20,51.6252,127529339.0,755585197.1
ARE,USD,20,60.2831,105054926.0,4948656968.96
AREB,USD,20,0.5201,102239.0,220345.06
AREBW,USD,12,,138163.0,0.0
AREC,USD,20,40.8071,43651454.0,117283969.57
AREN,USD,20,81.5783,38833580.0,56360929.75
ARES,USD,20,60.2818,133842598.0,15820102837.82
ARES_pb,USD,20,75.0084,58222475.0,2161276290.22
ARGX,USD,20,33.0539,20671353.0,15095255528.25
ARHS,USD,20,64.3901,35043869.0,264370882.7
ARI,USD,20,56.6817,74222847.0,788978627.92
ARIS,USD,20,47.3936,97828714.0,1664067196.53
ARKO,USD,20,78.9462,88566481.0,538753926.65
ARKR,USD,20,71.6116,2582439.0,17063811.35
ARL,USD,20,94.836,15317955.0,237295015.14
ARLO,USD,20,64.2891,69824006.0,983018280.65
ARM,USD,20,91.5745,978079805.0,336098587870.23
ARMK,USD,20,66.9189,175965849.0,6948658172.22
ARMN,USD,20,47.3936,97828714.0,1664067196.53
ARMP,USD,20,78.0687,28659624.0,239391998.65
ARMY,,2,9.842,9842.0,234638.2
AROC,USD,20,65.7842,115294304.0,3750889327.29
AROW,USD,20,38.7769,7186102.0,241555469.66
ARQ,USD,20,48.6489,20883140.0,54617448.64
ARQQ,USD,20,91.0114,15838185.0,277619965.78
ARQQW,USD,20,,6374820.0,0.0
ARQT,USD,20,73.193,91552415.0,2378629737.04
ARR,USD,20,37.5219,53113525.0,887458096.99
ARRY,USD,20,91.976,141483505.0,1072579518.04
ARR_pc,USD,6,10.1869,769374.0,15948307.06
ARTC,USD,20,34.1192,8913652.0,87484568.68
ARTCU,USD,20,30.9766,8092643.0,80428426.7
ARTL,USD,20,10.9701,377090.0,2478885.66
ARTNA,USD,20,42.2962,3994029.0,127823937.51
ARTV,USD,20,65.7348,31939281.0,272438340.6
ARTW,USD,20,67.4587,3508796.0,7836500.25
ARVN,USD,20,62.2514,40165407.0,442060526.32
ARW,USD,20,71.2796,36448139.0,5042801557.35
ARWR,USD,20,55.7752,78563115.0,5024204685.78
ARX,USD,20,92.7504,104621797.0,1404513018.4
ARXS,USD,20,39.7685,27704697.0,1235532134.1
AS,USD,20,84.8239,490512608.0,15515936993.82
ASAI,BRL,20,0.5835,1565496.0,13164872.54
ASAN,USD,20,84.4936,136008757.0,871591238.8
ASB,USD,20,61.567,116187872.0,3083897099.61
ASBP,USD,20,6.7077,86871.0,1700793.4
ASBPW,USD,20,,7250258.0,0.0
ASB_pe,USD,4,0.0002,14.0,295.05
ASC,USD,20,66.1509,26991181.0,396932930.69
ASGN,USD,20,72.2559,29624897.0,1206480025.47
ASH,USD,20,79.5014,36401908.0,2049987566.25
ASIC,USD,20,91.4421,43921985.0,840421580.91
ASIX,USD,20,60.2366,16239162.0,358606265.12
ASLE,USD,20,66.0245,31198415.0,204762690.96
ASM,USD,20,27.2578,46392737.0,299516055.87
ASMB,USD,20,68.1982,13514838.0,372853198.75
ASML,EUR,20,9.0906,34916452.0,47419241362.22
ASND,EUR,20,80.9057,53250604.0,12106254360.87
ASNS,USD,20,17.0574,4888130.0,1013085.25
ASO,USD,20,80.0463,49643373.0,2764257826.09
ASPC,USD,20,77.6177,1814297.0,19825237.13
ASPCR,USD,20,,5289133.0,954531.74
ASPCU,USD,20,9.2155,604079.0,6079040.04
ASPI,USD,20,42.4236,63238721.0,331724192.42
ASPN,USD,20,63.1184,52310862.0,175199450.77
ASPS,USD,20,81.7405,9334959.0,61885970.2
ASR,MXN,20,24.9821,6921336.0,2137481607.86
ASRT,USD,20,25.3243,1636510.0,31314240.28
ASRV,USD,20,62.2003,10551779.0,36623295.84
ASST,USD,20,37.065,27215331.0,287061300.72
ASTC,USD,20,23.0399,414211.0,2035975.84
ASTE,USD,20,67.7524,15578102.0,810768581.29
ASTH,USD,20,64.7873,32123631.0,920808476.91
ASTI,USD,20,17.005,1639986.0,7331227.93
ASTL,CAD,20,61.8496,65345786.0,269080939.39
ASTLW,CAD,20,,10573505.0,0.0
ASTS,USD,20,36.2344,108248944.0,8938954048.22
ASUR,USD,20,72.6922,20849302.0,184528493.84
ASX,TWD,20,4.9599,108828911.0,2146384793.32
ASYS,USD,20,59.8422,10462848.0,165043400.25
ATAI,USD,20,38.7367,143308426.0,722335887.68
ATAT,CNY,20,53.3492,59475328.0,2158656923.05
ATCH,USD,20,8.2281,12369896.0,3205160.83
ATCO_ph,USD,2,0.0,0.0,0.0
ATCX,USD,17,60.5467,3025790.0,19248389.43
ATEC,USD,20,52.0834,80098752.0,1041879974.56
ATEK,USD,15,101.6122,10018850.0,95090827.0
ATEN,USD,20,65.0626,46843847.0,1083237777.29
ATER,USD,20,28.6378,3107039.0,3271772.34
ATEX,USD,20,85.3392,16639844.0,1312668102.36
ATGE,USD,20,66.5195,22637148.0,2586031293.8
ATGL,HKD,11,82.4747,12587700.0,299585494.0
ATHA,USD,20,74.3776,6986685.0,64045790.51
ATHE,AUD,20,1.944,352540.0,1349285.8
ATHM,CNY,20,33.2109,38249079.0,671000322.74
ATHR,USD,19,67.3751,8182517.0,50380520.05
ATH_pa,USD,20,7.2843,14846255.0,359563953.92
ATH_pb,USD,19,16.8518,2325543.0,43291043.83
ATH_pd,USD,1,0.0125,3000.0,47550.0
ATH_pe,USD,20,42.0239,8404764.0,210675162.29
ATI,USD,20,53.9015,73559563.0,10290298712.88
ATII,USD,20,74.4292,22023588.0,230152916.33
ATIIU,USD,20,4.8247,1427582.0,14457223.37
ATKR,USD,20,61.7194,20840984.0,1258255135.3
ATLC,USD,20,83.53,12628035.0,912569915.95
ATLCP,USD,3,4.1123,115146.0,2700974.4
ATLN,USD,20,66.6367,59948436.0,88874672.16
ATLO,USD,20,31.2565,2768469.0,74529685.96
ATLX,USD,20,47.0696,13881225.0,59761092.84
ATMC,USD,20,123.0665,2669897.0,32187090.4
ATMP,GBP,20,92.0659999999999,17186408.0,591379143.36
ATMU,USD,20,56.5279,46167626.0,2545474300.52
ATNI,USD,20,79.9328,12294339.0,328215602.35
ATNM,USD,20,21.5775,6769954.0,8014296.09
ATO,USD,20,56.7307,94694442.0,17364608371.39
ATOM,USD,20,31.055,12023344.0,50379640.64
ATON,USD,20,34.9505,8203182.0,10340949.04
ATOS,USD,20,19.1799,1893054.0,13773359.48
ATPC,USD,14,7.4642,74689.0,197662.16
ATR,USD,20,60.5797,38662139.0,4841361175.48
ATRA,USD,20,66.8451,6022883.0,50594413.24
ATRC,USD,20,66.0406,33443569.0,1027271217.3
ATRO,USD,20,54.7166,17531426.0,1134514540.64
ATS,CAD,20,69.0111,67711211.0,1917013339.41
ATXG,USD,20,32.3463,322215.0,1095847.4
ATXI,USD,20,17.4789,575924.0,179367.42
ATYR,USD,20,43.8971,43041651.0,30623164.11
AU,USD,20,50.5701,255687921.0,19692566290.32
AUB,USD,20,59.1749,83983747.0,3018011765.26
AUBN,USD,20,31.3076,1093669.0,26401135.41
AUC,USD,13,0.3791,39097.0,267322.8
AUDC,USD,20,60.6653,15387234.0,131987116.79
AUGO,USD,20,75.5628,63313479.0,4835708901.89
AUID,USD,20,29.0871,4692491.0,6159784.57
AUMN,USD,20,26.1543,3963195.0,803856.84
AUNA,PEN,20,79.8573,24033386.0,124708043.84
AUPH,USD,20,43.0557,55370288.0,848474723.71
AUR,USD,20,80.2981,1328017618.0,6120756856.38
AURA,USD,20,44.0063,45518513.0,306816140.62
AURE,USD,20,35.0541,6787035.0,16183689.34
AUROW,USD,20,,6790714.0,0.0
AUST,USD,20,47.9689,6568374.0,9375977.68
AUTL,USD,20,78.4389,208770145.0,344842474.83
AUUD,USD,20,10.4064,558204.0,844833.07
AUUDW,USD,7,,69586.0,0.0
AUVI,USD,1,0.0,0.0,0.0
AVA,USD,20,55.3592,45747933.0,1827727165.02
AVAH,USD,20,80.302,174861946.0,1158680899.15
AVAL,COP,20,1.1661,4410108.0,19305467.4
AVAT,USD,20,87.4191,33692538.0,187498479.15
AVAV,USD,20,62.9611,31863382.0,5674689300.84
AVB,USD,20,59.2291,84142771.0,13882869837.13
AVBC,USD,20,33.5921,6744049.0,122025436.53
AVBH,USD,20,71.6353,7867555.0,224811067.74
AVBP,USD,20,80.8776,37668634.0,777974064.3
AVD,USD,20,52.669,15066374.0,46606132.31
AVDL,USD,20,51.8988,50940246.0,1099324777.38
AVEX,USD,20,68.9791,38952590.0,998643941.54
AVGO,USD,20,41.7608,1986806369.0,625826571915.43
AVIR,USD,20,73.4852,58808118.0,268166433.37
AVLN,USD,20,61.6241,27319765.0,807262750.72
AVNS,USD,20,62.5107,29284505.0,433048235.43
AVNT,USD,20,63.5362,58269254.0,2061719619.74
AVNW,USD,20,63.0228,8154803.0,184510436.34
AVO,USD,20,56.2616,49689950.0,670657064.77
AVPT,USD,20,59.9654,127136580.0,1442464015.98
AVR,USD,20,55.4798,54005435.0,306274774.51
AVT,USD,20,69.0382,56627847.0,3376816352.8
AVTR,USD,20,69.1212,471930534.0,3923536216.26
AVTX,USD,20,54.3743,28582294.0,456014561.85
AVX,USD,20,40.3774,3106876.0,22964331.67
AVXL,USD,20,34.6508,32111524.0,104183739.57
AVY,USD,20,56.9255,43542597.0,7601018592.76
AWH,USD,20,13.7799,5907534.0,2273920.71
AWI,USD,20,57.5018,24541130.0,4120215490.98
AWK,USD,20,56.104,109560300.0,14867456902.25
AWR,USD,20,59.1285,23174029.0,1751596249.29
AWRE,USD,20,60.1905,13028856.0,17981324.31
AWX,USD,20,51.0581,1678611.0,4351524.49
AX,USD,20,58.6571,33366854.0,2874699526.27
AXG,USD,20,99.6245,158483442.0,420409501.72
AXGN,USD,20,52.076,27692908.0,995752161.31
AXIA,BRL,20,1.7386,34350331.0,369849223.48
AXIA_p,BRL,20,0.5531,1507920.0,17630704.75
AXIA_pc,BRL,20,35.0529,5387988.0,54494589.16
AXIL,USD,20,61.756,4210348.0,26311138.29
AXIN,USD,20,63.1344,13005732.0,131303050.66
AXINR,USD,20,,13195807.0,2505883.74
AXINU,USD,20,8.3726,1724778.0,17596610.42
AXL,USD,20,57.1157,135573361.0,821347072.97
AXON,USD,20,55.6748,44875012.0,20480308385.28
AXP,USD,20,51.1144,348767445.0,118042227352.14
AXR,USD,20,86.1066,4568124.0,113930666.31
AXS,USD,20,53.7334,39613968.0,4115312103.29
AXSM,USD,20,53.6386,27602248.0,5056396940.46
AXS_pe,USD,15,0.3732,82101.0,1585767.31
AXTA,USD,20,70.6717,151250996.0,4189652589.2
AXTI,USD,20,51.1463,33461466.0,2015693715.17
AYA,USD,20,42.8082,61608012.0,1166351345.35
AYI,USD,20,55.4271,16597068.0,4711165854.04
AYTU,USD,20,43.959,4718203.0,12397064.41
AZ,USD,20,47.1749,21264100.0,141709571.54
AZI,USD,14,0.0214,1299.0,6055.4
AZIO,USD,20,5.1806,797327.0,1324244.05
AZN,USD,20,29.563,458532300.0,86631753220.35
AZO,USD,20,45.5589,7437664.0,25082175933.4
AZTA,USD,20,71.8828,33132905.0,827027524.53
AZTR,USD,20,32.2992,5230042.0,942827.06
AZUL,BRL,12,0.5367,979347.0,24156516.1
AZZ,USD,20,62.8305,18881498.0,2362641844.74
B,USD,20,33.5426,562016314.0,23112687092.53
BA,USD,20,44.5331,351055423.0,71229044748.1
BABA,CNY,20,6.0488,144996514.0,18230236708.8
BAC,USD,20,41.0651,2881936962.0,141036950747.5
BACC,USD,20,75.5,15773660.0,161151423.22
BACCR,USD,20,,12943269.0,3882980.7
BACCU,USD,20,5.7628,1225019.0,12591553.99
BACK,,20,1.5202,57536.0,3619.03
BAC_pb,USD,16,0.1774,95770.0,2378752.1
BAC_pe,USD,8,0.069,8500.0,160225.0
BAC_pk,USD,20,12.6963,4322939.0,106471036.15
BAC_pl,USD,20,37.7916,6137048.0,7326312254.58
BAC_pm,USD,20,16.1791,8942635.0,192097480.81
BAC_pn,USD,20,17.1979,8950674.0,179844561.15
BAC_pp,USD,20,16.0625,5862849.0,98333148.08
BAER,USD,20,54.3498,31326028.0,61295214.02
BAFN,USD,20,34.1264,1401544.0,8891378.96
BAH,USD,20,61.4338,73679978.0,5732609136.99
BAK,BRL,20,3.307,5705603.0,20568672.68
BALL,USD,20,51.933,138270342.0,8050460230.94
BALY,USD,20,89.073,43599498.0,421869056.16
BAM,USD,20,83.5077,1367985088.0,65475881665.8
BANC,USD,20,63.1665,97102588.0,1746679493.54
BAND,USD,20,49.672,14931056.0,299062057.8
BANF,USD,20,75.6694,25423957.0,2760207243.48
BANL,USD,16,65.7004,723985.0,3625738.61
BANR,USD,20,65.1208,22131279.0,1342926009.72
BANX,USD,20,17.9697,1740501.0,33492603.84
BAOS,USD,10,1.6795,534690.0,1465002.12
BAP,PEN,20,56.4905,44834758.0,14102006303.46
BARK,USD,20,57.6144,5065960.0,76295480.48
BATL,USD,20,46.5439,10248425.0,19747769.92
BATRA,USD,20,67.6539,6980661.0,327739646.35
BATRK,USD,20,60.2741,31853526.0,1329266975.45
BAX,USD,20,76.0047,392540305.0,6741849118.2
BAYA,USD,20,99.4592,2723480.0,33082508.74
BAYAR,USD,20,,3666583.0,629814.36
BAYAU,USD,7,0.2609,20178.0,233762.3
BB,USD,20,42.0859,246667368.0,1199215557.08
BBAI,USD,20,31.922,152890198.0,599661759.94
BBAI_t,USD,20,,2522488.0,0.0
BBAR,ARS,20,7.6496,15623197.0,279043630.51
BBBY,USD,20,48.214,45930625.0,230916493.6
BBCP,USD,20,81.8812,41263932.0,286809208.76
BBCQ,USD,20,54.9705,15804024.0,159515440.8
BBCQU,USD,8,1.5248,438420.0,4515726.0
BBD,BRL,20,17.856,942353941.0,3379773619.53
BBDC,USD,20,37.9764,39764039.0,336930181.07
BBDO,BRL,20,0.2594,13729554.0,33740865.49
BBGI,USD,20,48.9362,571840.0,8985875.85
BBIO,USD,20,60.3763,118253729.0,8803560994.06
BBLG,USD,20,1.9422,34869.0,49723.67
BBLGW,USD,3,,30174.0,0.0
BBNX,USD,20,93.711,41759334.0,595051570.91
BBOT,USD,20,88.7364,71084157.0,736487519.51
BBSI,USD,20,63.5234,15601135.0,476278537.55
BBT,USD,20,69.0619,57885037.0,1714690861.59
BBUC,USD,20,87.6848,180421635.0,6055099123.31
BBVA,EUR,20,2.6096,146786256.0,3139861709.83
BBW,USD,20,74.0683,9286287.0,347049604.22
BBWI,USD,20,64.8543,130721422.0,2458367563.24
BBY,USD,20,56.8764,119876458.0,7853390140.05
BC,USD,20,63.6797,41375530.0,3020496110.6
BCAB,USD,20,26.8833,446145.0,3761436.71
BCAL,USD,20,65.5949,21098521.0,385143616.09
BCAR,USD,20,81.1369,22718364.0,230712015.26
BCARU,USD,20,1.7461,492414.0,5244209.1
BCAX,USD,20,87.9712,57800534.0,1124352079.6
BCBP,USD,20,39.8409,6917586.0,63890712.94
BCC,USD,20,66.8006,23506907.0,1773157281.2
BCDA,USD,20,29.4745,4387033.0,5234064.75
BCE,CAD,20,34.573,322401389.0,7902067708.41
BCG,USD,20,83.0374,13958535.0,27270944.94
BCGWW,USD,2,,28125.0,0.0
BCH,CLP,20,1.7674,8926686.0,334455286.23
BCIC,USD,20,15.7404,1948276.0,17051229.42
BCLI,USD,20,10.5547,1164689.0,1172975.32
BCML,USD,20,57.4635,6268890.0,186798534.55
BCO,USD,20,64.6443,26621228.0,2777690187.24
BCOW,USD,20,4.0861,225838.0,2529385.6
BCPC,USD,20,56.204,18058296.0,3023894170.22
BCRX,USD,20,58.9748,149891820.0,1312448107.72
BCS,GBP,20,6.1378,207252903.0,4409280927.48
BCSF,USD,20,44.6239,28947035.0,383386851.47
BCSS,USD,20,50.6368,23748704.0,239706372.63
BCSS_u,USD,20,10.6288,4984977.0,51116714.94
BCTX,USD,20,5.2687,458382.0,3899071.54
BCTXW,USD,12,,225.0,0.0
BCV,USD,20,36.7372,2067395.0,44604854.67
BCV_pa,USD,2,6.2616,68791.0,1472815.31
BCYC,USD,20,62.393,31429436.0,180607593.82
BDC,USD,20,71.1223,27698001.0,3191485878.31
BDCI,USD,20,68.9692,17973339.0,179797362.59
BDCIU,USD,20,5.3145,1384879.0,14014196.34
BDL,USD,20,89.95,1671852.0,55160305.6
BDMD,USD,20,63.6811,25911401.0,35386015.76
BDMDW,USD,20,,6241768.0,0.0
BDN,USD,20,54.6025,95333829.0,261177508.33
BDRX,GBP,18,9.4524,76189.0,1189699.57
BDSX,USD,20,75.2957,7794821.0,119452417.55
BDTX,USD,20,54.8697,31441338.0,72342440.1
BDX,USD,20,52.1935,143814184.0,23109644748.48
BE,USD,20,52.8536,150338510.0,17381696963.25
BEAG,USD,20,78.8866,20635142.0,217413073.43
BEAGR,USD,20,,18861253.0,4027591.83
BEAGU,USD,20,14.0231,3617959.0,36775153.2
BEAM,USD,20,81.463,83808170.0,2101346857.89
BEAT,USD,20,21.1879,11760773.0,11934578.96
BEATW,USD,9,,570681.0,0.0
BEBE,USD,20,57.3169,8597538.0,85008425.44
BEBE_u,USD,20,16.4755,2471316.0,24542000.16
BEDU,GBP,10,0.0,0.0,0.0
BEEM,USD,20,18.7153,4153067.0,9105877.6
BEEP,USD,20,74.7787,30808874.0,69907275.48
BEKE,CNY,20,10.1318,112345628.0,1694862902.74
BELFA,USD,20,68.2191,1443013.0,247590842.28
BELFB,USD,20,58.0329,7026284.0,1465925256.19
BEN,USD,20,76.2141,396036668.0,9550636599.44
BENF,USD,20,94.6392,13711843.0,50672533.32
BENFW,USD,20,,5656261.0,0.0
BEP,USD,20,51.9929,159091525.0,5174818065.07
BEPC,USD,20,66.5728,98302556.0,3630416281.52
BEP_pa,USD,11,47.8162,3825284.0,65385812.98
BERZ,CAD,8,0.0,0.0,0.0
BESS,USD,10,50.1705,3560882.0,7884680.26
BETA,USD,20,70.7126,157162403.0,3336533283.08
BETR,USD,20,60.9751,7979338.0,292474157.82
BETRW,USD,20,,572198.0,0.0
BFAC,USD,20,0.3624,18889.0,9572093.6
BFAM,USD,20,68.7635,36174238.0,3227545121.05
BFC,USD,20,34.6216,3835826.0,531020691.43
BFH,USD,20,73.2416,28344493.0,2122020568.13
BFK,USD,20,0.3436,150656.0,1498751.84
BFLY,USD,20,46.1596,108573486.0,458475575.04
BFLY_t,USD,20,,6459167.0,0.0
BFRG,USD,20,15.9925,2965289.0,2592985.36
BFRI,USD,20,35.3499,4525946.0,4586413.51
BFRIW,USD,10,,221435.0,0.0
BFS,USD,20,81.6506,20033551.0,675173408.64
BFST,USD,20,37.4964,12199653.0,331847202.6
BFS_pd,USD,2,0.0,0.0,0.0
BFS_pe,USD,9,47.6994,2098769.0,45564435.73
BFZ,,20,3.3668,1012212.0,10873841.39
BFa,USD,20,85.5312,144103592.0,3935504549.97
BFb,USD,20,44.1447,128189579.0,3390887057.39
BG,USD,20,73.1256,141877049.0,15979787472.56
BGC,USD,20,54.8228,202627182.0,1933129214.06
BGDE,USD,20,43.94,2426024.0,16546875.13
BGFV,USD,20,6.0751,1392343.0,1953695.93
BGI,CAD,19,76.241,9138990.0,5768074.28
BGIN,USD,11,52.2573,47335596.0,118822282.65
BGL,USD,20,46.9587,20333939.0,20521254.15
BGLC,USD,17,35.695,862858.0,1847458.66
BGLWW,USD,20,,5972338.0,0.0
BGM,USD,20,44.5356,169513502.0,1768783925.23
BGMS,USD,20,40.1064,2650126.0,3072795.22
BGMSP,USD,4,1.3913,1882.0,1599.7
BGS,USD,20,46.2437,37534621.0,172264883.49
BGSF,USD,20,37.3887,4007336.0,23635191.56
BGSI,USD,20,59.1347,16461031.0,2101003537.77
BH,USD,20,89.692,1868412.0,697866301.8
BHAC,USD,20,89.3627,296922207.0,146082859.57
BHAT,USD,20,29.9705,928558.0,1558595.96
BHAV,USD,6,30.2862,3240629.0,32064734.41
BHAVR,USD,1,,10000.0,2300.0
BHAVU,USD,2,1.4215,145000.0,1447100.0
BHB,USD,20,45.5764,7635065.0,249169322.25
BHC,USD,20,61.6025,230070792.0,1248412921.56
BHE,USD,20,72.2902,25935617.0,1505133027.38
BHF,USD,20,62.9598,36167762.0,2225135507.92
BHFAP,USD,19,27.5459,4682797.0,70836039.91
BHIL,USD,20,31.689,1937474.0,10320751.22
BHM,USD,20,57.0823,2340859.0,25399461.28
BHP,USD,20,2.8319,71945766.0,4995041996.5
BHR,USD,20,55.6064,38190196.0,91661986.38
BHRB,USD,20,34.4991,6956826.0,443249582.82
BHR_pb,USD,20,49.4671,1522616.0,22271976.85
BHR_pd,USD,2,17.9388,287020.0,4912376.0
BHST,USD,20,22.7735,5162252.0,21689788.44
BHVN,USD,20,61.6873,92876924.0,941930723.05
BHa,USD,20,95.9119,202543.0,392834853.54
BIAF,USD,20,8.7135,538701.0,2061774.57
BIDU,CNY,20,13.9133,38226795.0,4730992431.77
BIG,USD,20,5.6199,1668799.0,500.63
BIIB,USD,20,55.6404,82145806.0,14901026751.62
BIII,USD,20,46.3363,7992998.0,78826491.63
BIII_u,USD,18,27.706,4779274.0,47942740.0
BILI,CNY,20,5.7643,19530539.0,440608959.84
BILL,USD,20,83.6035,83266344.0,3854135673.12
BIMI,USD,1,0.0,0.0,0.0
BINI,USD,20,14.2138,90870.0,1412957.34
BIO,USD,20,71.1753,15445422.0,4327149654.94
BIOA,USD,20,54.069,24035101.0,369984465.25
BIOL,,4,0.0,1.0,0.0
BIOR,USD,20,83.8019,3790107.0,488429.33
BIOX,USD,20,41.5098,26489835.0,34234734.59
BIOb,USD,16,98.2857,4974260.0,1417187414.05
BIPC,USD,20,40.6373,49984138.0,1980036815.41
BIP_pa,USD,15,49.0858,3926865.0,65284593.69
BIP_pb,USD,12,31.6816,2534528.0,47603973.01
BIRD,USD,20,56.5416,3547886.0,12937128.79
BIRK,EUR,20,97.3736,179075770.0,7414543356.52
BITF,USD,20,37.0326,228392823.0,700498052.37
BIVI,USD,20,13.7596,1037729.0,1511148.8
BIXI,USD,20,54.8643,12070147.0,119605449.4
BIXIU,USD,20,18.1584,4134672.0,41345074.34
BIYA,USD,12,0.0109,295.0,6214.63
BJ,USD,20,62.2494,79488998.0,7684817097.12
BJDX,USD,20,14.9625,154818.0,293079.44
BJRI,USD,20,80.4379,16905584.0,617231745.6
BK,USD,20,46.9405,318493012.0,37752224705.7
BKD,USD,20,65.4964,156398722.0,1941532654.24
BKE,USD,20,74.3687,38313269.0,1936999897.96
BKH,USD,20,61.7353,46998061.0,3262210666.28
BKHA,USD,20,103.7687,4310109.0,50253043.43
BKHAR,USD,20,,1049637.0,1431056.34
BKHAU,USD,20,0.0841,7510.0,83883.74
BKKT,USD,20,51.8129,23114890.0,219229923.71
BKKT_t,USD,18,,363399.0,0.0
BKN,USD,20,0.3281,56443.0,687536.54
BKNG,USD,20,47.3278,366735064.0,64537712634.95
BKR,USD,20,58.2109,577493445.0,34205196960.72
BKSY,USD,20,49.3975,20214290.0,517122868.69
BKSY_t,USD,20,,3146154.0,0.0
BKTI,USD,20,55.9965,2096624.0,156434291.33
BKU,USD,20,68.8125,49735346.0,2257580349.81
BKV,USD,20,85.5624,93593563.0,2741921897.1
BKYI,USD,20,15.3849,166981.0,874376.29
BL,USD,20,83.9444,49242539.0,2071990179.3
BLBD,USD,20,61.5384,19474786.0,1047082412.82
BLBX,USD,20,13.304,9077578.0,103898209.86
BLCO,USD,20,96.2208,343563422.0,5463381015.84
BLD,USD,20,65.9547,18483563.0,6650516383.8
BLDP,USD,20,34.8936,105197264.0,280453533.06
BLDR,USD,20,53.5602,57609286.0,4959204498.45
BLE,USD,20,0.0629,29994.0,312896.07
BLFS,USD,20,71.5423,35001376.0,713855979.02
BLFY,USD,20,68.4303,13092095.0,164099231.12
BLIN,USD,20,41.5264,5232267.0,4970322.34
BLIV,SGD,10,51.7302,5620383.0,13796044.63
BLK,USD,20,46.2844,71849196.0,70311933419.94
BLKB,USD,20,74.3301,34141329.0,1744167217.9
BLLN,USD,20,73.7449,30562034.0,2719363940.24
BLMN,USD,20,61.5258,52674800.0,306317750.91
BLMZ,JPY,18,67.2608,36701542.0,37629560.18
BLND,USD,20,69.8717,166896402.0,379256416.85
BLNE,USD,20,43.2829,13872620.0,24238238.13
BLNK,USD,20,17.3532,24933600.0,14633181.19
BLRK,USD,20,50.6013,8728720.0,86491839.04
BLRKU,USD,20,21.5748,3721679.0,37316119.37
BLRX,USD,20,5.1995,226988.0,539384.81
BLSH,USD,20,102.8654,154608922.0,5909666615.4
BLTE,USD,20,64.4734,25842212.0,4645470130.44
BLUA,USD,3,95.5503,852083.0,8630413.05
BLUW,USD,20,67.0291,17416178.0,179401190.76
BLUWU,USD,20,8.5304,2216463.0,22637225.79
BLX,USD,20,31.3622,9427614.0,464209408.05
BLZE,USD,20,39.1589,23495493.0,96920454.16
BLZR,USD,20,58.0155,15954242.0,160015213.89
BLZRU,USD,20,10.4006,2860171.0,29061626.69
BMA,ARS,20,9.1024,5718132.0,488235416.57
BMBL,USD,20,65.381,85277131.0,289304454.03
BMEA,USD,20,42.3143,30592783.0,42123250.99
BMGL,SGD,20,54.6481,855505.0,12180147.88
BMHL,HKD,8,76.5935,10734584.0,40312585.64
BMI,USD,20,60.5412,17548989.0,2678410338.31
BML_pg,USD,4,5.1713,197708.0,3752497.84
BML_ph,USD,10,6.1491,735468.0,14171267.93
BML_pj,USD,12,3.455,290630.0,5536501.5
BML_pl,USD,16,8.5179,1362627.0,26078303.76
BMM,CAD,20,34.6321,34584609.0,165865897.96
BMNP,USD,1,0.0494,1730.0,140181.9
BMNR,USD,20,24.0699,145195707.0,2953857166.61
BMO,CAD,20,31.0783,217677719.0,29386412386.73
BMR,USD,20,31.5103,4893507.0,8020025.21
BMRA,USD,20,17.6442,545250.0,1358018.35
BMRC,USD,20,47.6435,7713331.0,198903613.83
BMRN,USD,20,61.85,119546557.0,6862414040.91
BMY,USD,20,40.4846,826722900.0,49110850020.22
BN,USD,20,44.9534,1101869709.0,46109259770.19
BNAI,USD,20,28.1283,1830645.0,40281180.67
BNAIW,USD,20,,5337843.0,0.0
BNBX,USD,20,16.6845,1200826.0,897533.55
BNC,USD,20,33.6023,13835468.0,39423554.98
BNCWW,USD,20,,2242867.0,0.0
BNED,USD,20,89.7865,31101423.0,322132157.12
BNGO,USD,20,16.8493,1933462.0,2902142.7
BNIX,USD,20,67.522,18623994.0,80907648.54
BNKD,CAD,1,0.0,0.0,0.0
BNKK,USD,20,6.0264,482164.0,1260743.81
BNKU,CAD,1,0.5,5000.0,81147.0
BNL,USD,20,53.4475,102494429.0,1887854396.58
BNR,CNY,20,47.8104,4213933.0,40876600.49
BNRG,USD,20,1.4491,37249.0,575188.48
BNS,CAD,20,28.3895,349597954.0,24307664284.37
BNT,USD,20,68.3702,44713893.0,2021301460.55
BNTC,USD,20,91.0806,31290179.0,398799575.69
BNTX,EUR,20,69.2928,175230502.0,15628784308.16
BNY,USD,20,46.9405,318493012.0,37752224705.7
BNZI,USD,20,1.3727,45029.0,1198054.67
BNZIW,USD,20,,3517019.0,0.0
BOBS,USD,20,87.1391,113827627.0,1340051635.8
BOC,USD,20,63.6223,18853929.0,225325482.52
BODI,USD,20,39.8686,1799179.0,23891256.34
BOF,USD,20,31.8115,4872265.0,16916408.34
BOH,USD,20,61.5764,24397070.0,1797803426.54
BOKF,USD,20,89.7135,54515988.0,6965766162.48
BOLD,USD,20,70.6371,15875551.0,25583490.7
BOLT,USD,20,31.2108,599732.0,2814483.43
BON,USD,16,0.2744,16703.0,22041.51
BOOM,USD,20,59.4204,12162663.0,69802985.16
BOOT,USD,20,60.5741,18373468.0,2722582816.43
BORR,USD,20,56.2157,172976574.0,842036061.1
BOSC,USD,20,22.5361,1588758.0,7153537.26
BOT,,2,0.0372,8813.0,350316.75
BOTJ,USD,20,38.2986,1740024.0,34837827.05
BOW,USD,20,79.5446,26120830.0,619336507.54
BOWN,USD,20,1.6698,50000.0,525500.0
BOX,USD,20,64.9562,89985743.0,2235965544.29
BOXL,USD,20,17.0437,118358.0,1241972.57
BP,USD,20,8.5239,223083496.0,10428473746.4
BPAC,USD,20,83.7895,4983188.0,49834283.28
BPACR,USD,20,,3818701.0,725553.19
BPACU,USD,20,18.1079,1076920.0,10908250.6
BPOP,USD,20,55.909,35707200.0,4782701280.25
BPRN,USD,20,58.1589,3962356.0,133808762.12
BPTH,USD,20,0.0034,1702.0,289.17
BPYPN,USD,16,46.9304,5397021.0,72450148.39
BPYPO,USD,13,39.3485,3934848.0,59601388.61
BPYPP,USD,12,15.6054,1148555.0,18553146.0
BQ,CNY,20,5.4148,395175.0,810412.91
BR,USD,20,49.6975,57479175.0,10387863205.98
BRAG,EUR,20,16.8518,5110547.0,9028868.37
BRAI,USD,7,64.9911,133938953.0,652327953.24
BRBI,BRL,11,0.4366,218849.0,3042113.3
BRBR,USD,20,60.2775,70089395.0,1296949107.39
BRBS,USD,20,56.3636,50677736.0,194930391.25
BRC,USD,20,66.0156,28765758.0,2343623055.84
BRCB,USD,20,78.332,16898450.0,258729763.48
BRCC,USD,20,65.6854,76854592.0,67889611.64
BRFH,USD,20,76.7141,12384324.0,33073338.46
BRIA,USD,8,85.0912,21272810.0,42685537.8
BRID,USD,20,86.7726,7876205.0,58129312.88
BRKH,USD,20,41.6965,60167847.0,103455793.61
BRKR,USD,20,85.4982,130150283.0,5071177796.81
BRKRP,USD,20,89.8598,2480133.0,778816174.2
BRKa,USD,20,75.5569,382088.0,279130580800.0
BRKb,USD,20,35.3531,494346736.0,239364893605.7
BRLS,USD,20,45.5378,9773928.0,14606813.44
BRLSW,USD,20,,5609748.0,0.0
BRLT,USD,20,33.8666,5506342.0,7859172.72
BRN,USD,20,67.9468,9763931.0,10626598.45
BRNS,USD,20,63.873,26091498.0,16388251.46
BRO,USD,20,59.32,201062794.0,13621802798.18
BROS,USD,20,58.5961,80389619.0,4416576916.48
BRR,USD,20,52.9186,47930216.0,117183760.7
BRSH,USD,2,0.0,0.0,0.0
BRSL,USD,20,80.9353,148668358.0,2073575278.88
BRSP,USD,20,55.7928,72685572.0,407825986.22
BRT,USD,20,64.3414,12110524.0,174337606.03
BRTX,USD,20,18.0172,4590511.0,1232097.31
BRUN,USD,20,85.6886,40305248.0,1170400290.42
BRX,USD,20,59.5864,182833732.0,5187879745.2
BRY,USD,20,1.7032,1321737.0,4247759.98
BRZE,USD,20,62.2569,70136295.0,1689229898.99
BSAA,USD,20,95.6396,5761811.0,59908759.92
BSAAR,USD,20,,3559157.0,567855.85
BSAAU,USD,20,18.6632,1078160.0,10958129.32
BSAC,CLP,20,4.1102,19364578.0,642679931.2
BSBK,USD,20,75.924,9759580.0,82950023.45
BSBR,BRL,20,14.3298,544433113.0,3228642789.89
BSET,USD,20,63.5792,5504842.0,79623874.25
BSFC,USD,13,2.7104,4441658.0,3109.17
BSIN,USD,20,51.8226,27113745.0,34097221.46
BSLK,USD,20,19.1007,833943.0,1806094.73
BSLKW,USD,20,,2849860.0,0.0
BSP,,14,39.3013,127720851.0,4314410346.78
BSRR,USD,20,52.8341,6818596.0,229886177.72
BSVN,USD,20,80.9904,7709752.0,310569727.73
BSX,USD,20,41.9847,624044574.0,44693107656.5
BSY,USD,20,72.4462,211746719.0,7403901123.16
BTA,USD,20,2.369,318394.0,2971160.64
BTAI,USD,20,21.8786,6755622.0,9520560.95
BTBD,USD,20,37.1045,2294808.0,2719767.3
BTBDW,USD,10,,427854.0,0.0
BTBT,USD,20,35.3316,123166055.0,164182149.85
BTCS,USD,20,39.5596,19690952.0,40348997.61
BTCT,USD,20,10.7957,1690293.0,1840906.37
BTCY,USD,8,4.1547,834042.0,172215.54
BTDR,USD,20,75.3106,149802922.0,1894024621.68
BTE,CAD,20,40.0171,285157035.0,1255329783.95
BTG,USD,20,42.7393,564953072.0,2554505020.79
BTGO,USD,20,44.9411,48132203.0,433340872.84
BTI,GBP,20,10.4949,227078947.0,13277306031.09
BTM,USD,20,47.7563,2837677.0,13333256.37
BTMD,USD,20,69.0536,20944864.0,47716631.06
BTMWW,USD,20,,17611546.0,0.0
BTOC,USD,20,68.9761,31344945.0,19220072.82
BTOG,USD,20,0.7839,18301.0,184386.31
BTQ,CAD,20,48.8681,69285324.0,327824613.93
BTSG,USD,20,72.7121,143449997.0,6946069902.14
BTSGU,USD,20,47.0469,3763750.0,534268400.63
BTTC,USD,20,61.4605,6528296.0,22419526.85
BTU,USD,20,75.0669,91431207.0,2928703569.9
BUD,USD,20,3.8825,67114678.0,4594073768.86
BUDA,USD,18,86.991,10932187.0,114028006.61
BUG,,20,30.3556,9874614.0,247951557.54
BUI_r,,20,,4822758.0,38582.07
BUI_r_w,,20,,2708284.0,21666.28
BULL,USD,20,57.8809,259283056.0,1445398230.87
BULZ,CAD,19,0.4907,417103.0,7336841.77
BUR,USD,20,60.733,133359978.0,576484367.88
BURL,USD,20,64.9926,40907796.0,13282127271.98
BURU,USD,20,25.3378,92803636.0,6242531.61
BUSE,USD,20,48.2458,40805067.0,1025936850.8
BUUU,USD,3,51.7682,6043937.0,49300390.28
BV,USD,20,73.4618,68466249.0,838168041.47
BVC,USD,13,71.2851,5693899.0,40028016.6
BVFL,USD,20,55.5227,4807690.0,89931981.6
BVN,USD,20,70.8925,194876655.0,6401958670.24
BVS,USD,20,70.2244,47575706.0,411940055.17
BW,USD,20,71.3217,106016127.0,1388202639.17
BWA,USD,20,57.7798,118514691.0,6241484825.8
BWAY,USD,20,33.2839,13357310.0,164982877.06
BWB,USD,20,61.1734,17055665.0,307365336.79
BWEN,USD,20,37.3582,8743342.0,26395274.98
BWFG,USD,20,51.7107,4122984.0,201840270.18
BWIN,USD,20,56.499,55080821.0,1239362507.77
BWIV,USD,6,10.6616,1431319.0,14175558.1
BWIV_u,USD,3,7.1565,960757.0,9530709.44
BWLP,USD,20,66.2508,105525464.0,1545270164.1
BWMN,USD,20,58.5916,10258036.0,314638047.04
BWMX,MXN,20,74.1743,29287747.0,436257624.47
BWXT,USD,20,48.7643,44675207.0,9019226468.33
BW_pa,USD,6,37.3397,2863588.0,63056786.31
BX,USD,20,38.3693,288712427.0,33693098655.18
BXC,USD,20,68.2578,5312094.0,297695906.6
BXDC,,20,50.7362,44394169.0,960245875.47
BXMT,USD,20,48.4888,81792763.0,1561430028.09
BXP,USD,20,77.7819,124044912.0,6789900442.18
BXSL,USD,20,34.8404,81056768.0,1964867304.9
BY,USD,20,62.9919,28466981.0,905904075.49
BYAH,CNY,20,31.646,1873798.0,2235408.55
BYD,USD,20,68.7396,51094283.0,4216255700.98
BYFC,USD,20,52.047,3216740.0,23851255.78
BYM,USD,20,0.4544,117717.0,1295283.57
BYND,USD,20,29.4506,151771899.0,146470038.14
BYNO,USD,20,88.6696,2994148.0,37875972.2
BYRN,USD,20,64.2092,14570997.0,147843266.17
BYSI,USD,20,28.8099,11846540.0,19404107.07
BZ,CNY,20,41.73,171154511.0,2322909570.06
BZAI,USD,20,38.673,55791370.0,90499319.26
BZAIW,USD,20,,8443356.0,0.0
BZFD,USD,20,72.6341,60431556.0,83561698.52
BZFDW,USD,20,,4282136.0,0.0
BZH,USD,20,70.7507,19338907.0,374871523.57
BZUN,CNY,20,21.1702,11369949.0,27673687.47
C,USD,20,39.2372,669225040.0,76246239032.56
CA,,12,51.8216,440484.0,10936273.12
CAAP,USD,20,92.2443,152405367.0,3950283076.33
CABA,USD,20,49.4459,80623728.0,235472189.64
CABO,USD,20,85.3398,4841190.0,442955795.76
CABR,USD,14,24.9634,2269549.0,2442015.33
CAC,USD,20,53.1165,8984475.0,422751151.04
CACC,USD,20,96.3232,10075472.0,5390522104.8
CACI,USD,20,52.7139,11645214.0,6271887562.92
CADL,USD,20,59.3349,43474742.0,235280910.5
CAE,CAD,20,54.2243,174374639.0,4620194221.25
CAEP,USD,20,99.5074,156156282.0,1216471786.71
CAES,USD,10,16.9044,4327505.0,43664525.45
CAG,USD,20,54.6467,261520188.0,4124476493.04
CAH,USD,20,44.0994,103283613.0,21707628215.3
CAI,USD,20,86.8131,245403500.0,4672005506.66
CAII,,3,9.4155,2400000.0,23760000.0
CAKE,USD,20,79.277,39388989.0,2113473001.16
CAL,USD,20,67.1714,22562676.0,238934186.61
CALC,USD,20,43.8967,13419591.0,15756592.75
CALM,USD,20,68.6272,32197833.0,2646111063.72
CALX,USD,20,67.0883,42241492.0,2017287788.4
CALY,USD,20,65.4079,117575639.0,1594202896.94
CAMP,USD,20,95.7132,49699963.0,252690537.18
CAMT,USD,20,77.631,36207111.0,4725649764.56
CAN,USD,20,28.0164,209897654.0,112427532.58
CANF,,20,5.0471,108139.0,396195.0
CANG,CNY,20,25.81,10149086.0,179536976.29
CAPN,USD,20,139.8009,7392790.0,79281867.97
CAPNR,USD,20,,4881169.0,1034100.46
CAPNU,USD,20,8.349,520142.0,5229466.11
CAPR,USD,20,52.5475,30431280.0,861884908.3
CAPS,USD,20,44.2529,5587329.0,2217197.65
CAPT,USD,20,13.3543,4322749.0,1786737.6
CAPTW,USD,20,,6317635.0,0.0
CAQ,USD,9,11.7728,2051416.0,20250724.92
CAR,USD,20,109.6151,38721611.0,5683652513.19
CARD,CAD,4,1.8956,11374.0,38860.41
CARE,USD,20,43.2929,9594690.0,225263606.58
CARG,USD,20,66.3688,50420985.0,1754036129.27
CARL,USD,20,80.2693,21821138.0,272676252.46
CARM,USD,20,37.3494,15628877.0,4583363.2
CARR,USD,20,57.5409,477922990.0,27186329042.43
CARS,USD,20,77.7309,43453904.0,428078929.84
CART,USD,20,61.454,144435404.0,5747788189.46
CARU,CAD,1,0.0,0.0,0.0
CARV,USD,20,34.9004,2034887.0,3245515.98
CASH,USD,20,62.6302,13167277.0,1169520064.94
CASI,USD,20,71.9417,14788248.0,8474117.74
CASS,USD,20,54.194,6923844.0,307453722.52
CAST,USD,15,36.5158,12289520.0,44165954.41
CASY,USD,20,45.9192,16991772.0,12203909705.42
CAT,USD,20,39.9873,184178224.0,126927006792.33
CATO,USD,20,46.5682,8473184.0,24515475.2
CATX,USD,20,67.5267,77011816.0,324343760.84
CATY,USD,20,56.2633,37598080.0,1900503234.32
CAUD,USD,5,90.3848,180769610.0,5417198.3
CAVA,USD,20,62.7463,73083066.0,5882553202.84
CB,USD,20,51.8657,200011912.0,65142044348.15
CBAN,USD,20,46.7941,9929834.0,198174299.14
CBAT,USD,20,19.361,17162743.0,14443121.26
CBC,USD,20,96.1663,230579542.0,5522653836.64
CBFV,USD,20,43.0384,2183166.0,75484700.2
CBIO,USD,20,68.9737,24600702.0,443144072.3
CBK,USD,20,88.439,12117283.0,317188277.87
CBL,USD,20,66.7518,20656159.0,887934484.87
CBLL,USD,20,76.1273,28884766.0,566441875.93
CBNA,USD,20,78.8104,2653278.0,95885515.07
CBNK,USD,20,54.4629,8870944.0,262538173.25
CBOA,,10,,128954.0,3125740.2
CBOE,USD,20,49.8088,52126732.0,14094144226.07
CBRE,USD,20,52.1139,152597787.0,21579701293.46
CBRG,USD,14,88.8128,2328307.0,27874204.93
CBRL,USD,20,72.7209,16254141.0,488776175.83
CBRS,USD,20,38.6578,35615303.0,8080524580.96
CBSH,USD,20,51.707,74403563.0,3699806244.39
CBT,USD,20,69.049,35644120.0,2624843969.92
CBTA,,8,,85897.0,1835283.88
CBU,USD,20,58.561,30776663.0,1799742374.86
CBUS,USD,20,42.6133,32527347.0,50395188.29
CBXA,,11,,123948.0,2722815.3
CBZ,USD,20,63.9389,34302360.0,1296984247.64
CC,USD,20,60.2464,90596880.0,1759897998.56
CCAP,USD,20,61.5016,22660850.0,289260783.27
CCAQ,USD,20,77.6245,11242232.0,115390092.81
CCAQU,USD,20,7.056,1021878.0,10585009.6
CCB,USD,20,65.4877,9986090.0,799444787.83
CCBG,USD,20,58.3938,9986144.0,433947019.7
CCC,USD,20,66.6207,391024933.0,2431162776.48
CCCC,USD,20,69.9608,77353806.0,187896320.82
CCCX,USD,20,17.5806,38360005.0,455602260.43
CCEC,USD,20,87.517,52609416.0,1126064824.03
CCEL,USD,20,55.8959,4506642.0,18976194.72
CCEP,EUR,20,75.9934,336815833.0,32188863844.74
CCG,CNY,20,48.9801,966915.0,28004072.58
CCGWW,CNY,20,,3297435.0,0.0
CCHH,USD,10,40.4772,1555821.0,7818350.4
CCI,USD,20,62.6525,266899311.0,21752170407.45
CCID,USD,2,41.9098,502917.0,12656763.45
CCIF,USD,20,37.3101,7909253.0,42049173.98
CCII,USD,20,60.7318,15802478.0,161692140.56
CCIIU,USD,20,8.0106,2084302.0,21574457.33
CCIX,USD,20,91.4176,26945328.0,286663790.0
CCIXU,USD,20,6.4099,1842814.0,18570732.0
CCJ,CAD,20,29.0964,126724043.0,13027386164.6
CCK,USD,20,56.418,61363930.0,6200488564.22
CCL,USD,20,41.2278,564676452.0,15147616866.12
CCLD,USD,20,34.1089,14493889.0,47998975.92
CCLDO,USD,2,0.0,0.0,0.0
CCLDP,,1,0.0,0.0,0.0
CCM,CNY,10,26.0894,734538.0,2835073.36
CCNE,USD,20,46.1067,13657712.0,395527339.52
CCO,USD,20,69.4638,353558782.0,837394775.23
CCOI,USD,20,70.2434,35176195.0,701338391.03
CCRD,USD,20,11.6938,911227.0,17298447.17
CCRN,USD,20,60.9676,19696434.0,185146479.6
CCS,USD,20,74.5055,21184046.0,1215540559.48
CCSI,USD,20,77.1514,14194309.0,330177020.54
CCTG,USD,12,3.786,489092.0,5161493.22
CCTS,USD,16,68.4529,2687498.0,31685601.42
CCU,CLP,20,13.044,24099221.0,274070534.57
CD,USD,20,41.5111,32978126.0,132386879.92
CDAQ,USD,20,148.5089,4916916.0,54087826.0
CDE,USD,20,47.8508,493110113.0,9234512028.06
CDIO,USD,20,16.9179,500681.0,996749.15
CDIOW,USD,17,,698607.0,0.0
CDLR,,20,25.3229,22212670.0,517273610.18
CDLX,USD,20,31.5558,1832709.0,17123764.53
CDNA,USD,20,65.0321,33595254.0,600977349.4
CDNL,USD,20,70.5073,13498369.0,581872658.47
CDNS,USD,20,46.5665,128438271.0,37306591393.84
CDP,USD,20,73.5963,83441087.0,2495871507.8
CDRE,USD,20,80.8649,34608104.0,1129105500.49
CDRO,EUR,20,78.9417,35894472.0,323715704.8
CDROW,EUR,20,,2577079.0,0.0
CDR_pb,USD,3,3.6303,31120.0,588726.52
CDR_pc,USD,7,5.5002,106442.0,1733820.68
CDT,USD,20,27.2678,172081.0,4575778.1
CDTG,USD,10,6.1794,186684.0,1308639.0
CDTTW,USD,20,,6422126.0,0.0
CDW,USD,20,54.2627,69322760.0,8620184157.0
CDXS,USD,20,71.9489,65399165.0,118170378.95
CDZI,USD,20,68.2153,57359719.0,273193935.88
CE,USD,20,77.7859,85301807.0,5271519432.14
CECO,USD,20,42.4812,24810379.0,1544409511.68
CEG,USD,20,51.9714,186630019.0,52185940934.15
CEI,USD,11,0.0815,229446.0,8437.88
CELC,USD,20,75.1095,36628092.0,3924391673.52
CELG_r,USD,20,,357856.0,39902.53
CELH,USD,20,61.2176,156591227.0,6214203015.77
CELU,USD,20,49.5537,14343793.0,22623411.14
CELUW,USD,18,,2376925.0,0.0
CELZ,USD,20,3.4579,158688.0,302643.23
CENN,USD,20,55.3276,1364073.0,5241954.44
CENT,USD,20,83.0119,8010804.0,283615654.38
CENTA,USD,20,68.7858,35299679.0,1136425332.23
CENX,USD,20,68.8836,68177181.0,3448620708.47
CEPF,USD,20,55.0673,25275910.0,259344896.89
CEPL,USD,19,26.3242,8481843.0,56732735.8
CEPO,USD,20,84.0596,17232266.0,179476901.63
CEPS,USD,20,50.8487,6000150.0,60750558.26
CEPT,USD,20,19.3987,27911587.0,267962239.17
CEPU,ARS,20,8.3577,12653500.0,201359684.65
CEPV,USD,20,53.354,13626601.0,138653398.45
CERO,USD,20,4.1257,1861220.0,573220.03
CERS,USD,20,58.4084,117032649.0,225499818.32
CERT,USD,20,79.1119,123070070.0,779921397.79
CETX,USD,20,13.5144,248126.0,1550761.82
CETY,USD,20,16.3845,1993351.0,1452732.82
CEVA,USD,20,64.7116,18028238.0,352261659.64
CF,USD,20,52.3104,80364074.0,9408344483.16
CFBK,USD,20,62.6972,4026038.0,109339580.72
CFFI,USD,20,36.2813,1179250.0,86375535.98
CFFN,USD,20,66.4531,84242553.0,596581017.58
CFG,USD,20,53.4508,225923562.0,13618430201.12
CFG_pe,USD,20,15.2627,2747289.0,50228047.56
CFLT,USD,20,32.2706,100131484.0,3027976076.16
CFND,USD,20,36.2586,2417240.0,12420593.86
CFR,USD,20,59.6901,37483600.0,5113975115.29
CFR_pb,USD,13,19.5081,1170487.0,19251297.77
CG,USD,20,64.6895,232865673.0,11863239053.59
CGAU,USD,20,58.0755,114961445.0,1915277820.63
CGBD,USD,20,28.0051,19462763.0,222501825.56
CGC,CAD,20,6.6622,28195984.0,27373406.69
CGCTU,USD,20,7.5651,2087930.0,21052904.4
CGEM,USD,20,82.045,50423255.0,651443711.35
CGEN,USD,20,15.0301,14211644.0,27981960.17
CGNT,USD,20,61.3757,45237479.0,366423579.9
CGNX,USD,20,54.9135,91386818.0,4094327847.65
CGON,USD,20,77.4518,68314193.0,4043319564.8
CGTL,USD,13,5.8363,67021.0,1154262.45
CGTX,USD,20,23.7823,21284626.0,18679107.54
CHA,CNY,20,30.8916,38765642.0,674887827.98
CHAI,USD,20,59.864,13105344.0,21222902.58
CHAR,USD,20,96.1056,8213878.0,86916528.62
CHARR,USD,20,,7678725.0,1091103.25
CHARU,USD,12,0.5915,51843.0,554085.75
CHCI,USD,20,74.8862,7517821.0,122479228.21
CHCO,USD,20,53.2182,7509718.0,902176402.5
CHCT,USD,20,53.6115,15317765.0,247236710.74
CHD,USD,20,50.2949,119169779.0,11009039230.18
CHDN,USD,20,47.1227,32842937.0,3114777376.45
CHE,USD,20,53.57,7110946.0,2767915795.4
CHEC,USD,20,68.3434,8924269.0,89540851.54
CHECU,USD,20,13.0019,1697786.0,17172367.18
CHEF,USD,20,70.8362,28885259.0,1770865035.82
CHEK,USD,20,37.9501,2664289.0,4289476.99
CHGG,USD,20,34.7845,38944189.0,31879568.98
CHH,USD,20,90.2618,41065026.0,4224704225.34
CHK,USD,20,47.0563,112572813.0,12364666619.4
CHKP,USD,20,64.138,65484980.0,9344161401.21
CHMG,USD,20,48.5145,2347144.0,141074263.37
CHMI,USD,20,18.8575,6928129.0,17367321.27
CHNR,CNY,16,55.0559,691716.0,2488138.71
CHOW,HKD,8,69.0066,24490423.0,14883898.44
CHPG,USD,20,74.8456,6449541.0,65924865.19
CHPGR,USD,20,,5241760.0,717854.8
CHPGU,USD,20,8.0782,603830.0,6137559.45
CHPT,USD,20,19.2842,4986886.0,28358536.65
CHR,USD,20,13.2569,244634.0,1091304.15
CHRD,USD,20,73.0983,41153686.0,5273792073.12
CHRN,USD,20,98.6319,141857511.0,3130565303.79
CHRS,USD,20,43.6505,67330862.0,112324226.63
CHRW,USD,20,55.8462,65827689.0,10873174185.03
CHSCL,USD,11,13.6755,2830832.0,71555608.78
CHSCM,USD,18,25.3717,4998206.0,122169727.86
CHSCN,USD,15,33.3446,5601881.0,139285835.21
CHSCO,USD,9,13.9031,2983472.0,76884017.44
CHSCP,USD,10,10.2057,1252440.0,33516966.67
CHSN,USD,20,9.722,225397.0,717660.52
CHT,TWD,20,1.9711,15292586.0,645414994.56
CHTR,USD,20,89.7936,110432681.0,21108678572.92
CHWY,USD,20,59.1904,138290335.0,3819856286.05
CHYM,USD,20,86.4691,301679446.0,6595144639.7
CI,USD,20,49.5946,131193363.0,35193760273.53
CIA,USD,20,35.3435,17867366.0,91123509.89
CIB,COP,20,11.8088,13347356.0,929491313.44
CIEN,USD,20,61.03,86389767.0,33539099242.41
CIFR,USD,20,56.7857,232281017.0,3789358370.63
CIG,BRL,20,6.0503,115201501.0,264601988.27
CIGI,USD,20,67.098,33400186.0,4181955809.85
CIGL,USD,16,83.118,171783222.0,105359303.35
CIGc,BRL,20,0.0432,413427.0,1121800.92
CIIT,USD,18,40.2293,389175.0,2481706.34
CIM,USD,20,46.4923,38888868.0,489906464.99
CIM_pa,USD,7,17.2098,998164.0,20686979.61
CIM_pb,USD,16,25.5168,3317199.0,76838291.42
CIM_pc,USD,16,36.1529,3759892.0,85492813.58
CIM_pd,USD,12,26.3526,2108211.0,49167133.72
CINF,USD,20,42.4112,65604617.0,10438387099.58
CING,USD,20,38.6397,5204392.0,31856568.47
CINGW,USD,12,,30266.0,0.0
CINT,USD,20,57.6938,10450178.0,46393348.29
CION,USD,20,22.1637,11035082.0,81005117.85
CIRC,USD,20,66.6367,59948436.0,88874672.16
CISO,USD,20,37.8135,17134543.0,7287131.34
CISS,USD,20,3.9899,57734.0,623426.12
CITR,USD,20,48.2758,10793174.0,74385886.74
CIVB,USD,20,48.5991,10105729.0,231039904.61
CIX,USD,20,93.9992,11583564.0,270693543.37
CJMB,USD,20,76.0219,4291696.0,5215719.04
CKX,USD,20,45.2364,928759.0,10371257.93
CL,USD,20,41.0328,328340739.0,27633656655.54
CLAR,USD,20,66.3435,25503449.0,73173260.74
CLB,USD,20,95.669,44100238.0,716672691.52
CLBK,USD,20,32.4479,87459928.0,1652817611.37
CLBR,USD,14,20.8239,6257625.0,63032457.5
CLBT,USD,20,74.4732,185766171.0,3093472931.62
CLCO,USD,20,63.7968,34275924.0,201713250.47
CLDI,USD,20,7.5218,1452564.0,405001.42
CLDT,USD,20,70.8895,33092060.0,252106182.3
CLDT_pa,USD,11,21.6016,1036890.0,20559729.73
CLDX,USD,20,63.0713,49505920.0,1467172269.52
CLEU,USD,14,1.4919,50225.0,14729988.0
CLF,USD,20,56.5442,322603254.0,2871331325.35
CLFD,USD,20,61.1952,8316088.0,236629867.98
CLGN,USD,20,29.1824,5517907.0,8992157.72
CLH,USD,20,57.7216,30503543.0,8391669368.39
CLIK,HKD,15,17.6026,1308923.0,6935831.63
CLIR,USD,20,22.8131,1552978.0,8044860.79
CLLS,USD,20,16.6318,12031273.0,42000632.55
CLMB,USD,20,64.3649,11970056.0,241300933.59
CLMT,USD,20,57.1193,49777704.0,1533313299.93
CLNE,USD,20,54.9314,120972224.0,286042780.29
CLNN,USD,20,32.5897,4164416.0,21300008.61
CLOV,USD,20,25.3971,109452868.0,232155809.02
CLPR,USD,20,41.6526,6730026.0,22095838.97
CLPS,USD,20,56.4031,16831720.0,15649357.9
CLPT,USD,20,42.0092,12598332.0,137225552.44
CLRB,USD,20,18.3846,1469262.0,4450918.34
CLRC,USD,20,106.5903,2237571.0,28529030.25
CLRO,USD,20,71.9509,1924987.0,6937688.28
CLS,USD,20,34.1122,39222752.0,11092195766.44
CLSD,USD,20,15.6753,820439.0,10978052.41
CLSK,USD,20,63.7001,163459794.0,1664826822.22
CLST,USD,20,47.9257,1942304.0,31730217.92
CLVR,USD,3,0.2694,4727.0,2.84
CLVT,USD,20,88.398,565052730.0,1539660244.44
CLW,USD,20,58.0532,9361183.0,149428205.16
CLWT,USD,14,61.0781,4526780.0,5665764.74
CLX,USD,20,45.607,55148553.0,5673216499.03
CLYM,USD,20,54.6878,31315884.0,273248454.21
CM,CAD,20,32.854,300540290.0,28846826698.76
CMBM,USD,20,56.7435,16474267.0,6158084.12
CMBT,USD,20,66.6052,210457248.0,2080838091.46
CMC,USD,20,60.1239,66511700.0,4096840717.49
CMCL,USD,20,51.1992,9899432.0,229857563.81
CMCM,CNY,20,11.8674,1229717.0,6806832.36
CMCO,USD,20,56.1279,16218422.0,237116048.06
CMCSA,USD,20,51.7777,1832504227.0,52395225275.89
CMCSV,USD,5,,744176.0,20360655.36
CMCT,USD,20,16.6373,490437.0,2582760.51
CMDB,USD,20,81.4011,19732352.0,306390170.58
CME,USD,20,39.1468,141850977.0,41318811838.26
CMG,USD,20,53.2908,683579874.0,22482937688.89
CMI,USD,20,41.9533,57891162.0,30935618027.78
CMII,USD,20,43.7253,10347575.0,102445161.94
CMIIU,USD,20,25.0015,5916627.0,59101803.73
CMLS,USD,20,25.9327,4521698.0,372009.67
CMMB,USD,20,18.947,1388362.0,2330703.79
CMND,USD,20,0.2881,1912309.0,4257721.5
CMP,USD,20,81.4509,34175458.0,791404084.16
CMPO,USD,20,80.0469,232025368.0,4448077495.08
CMPR,USD,20,90.3128,21884668.0,1640790300.72
CMPS,USD,20,44.6489,60253573.0,354483399.85
CMPX,USD,20,80.7894,145492014.0,777247016.62
CMRC,USD,20,61.926,51096367.0,161696397.21
CMRE,USD,20,83.3489,100634147.0,1685963532.61
CMRE_pb,USD,2,0.6908,13613.0,346086.65
CMRE_pc,USD,1,0.7775,30893.0,821753.8
CMS,USD,20,54.6647,168870102.0,12876419320.11
CMS_pb,USD,1,0.0402,150.0,11551.5
CMT,USD,20,65.4763,5606918.0,127461281.7
CMTG,USD,20,69.7022,97735667.0,242317920.98
CMTL,USD,20,48.7441,14604435.0,48210480.18
CMTV,USD,20,33.6195,1883318.0,64525469.8
CNA,USD,20,97.3276,263301513.0,12105482278.58
CNC,USD,20,48.5589,239783080.0,8640324181.58
CNCK,JPY,20,92.3279,177049135.0,392262128.98
CNCKW,JPY,20,,2110277.0,0.0
CNDA,USD,20,0.0,1417657.0,15176812.75
CNDT,USD,20,62.6001,97090962.0,131060478.78
CNET,USD,20,19.2379,701957.0,716308.9
CNEY,USD,20,3.7478,186951.0,88254.4
CNF,CNY,20,18.678,1456506.0,6350579.06
CNGL,USD,5,31.8979,629237.0,5663133.0
CNH,USD,20,73.1738,907320100.0,9695189157.68
CNI,CAD,20,41.9691,256600600.0,26465814824.76
CNK,USD,20,81.3154,94966242.0,2569518508.18
CNL,USD,20,80.3276,74496922.0,1194885655.52
CNM,USD,20,61.4746,115076133.0,5676635445.1
CNMD,USD,20,80.1718,24139067.0,882971394.56
CNNE,USD,20,73.3755,32241557.0,443364796.75
CNO,USD,20,63.6121,59381102.0,2447273504.38
CNOB,USD,20,51.2572,25792492.0,690465010.84
CNP,USD,20,67.7554,443234349.0,19013695801.3
CNQ,CAD,20,51.9622,1078755611.0,50508287341.43
CNR,USD,20,68.629,34594249.0,3426750211.95
CNS,USD,20,77.2788,39725648.0,2682780660.8
CNSP,USD,20,10.9281,159710.0,589852.79
CNTA,USD,20,62.1881,96222900.0,3315534957.01
CNTB,USD,20,82.0915,51687918.0,135692099.15
CNTG,EUR,3,1.4495,400000.0,48000.0
CNTM,USD,20,44.6334,2514217.0,22867014.37
CNTN,USD,20,32.0152,24690738.0,73650619.71
CNTX,USD,20,76.5423,70326611.0,139512512.07
CNTY,USD,20,61.6876,17378519.0,24019066.07
CNVS,USD,20,23.9121,5599488.0,14524332.79
CNX,USD,20,68.6679,97149527.0,3688860240.59
CNXC,USD,20,83.6899,51066299.0,1450158814.57
CNXN,USD,20,84.3287,21272724.0,1245026489.47
CNXU,USD,12,40.9833,10966413.0,127132192.44
COAG,USD,20,81.0383,37849270.0,1096112406.22
COCH,USD,20,52.5465,40398494.0,26915124.75
COCHW,USD,20,,5713410.0,0.0
COCO,USD,20,66.1502,38089111.0,1959951751.05
COCP,USD,20,36.0408,4969119.0,5484794.5
CODA,,20,69.0305,7787114.0,84097111.85
CODI,USD,20,71.5356,53820377.0,419862079.55
CODI_pa,USD,6,36.3642,1701114.0,33076104.0
CODI_pb,USD,11,29.8647,2247023.0,49482144.93
CODI_pc,USD,16,24.512,1938164.0,42681210.29
CODX,USD,20,10.6074,552305.0,3537713.51
COE,USD,20,80.3194,3438099.0,74007218.9
COEPW,USD,20,,377697.0,0.0
COF,USD,20,41.3756,253839035.0,46824614944.44
COFS,USD,20,35.0999,5256209.0,151523766.04
COF_pi,USD,20,16.9369,10162149.0,186088726.24
COF_pj,USD,20,15.8651,7932591.0,138942111.23
COF_pl,USD,18,17.3413,4682179.0,74618067.99
COF_pn,USD,15,15.9625,2713614.0,42361538.22
COGT,USD,20,66.8877,114289465.0,4228045343.79
COHN,USD,20,33.6881,834673.0,17921065.43
COHR,USD,20,50.0004,97821028.0,21653151208.74
COHU,USD,20,72.9518,34415261.0,1240847381.53
COIN,USD,20,36.8049,81863895.0,15488263392.01
COKE,USD,20,46.2787,26155452.0,4833808907.76
COLA,USD,20,125.7181,5650320.0,58910791.78
COLAR,USD,20,,3712325.0,1269970.95
COLAU,USD,14,3.846,239770.0,2436456.31
COLB,USD,20,64.8023,183357045.0,5033324253.23
COLD,USD,20,68.7622,196182555.0,2320950590.1
COLL,USD,20,79.5982,25816703.0,914200894.91
COLM,USD,20,92.4128,47260529.0,2771381386.27
COMM,USD,20,50.9639,114959588.0,1920708618.45
COMP,USD,20,49.8741,372635647.0,3067553203.77
CON,USD,20,72.1968,92384186.0,1963237261.4
CON_w,USD,20,72.1968,92384186.0,1963237261.4
COO,USD,20,60.0606,117136538.0,8375262467.0
COOK,USD,20,82.9216,2306716.0,89147859.27
COOP,USD,20,0.3428,219372.0,31883961.44
COOT,AUD,20,45.5775,21284019.0,10886733.01
COOTW,AUD,20,,4329778.0,0.0
COP,USD,20,46.8967,571342599.0,71534732534.21
COPL,USD,20,72.9054,13107212.0,134936684.29
COPL_u,USD,20,9.2553,1648005.0,17533674.44
COPR,USD,10,58.4058,10343269.0,43008577.44
COR,USD,20,49.7207,96736966.0,30675476612.47
CORT,USD,20,61.8642,66412210.0,2711034968.79
CORZ,USD,20,83.0198,263908341.0,4255277003.12
COSM,USD,20,36.4349,21838703.0,4254794.93
COSO,USD,20,62.5351,7423490.0,183475243.36
COST,USD,20,36.3571,161237487.0,159279915170.26
COTY,USD,20,83.0869,731552297.0,2530700025.07
COUR,USD,20,50.7795,145394459.0,866396564.64
COYA,USD,20,48.3446,11340300.0,53181963.12
CP,CAD,20,35.4137,314381243.0,24653628875.9
CPA,USD,20,63.3149,18906655.0,2233735458.87
CPAC,PEN,20,6.6447,5632875.0,45662524.17
CPAY,USD,20,64.6264,42240983.0,12592427187.14
CPB,USD,20,75.4542,225007819.0,5675757920.11
CPBI,USD,20,56.2321,2352058.0,40059020.25
CPF,USD,20,67.0787,17508310.0,559102158.56
CPHC,USD,20,74.6774,3846122.0,59875354.99
CPHI,USD,20,89.6917,38587155.0,23538164.55
CPIX,USD,20,59.4777,8911579.0,47614199.55
CPK,USD,20,65.5438,15733646.0,1973839460.71
CPNG,USD,20,61.1135,1000587870.0,19905919909.38
CPOP,USD,20,45.4959,5177880.0,45610428.11
CPRI,USD,20,69.6601,79967154.0,1437634343.78
CPRT,USD,20,51.0298,472439031.0,16438355598.65
CPRX,USD,20,55.1069,67461651.0,1713940546.75
CPRY,,20,71.4842,1697759.0,46040983.25
CPS,USD,20,45.0851,8004950.0,229485693.06
CPSF,,20,70.8465,761604.0,19487056.0
CPSH,USD,20,45.7656,8797567.0,35457322.64
CPSR,,20,75.4383,716665.0,18109872.61
CPSS,USD,20,72.5692,15747814.0,131555410.36
CPSY,,20,65.9653,610180.0,15250390.34
CPT,USD,20,64.8192,65155870.0,6630955714.0
CR,USD,20,55.3248,31947677.0,5671928125.05
CRAC,USD,20,81.3776,14037626.0,140155287.06
CRACR,USD,20,,11908758.0,1786313.7
CRACU,USD,16,11.1788,1970267.0,20016686.98
CRAI,USD,20,54.6926,3534799.0,616132918.89
CRAN,USD,20,49.1406,17395783.0,172836412.43
CRANR,USD,20,,20521087.0,3693795.66
CRANU,USD,20,17.2994,6124022.0,61846073.04
CRAQ,USD,20,69.3171,16400410.0,166420615.56
CRAQR,USD,20,,17873506.0,3932171.32
CRAQU,USD,20,8.1215,1921531.0,19773986.86
CRBG,USD,20,85.3199,380328595.0,9987227887.72
CRBP,USD,20,65.8587,12202150.0,105798114.63
CRBU,USD,20,35.5238,35232622.0,65042660.23
CRC,USD,20,75.8241,67327830.0,4261678806.87
CRCL,USD,20,38.9938,89630498.0,9642095791.4
CRCT,USD,20,44.6833,24584177.0,102507901.55
CRDF,USD,20,30.1687,23469895.0,36527926.81
CRDL,CAD,20,23.5934,27190468.0,34276286.48
CRDO,USD,20,45.7947,85396806.0,9970372378.02
CRDa,USD,20,75.9622,22632669.0,226085203.69
CRDb,USD,20,94.7022,17942533.0,182038186.74
CRE,HKD,9,33.4931,548947.0,1273888.36
CREG,USD,18,4.191,115079.0,1416894.64
CRESW,,12,,2054447.0,0.0
CRESY,ARS,20,20.4874,12944922.0,159876049.6
CREV,AUD,12,27.875,525496.0,1810978.14
CREVW,AUD,20,,1961129.0,0.0
CREX,USD,20,37.9725,4973593.0,17952819.4
CRGO,USD,20,56.3041,29099926.0,47458040.52
CRGOW,USD,20,,1926740.0,0.0
CRGY,USD,20,57.6234,190302573.0,2447930434.99
CRH,USD,20,42.3546,283013235.0,31617066568.8
CRI,USD,20,76.7906,28297418.0,999792875.76
CRIS,USD,20,42.5374,829027.0,9210500.52
CRK,USD,20,93.9654,275973202.0,5121966718.74
CRKN,USD,20,58.4691,1016322.0,1589567.14
CRL,USD,20,64.8503,31236855.0,5620802922.06
CRM,USD,20,46.332,379457336.0,71551416985.76
CRMD,USD,20,43.9399,34471538.0,286637579.24
CRML,USD,20,53.0862,77681249.0,772806803.49
CRMLW,USD,20,,4088694.0,0.0
CRMT,USD,20,83.0132,6912777.0,87253585.09
CRNC,USD,20,60.1415,27176500.0,217299986.68
CRNT,USD,20,30.3819,27615061.0,65063668.89
CRNX,USD,20,85.8156,90810172.0,3343090838.93
CRON,USD,20,59.9896,223780458.0,566486787.98
CROX,USD,20,59.175,29404001.0,2463513338.02
CRS,USD,20,53.8907,26775927.0,9838390922.78
CRSP,USD,20,61.6048,59417445.0,2887855561.42
CRSR,USD,20,81.4872,87095452.0,559816581.59
CRTO,USD,20,80.038,40214751.0,756908859.61
CRUS,USD,20,59.9326,30237631.0,4375659974.08
CRVL,USD,20,77.7234,39645875.0,2179946133.35
CRVO,USD,20,47.9223,6459399.0,22861505.45
CRVS,USD,20,58.8335,49473389.0,692854230.89
CRWD,USD,20,38.7971,395078756.0,41553006792.45
CRWS,USD,20,37.907,4078897.0,10912579.71
CRWV,USD,20,53.8527,241031171.0,21710744619.97
CSA,,3,32.1676,96503.0,7140187.25
CSAI,USD,20,6.1592,1538380.0,935470.24
CSAN,BRL,20,1.7778,17418455.0,71296505.7
CSBR,USD,20,66.6884,9260909.0,62303957.38
CSCI,USD,20,27.5346,4579884.0,905772.71
CSCO,USD,20,41.153,1622013522.0,129155255553.24
CSGP,USD,20,63.9571,261172052.0,11864786470.58
CSGS,USD,20,64.9687,18522517.0,1464665711.73
CSHR,USD,18,67.7708,89308691.0,442134715.22
CSIQ,USD,20,69.0464,46880283.0,813448715.95
CSL,USD,20,51.0334,20650752.0,6827815600.64
CSLM,USD,20,73.4386,21286320.0,38852410.74
CSPI,USD,20,55.3719,5576961.0,48821192.4
CSQR,USD,7,69.592,107881923.0,272000.0
CSR,USD,20,76.2026,12804437.0,747559443.57
CSSE,USD,20,0.0,0.0,0.0
CSTE,USD,20,50.8897,17596211.0,23604959.18
CSTL,USD,20,62.5817,18981025.0,506318167.95
CSTM,USD,20,53.9744,73486379.0,1749820089.29
CSV,USD,20,60.6975,9634110.0,423324823.56
CSW,USD,20,64.4155,10497333.0,2785474800.12
CSWC,USD,20,20.5894,12794501.0,290709996.77
CSX,USD,20,43.8243,811831696.0,33451854352.0
CTAS,USD,20,48.9577,195901749.0,35614219452.89
CTA_pb,USD,6,10.4853,175378.0,11717004.18
CTBI,USD,20,42.5998,7737698.0,478187405.68
CTEV,USD,20,83.7046,14269796.0,369269657.08
CTGO,USD,20,40.3143,12365050.0,246054248.26
CTHR,USD,20,74.5674,3334247.0,2774634.43
CTKB,USD,20,61.4198,79319159.0,352589071.05
CTLP,USD,20,73.6773,54325030.0,578693281.94
CTM,USD,20,19.2931,18270646.0,11202171.79
CTMX,USD,20,66.3145,144368566.0,633848601.76
CTNM,USD,20,76.624,25074347.0,306524064.48
CTNT,USD,20,282.4349,33548587.0,49966234.64
CTO,USD,20,43.6085,14732544.0,275108558.38
CTOR,USD,20,87.4289,81284878.0,63376035.08
CTOS,USD,20,90.7599,206417749.0,1405191201.58
CTO_pa,USD,19,40.1947,1894414.0,39328746.89
CTRA,USD,20,48.4074,367584714.0,12531569125.32
CTRE,USD,20,63.9112,150983982.0,5522442897.45
CTRI,USD,20,66.9674,67593252.0,1833106906.68
CTRM,USD,20,5.0528,488232.0,932334.05
CTRN,USD,20,73.6994,6139045.0,294271489.28
CTS,USD,20,78.3473,22401796.0,1117036130.16
CTSH,USD,20,57.1483,270808532.0,16892726516.05
CTSO,USD,20,39.1593,24608787.0,13672334.62
CTVA,USD,20,53.671,358961449.0,28659727485.67
CTXR,USD,20,5.4448,1494412.0,1238303.22
CUB,USD,20,108.608,23346540.0,250511034.76
CUBE,USD,20,58.3805,132181298.0,4826951872.3
CUBI,USD,20,76.4332,25813510.0,1811484610.37
CUBI_pf,USD,1,0.0,0.0,0.0
CUBWU,USD,20,5.4107,1244449.0,13221152.43
CUE,USD,20,30.8971,1250006.0,25747171.65
CUK,USD,20,23.461,34387059.0,965847801.87
CULL,USD,1,0.0,0.0,0.0
CULP,USD,20,63.6969,8065771.0,23205103.66
CUPR,SGD,9,1.2223,11253.0,26361.76
CURB,USD,20,76.6971,87463282.0,2236958939.72
CURI,USD,20,52.8413,31328427.0,93812890.2
CURR,USD,20,64.1816,72064397.0,137006500.95
CURV,USD,20,89.3034,88875154.0,153392186.32
CURX,USD,20,68.8056,19516597.0,5209782.39
CUZ,USD,20,71.094,116978788.0,2695729764.85
CV,USD,20,38.7099,19340799.0,138235959.75
CVBF,USD,20,50.6284,89230772.0,1737635744.45
CVCO,USD,20,66.7177,5142292.0,2506049522.53
CVE,CAD,20,59.7157,1111074686.0,29433624606.92
CVEO,USD,20,75.251,8234925.0,212974878.05
CVGI,USD,20,58.8459,21488942.0,73196474.72
CVGW,USD,20,67.6071,12084115.0,311649325.85
CVI,USD,20,91.9853,92473505.0,3024085721.48
CVKD,USD,20,16.7799,519939.0,3212909.29
CVLG,USD,20,69.7419,14276914.0,417933293.57
CVLT,USD,20,62.4678,25875145.0,2074343577.49
CVM,USD,20,10.6553,1859808.0,8976234.16
CVNA,USD,20,68.9393,493804851.0,33513911072.61
CVR,USD,20,45.4487,439093.0,4827808.36
CVRX,USD,20,63.6879,16900268.0,145745191.39
CVS,USD,20,49.1105,626613533.0,45764327081.2
CVSA,USD,20,66.5195,22637148.0,2586031293.8
CVU,USD,20,42.5777,5624374.0,23787283.08
CVV,USD,20,48.3004,3352287.0,14175300.22
CVX,USD,20,41.853,833544195.0,159603747833.21
CW,USD,20,45.3951,16769587.0,11131401563.35
CWAN,,20,62.5977,186150504.0,4406050097.4
CWBC,USD,20,37.3653,10137598.0,236985325.02
CWCO,USD,20,49.4539,7912729.0,263559326.16
CWD,USD,20,5.3315,451541.0,521326.47
CWEN,USD,20,43.8335,53112096.0,2043610698.34
CWENa,USD,20,53.8225,18630044.0,695853552.73
CWH,USD,20,61.1687,38854297.0,310591725.39
CWK,USD,20,59.9698,140510086.0,1822978786.67
CWST,USD,20,68.9945,43205473.0,3648273036.72
CWT,USD,20,70.2018,42018022.0,1902615979.75
CX,USD,20,23.363,354063432.0,4079626760.63
CXAI,USD,20,15.0786,16448891.0,4038077.43
CXAIW,USD,20,,4875009.0,0.0
CXDO,USD,20,55.2405,17906315.0,124442128.77
CXII,USD,4,17.9641,7500000.0,79875000.0
CXM,USD,20,83.2597,110813350.0,665393690.08
CXT,USD,20,74.616,42935830.0,1835667189.83
CXW,USD,20,65.4785,64750654.0,1334905798.83
CYAB,USD,13,34.1606,5205844.0,7463020.33
CYBN,CAD,20,48.4295,33628124.0,175983376.15
CYBR,USD,20,32.4591,16384347.0,7308401822.82
CYCN,USD,20,27.3329,1183594.0,3601922.63
CYCU,USD,20,15.3436,1760318.0,2258536.4
CYCUW,USD,20,,6301267.0,0.0
CYD,CNY,20,88.9727,33381036.0,1209758582.68
CYH,USD,20,70.5057,99419710.0,290663574.92
CYN,USD,20,10.3188,1488330.0,12889404.16
CYPH,USD,20,21.8958,23311281.0,22678765.27
CYRX,USD,20,68.839,34696411.0,328775508.32
CYTK,USD,20,70.5312,95623254.0,6254546729.49
CYTO,USD,9,22.7968,1302940.0,112692.93
CZFS,USD,20,27.3723,1315224.0,82769382.97
CZNC,USD,20,26.5,4754647.0,106464886.35
CZR,USD,20,60.3789,122987854.0,3253434819.46
CZWI,USD,20,61.5832,5939146.0,117243403.22
D,USD,20,52.8634,464940831.0,28706524958.42
DAAQ,USD,20,73.5226,12682693.0,129383047.7
DAAQU,USD,20,17.7021,3053594.0,31980160.76
DAC,USD,20,69.3189,12618518.0,1259876354.68
DAIC,USD,20,37.3803,733631.0,3301173.81
DAICW,USD,20,,7407876.0,0.0
DAIO,USD,20,44.0238,4135789.0,12895961.38
DAKT,USD,20,60.5738,29247898.0,569011337.58
DAL,USD,20,53.2589,350242005.0,23284088492.4
DAN,USD,20,67.5064,72619736.0,2443654116.4
DAO,CNY,20,42.4663,13863648.0,138368509.34
DAR,USD,20,55.0483,87486791.0,4575828192.38
DARE,USD,20,16.9074,2532629.0,4900562.54
DASH,USD,20,53.7013,220891774.0,36151188439.07
DAVA,GBP,20,47.5253,19382230.0,88669242.11
DAVE,USD,20,65.8278,7504479.0,1519950046.55
DAVEW,USD,20,,6620179.0,0.0
DAWN,USD,20,56.3506,58229497.0,1029241334.39
DAY,USD,20,131.5843,213147752.0,14854688608.62
DB,EUR,20,40.2054,768150729.0,25070610871.04
DBCA,USD,20,46.4301,14370075.0,141741939.5
DBCAU,USD,19,23.7016,6861583.0,68615830.0
DBD,USD,20,82.1388,28443264.0,2188550287.05
DBGI,USD,20,7.2372,41614.0,2257026.0
DBI,USD,20,76.0587,32738898.0,187088729.38
DBRG,USD,20,64.5224,119145181.0,1837662044.74
DBRG_ph,USD,15,30.7457,2591941.0,39774503.95
DBRG_pi,USD,20,41.5477,5345928.0,82982914.99
DBRG_pj,USD,20,30.8905,3611652.0,57207954.11
DBVT,USD,20,27.474,16266990.0,323906150.86
DBX,USD,20,81.4733,122023250.0,2912680118.88
DC,USD,20,46.7674,62634871.0,318159188.99
DCBO,USD,20,87.0649,21891239.0,406590126.92
DCGO,USD,20,35.7875,35350278.0,23859156.16
DCH,USD,20,57.1157,135573361.0,821347072.97
DCI,USD,20,55.0157,63769346.0,5426290417.52
DCO,USD,20,59.9187,9039046.0,1119145498.42
DCOM,USD,20,64.8634,28642457.0,978336190.69
DCOMP,USD,8,15.7912,836811.0,14990557.71
DCOM_p,USD,8,15.7912,836811.0,14990557.71
DCOY,USD,20,6.0332,67824.0,518213.15
DCTH,USD,20,43.0389,14862900.0,139924807.56
DCX,USD,20,5.0455,17739283.0,39178787.82
DD,USD,20,38.2833,51690260.0,7085798774.4
DDC,CNY,14,21.456,10192823.0,35476426.92
DDD,USD,20,44.9308,72848862.0,145969941.38
DDI,USD,20,20.6158,10215813.0,87793210.05
DDL,CNY,20,36.9099,67462724.0,172571853.56
DDOG,USD,20,52.1301,172459982.0,22000434254.31
DDS,USD,20,84.3029,9807157.0,5450676921.32
DE,USD,20,46.4945,125506473.0,68405345585.5
DEA,USD,20,57.2903,26611000.0,573772954.32
DEC,USD,20,59.6672,43153449.0,673275518.2
DECA,,18,84.3119,194093504.0,190796752.0
DECK,USD,20,48.711,67650286.0,6778071844.08
DEFI,,12,102.3592,122831.0,12874165.83
DEFT,USD,20,10.4462,40533441.0,28525026.7
DEI,USD,20,72.6884,121742141.0,1170691756.23
DELL,USD,20,44.2812,143934658.0,24270515481.54
DEO,USD,20,4.6027,25620937.0,2028851373.09
DERM,USD,20,82.5421,17775070.0,107182235.05
DETX,USD,11,33.1164,1873768.0,10973762.56
DEVS,USD,20,19.6714,6898277.0,1125236.27
DFDV,USD,20,34.435,10371167.0,39211849.7
DFH,USD,20,87.3783,29541943.0,429632398.98
DFIN,USD,20,66.1538,16526743.0,775618510.27
DFLI,USD,20,12.2766,1573309.0,3964144.36
DFLIW,USD,20,,1738461.0,0.0
DFMC,,1,0.3867,5800.0,294997.86
DFNS,USD,20,31.6999,320327.0,6900756.93
DFNSW,USD,16,,1061097.0,0.0
DFSC,CAD,20,14.8011,341321.0,852790.5
DFTX,USD,20,45.7809,57057953.0,1355268936.42
DG,USD,20,47.5509,104890971.0,12453704986.83
DGICA,USD,20,72.636,22860647.0,419834144.74
DGICB,USD,20,90.4469,5044014.0,82554995.31
DGII,USD,20,72.0415,27161174.0,1356128069.71
DGLY,USD,20,7.5361,47004.0,231784.25
DGNX,USD,20,42.6413,12409026.0,89996890.93
DGX,USD,20,53.7455,59320645.0,11595966222.75
DGXX,USD,20,33.3335,24275627.0,88926822.19
DH,USD,20,82.0698,86603429.0,227542066.22
DHAI,USD,20,27.7062,579794.0,1066601.36
DHC,USD,20,73.2909,177442125.0,1033527097.67
DHI,USD,20,62.3033,174262767.0,24019251019.36
DHIL,USD,20,52.8721,1430012.0,246801861.54
DHR,USD,20,46.3844,326076212.0,62197996206.72
DHT,USD,20,58.4696,94160349.0,1460842082.53
DHX,USD,20,74.4033,32141127.0,88297026.81
DHY_r,USD,2,,1290444.0,16130.55
DHY_r_w,USD,3,,0.0,0.0
DIBS,USD,20,70.5892,24941726.0,136392839.92
DIN,USD,20,59.3627,7530287.0,210401521.06
DINO,USD,20,59.4716,107212883.0,6538168524.64
DIOD,USD,20,69.1927,31790334.0,2098972102.32
DIS,USD,20,36.769,638500837.0,63739865588.45
DIT,USD,20,85.0982,830582.0,64093340.72
DJCO,USD,20,70.4167,970145.0,469749704.42
DJT,USD,20,59.0817,163628842.0,1997438296.63
DJTWW,USD,20,,196485.0,0.0
DK,USD,20,65.0514,39868484.0,1556232143.11
DKI,USD,14,28.1393,469282.0,9450319.92
DKNG,USD,20,53.2041,263959625.0,7033240069.66
DKS,USD,20,66.4734,43827167.0,8757630385.15
DLA,USD,20,0.5627,39675.0,3.97
DLB,USD,20,65.9627,39806032.0,2439914992.32
DLHC,USD,20,79.1583,11472412.0,64004861.08
DLNG,USD,20,65.1766,23712567.0,83301910.96
DLNG_pa,USD,1,0.0,0.0,0.0
DLO,USD,20,71.7622,127762097.0,1687591475.33
DLPN,USD,20,32.3538,4211549.0,5619588.83
DLR,USD,20,58.141,215127584.0,38207245009.14
DLR_pj,USD,19,27.9444,2235543.0,45284850.66
DLR_pk,USD,20,22.1633,1861716.0,41633913.4
DLR_pl,USD,20,30.6396,4228261.0,84267328.52
DLTH,USD,20,79.1651,27421167.0,87200510.2
DLTR,USD,20,59.2003,113767514.0,12487308936.14
DLX,USD,20,62.3074,28526892.0,770692609.0
DLXY,USD,9,65.7226,13890934.0,61692145.05
DMAA,USD,20,104.3089,25322924.0,265310765.12
DMAAR,USD,20,,14077918.0,979987.06
DMAAU,USD,20,19.4197,4550031.0,46507387.8
DMAC,USD,20,59.8792,32264914.0,212904416.02
DMAT,,20,12.1254,172182.0,5140941.28
DMC,USD,20,68.1271,32412566.0,1268319715.35
DMII,USD,20,54.611,34787182.0,345681856.61
DMIIR,USD,20,,29636124.0,2370889.92
DMIIU,USD,20,7.9072,5185257.0,52047187.76
DMN,USD,20,15.149,3188462.0,1740954.7
DMRA,USD,20,86.97,53532940.0,1401557827.28
DMRC,USD,20,67.5044,15070861.0,79284031.23
DMYY,USD,20,13.508,370449.0,4808696.47
DNA,USD,20,54.2004,28921951.0,209123858.17
DNLI,USD,20,70.1941,111404717.0,2242916770.4
DNMX,USD,20,60.848,12245622.0,121365216.12
DNMXU,USD,20,11.0178,2217377.0,22350520.32
DNN,CAD,20,42.8925,388186084.0,1357232582.64
DNOW,USD,20,70.937,129492964.0,1587944222.6
DNTH,USD,20,70.5865,38587051.0,2404876209.48
DNUT,USD,20,79.7419,137475006.0,483126828.57
DOC,USD,20,60.4276,416600307.0,6832579017.31
DOCN,USD,20,62.106,72581139.0,7534922760.09
DOCS,USD,20,58.836,75814515.0,1761478565.58
DOCU,USD,20,51.6048,98536251.0,4728925712.69
DOGZ,USD,20,27.0023,1469364.0,42725146.39
DOLE,USD,20,55.6594,52964873.0,769812587.47
DOMH,USD,20,69.1284,15632549.0,56665859.5
DOMO,USD,20,57.4003,24941092.0,108363147.55
DOO,CAD,20,57.8283,22279549.0,1549703682.53
DORM,USD,20,64.4093,19247288.0,2135406771.27
DOUG,USD,20,57.4162,52194770.0,103559684.74
DOV,USD,20,49.9876,67323348.0,14014883914.9
DOW,USD,20,39.6332,286286654.0,11754532273.19
DOX,USD,20,61.892,66577925.0,4525117660.52
DOYU,CNY,20,26.2082,7909284.0,47303951.14
DPC,,20,58.6897,85188860.0,4179365471.6
DPRO,CAD,20,16.9936,6202016.0,36891638.21
DPZ,USD,20,72.5197,24008944.0,8848263546.54
DQ,USD,20,50.7436,34336323.0,746233498.48
DRCT,USD,20,4.7961,35443.0,151393.87
DRD,ZAR,20,9.722,8432845.0,247092205.65
DRDB,USD,20,91.5847,21064471.0,220060632.05
DRH,USD,20,75.3055,153992413.0,1435380744.01
DRH_pa,USD,4,0.0,0.0,0.0
DRI,USD,20,61.2512,70153856.0,13683051999.56
DRIO,USD,20,24.3558,2385239.0,31335459.93
DRMA,USD,20,31.3891,1262515.0,1724457.27
DRMAW,USD,8,,13304.0,0.0
DRS,USD,20,88.9041,237162292.0,10461927037.99
DRTS,USD,20,35.1633,31761698.0,227806964.66
DRTSW,USD,20,,4053968.0,0.0
DRUG,CAD,20,79.6382,7814144.0,586182581.03
DRVN,USD,20,95.8783,158156930.0,2132496420.61
DSAC,USD,20,42.2661,10856021.0,107695668.11
DSACU,USD,20,20.6934,5315075.0,53319852.06
DSC,CNY,1,0.0258,8650.0,47748.0
DSGN,USD,20,75.8868,47396660.0,501965563.2
DSGR,USD,20,90.5029,41862516.0,1144229078.55
DSGX,USD,20,44.1455,37835067.0,2805524108.52
DSP,USD,20,40.5049,8109783.0,92340240.34
DSS,USD,20,110.2718,11074080.0,6529564.66
DSWL,USD,20,77.6733000000001,12338566.0,33185148.47
DSX,USD,20,51.4793,64032533.0,163585719.74
DSY,USD,16,11.7558,147168.0,389232.6
DT,USD,20,56.9797,165371908.0,6190842273.29
DTC,USD,20,52.5769,1345434.0,5286014.69
DTCK,USD,11,0.0,0.0,0.0
DTCX,USD,20,35.016,13611978.0,32101155.7
DTE,USD,20,53.6183,111541154.0,15982092184.68
DTI,USD,20,58.1366,20428640.0,78230932.38
DTIL,USD,20,65.7836,16973638.0,88455389.22
DTM,USD,20,52.8214,53885084.0,6977368430.4
DTSQ,USD,20,119.8884,4380012.0,48146163.89
DTSQR,USD,20,,6428606.0,852619.08
DTSQU,USD,20,0.9227,31552.0,342339.97
DTSS,USD,16,27.2021,2297799.0,2058190.06
DTST,USD,20,24.7081,573641.0,2168654.75
DTSTW,USD,8,,276863.0,0.0
DUK,USD,20,37.0938,289181799.0,37345481857.81
DUKH,,10,59.4699,475759.0,11396766.35
DUKR,USD,14,45.3217,1544560.0,11477808.99
DUK_pa,USD,20,20.9816,8392657.0,206103675.67
DUO,CNY,20,0.599,230763.0,2824751.82
DUOL,USD,20,66.8283,26889671.0,3056913827.7
DUOT,USD,20,37.3323,11727280.0,85499557.6
DV,USD,20,63.5292,97494475.0,965459579.16
DVA,USD,20,75.2889,48335529.0,8419442387.31
DVAX,USD,20,17.5371,19936912.0,304194935.41
DVLT,USD,20,40.6221,347546278.0,212907986.06
DVN,USD,20,27.2423,314209214.0,15478810164.16
DVS,CAD,20,22.3982,20586388.0,98099284.97
DWSN,USD,20,86.2354,26778522.0,47592063.63
DWTX,USD,20,84.2819,28343597.0,168781229.59
DX,USD,20,28.4661,67582486.0,864246620.38
DXC,USD,20,75.4211,122242717.0,1472281820.97
DXCM,USD,20,51.5385,198872492.0,12636601870.62
DXF,CNY,10,56.2474,2940199.0,1819151.96
DXLG,USD,20,66.0524,36509266.0,19650812.46
DXPE,USD,20,70.5643,10941237.0,1519609982.85
DXR,USD,20,56.6436,3306972.0,33771983.84
DXST,USD,14,25.693,414973.0,16701418.96
DXYN,USD,20,28.1084,3954192.0,1723497.96
DXYZ,USD,20,11.4184,2509322.0,68463360.16
DX_pc,USD,10,19.704,878797.0,22691644.22
DY,USD,20,64.4932,19368305.0,6562369100.1
DYAI,USD,20,38.4715,14018521.0,11429461.19
DYCQ,USD,20,101.3012,2235090.0,25492372.92
DYN,USD,20,72.6708,133592189.0,2419332642.69
DYNCU,USD,20,7.2078,1196491.0,12081705.15
DYNT,USD,9,62.0327,9955456.0,445714.93
DYOR,USD,20,65.3686,11276078.0,112065854.16
DYORU,USD,20,10.5408,1818289.0,18485846.53
DZSI,USD,18,3.0784,1194107.0,860075.3
E,EUR,20,1.2133,17835476.0,927305738.41
EA,USD,20,57.2074,143448766.0,29264536369.17
EAF,USD,20,71.2476,18558572.0,156053431.09
EARN,USD,20,10.4514,3926495.0,20816410.09
EAT,USD,20,72.9449,31284489.0,4493140586.07
EBAY,USD,20,53.0748,235652340.0,22326658972.59
EBC,USD,20,58.8089,134613175.0,2633033703.0
EBF,USD,20,67.1899,16997874.0,363525384.6
EBMT,USD,20,44.5556,3549037.0,73344058.22
EBON,USD,20,2.1995,109747.0,194184.3
EBS,USD,20,55.348,28557506.0,256826109.04
EC,COP,20,0.9749,20044752.0,265931483.86
ECBK,USD,20,42.2357,3694426.0,62205904.53
ECC,USD,20,10.7363,14194319.0,62442910.08
ECCC,USD,2,2.8351,61595.0,1514011.26
ECCF,USD,5,3.0854,76710.0,1923119.7
ECC_pd,USD,2,5.6151,236859.0,4334519.7
ECDA,USD,20,100.0018,20473495.0,229461.07
ECF,USD,20,44.072,6024776.0,69040777.36
ECF_pa,USD,1,13.1459,145000.0,3130086.0
ECG,USD,20,49.7445,25390356.0,2898122161.68
ECHO,USD,20,72.7679,115311817.0,12715342936.16
ECL,USD,20,45.2577,127371729.0,33814414355.58
ECO,USD,20,64.6082,25675665.0,1239644561.29
ECOR,USD,20,37.9008,3414098.0,21198439.55
ECPG,USD,20,69.0928,14813779.0,992067257.15
ECVT,USD,20,75.2739,82389990.0,957202854.08
ECX,USD,20,67.4272,233992371.0,403883704.14
ECXWW,USD,20,,11047024.0,0.0
ED,USD,20,41.8462,154216630.0,17054877376.94
EDAP,USD,20,44.2283,16578570.0,59729450.0
EDBL,USD,20,0.3086,7383.0,73271.35
EDBLW,USD,12,,176301.0,0.0
EDHL,USD,17,68.2469,1137179.0,3375867.73
EDIT,USD,20,39.8357,66840096.0,194673436.41
EDN,ARS,20,11.0961,2453420.0,72732063.1
EDRY,USD,20,58.4576,1675739.0,32780495.5
EDSA,USD,20,62.2907,5944018.0,33376474.98
EDTK,USD,17,51.7832,8388619.0,9513090.12
EDU,USD,20,28.6601,49129541.0,2689736530.75
EDUC,USD,20,32.816,2797569.0,3990144.14
EE,USD,20,79.7959,25405251.0,850565293.64
EEFT,USD,20,70.6644,26905582.0,1844383317.08
EEIQ,USD,20,41.0288,675495.0,2409335.31
EEX,USD,20,4.262,8435119.0,38120852.45
EFC,USD,20,41.4106,51926372.0,627706882.35
EFC_pa,USD,7,0.0,0.0,0.0
EFC_pb,USD,5,10.8291,522009.0,12603098.16
EFC_pc,USD,7,13.9165,556657.0,13836029.29
EFOI,USD,20,51.4019,3240086.0,11413284.41
EFOR,USD,20,72.2559,29624897.0,1206480025.47
EFSC,USD,20,59.5766,21601407.0,1175620129.94
EFSH,USD,6,4.1935,2738129.0,356362.04
EFSI,,20,49.0856,2656334.0,93034402.68
EFTR,USD,19,0.0003,12.0,0.0
EFTY,USD,8,68.6251,10369238.0,155745954.76
EFX,USD,20,58.7688,69044641.0,12379889586.71
EFXT,USD,20,54.0151,65954121.0,1496668411.94
EG,USD,20,58.1751,23020903.0,7584894508.05
EGAN,USD,20,82.3977,22618248.0,254946383.94
EGBN,USD,20,64.8065,19759823.0,482227816.61
EGG,USD,4,33.071,4000000.0,23200000.0
EGHA,USD,20,73.5148,11394778.0,116064064.77
EGHAR,USD,20,,12504144.0,3126036.0
EGHAU,USD,20,4.0724,631218.0,6397939.94
EGHT,USD,20,52.8525,74935473.0,126149717.92
EGO,USD,20,42.1078,109900656.0,3723013673.63
EGP,USD,20,62.5325,33625904.0,6212853445.16
EGRX,USD,20,43.3278,5626977.0,16281479.59
EGY,USD,20,47.9011,49940903.0,295709475.2
EH,CNY,20,33.0132,18596934.0,187081714.57
EHAB,USD,20,61.6055,31557768.0,386977348.92
EHC,USD,20,54.1193,53686000.0,5340745241.63
EHGO,USD,11,20.7744,423899.0,4786242.81
EHLD,USD,20,62.2654,1753776.0,13620685.29
EHTH,USD,20,50.4897,16025918.0,43017980.99
EIC,USD,20,32.9275,7587707.0,72510552.04
EICA,USD,1,11.1712,169986.0,4240300.77
EICB,USD,1,28.2628,488387.0,12209675.0
EICC,USD,3,8.4514,169986.0,4246250.28
EIG,USD,20,64.1696,11706371.0,484766107.18
EIKN,USD,20,70.0255,37910781.0,467780545.46
EIX,USD,20,52.1023,200487104.0,13907112293.8
EJH,USD,16,23.2586,744724.0,1184152.38
EKSO,USD,20,98.6319,141857511.0,3130565303.79
EL,USD,20,54.1383,133877510.0,10846858894.55
ELA,USD,20,90.6027,23523649.0,409636099.03
ELAB,USD,20,11.2522,511270.0,1038272.93
ELAN,USD,20,82.0453,409774812.0,9724368468.94
ELBM,CAD,20,26.9609,28794181.0,16841716.03
ELC,USD,14,1.4064,2815898.0,56357621.87
ELD,,20,46.6155,2190932.0,60961895.0
ELDN,USD,20,48.0472,37086546.0,88687815.99
ELE,USD,20,62.8286,40412966.0,691971983.11
ELF,USD,20,63.1945,37246157.0,2282662516.82
ELLO,EUR,20,85.9656,11848826.0,278526342.41
ELMD,USD,20,55.9674,4634120.0,127803984.78
ELME,USD,20,53.59,47618973.0,256106012.74
ELMT,USD,20,82.1138,24617648.0,407259659.59
ELOG,USD,10,46.2055,5929102.0,6722441.66
ELOX,USD,16,67.1988,2712362.0,37195192.4
ELP,BRL,20,0.0238,99501.0,902122.92
ELPC,BRL,20,2.6499,19676114.0,227118791.53
ELPW,USD,20,40.3833,5856897.0,32497443.57
ELS,USD,20,71.2394,138184669.0,8621743631.37
ELSE,USD,20,64.6157,2282501.0,16937675.05
ELTK,USD,20,65.0815,4374006.0,35081819.3
ELTX,USD,20,45.3884,10448420.0,91187078.29
ELUT,USD,20,50.5229,22335119.0,19688024.0
ELV,USD,20,46.3364,100489770.0,29592854438.3
ELVA,USD,20,53.9848,26726571.0,245956914.84
ELVN,USD,20,71.1332,49307348.0,1894286601.13
ELVR,USD,20,12.2333,2353074.0,152413994.56
ELWS,JPY,17,10.1232,685158.0,3485249.6
ELWT,USD,20,76.101,5037726.0,33345965.49
EM,CNY,20,9.83800000000001,21307673.0,24696408.21
EMA,CAD,20,37.9745,116636645.0,6044752386.78
EMAT,USD,20,88.0761,547624559.0,2962123460.45
EMBC,USD,20,66.3209,39346666.0,371394988.08
EMBJ,BRL,20,29.3934,52307722.0,3199458046.35
EME,USD,20,46.4243,20631125.0,14482926478.15
EMIS,USD,20,85.01,10152309.0,101609330.05
EMISR,USD,20,,8467908.0,1185507.12
EML,USD,20,73.7503,4447823.0,92589732.32
EMN,USD,20,58.6692,67088007.0,4965379377.89
EMOP,,20,123.579,50701570.0,2221742797.4
EMPD,USD,20,101.1069,28421341.0,128870866.14
EMPG,USD,10,65.7124,5474668.0,30402236.48
EMR,USD,20,39.6013,221806773.0,29114038023.46
ENB,CAD,20,25.5257,557486925.0,30039269834.91
ENFY,USD,20,42.0807,6636524.0,564758.03
ENGNW,USD,20,,5057547.0,0.0
ENGS,GBP,20,31.2805,9776255.0,17031206.5
ENIC,USD,20,3.4298,47446423.0,193924168.62
ENLT,USD,20,63.4233,88670652.0,8425345072.74
ENLV,USD,20,82.0202,13805632.0,192609274.86
ENOV,USD,20,78.5898,45238185.0,1037722315.58
ENPH,USD,20,61.4928,81046758.0,2981612222.87
ENR,USD,20,80.0773,54831781.0,977515448.15
ENRD,USD,20,13.8199,19353153.0,212330472.14
ENS,USD,20,58.3008,21254171.0,3677829454.12
ENSC,USD,20,3.6092,517739.0,286139.98
ENSG,USD,20,59.2717,34641596.0,6780243361.8
ENSV,USD,20,15.5101,9024235.0,3609.87
ENTA,USD,20,81.2775,23634123.0,325259090.72
ENTG,USD,20,64.8244,98856935.0,11090084179.04
ENTR,,20,9.1115,7803522.0,147362019.72
ENTX,USD,20,39.1988,19321182.0,24242623.76
ENVA,USD,20,55.1841,13739943.0,1873683977.37
ENVB,USD,20,18.1093,639289.0,1290517.06
ENVX,USD,20,43.5204,94941490.0,562816798.32
EOG,USD,20,56.7617,302329541.0,42476121533.13
EOLS,USD,20,67.2649,44297166.0,269939611.61
EONR,USD,20,26.4084,13195897.0,6826699.7
EONR_t,USD,20,,3849563.0,0.0
EOSE,USD,20,40.3958,142393579.0,748522151.84
EP,USD,20,69.841,27791272.0,74278457.08
EPAC,USD,20,75.7455,38734488.0,1412646777.36
EPAM,USD,20,75.7331,39566236.0,5700209493.81
EPC,USD,20,81.7129,37654367.0,744213373.7
EPM,USD,20,47.9592,17204244.0,73192682.92
EPOW,USD,19,27.7966,14305828.0,12537276.82
EPR,USD,20,51.1713,39150023.0,1963134920.67
EPRT,USD,20,78.9931,170839875.0,5220703256.62
EPRX,USD,20,44.5094,28939499.0,204326987.19
EPR_pc,USD,20,70.6898,3812019.0,85876727.65
EPR_pe,USD,20,53.4349,1841354.0,55698737.22
EPR_pg,USD,19,34.6666,2079991.0,42373113.75
EPSM,USD,20,2.9725,79185.0,223551.11
EPSN,USD,20,96.0982,29068373.0,167950530.82
EPWK,USD,16,4.4246,159847.0,546676.74
EP_pc,,20,74.6977,3295375.0,165256299.05
EQ,USD,20,76.4921,48363385.0,93040619.44
EQBK,USD,20,60.8729,12519731.0,557760260.74
EQH,USD,20,66.7702,182254393.0,6763460524.23
EQH_pa,USD,20,29.2682,9365826.0,180460363.92
EQIX,USD,20,48.6985,48028548.0,45415015835.52
EQNR,USD,20,5.8825,147078970.0,5727994354.01
EQPT,USD,20,67.3448,144660626.0,3102092370.76
EQR,USD,20,63.0026,236209354.0,14107641659.69
EQS,USD,20,59.8599,8360457.0,9893830.37
EQT,USD,20,49.5139,309715798.0,19474460050.0
EQX,USD,20,44.4549,350815975.0,5000591232.54
ERAS,USD,20,69.2467,236986957.0,3487276479.34
ERIC,SEK,20,10.0356,304187953.0,3416440479.29
ERIE,USD,20,81.1104,37464146.0,9891566656.91
ERII,USD,20,63.5266,33034997.0,321634879.24
ERNA,USD,20,51.8384,604607.0,7064868.83
ERO,USD,20,48.0972,50166490.0,1344407101.25
EROC,,16,67.8719,32696604.0,474100758.0
EROK,USD,16,61.781,15108956.0,334119020.6
ES,USD,20,47.9622,180376144.0,12429899440.27
ESAB,USD,20,72.9197,44394688.0,4355275440.89
ESCA,USD,20,64.5515,8911347.0,154874359.84
ESE,USD,20,57.6304,14930397.0,4114203563.43
ESEA,USD,20,66.2239,4672360.0,323793535.18
ESGLW,USD,20,,4742523.0,0.0
ESHAR,USD,20,,9266645.0,1109063.3
ESI,USD,20,66.1431,161182409.0,5502767443.26
ESLA,USD,20,72.9126,31376683.0,34083966.59
ESLAW,USD,20,,713275.0,0.0
ESLT,USD,20,56.8875,26652213.0,21865762395.82
ESNT,USD,20,70.3811,64858371.0,3881776687.86
ESOA,USD,20,59.3845,11080930.0,148840088.76
ESP,USD,20,44.2008,1324218.0,68285841.02
ESPR,USD,20,57.0959,147132063.0,416638036.02
ESQ,USD,20,58.8155,5087184.0,548316225.15
ESRT,USD,20,71.4335,122480169.0,664177792.68
ESS,USD,20,63.5539,40841665.0,9967551158.96
ESTA,USD,20,77.762,22885675.0,1534677491.47
ESTC,USD,20,65.0503,67613631.0,3678553369.61
ET,USD,20,26.4847,911160197.0,15815890120.53
ETD,USD,20,65.9849,16790770.0,376107266.82
ETHMU,USD,20,7.2204,1198583.0,12104584.31
ETHZ,USD,20,89.5221,11853401.0,74937843.41
ETN,USD,20,41.1297,159706612.0,55439231688.88
ETNB,USD,20,0.463,686898.0,6331649.4
ETON,USD,20,52.0396,14254896.0,367662211.91
ETOR,USD,20,44.5929,29790959.0,1033313592.65
ETR,USD,20,50.902,233073860.0,25230681481.14
ETS,USD,20,89.0995,39693929.0,29171054.22
ETSS,USD,1,1.6667,250000.0,2475000.0
ETSY,USD,20,80.3243,76224950.0,4165444204.74
EU,USD,20,41.9897,81570331.0,140373172.18
EUDA,USD,14,49.4598,1233690.0,13621567.2
EUDAW,USD,20,,958137.0,0.0
EURK,USD,20,425.8939,4757734.0,55221980.49
EURKR,USD,20,,4690988.0,1268047.29
EURKU,USD,15,0.5611,34830.0,378076.38
EVAC,USD,20,56.6565,26599085.0,267629567.87
EVAC_u,USD,20,13.4001,6291155.0,63603577.05
EVAX,USD,20,23.4108,1952518.0,7103737.0
EVC,USD,20,68.6239,56742654.0,282027161.64
EVCM,USD,20,97.2693,172118663.0,1970230329.34
EVER,USD,20,65.5947,20838751.0,361826488.7
EVEX,USD,20,84.7152,295067821.0,853974003.07
EVEX_t,USD,20,,9659018.0,0.0
EVGN,USD,20,22.0453,2945408.0,1805550.95
EVGO,USD,20,52.4585,73997858.0,149282234.49
EVGOW,USD,20,,8275969.0,0.0
EVH,USD,20,73.9802,83213953.0,264196446.08
EVI,USD,20,87.0948,11208326.0,226031195.25
EVLV,USD,20,45.2245,81346030.0,513184112.33
EVLVW,USD,20,,6713490.0,0.0
EVMN,USD,20,86.1822,31041438.0,658300034.86
EVO,EUR,20,2.0362,7235849.0,18384922.54
EVOK,USD,13,10.5913,182425.0,1826858.75
EVOX,USD,20,57.7643,13863361.0,137646653.82
EVOXU,USD,20,10.5065,2521578.0,25730495.6
EVR,USD,20,47.0816,18212347.0,5673854332.91
EVRG,USD,20,48.8311,112561491.0,9029653154.08
EVTC,USD,20,75.4805,46511363.0,1324110283.39
EVTL,GBP,20,84.6965,107842521.0,288500577.47
EVTV,USD,20,5.1806,797327.0,1324244.05
EW,USD,20,44.0644,253722964.0,20794589882.98
EWBC,USD,20,56.3317,77180574.0,8249793148.73
EWCZ,USD,20,79.6332,35289843.0,191131199.02
EWTX,USD,20,86.0479,92581560.0,2482863121.28
EXAS,USD,20,43.3541,82758076.0,8404910198.56
EXC,USD,20,55.6837,569760619.0,27405889107.69
EXE,USD,20,47.0563,112572813.0,12364666619.4
EXEEL,USD,20,,71758.0,0.0
EXEEW,USD,8,,1744.0,0.0
EXEEZ,USD,12,,1108.0,0.0
EXEL,USD,20,62.2972,156587320.0,6738229639.42
EXFY,USD,20,52.1899,43984735.0,43053488.04
EXK,USD,20,43.6906,129353812.0,1201531833.33
EXLS,USD,20,58.9105,90005201.0,2987309165.72
EXOD,USD,20,69.1181,7484768.0,53493556.55
EXOZ,USD,20,65.3027,6060951.0,64514186.17
EXP,USD,20,59.8098,18478539.0,3508274353.73
EXPD,USD,20,52.4299,68573936.0,9875228158.76
EXPE,USD,20,50.4653,57781812.0,14258091018.12
EXPI,USD,20,68.6565,112818942.0,878749441.93
EXPO,USD,20,61.4644,29817417.0,1953299884.85
EXR,USD,20,65.0383,137400369.0,18001229023.49
EXTO,COP,2,0.0,0.0,0.0
EXTR,USD,20,65.1003,85136897.0,1393342402.26
EXYN,USD,13,34.8014,2768096.0,16574112.0
EYE,USD,20,77.2901,61922097.0,1603087653.34
EYPT,USD,20,76.4623,64107144.0,1002268018.11
EZGO,USD,13,0.0069,157.0,110281.05
EZPW,USD,20,67.2072,39360405.0,943563014.92
EZRA,USD,20,8.8746,72688.0,859422.98
EZRAW,USD,8,,38257.0,0.0
F,USD,20,42.2633,1654120136.0,19478104947.4
FA,USD,20,100.2986,172049163.0,2091199031.79
FAAS,USD,19,0.0,0.0,0.0
FABC,USD,20,7.4069,359677.0,1591215.27
FAC,USD,20,56.8722,52043937.0,560345073.0
FACT,USD,20,90.471,16726396.0,173829097.54
FACTU,USD,20,5.2067,945709.0,10017715.03
FAF,USD,20,61.904,63204142.0,3826493622.93
FAMI,USD,17,22.872,8539011.0,7317674.71
FANG,USD,20,66.8862,188159643.0,34910957805.79
FARM,USD,20,35.6707,7827924.0,12549864.41
FAST,USD,20,47.1894,541497445.0,25064264111.65
FAT,USD,20,48.7948,8133382.0,14124959.37
FATBB,USD,20,68.2587,867436.0,2032811.64
FATBP,USD,12,1.1705,98411.0,277233.27
FATE,USD,20,60.07,70017067.0,81932293.65
FATN,USD,20,57.8224,8108972.0,64003341.96
FBGL,SGD,11,54.4582,7351869.0,7013300.19
FBIN,USD,20,70.1299,83660331.0,3496182091.54
FBIO,USD,20,45.5708,15138134.0,40722893.52
FBIZ,USD,20,50.9881,4263701.0,230652096.02
FBK,USD,20,53.6142,26794633.0,1392990662.95
FBLA,USD,20,42.0859,6801724.0,90582541.3
FBLG,USD,20,21.8377,1324646.0,1852764.77
FBNC,USD,20,62.0675,25680024.0,1434395604.84
FBP,USD,20,70.1278,107067432.0,2285679730.14
FBRT,USD,20,49.5567,38140390.0,332319485.76
FBRT_pe,USD,3,0.4755,49110.0,943146.06
FBRX,USD,20,66.6391,13646933.0,341679802.39
FBYD,USD,20,47.5534,23285498.0,335472285.21
FBYDP,USD,2,67.8004,4676787.0,0.0
FBYDW,USD,20,,885790.0,0.0
FC,USD,20,69.9585,7900696.0,137552430.66
FCAP,USD,20,25.1238,840520.0,43021842.54
FCBC,USD,20,43.1158,8150009.0,332833090.98
FCBM,,15,19.084,5772112.0,76171202.88
FCCO,USD,20,47.1178,4428936.0,132291625.26
FCEL,USD,20,28.2176,22561328.0,298289368.0
FCF,USD,20,57.2449,58209167.0,1026303683.27
FCFS,USD,20,63.8763,28001207.0,5168783198.08
FCHL,SGD,12,0.2407,3127.0,192310.5
FCN,USD,20,73.6114,22189442.0,3859817271.36
FCNCA,USD,20,64.162,6789494.0,13412327637.08
FCNCO,USD,17,11.5459,923667.0,18968359.7
FCNCP,USD,16,16.8446,2324556.0,46960072.8
FCPT,USD,20,69.4507,76221679.0,1791576697.85
FCRS,USD,20,43.1001,12391220.0,125029020.76
FCRS_u,USD,20,29.533,8490656.0,86449917.68
FCST,USD,2,,687763.0,0.0
FCUV,USD,20,15.0805,105988.0,451570.72
FCX,USD,20,41.6645,598949341.0,34444674311.36
FDBC,USD,20,37.5337,2180155.0,98245639.19
FDMT,USD,20,86.8312,45392122.0,388262508.58
FDP,USD,20,68.1271,32412566.0,1268319715.35
FDS,USD,20,62.7845,22329660.0,4899093769.0
FDSB,USD,20,37.7061,1985167.0,29573847.6
FDUS,USD,20,18.0197,6839305.0,123289908.38
FDX,USD,20,49.0443,116029444.0,38993829758.38
FDXF,USD,20,26.2179,31278804.0,4723099404.0
FDXF_w,USD,20,26.2179,31278804.0,4723099404.0
FE,USD,20,65.3197,377828869.0,18772931322.69
FEAM,USD,20,65.6407,27250842.0,52433751.9
FEBO,HKD,9,1.3942,42699.0,48090.33
FEDU,CNY,15,31.8621,720543.0,7320531.75
FEED,USD,20,2.7405,156272.0,497238.43
FEIM,USD,20,64.3796,6354319.0,267770001.49
FELE,USD,20,61.6282,27228778.0,2528220543.88
FEMY,USD,20,18.2547,551203.0,6007210.18
FENC,USD,20,62.822,21822545.0,147726608.55
FENG,CNY,15,5.607,302759.0,575491.69
FER,EUR,20,63.5945,463956132.0,29858265104.62
FERA,USD,20,70.0477,16531329.0,170344097.15
FERAR,USD,20,,15493567.0,4640823.18
FERAU,USD,20,9.187,2168119.0,22777902.26
FERG,USD,20,44.3689,86048045.0,19739148622.13
FET,USD,20,52.4909,5933719.0,320334544.11
FF,USD,20,70.0666,30733735.0,124778762.03
FFAI,USD,20,11.6752,283537.0,23163573.93
FFAIW,USD,20,,244006.0,0.0
FFBC,USD,20,61.7145,64773571.0,1834030730.88
FFIC,USD,20,58.7051,19891401.0,305531919.36
FFIN,USD,20,50.3906,72219875.0,2131235163.49
FFIV,USD,20,63.7525,35968654.0,10341182991.62
FFWM,USD,20,58.9902,48918117.0,288616890.3
FG,USD,20,89.3558,118383448.0,3050538051.03
FGBI,USD,20,59.9303,9867085.0,80148723.65
FGEN,USD,20,28.5404,1155350.0,8996562.04
FGI,USD,20,74.178,1432578.0,9954214.46
FGII,USD,20,47.4717,13738302.0,136020022.3
FGIIU,USD,20,37.482,8630208.0,86215777.92
FGIWW,USD,10,,1278855.0,0.0
FGL,MYR,13,10.3967,108988.0,1651961.76
FGMC,USD,20,96.7155,9957633.0,100970062.19
FGMCR,USD,20,,3587233.0,1492477.36
FGMCU,USD,17,3.7805,313627.0,3246804.0
FGNX,USD,20,51.8054,2971770.0,25386797.62
FHB,USD,20,74.1793,90258754.0,2236375380.72
FHI,USD,20,58.2856,44241026.0,2459955804.66
FHN,USD,20,52.3015,248233095.0,5737054378.26
FHTX,USD,20,80.8759,47485487.0,249214099.93
FIBK,USD,20,73.0855,69831687.0,2395211283.96
FICO,USD,20,56.509,13104918.0,15612727292.8
FIEE,USD,16,69.2717,5907900.0,37484820.57
FIG,USD,20,68.4269,304967323.0,8494258489.04
FIGR,USD,20,50.5164,92246228.0,3242784975.58
FIGS,USD,20,78.2815,124282926.0,1751989940.08
FIGX,USD,20,60.1954,9335444.0,94241723.52
FIGXU,USD,20,14.1836,2199663.0,22477351.34
FIHL,USD,20,79.356,67846805.0,1297412791.95
FINV,CNY,20,55.6825,68352526.0,371566604.86
FINW,USD,20,51.9439,7119445.0,112924727.07
FIP,USD,20,75.4364,89138586.0,432271226.62
FIRY,USD,20,85.008,10352583.0,82652812.0
FIS,USD,20,58.1632,300633899.0,14829272421.99
FISI,USD,20,58.3783,11503767.0,371925033.09
FISK,USD,14,5.4657,118797.0,686655.9
FISN,USD,12,44.6062,26912371.0,297112575.84
FISV,USD,20,50.5157,269376511.0,15653704238.58
FITB,USD,20,53.6334,486226006.0,22594914807.01
FITBI,USD,7,0.0139,2478.0,62384.78
FITBO,USD,15,0.5197,51966.0,1084885.4
FITBP,USD,8,0.0028,220.0,5086.4
FITB_pa,USD,8,0.0028,220.0,5086.4
FITB_pi,USD,7,0.0139,2478.0,62384.78
FITB_pk,USD,15,0.5197,51966.0,1084885.4
FIVE,USD,20,53.9777,29847118.0,6460130808.88
FIVN,USD,20,58.8229,45037209.0,749522535.07
FIX,USD,20,49.2113,17319632.0,23659335125.58
FIZZ,USD,20,93.1541,87203623.0,3519197731.95
FJET,USD,20,48.6405,21486508.0,86927223.4
FKWL,USD,20,37.5493,4424933.0,19819699.54
FLD,USD,20,89.2401,45319083.0,79432937.76
FLDDW,USD,20,,6722541.0,0.0
FLEX,USD,20,63.2466,231729345.0,15142330144.98
FLG,USD,20,71.6307,298567964.0,3970243479.12
FLGC,USD,20,15.3387,6327597.0,11170376.03
FLGT,USD,20,77.5731,22031267.0,430718825.6
FLG_pa,USD,12,0.0507,10456.0,220754.45
FLG_pu,,20,36.7228,1762686.0,69812864.15
FLL,USD,20,40.6248,14732660.0,36154396.25
FLNA,USD,20,26.3475,12728004.0,22280896.05
FLNC,USD,20,74.4684,106398950.0,1524471199.36
FLNG,USD,20,60.3482,32643820.0,898179197.16
FLNT,USD,20,84.5809,25218314.0,81710922.16
FLO,USD,20,58.9993,125074789.0,1105442340.49
FLOC,USD,20,130.1947,54452890.0,1111550105.88
FLR,USD,20,63.7929,89099324.0,3893831533.5
FLS,USD,20,54.7319,69951344.0,5081087109.22
FLUT,USD,20,74.8752,129897216.0,14067949350.18
FLUX,USD,20,54.816,11709417.0,13097221.82
FLWS,USD,20,96.3839,35691215.0,131048758.0
FLX,CNY,20,18.6615,9778609.0,24481224.51
FLXS,USD,20,64.5191,2629571.0,118958704.67
FLY,USD,20,68.8209,112912532.0,3630503496.46
FLYD,CAD,1,0.0,0.0,0.0
FLYE,USD,20,6.6253,108150.0,210590.1
FLYU,CAD,2,0.0,0.0,0.0
FLYW,USD,20,69.7482,84775121.0,1113765909.66
FLYX,USD,20,73.4403,38028214.0,88753514.44
FLYX_t,USD,20,,1935014.0,0.0
FLYY,USD,20,34.7264,9850235.0,19736286.27
FLZH,USD,20,0.2411,109114.0,1028828.97
FMAC,USD,4,27.7903,4385408.0,43722578.15
FMACU,,2,2.7295,314000.0,3135635.4
FMAO,USD,20,27.1336,3735799.0,97338706.78
FMBH,USD,20,44.6573,11876426.0,500320262.64
FMC,USD,20,57.4007,71776830.0,1163213874.1
FMFC,USD,18,44.4521,6801179.0,30852798.04
FMNB,USD,20,27.1179,16062780.0,211701291.36
FMS,EUR,20,7.9927,43175421.0,981076613.76
FMST,CAD,20,28.6706,4974173.0,8829555.85
FMTO,CAD,20,49.4453,513130.0,2032499.98
FMUB,,20,51.206,2136695.0,108122749.74
FMUN,,20,22.2365,806781.0,40069649.64
FMX,MXN,20,38.6729,76191485.0,8497411690.64
FN,USD,20,59.0235,21147969.0,10801775798.88
FNB,USD,20,58.1714,205670904.0,3440239196.72
FND,USD,20,67.3581,72810423.0,3883627947.51
FNF,USD,20,57.452,154636314.0,7597175232.05
FNGD,CAD,20,4.6121,69182.0,4724021.0
FNGO,CAD,12,1.4968,74838.0,6529548.14
FNGR,USD,20,27.0038,16556183.0,7018222.63
FNGS,CAD,20,15.2128,1140949.0,69673662.41
FNGU,CAD,20,8.1823,6545776.0,102445778.88
FNKO,USD,20,64.6726,36112831.0,132244050.26
FNLC,USD,20,44.9764,5072796.0,141735896.5
FNRN,USD,20,36.092,5921600.0,91646317.24
FNUC,CAD,20,104.0761,18761045.0,51952465.49
FNV,USD,20,50.4627,97319264.0,22004624375.89
FNVT,USD,18,6.1321,281153.0,4220106.53
FNWB,USD,20,51.072,4851493.0,43537892.44
FNWD,USD,20,60.9114,2629532.0,92087585.88
FOA,USD,20,97.6789,8729132.0,194952241.66
FOCL,USD,20,44.2283,16578570.0,59729450.0
FOFO,USD,7,53.023,4014409.0,38786745.38
FOLD,USD,20,59.6905,187428408.0,2694749076.46
FONR,USD,20,46.9477,2898086.0,54581371.0
FOR,USD,20,87.4541,44617061.0,1364793633.9
FORA,USD,20,64.8037,19116876.0,40537920.08
FORL,USD,20,41.2595,418584.0,4727609.25
FORM,USD,20,64.0648,49941345.0,4359030087.22
FORR,USD,20,79.7706,15485057.0,92561328.08
FORTY,USD,20,5.6143,860952.0,95211515.03
FOSL,USD,20,49.0435,28985478.0,118604686.78
FOUR,USD,20,87.8424,69684366.0,3386812085.09
FOUR_pa,USD,20,78.5248,8163725.0,455186459.0
FOX,USD,20,79.6936,175665809.0,8824192366.44
FOXA,USD,20,68.222,136085487.0,8129257707.09
FOXF,USD,20,71.8732,30140951.0,502048394.06
FOXO,USD,20,5.8518,83127.0,24938.1
FOXX,USD,20,95.2639,6707636.0,22936255.32
FPAY,USD,20,46.4696,11436638.0,15671594.87
FPH,USD,20,67.4041,48384798.0,234573227.74
FPI,USD,20,45.6567,19914160.0,218339060.52
FPS,USD,20,46.7204,127920607.0,5140661266.56
FR,USD,20,60.1836,79786924.0,4607737446.46
FRAF,USD,20,30.4161,1366609.0,70010180.13
FRBA,USD,20,47.7835,11948690.0,191426315.51
FRBT,,20,55.752,16698576.0,306921950.78
FRD,USD,20,51.6531,3671251.0,69675492.08
FRES,CNY,4,0.0,0.0,0.0
FRGE,USD,20,46.0472,6334488.0,259563801.94
FRGT,USD,20,9.9716,61304.0,411497.85
FRHC,USD,20,70.1434,44655429.0,5560636052.93
FRME,USD,20,47.8638,29773863.0,1153141713.99
FRMEP,USD,2,,88900.0,2288060.0
FRMI,USD,20,64.1788,409188889.0,4200420242.75
FRMM,USD,20,89.5221,11853401.0,74937843.41
FRO,USD,20,56.0308,124736768.0,4251666111.14
FROG,USD,20,54.4115,65903123.0,3928572779.15
FRPH,USD,20,70.8079,13574095.0,301535141.35
FRPT,USD,20,70.7936,34790065.0,2062437974.52
FRSH,USD,20,53.9685,136193949.0,1296156403.19
FRST,USD,20,65.5173,16247665.0,218712406.37
FRSX,,20,0.141,7359.0,17121.39
FRT,USD,20,62.3041,53824095.0,5644539454.96
FRTT,USD,3,71.2505,10623437.0,9690480.54
FRT_pc,USD,19,29.607,1776409.0,35006813.5
FRVO,USD,20,51.5175,147782980.0,5256159714.71
FSBC,USD,20,59.7549,14401609.0,535516455.34
FSBW,USD,20,57.6811,4282130.0,166361433.38
FSEA,USD,20,50.3977,2364967.0,32517378.51
FSHP,USD,20,120.4439,4237532.0,46520491.0
FSHPR,USD,20,,5956088.0,533240.62
FSHPU,USD,20,0.2035,18038.0,198098.62
FSI,USD,20,52.3815,6677359.0,40574060.29
FSK,USD,20,21.219,59427962.0,654503669.47
FSLR,USD,20,58.0262,62351059.0,12877379162.29
FSLY,USD,20,61.9218,96907596.0,2315599794.86
FSM,USD,20,49.018,146783625.0,1449541549.69
FSP,USD,20,65.0464,67446793.0,58018376.92
FSS,USD,20,59.4568,36270041.0,3966420355.16
FSTR,USD,20,61.935,6477574.0,184580212.72
FSUN,USD,20,46.4426,20492327.0,745098142.43
FSV,USD,20,49.8534,22911587.0,3268895390.91
FTAI,USD,20,66.6344,68355539.0,16059608306.35
FTAIM,USD,4,5.8896,153130.0,4195403.3
FTAIN,USD,10,7.6586,321660.0,8165819.13
FTCI,USD,20,41.4394,6632496.0,61174991.71
FTDR,USD,20,65.337,45889268.0,2578049315.3
FTEK,USD,20,46.0144,14340535.0,21915368.49
FTFT,USD,20,39.0035,728651.0,4827378.27
FTH,USD,20,44.9906,5019879.0,134984070.52
FTHM,USD,20,48.2818,16019449.0,13695242.97
FTI,USD,20,62.3865,248736139.0,15601868621.89
FTII,USD,19,95.0714,3861494.0,46846860.38
FTK,USD,20,81.0908,29336685.0,464554598.15
FTLF,USD,20,72.6428,6821948.0,78438605.1
FTNT,USD,20,52.7786,386680968.0,41737320458.14
FTRE,USD,20,73.4609,69493889.0,904629692.28
FTRK,SGD,15,61.6722,13452240.0,6321088.81
FTS,CAD,20,34.8311,177325484.0,9844810861.88
FTV,USD,20,73.8213,225052107.0,12455640056.3
FTW,USD,20,113.8505,33281185.0,361959611.03
FTW_u,USD,20,0.237,84905.0,847473.88
FUBO,USD,20,39.8612,11736249.0,158880285.94
FUFU,USD,20,50.3957,15952032.0,30579791.6
FUFUW,USD,20,,2564198.0,0.0
FUL,USD,20,72.6858,39095903.0,2400097201.68
FULC,USD,20,103.0649,68675697.0,578267343.69
FULT,USD,20,58.7915,112562815.0,2291762783.58
FUN,USD,20,81.1431,82931392.0,1377257283.05
FUNC,USD,20,41.4595,2675721.0,98984092.94
FURY,CAD,20,15.5486,29561609.0,15562360.45
FUSB,USD,20,32.7341,1822396.0,26917718.28
FUSE,USD,20,73.4386,21286320.0,38852410.74
FUSEW,USD,20,,6121109.0,0.0
FUTU,HKD,20,41.7589,39984347.0,5621661245.89
FVAV,USD,20,53.1312,15381466.0,154316103.98
FVCB,USD,20,53.8938,9719284.0,148316312.41
FVN,USD,20,92.9049,7008745.0,75279465.94
FVNNR,USD,20,,4872065.0,653702.35
FVR,USD,20,82.0429,18584368.0,300567261.34
FVRR,USD,20,50.5174,18161350.0,292046171.13
FWDI,USD,20,63.4992,46855222.0,268289425.96
FWONA,USD,20,68.3814,16405418.0,1340580742.74
FWONK,USD,20,51.7981,116148334.0,10548311362.92
FWRD,USD,20,77.2401,24427186.0,473929748.13
FWRG,USD,20,63.9078,39395922.0,476598298.8
FXAC,USD,1,35.6718,3174786.0,31747860.0
FXHO,CNY,18,1.5578,81627.0,1703224.5
FXNC,USD,20,47.4145,4286711.0,113441517.01
FYBR,USD,20,22.4661,56241352.0,2136969840.11
G,USD,20,63.4195,107500023.0,4300296423.03
GAA,,20,33.6791,690418.0,23092685.83
GAB,,20,6.1878,19256496.0,118616704.38
GABC,USD,20,40.7102,15292567.0,639859001.34
GAB_pg,,1,0.4097,9800.0,203840.0
GAB_ph,,1,0.0,0.0,0.0
GAB_pk,,1,0.0276,1000.0,20900.0
GAB_r,,20,,59670788.0,417695.51
GAB_r_w,,20,,20740131.0,145180.91
GAIA,USD,20,54.5958,10872307.0,31574985.19
GAIN,USD,20,14.6641,5839544.0,84426747.5
GALT,USD,20,43.4953,28644546.0,84102878.45
GAM,USD,20,36.6556,8792430.0,514581616.08
GAMB,USD,20,64.6867,22778548.0,92604969.52
GAME,USD,20,30.1554,31072987.0,10336389.19
GAM_pb,USD,6,9.4043,714871.0,17875414.68
GANX,USD,20,20.2881,8653607.0,18350141.9
GAP,USD,20,78.4882,282623098.0,6360947415.4
GASS,USD,20,69.2719,25759218.0,236150374.36
GATX,USD,20,79.9454,28380659.0,4844108097.8
GAU,USD,20,65.3943,170887133.0,407175682.74
GAUZ,USD,20,37.9996,7122293.0,33313697.14
GBCI,USD,20,53.0295,69045557.0,3083313824.71
GBDC,USD,20,30.8812,80443870.0,1041044551.74
GBFH,USD,20,52.4485,7589487.0,218003948.71
GBLI,USD,20,75.2041,8133729.0,228253921.6
GBNY,USD,15,0.0,0.0,0.0
GBR,USD,20,12.5331,643193.0,469313.74
GBTG,USD,20,102.198,533854927.0,4413342252.95
GBX,USD,20,76.5353,23679747.0,1233426889.17
GCBC,USD,20,69.4914,11831238.0,268637131.52
GCDT,HKD,9,69.8811,8997168.0,17527339.68
GCGR,,3,8.6259,3550000.0,35819500.0
GCI,USD,20,77.331,113446386.0,688301051.12
GCL,USD,20,71.6028,91657342.0,366873427.7
GCLWW,USD,20,,8371899.0,0.0
GCMG,USD,20,79.0661,47742628.0,508602862.99
GCO,USD,20,71.8134,7976315.0,245138377.65
GCT,USD,20,59.6978,17688809.0,721846419.26
GCTK,USD,20,19.4978,1505061.0,1019848.68
GCTS,USD,20,16.7459,15232614.0,21251898.12
GCTS_t,USD,20,,12832244.0,0.0
GD,USD,20,52.3248,141502167.0,48437024084.46
GDC,USD,20,2.2789,94847.0,38395965.3
GDDY,USD,20,58.5769,77561432.0,7573123957.77
GDEN,USD,20,62.1038,16394693.0,449572056.35
GDEV,USD,20,88.8419,16125267.0,225755218.88
GDEVW,USD,20,,7339433.0,0.0
GDHG,USD,20,88.3935,17643812.0,37736036.96
GDL_pc,,1,10.4819,72213.0,3597658.88
GDOT,USD,20,58.81,33333589.0,391905614.76
GDRX,USD,20,50.3601,52732456.0,121261765.48
GDS,CNY,20,34.3355,68990161.0,2745751287.75
GDTC,SGD,20,69.0583,8171554.0,12089383.78
GDV,USD,20,26.5301,23390895.0,629916802.35
GDV_ph,USD,1,0.0515,1000.0,22320.0
GDV_pk,USD,2,0.4213,23014.0,416373.68
GDXD,CAD,20,1.5051,37628.0,1552531.28
GDXU,CAD,20,3.5622,302784.0,60977669.76
GDYN,USD,20,70.5736,59017859.0,378393877.99
GE,USD,20,46.373,481148820.0,136885661655.7
GECC,USD,20,57.7011,8015839.0,54517249.93
GEF,USD,20,67.9621,16838684.0,1130647887.97
GEFb,USD,20,87.3979,18667928.0,1422384744.16
GEG,USD,20,71.6192,22457596.0,51768383.49
GEHC,USD,20,58.6062,266594789.0,19355919205.0
GELS,AUD,18,48.3658,5180492.0,8873326.79
GEMI,USD,20,34.939,17868758.0,115898912.69
GEN,USD,20,61.8176,372410123.0,7489046226.09
GENB,USD,20,28.3062,36286248.0,474615817.62
GENC,USD,20,78.3269,9664667.0,141127089.6
GENE,AUD,2,0.0,0.0,0.0
GENI,USD,20,56.5201,145559998.0,835337149.35
GENK,USD,20,21.9089,1175376.0,2156103.92
GENVR,USD,20,,6022923.0,2836796.73
GENZ,,20,16.987,84935.0,3505864.33
GEO,USD,20,70.1472,93729834.0,1627455721.74
GEOS,USD,20,48.6985,6299470.0,79934179.88
GERN,USD,20,63.691,408590531.0,572534696.32
GETR,USD,7,53.4007,105509726.0,10550.98
GETY,USD,20,90.1705,377777871.0,300418822.33
GEV,USD,20,39.4678,105116136.0,90989690283.39
GEVO,USD,20,32.0609,78039650.0,193459372.45
GEw,,20,47.9784,1223445.0,62435801.38
GFAI,USD,20,13.4993,4218546.0,2213506.82
GFAIW,USD,5,,184261.0,0.0
GFEB,,20,56.4048,4893103.0,201057602.27
GFF,USD,20,65.9186,30234681.0,2293755547.28
GFI,USD,20,12.3978,110887561.0,4898659708.78
GFL,CAD,20,74.624,260719652.0,10994469683.28
GFR,CAD,20,61.5198,77162655.0,507259672.27
GFS,USD,20,96.676,530462214.0,23655517292.61
GGAL,ARS,20,17.7151,23473074.0,1156858510.52
GGB,BRL,20,23.9782,299790985.0,1091322610.81
GGG,USD,20,46.9129,75977217.0,6397376991.73
GGN,USD,20,11.4681,17916451.0,95265297.61
GGN_pb,USD,2,15.5785,480126.0,9603432.06
GGR,USD,20,68.6034,13767065.0,55328055.6
GGROW,USD,20,,6582336.0,0.0
GGRP,USD,20,41.2047,8940957.0,11032044.61
GGT,USD,20,10.207,4267505.0,17912451.0
GGT_pe,USD,1,0.0,0.0,0.0
GGT_pg,USD,1,0.661,8000.0,170240.0
GH,USD,20,55.5457,73653627.0,7148619104.38
GHC,USD,20,63.2175,2113410.0,2254712754.14
GHG,CNY,20,21.0414,63276788.0,104076171.57
GHM,USD,20,55.6331,6524402.0,542043166.26
GHRS,USD,20,89.8689,61611703.0,813208352.42
GIB,CAD,20,42.4559,79534540.0,5925355888.61
GIBO,USD,20,0.5017,12214.0,928948.88
GIC,USD,20,74.9017,28658262.0,923996779.16
GIFT,USD,20,37.7327,12870514.0,12410476.06
GIG,USD,20,39.4101,27297129.0,271516979.86
GIGGU,USD,20,12.2719,2454362.0,24426776.88
GIGM,USD,20,50.1916,5547303.0,7968410.42
GIII,USD,20,79.3839,33492606.0,962464965.32
GIL,USD,20,52.3639,96972112.0,5461886995.1
GILD,USD,20,51.1487,635048572.0,86333206729.61
GILT,USD,20,49.3891,37274268.0,537985124.61
GIPR,USD,20,13.6732,140889.0,416298.35
GIPRW,USD,5,,25779.0,0.0
GIS,USD,20,50.065,267201076.0,10060726343.76
GITS,USD,19,40.4202,1485126.0,2758855.38
GIW,USD,20,72.4004,18576180.0,184308313.32
GIWWR,USD,20,,20065935.0,6019780.5
GIWWU,USD,20,8.9591,2298670.0,23746234.5
GIX,USD,20,51.0793,13121646.0,129061515.68
GIXXR,USD,20,,15873539.0,3490591.24
GKOS,USD,20,64.7335,38020525.0,4219423499.6
GL,USD,20,50.3189,39069931.0,5495062944.6
GLAD,USD,20,11.2424,2539974.0,49363846.57
GLAS,USD,20,15.0675,13048886.0,128209257.27
GLBE,USD,20,70.7388,118817967.0,3979018201.53
GLBS,USD,20,43.9228,9479577.0,23308523.71
GLBZ,USD,20,14.6481,427677.0,2165556.19
GLDD,USD,20,54.3033,36264235.0,585771877.72
GLDG,CAD,20,14.8214,31805619.0,36690744.32
GLE,HKD,14,37.1397,5956322.0,8978118.24
GLED,USD,7,38.4766,6149525.0,60926275.57
GLIBA,USD,20,65.8758,2405082.0,88849601.98
GLIBK,USD,20,74.3949,26673024.0,992018098.18
GLLI,USD,20,66.1657,114093001.0,324691440.42
GLMD,USD,20,4.8528,401006.0,196946.83
GLND,,20,41.8249,18290071.0,55985978.2
GLNG,USD,20,57.8091,58846755.0,3103258617.65
GLOB,USD,20,59.35,25627003.0,1503787232.29
GLOO,USD,20,81.9275,16374481.0,76574770.32
GLOP_pa,USD,3,12.5744,639408.0,16368844.8
GLOP_pb,USD,3,0.0163,569.0,14566.4
GLOV,,20,2.2844,616846.0,35513266.47
GLP,USD,20,72.0406,24490587.0,1088483895.18
GLPG,EUR,20,47.2478,31134802.0,958889752.16
GLPI,USD,20,62.3033,176456474.0,7881322767.22
GLP_pb,USD,3,9.604,288121.0,7314810.79
GLRE,USD,20,54.9067,18210582.0,299624600.14
GLSI,USD,20,60.1755,8825813.0,222907527.35
GLST,USD,20,31.7971,23289332.0,7350158.71
GLTO,,20,86.97,53532940.0,1401557827.28
GLU,USD,20,20.3812,1220902.0,23457983.73
GLUE,USD,20,76.9184,64980177.0,1163738221.57
GLW,USD,20,44.3132,381376561.0,44222503672.84
GLXG,HKD,18,22.4226,1256000.0,159135200.0
GLXY,USD,20,55.4153,106115842.0,2202179946.29
GM,USD,20,45.806,401924166.0,30092321430.8
GMAB,USD,20,10.2892,63158289.0,1842600175.51
GME,USD,20,37.1367,166627387.0,3862661062.69
GMED,USD,20,52.8343,59868975.0,5172660266.3
GMET,,20,15.7641,133996.0,5386397.13
GMGI,USD,20,85.8272,10873840.0,111770106.16
GMHS,USD,20,67.1983,33276673.0,53847117.26
GMM,USD,12,3.0845,55212.0,393533.64
GMRE,USD,20,52.689,6973297.0,233425082.14
GMRE_pa,USD,6,15.798,490530.0,11793058.41
GMRE_pb,USD,4,30.4064,623333.0,15745464.62
GMRS,USD,19,54.6484,29516581.0,373013249.86
GMTL,USD,20,11.5943,4517321.0,77481388.28
GMTL_w,USD,20,11.5943,4517321.0,77481388.28
GNE,USD,20,48.3463,12004064.0,169005409.6
GNFT,EUR,14,0.0,0.0,0.0
GNK,USD,20,61.595,26841328.0,569479807.61
GNL,USD,20,64.2909,135660581.0,1265579020.27
GNLN,USD,20,10.882,70272.0,593156.42
GNLX,USD,20,39.1648,17561543.0,59265247.75
GNL_pa,USD,17,44.4898,3025062.0,69262170.04
GNL_pb,USD,12,38.9856,1830714.0,39497481.93
GNL_pd,USD,14,44.2819,3513188.0,82102055.5
GNL_pe,USD,5,19.6558,903219.0,20832287.11
GNPX,USD,20,1.062,5362.0,192779.82
GNRC,USD,20,44.3855,26129094.0,4740272117.66
GNS,USD,20,15.8443,20525481.0,11838370.66
GNSS,USD,20,58.1754,26494195.0,50259597.2
GNT,,20,21.0438,3406163.0,28441461.05
GNTA,EUR,20,53.6276,12651342.0,11928776.74
GNTX,USD,20,57.2991,122019624.0,2686896821.16
GNT_pa,,1,0.0,0.0,0.0
GNW,USD,20,66.8216,255933079.0,2135030476.18
GO,USD,20,91.582,90595351.0,705847015.39
GOAI,USD,20,66.0326,24125317.0,123518413.48
GOCO,USD,20,74.0317,12353264.0,26675246.46
GOEV,USD,20,2.1307,308638.0,4671704.4
GOGO,USD,20,77.6141,104964108.0,437683115.44
GOLD,USD,20,65.6188,18684271.0,791665089.91
GOLF,USD,20,90.2658,52854304.0,5030547694.6
GOOD,USD,20,38.7006,18733758.0,212584354.98
GOODN,USD,2,5.8534,179199.0,3994345.71
GOODO,USD,7,13.2994,531975.0,10641565.0
GOOG,USD,20,35.5967,1967451468.0,577554450063.42
GOOGL,USD,20,36.1834,2123239976.0,616166828297.96
GOOGM,USD,11,1.1095,2135598.0,108680582.22
GOOGN,USD,6,1.5519,2987551.0,150273815.3
GOOS,CAD,20,61.4845,28591556.0,302561152.65
GORO,Failed to resolve identifier(s).,20,40.8219,66073967.0,79919169.57
GORV,USD,20,0.4229,15796.0,111569.23
GOSS,USD,20,57.891,282997120.0,63735257.03
GOTU,CNY,20,22.0187,28203531.0,58729361.65
GOVX,USD,20,17.1975,597314.0,914328.94
GP,USD,20,31.0614,2213643.0,2597269.81
GPAC,USD,20,54.7824,12961442.0,128488390.22
GPACU,USD,20,15.1539,3121699.0,31248206.99
GPAK,USD,3,0.0,0.0,0.0
GPAT,USD,20,55.7667,20041156.0,215406856.63
GPATU,USD,20,0.8468,243488.0,2643615.17
GPC,USD,20,48.6287,67039516.0,7161302983.9
GPCR,USD,20,74.0729,52647141.0,3054269136.85
GPGI,USD,20,80.0469,232025368.0,4448077495.08
GPI,USD,20,64.4218,7665035.0,2624509690.02
GPK,USD,20,70.1649,207609483.0,2251471210.78
GPMT,USD,20,39.4538,18906039.0,34048353.1
GPMT_pa,USD,11,9.0572,745364.0,13079600.41
GPN,USD,20,64.6271,176782973.0,12467894818.86
GPOR,USD,20,67.1033,12058213.0,2434044740.07
GPRE,USD,20,62.8672,44025992.0,641390882.2
GPRK,USD,20,78.1925,50574199.0,469499053.07
GPRO,USD,20,29.7613,43671452.0,34746892.6
GPUS,USD,20,10.151,35432980.0,5292344.39
GRAB,USD,20,55.6178,2204693635.0,8509969301.02
GRABW,USD,20,,8120428.0,0.0
GRAF,USD,20,154.4163,21864765.0,234154486.95
GRAF_u,USD,20,5.262,1210288.0,12794645.28
GRAL,USD,20,52.1693,22389269.0,1432266058.07
GRAN,USD,7,76.6953,15267170.0,22447604.11
GRBK,USD,20,66.0852,28512142.0,1860220219.32
GRBK_pa,USD,4,4.92,98400.0,2162716.0
GRC,USD,20,65.4723,17291396.0,1072468532.72
GRCE,USD,20,50.8398,8273694.0,30994673.56
GRDN,USD,20,66.6222,33165336.0,1227283689.33
GRDX,USD,20,20.7074,1400272.0,4898867.42
GREE,USD,20,22.0021,3388424.0,5473834.81
GRFS,EUR,20,48.1221,124262901.0,1093756722.56
GRFX,,11,0.003,1432.0,358.0
GRI,USD,20,3.2633,57788.0,159068.86
GRML,USD,20,20.365,30530228.0,12489654.23
GRMN,USD,20,47.288,91197549.0,20945214400.42
GRND,USD,20,94.5637,168064419.0,2377935574.33
GRNQ,USD,20,66.5154,12057669.0,19283035.65
GRNT,USD,20,77.6058,102358861.0,484990007.01
GRO,USD,20,40.5061,24828116.0,80019949.59
GROM,USD,3,0.0,0.0,0.0
GROV,USD,20,59.8738,25159845.0,29463310.28
GROW,USD,20,48.3454,4996812.0,13141888.26
GROY,USD,20,39.8244,101330730.0,341608729.98
GRPN,USD,20,140.5661,53392582.0,747993817.88
GRP_u,CAD,20,20.496,12418619.0,817190701.96
GRRR,USD,20,21.159,5872726.0,73828724.83
GRTX,Failed to resolve identifier(s).,10,27.9362,56785886.0,5252658.54
GRVY,KRW,20,75.5433,5249422.0,321767091.77
GRWG,USD,20,33.4639,20108748.0,27240544.22
GS,USD,20,37.8783,111743739.0,95098824500.72
GSAT,USD,20,77.6032,99944099.0,7833071442.51
GSBC,USD,20,62.7711,6832271.0,450581249.15
GSBD,USD,20,29.3879,33081689.0,300120654.57
GSHD,USD,20,90.343,21499731.0,929355352.82
GSHR,USD,20,69.81,10430054.0,107508505.69
GSHRU,USD,20,8.7784,1311553.0,13494963.31
GSIT,USD,20,33.2422,12735208.0,81295865.03
GSIW,USD,20,8.7069,122979.0,2786469.16
GSK,GBP,20,12.6752,273552311.0,14941886309.31
GSL,USD,20,39.8638,14365085.0,523747660.77
GSL_pb,USD,3,6.6597,290310.0,7736761.5
GSM,USD,20,79.6958,148919955.0,658600716.54
GSRF,USD,20,70.8245,16753877.0,167843970.91
GSRFR,USD,20,,2612597.0,6400862.65
GSRFU,USD,20,11.042,2612026.0,26723241.15
GSRV,USD,1,6.4171,1519000.0,0.0
GSUN,USD,11,5.1233,493169.0,826353.56
GSX,,4,43.2309,23777.0,715687.7
GS_pa,USD,17,1.0932,327993.0,6286166.1
GS_pc,USD,11,10.3213,825713.0,15898195.08
GS_pd,USD,20,12.5784,6792198.0,128409272.87
GT,USD,20,65.5104,188302329.0,1336375626.2
GTBP,USD,20,9.4416,4172854.0,1951470.88
GTE,USD,20,53.5054,18919455.0,149235025.69
GTEC,USD,20,3.4728,713032.0,484277.26
GTEN,USD,20,70.6153,25495699.0,261221823.02
GTENU,USD,20,13.3271,4811758.0,49218768.09
GTERA,USD,20,72.4723,12968054.0,132330637.03
GTERR,USD,20,,9971000.0,1264322.8
GTERU,USD,20,14.666,2624286.0,27307438.67
GTES,USD,20,64.8392,164691867.0,3719709160.65
GTI,USD,20,66.9197,2573112.0,2615767.12
GTIM,USD,20,36.7145,3876266.0,4649152.38
GTLB,USD,20,48.006,80554088.0,1777645974.85
GTLS,USD,20,58.863,28177194.0,5825035189.78
GTLS_pb,USD,20,0.0146,1026.0,56665.32
GTM,USD,20,88.9832,262249755.0,1840442372.97
GTN,USD,20,63.4101,58888552.0,258197580.52
GTNa,USD,20,93.9719,9274396.0,114902401.25
GTX,USD,20,49.7728,93168795.0,1846021181.79
GTY,USD,20,63.6364,39411849.0,1258477497.92
GUAC,USD,6,32.7833,10330000.0,103816500.0
GURE,USD,20,30.9072,427174.0,2282749.25
GUT,USD,20,7.723,6919798.0,41830211.57
GUTS,USD,20,51.2682,81336222.0,135768368.82
GUT_pc,USD,1,0.0,0.0,0.0
GV,USD,20,4.5365,254380.0,287770.31
GVA,USD,20,64.744,28323419.0,3368299510.32
GVH,USD,20,3.6586,88371.0,311100.74
GWAV,USD,20,9.8076,81368.0,1254783.44
GWH,USD,20,30.6192,8998687.0,14224578.35
GWH_t,USD,20,,1940570.0,0.0
GWRE,USD,20,68.7233,57216561.0,8266535836.88
GWRS,USD,20,77.3958,22261779.0,168278672.34
GWW,USD,20,46.6096,22005818.0,23832175493.16
GXAI,USD,20,8.3994,902505.0,1578330.45
GXO,USD,20,67.2883,77414116.0,4036676572.92
GYRE,USD,20,89.7987,82050785.0,488765383.79
GYRO,USD,20,66.68,1466503.0,12715988.38
H,USD,20,85.4258,35050341.0,5211972031.76
HACQ,USD,7,31.2697,8990000.0,89306600.0
HAE,USD,20,68.2316,31008364.0,1812333631.04
HAFC,USD,20,63.3327,18778320.0,494996515.2
HAFN,USD,20,72.4381,362076668.0,2749788351.55
HAIA,USD,12,95.8429,5290600.0,62005832.0
HAIN,,20,62.1203,56065606.0,45350659.95
HAL,USD,20,40.4846,338207767.0,12671351586.52
HALO,USD,20,49.1342,58279689.0,3797359166.01
HAO,USD,20,0.05,3504.0,508938.24
HAPN,USD,20,62.8689,72519880.0,1078384976.41
HAS,USD,20,49.8705,70562258.0,6444283147.2
HASI,USD,20,66.5047,84993698.0,3066388368.27
HAVA,USD,20,58.5726,9289515.0,92843300.65
HAVAR,USD,20,,10459480.0,1256183.55
HAVAU,USD,20,16.8715,2503707.0,25296264.69
HAWK,USD,20,53.0734,51990562.0,1637725660.64
HAYW,USD,20,67.5543,146567817.0,2019100848.96
HBAN,USD,20,51.8725,1048043137.0,16456711115.84
HBANL,USD,20,30.8726,4013441.0,100634152.77
HBANM,USD,11,10.7939,755578.0,15610241.48
HBANP,USD,20,0.0989,19791.0,337451.84
HBB,USD,20,54.8643,5464626.0,102231966.89
HBCP,USD,20,42.8317,3370060.0,205748310.7
HBI,USD,20,1.1052,3910199.0,25751212.19
HBIO,USD,20,48.9831,2209225.0,12383090.45
HBM,USD,20,44.6694,198336366.0,4176544027.93
HBNB,,20,95.0453,222436709.0,1392449158.35
HBNC,USD,20,51.3381,26232908.0,434914449.71
HBT,USD,20,70.5014,25649261.0,684663949.33
HCA,USD,20,62.3315,138276615.0,69374364345.5
HCAC,,20,53.748,11455838.0,114073732.23
HCACR,,20,,14207073.0,3409697.52
HCACU,,20,14.3565,2971842.0,30427891.58
HCAI,USD,20,6.0775,463725.0,27802211.25
HCAT,USD,20,65.3163,48264960.0,77885934.67
HCC,USD,20,77.826,41093659.0,3652679865.85
HCHL,USD,17,35.8007,6362525.0,31968893.25
HCI,USD,20,60.3175,7699403.0,1243534944.63
HCIC,USD,12,21.4881,5333536.0,52469158.88
HCICR,USD,14,,6534043.0,1143582.23
HCKT,USD,20,69.5685,17523558.0,248381449.88
HCM,USD,20,2.4314,4242064.0,62749723.03
HCMA,USD,20,71.3572,18053318.0,182162192.0
HCMAU,USD,20,10.1835,2576458.0,26266628.0
HCSG,USD,20,68.0441,46709047.0,872637132.67
HCTI,USD,20,3.9417,79932.0,1319160.49
HCVI,USD,20,94.6159000000001,51549260.0,176563524.89
HCWB,USD,20,14.1938,226650.0,993832.54
HCWC,USD,20,25.9693,6905394.0,1377799.89
HD,USD,20,37.3951,372873738.0,122848839242.19
HDB,INR,20,5.2505,269618327.0,6722062565.16
HDL,USD,20,1.2921,840193.0,15046726.68
HDRN,USD,20,39.4101,27297129.0,271516979.86
HDSN,USD,20,71.8543,30228297.0,186613031.23
HE,USD,20,61.0968,105475186.0,1489473496.76
HEI,USD,20,58.7614,32457173.0,9604929183.99
HEIa,USD,20,57.4843,48573522.0,10647282876.06
HELE,USD,20,61.8548,14406520.0,214401719.18
HELP,CAD,20,48.4295,33628124.0,175983376.15
HEPA,,20,38.6376,11251008.0,703188.0
HEPS,TRY,20,95.5904,341473108.0,989957484.17
HERE,CNY,20,12.912,4876132.0,23943494.54
HESM,USD,20,65.8976,84580070.0,3117738814.26
HFBL,USD,20,50.5744,1544484.0,26651913.34
HFFG,USD,20,43.7188,23378734.0,44068766.52
HFRO,USD,20,85.4074,47321273.0,267974498.51
HFRO_pa,USD,3,2.3628,137040.0,2190778.8
HFRO_pb,USD,2,2.3846,95383.0,1583357.8
HFWA,USD,20,59.4008,24298617.0,631764042.0
HG,USD,20,58.8558,39157990.0,1159494373.46
HGAS,USD,9,91.594,6849646.0,513802.5
HGBL,USD,20,49.3862,17154126.0,23303476.28
HGTY,USD,20,88.4395,90033306.0,951469771.6
HGV,USD,20,81.4621,64571181.0,2691594281.97
HHH,USD,20,75.3832,44946888.0,3110252860.56
HHS,USD,20,76.8113,5698992.0,13137636.84
HI,USD,20,25.5443,18048910.0,562941463.5
HIFS,USD,20,54.9468,1206894.0,342852719.41
HIG,USD,20,48.998,132722061.0,17959413099.29
HIG_pg,USD,19,16.1465,2228228.0,55260621.32
HIHO,USD,19,38.0445,1760113.0,1574316.44
HII,USD,20,58.456,23034005.0,8407507891.55
HIMS,USD,20,50.1403,111852956.0,2736088990.66
HIMX,USD,20,45.7756,79844166.0,635470016.71
HIND,USD,20,55.1815,3872930.0,9391464.64
HIPO,USD,20,39.618,10314901.0,281679376.04
HIT,USD,20,66.6682,35895591.0,37705571.32
HITI,CAD,20,21.8456,19195930.0,48979290.75
HIVE,USD,20,32.5473,86071454.0,231446748.74
HIW,USD,20,72.5366,79988214.0,1738365212.94
HIYS,,8,48.7737,229237.0,5798664.53
HKD,USD,20,0.3172,625054.0,979591.62
HKIT,USD,20,1.0078,8062.0,27932541.15
HKPD,USD,14,33.475,7866612.0,10098468.76
HL,USD,20,51.6613,346498883.0,6480984828.37
HLF,USD,20,69.317,71860400.0,1016476234.48
HLI,USD,20,56.9748,30924021.0,4450924996.08
HLIO,USD,20,60.4127,19964181.0,1348664179.59
HLIT,USD,20,60.3982,65529870.0,630318146.08
HLLY,USD,20,76.204,92560100.0,289269360.72
HLLY_t,USD,20,,5125686.0,0.0
HLMN,USD,20,70.6736,138668576.0,1162292201.72
HLN,GBP,20,10.0053,440681253.0,4408286017.33
HLNE,USD,20,60.55,26247807.0,2538444463.35
HLP,USD,16,37.771,26230898.0,32429977.73
HLT,USD,20,51.835,118001232.0,35512551972.36
HLX,USD,20,66.3954,97797621.0,924464912.13
HLXC,USD,20,55.9429,9928486.0,100947917.76
HL_pb,USD,5,2.1343,3286.0,213992.68
HMC,JPY,20,3.0611,39718483.0,1005797745.7
HMH,USD,20,67.1809,7675352.0,150407267.56
HMN,USD,20,76.8652,31039095.0,1355868520.29
HMR,USD,20,89.3951,52735881.0,58985007.83
HMY,ZAR,20,13.7747,86068104.0,1396610251.61
HNGE,USD,20,75.5424,41288467.0,1762703558.28
HNI,USD,20,58.6698,42238185.0,1472151459.1
HNNA,USD,20,54.0018,4267446.0,42573637.23
HNRG,USD,20,60.4249,28478420.0,482402439.26
HNST,USD,20,46.4002,51076874.0,146897085.64
HNVR,USD,20,60.2348,4310782.0,100258809.53
HODL,,20,30.1339,18027545.0,434837688.14
HODO,USD,20,6.4215,4874283.0,15520680.42
HOFT,USD,20,68.5784,7366467.0,104953680.85
HOG,USD,20,78.2443,82366360.0,1668234708.78
HOLO,CNY,20,1.7124,385456.0,918030.63
HOLOW,CNY,14,,169776.0,0.0
HOLX,USD,20,51.7524,115534362.0,8692306076.48
HOMB,USD,20,54.1032,108455712.0,2934200622.36
HON,USD,20,41.5796,131782301.0,58039042692.14
HONA,USD,20,12.0408,38155713.0,8435465030.04
HONAV,USD,20,12.0408,38155713.0,8435465030.04
HOOD,USD,20,40.6894,321928587.0,24979372129.6
HOOK,USD,20,3.4089,338523.0,508846.95
HOPE,USD,20,74.1827,94834838.0,1056981407.33
HOTH,USD,20,6.4581,1357658.0,1143835.04
HOUR,USD,20,95.3572,33558050.0,61742049.93
HOUS,USD,20,28.0533,31456457.0,445423431.12
HOV,USD,20,52.1344,2644103.0,298741257.87
HOVNP,USD,4,2.4652,138050.0,2833330.0
HOVR,CAD,20,22.7938,15232110.0,29508686.49
HOWL,USD,20,26.3715,12815706.0,8259075.73
HP,USD,20,71.2053,71156088.0,2463568933.29
HPAI,USD,20,78.9685,29729195.0,142107250.54
HPAIW,USD,20,,6774840.0,0.0
HPCO,USD,5,0.0,0.0,0.0
HPE,USD,20,54.6223,723308804.0,17221982623.24
HPE_pc,USD,20,68.1234,20436950.0,1363910273.24
HPK,USD,20,99.8772,126203108.0,855551535.84
HPP,USD,20,78.1441,42386925.0,302302725.39
HPP_pc,USD,20,28.1555,4786477.0,66831160.91
HPQ,USD,20,52.6992,481946064.0,9278589812.25
HQ,SGD,20,92.5091,29448981.0,361979039.11
HQI,USD,20,69.7097,9689636.0,112977047.09
HQY,USD,20,57.9739,48467378.0,4111492462.21
HR,USD,20,81.0366,280809759.0,4769585627.41
HRB,USD,20,58.3719,73992472.0,2680808703.33
HRI,USD,20,68.6573,22926774.0,2646992180.84
HRL,USD,20,75.9844,418153375.0,9632506117.76
HRMY,USD,20,68.26,39517551.0,1199318420.0
HROW,USD,20,54.9448,20480653.0,787815605.01
HRTG,USD,20,50.4385,15307985.0,406453129.43
HRTX,USD,20,69.6654,131862353.0,140685722.35
HRZN,USD,20,6.0479,4128361.0,19182436.09
HSAI,CNY,20,31.2935,40726546.0,876602080.4
HSBC,USD,20,1.7519,60203024.0,4914628515.54
HSCS,USD,20,24.7043,963338.0,2418697.12
HSCSW,USD,7,,734913.0,0.0
HSDT,USD,20,49.7123,29021010.0,52960046.34
HSHP,USD,20,69.2566,32651018.0,412803818.68
HSIC,USD,20,68.1128,77591964.0,5746665212.36
HSII,USD,20,2.8051,583019.0,30352463.06
HSLV,USD,20,55.4542,112834934.0,597064560.33
HSPTR,USD,20,,5447236.0,1139359.99
HST,USD,20,62.1836,425882675.0,8127450282.23
HSTM,USD,20,65.137,19029852.0,409371823.66
HSY,USD,20,42.752,63371305.0,12824018441.5
HTB,USD,20,56.0224,9371290.0,407515954.98
HTBK,USD,20,49.8419,30699188.0,378672464.43
HTCO,USD,20,42.2732,3788949.0,36343948.48
HTCR,USD,20,59.0872,851000.0,4363542.62
HTFL,USD,20,57.2999,49415783.0,1333334512.53
HTGC,USD,20,22.2719,41675205.0,662838455.33
HTH,USD,20,69.9471,40068477.0,1472247777.73
HTHT,CNY,20,28.8275,88544750.0,4436236643.3
HTLD,USD,20,84.7931,65706076.0,713343309.02
HTLM,USD,6,94.8033,85026655.0,205755222.17
HTO,USD,20,89.6394,37505321.0,2192111923.17
HTOO,EUR,20,8.3715,589980.0,1818061.58
HTT,CNY,20,30.7716,28245996.0,58200830.12
HTZ,USD,20,98.076,309689120.0,1387658308.17
HTZWW,USD,20,,44710022.0,0.0
HUBB,USD,20,47.514,25107282.0,12224768674.5
HUBC,USD,20,0.6292,152547.0,607163.93
HUBCZ,USD,20,,2194896.0,0.0
HUBG,USD,20,77.5068,46952536.0,1731943650.94
HUBS,USD,20,57.5276,29464309.0,8151481260.83
HUDI,USD,18,71.2219,10184155.0,13822154.73
HUHU,USD,17,70.3218,18574584.0,187601692.82
HUIZ,CNY,17,28.5957,2459285.0,4051581.19
HUM,USD,20,60.0945,72150505.0,13827864011.99
HUMA,USD,20,25.0442,67192185.0,42867128.03
HUMAW,USD,14,,504647.0,0.0
HUN,USD,20,62.0726,108864169.0,1427220879.78
HURA,USD,20,46.8458,29832652.0,64651043.94
HURC,USD,20,66.8662,4330457.0,68436998.3
HURN,USD,20,67.5833,10956488.0,1473588783.7
HUT,USD,20,52.8497,64760762.0,3405829671.49
HUYA,CNY,20,41.6003,33032476.0,106936854.14
HVII,USD,20,89.3375,17590547.0,182197462.97
HVIIR,USD,20,,14237648.0,4087510.27
HVIIU,USD,19,12.0408,2289550.0,23062743.16
HVMC,USD,20,63.7901,15092739.0,151448473.4
HVMCU,USD,20,9.071,2146236.0,21824720.12
HVT,USD,20,75.1942,11192957.0,242932976.21
HVTa,USD,19,85.5142,1034701.0,24944238.48
HWBK,USD,20,41.1904,2842426.0,101621152.66
HWC,USD,20,62.8497,51007450.0,3244527723.89
HWH,USD,20,81.8893,6327047.0,8963791.5
HWKN,USD,20,56.392,11789533.0,1771699647.48
HWM,USD,20,53.4845,213995521.0,48018977848.38
HWM_p,USD,1,0.0,0.0,0.0
HXHX,USD,18,49.3592,4417654.0,2601155.13
HXL,USD,20,74.7836,56407223.0,4469624856.08
HY,USD,20,57.9264,8382711.0,280700510.53
HYFM,USD,20,38.9309,1853864.0,2824669.04
HYFT,CAD,20,19.0686,8959245.0,11258142.75
HYLN,USD,20,45.9832,82000754.0,281057262.73
HYMC,USD,20,58.7888,53709812.0,1791237882.24
HYNE,USD,20,29.0643,2353329.0,35070599.94
HYPD,USD,20,23.2313,3507612.0,12873783.69
HYPR,USD,20,18.1278,15266474.0,16505042.5
HYT_r_w,USD,2,,0.0,0.0
HZO,USD,20,72.0653,15914925.0,445159620.2
IAC,USD,20,83.4791,57265050.0,2312457937.46
IACO,USD,6,2.5451,890776.0,8826590.16
IACQ,,2,7.1974,1490226.0,14887357.74
IAG,USD,20,39.783,228479583.0,4281261566.79
IART,USD,20,82.0247,63812627.0,650364629.34
IAU,,20,22.0465,179865646.0,15856955351.36
IAUX,USD,20,46.4737,402414467.0,605058285.82
IBAC,USD,20,104.3917,5231727.0,55530798.84
IBACR,USD,20,,7185231.0,747443.82
IBCP,USD,20,56.6157,11664274.0,389159064.4
IBEX,USD,20,59.9732,8029900.0,243628219.82
IBG,USD,17,5.9978,269743.0,1995332.83
IBGC,,1,33.3333,50000.0,1252860.0
IBGM,,1,33.3333,50000.0,1250325.0
IBHM,,1,88.8889,400000.0,10024640.0
IBIM,,1,33.3333,50000.0,1254250.0
IBIO,USD,20,47.2442,23470356.0,44500919.71
IBKR,USD,20,45.1267,201032439.0,13438043886.86
IBM,USD,20,35.3743,333272675.0,81226468616.71
IBMU,,1,66.6667,100000.0,2516730.0
IBMV,,1,66.6667,100000.0,2515450.0
IBN,INR,20,9.5068,341026107.0,8987466698.11
IBO,USD,20,91.5344,98693914.0,50110499.52
IBOC,USD,20,63.6565,39582507.0,2713585477.94
IBP,USD,20,70.2293,18751758.0,4980679871.1
IBRX,USD,20,73.8593,773569859.0,7126147099.48
IBTA,USD,20,81.9699,16555891.0,486124214.55
IBTR,,1,33.3333,50000.0,1251905.0
ICCC,USD,20,50.171,4538872.0,36183099.4
ICCM,USD,20,36.3597,1245947.0,11167501.41
ICCT,USD,20,10.4852,465824.0,463867.15
ICE,USD,20,39.6569,224264272.0,35534239191.92
ICFI,USD,20,56.6123,10249160.0,702036368.2
ICG,CNY,20,1.0441,299749.0,425240.63
ICHR,USD,20,70.5172,24587341.0,1280218913.33
ICL,USD,20,75.9518,980322090.0,5091538082.79
ICLR,USD,20,65.3984,50096073.0,5640442317.28
ICMB,USD,20,53.4604,7715659.0,13054947.66
ICON,USD,20,10.5428,382086.0,519496.11
ICR_pa,,2,0.9233,93418.0,2010550.5
ICU,USD,20,15.4706,618368.0,2310379.84
ICUCW,USD,20,,1259205.0,0.0
ICUI,USD,20,78.2924,19568116.0,2612419009.02
IDA,USD,20,59.739,33100288.0,4633541350.01
IDAI,USD,20,35.9054,2010689.0,5400031.45
IDCC,USD,20,64.1558,16581115.0,4981525518.98
IDEX,,10,0.0,0.0,0.0
IDN,USD,20,46.5658,9430139.0,63417463.98
IDR,USD,20,38.2743,6051117.0,206663867.5
IDT,USD,20,48.5791,11316153.0,580001469.48
IDXX,USD,20,46.6067,36764638.0,21100672919.67
IDYA,USD,20,71.0181,67522945.0,2244753128.8
IE,USD,20,73.2976,116976213.0,1367154245.45
IEAG,USD,20,51.445,17951776.0,179541760.0
IEAGU,USD,20,29.6422,10330354.0,104853093.1
IESC,USD,20,83.3701,16610538.0,9884117462.05
IEX,USD,20,51.7321,38289699.0,7216795590.29
IFBD,USD,9,0.3343,27377.0,26426.37
IFF,USD,20,67.5051,172342532.0,12387294452.6
IFRX,EUR,20,32.6201,48046931.0,83468300.52
IFS,PEN,20,89.8741,99825004.0,4465698586.7
IGAC,USD,20,54.8842,9945006.0,98413845.9
IGACR,USD,20,,11886327.0,2258402.13
IGACU,USD,20,10.1658,1604155.0,16265710.5
IGC,USD,20,35.0938,36610268.0,9897983.6
IGIC,USD,20,82.3476,35124657.0,865909759.79
IGT,USD,20,80.9353,148668358.0,2073575278.88
IGTA,USD,20,60.753,1701214.0,11097491.0
IH,CNY,20,0.6391,142631.0,265865.37
IHG,USD,20,8.3311,12380453.0,1658277206.32
IHRT,USD,20,77.4448,100726270.0,327721815.89
IHS,USD,20,83.2612,279359399.0,2265496361.14
IHT,USD,20,70.829,6659378.0,10129097.58
IHYF,,20,92.6754,6811645.0,150286004.79
III,USD,20,74.0024,35402211.0,169298564.72
IIIN,USD,20,57.3524,11102470.0,368236233.44
IIIV,USD,20,89.2835,17454780.0,396441661.81
IINNW,USD,5,,199083.0,0.0
IIPR,USD,20,52.6619,15269517.0,769074061.76
IIPR_pa,USD,4,16.0777,910980.0,22619633.4
IJJ,,20,44.7752,26507034.0,3512182005.0
IKT,USD,20,82.9813,130307755.0,228393428.4
ILAG,USD,20,53.0468,1101756.0,4103670.5
ILLR,USD,20,13.6698,2720285.0,11467169.62
ILLRW,USD,19,,23798.0,0.0
ILLU,USD,5,1.7261,407762.0,4036312.26
ILMN,USD,20,57.7164,87324623.0,10899059649.98
ILPT,USD,20,52.0328,34687850.0,195611346.33
IMA,USD,20,52.4901,5920393.0,34898844.46
IMAQ,USD,4,92.1058,6296900.0,65172915.0
IMAX,USD,20,76.6373,42032593.0,1626214578.65
IMCC,CAD,20,35.6083,2216033.0,2380538.42
IMCR,USD,20,76.3968,38859569.0,1253832499.83
IMDX,USD,20,78.3528,25300278.0,111265442.06
IMG,USD,20,5.7851,111093425.0,46233290.02
IMKTA,USD,20,70.2561,10221394.0,858374827.98
IMMP,AUD,20,2.3799,3507140.0,3081363.29
IMMR,USD,20,52.5969,17409800.0,106592670.72
IMMX,USD,20,54.9536,38352360.0,347637425.04
IMNM,USD,20,92.3798,104620476.0,2270682337.7
IMNN,USD,20,15.1632,637178.0,1855413.18
IMO,CAD,20,90.5994,438132612.0,49597831878.82
IMOS,TWD,20,6.4628,2261905.0,83169512.03
IMPP,USD,20,59.0703,26707966.0,118176778.73
IMPPP,USD,2,0.1025,816.0,21069.12
IMRN,AUD,15,1.0514,84859.0,65748.76
IMRX,USD,20,50.754,32836663.0,193804341.82
IMSR,USD,20,44.0714,36245187.0,253279394.44
IMTE,USD,15,18.4747,636717.0,522156.53
IMTX,EUR,20,83.3175,113872773.0,1148205973.35
IMUX,USD,20,46.699,6361087.0,78384028.39
IMVT,USD,20,96.9291,200035645.0,5035769285.86
IMXI,USD,20,60.3259,18154869.0,284644950.31
INAB,USD,20,51.3431,4999555.0,9817790.76
INAC,USD,20,72.9708,10766854.0,108866529.58
INACR,USD,20,,8181263.0,1268095.8
INACU,USD,20,9.6764,1115682.0,11402270.04
INBK,USD,20,54.2176,4725964.0,97529188.86
INBS,USD,20,4.2674,102071.0,349220.61
INBX,USD,20,84.9539,12463754.0,1036252444.09
INCR,ILS,20,40.26,23845379.0,19912883.64
INCY,USD,20,63.4682,126798457.0,12640837303.33
IND,,4,69.4271,138855.0,2942629.04
INDB,USD,20,62.5599,29790226.0,2256929116.83
INDI,USD,20,86.8808,183569446.0,628721574.24
INDO,USD,20,36.4834,5613663.0,18903493.91
INDP,USD,20,97.1284,109990365.0,327712315.59
INDV,USD,20,74.1607,89734154.0,2828949807.72
INEO,USD,10,84.174,10244501.0,5213717.28
INFA,USD,20,0.19,502676.0,11495615.58
INFU,USD,20,56.0789,11320654.0,102054942.71
INFY,INR,20,7.0342,284856827.0,3660813794.83
ING,EUR,20,4.1343,118930675.0,3156483444.7
INGM,USD,20,89.9169,208289434.0,5761522771.2
INGN,USD,20,58.1855,15753404.0,103802806.37
INGR,USD,20,59.1811,37318987.0,4132532995.52
INHD,USD,20,0.6162,27861.0,6769018.13
INIO,USD,20,89.1063,668298625.0,26431210618.75
INKT,USD,20,63.1896,3147792.0,38128578.1
INLF,USD,20,8.117,84976.0,72865373.28
INLX,USD,20,48.5179,2180629.0,16245429.59
INM,USD,20,68.8334,2281177.0,3618158.39
INMB,USD,20,26.2027,6966048.0,9666555.01
INMD,USD,20,52.3791,30107900.0,415917344.44
INN,USD,20,79.9765,86666670.0,422292996.55
INNV,USD,20,96.2644,130665607.0,636791811.44
INN_pe,USD,14,45.2237,2894307.0,50785879.72
INN_pf,USD,13,35.2418,1409665.0,23480779.9
INO,USD,20,43.8614,36086151.0,62789902.74
INOD,USD,20,40.0443,13076529.0,693956666.13
INR,USD,20,81.2229,15230638.0,257313014.39
INSE,USD,20,74.7804,19947936.0,155264472.88
INSG,USD,20,66.4387,10814000.0,153490445.96
INSM,USD,20,65.4976,141967388.0,23786455289.88
INSP,USD,20,75.3076,21698543.0,1198416082.85
INSW,USD,20,71.5274,35409488.0,2451436228.75
INTA,USD,20,74.4011,57334577.0,1711778379.37
INTC,USD,20,50.11,2527045940.0,121269672803.48
INTE,USD,16,87.2541,2824999.0,29408239.59
INTG,USD,20,75.343,1618984.0,62859958.19
INTJ,HKD,13,25.6677,375391.0,3754077.2
INTR,BRL,20,57.7618,188168825.0,1459448526.05
INTS,USD,20,10.041,271391.0,1546455.7
INTT,USD,20,58.9387,7405438.0,92787361.63
INTU,USD,20,45.6947,124991947.0,55105561853.52
INTZ,USD,20,39.1254,8903797.0,9936864.53
INUV,USD,20,24.2474,3980515.0,7536952.14
INV,USD,20,49.8181,41869487.0,215552173.2
INVA,USD,20,70.2452,51847021.0,1173280179.45
INVE,USD,20,67.5882,16225379.0,56894489.65
INVH,USD,20,64.511,383222620.0,9808014156.22
INVX,USD,20,84.2303,58809849.0,1478976568.23
INVZ,USD,20,20.0497,44382896.0,30543577.33
INVZW,USD,14,,98730.0,0.0
IOBT,USD,20,35.5115,25550063.0,9287196.19
IONM,USD,1,0.0,0.0,0.0
IONQ,USD,20,35.7979,133622247.0,4458435940.69
IONQ_t,USD,20,,209153.0,0.0
IONR,USD,20,4.3953,3392306.0,14500160.9
IONS,USD,20,70.1799,115980886.0,8872005687.78
IOR,USD,10,92.0352,3742317.0,68979427.85
IOSP,USD,20,68.5517,16885004.0,1255690192.84
IOT,USD,20,68.4748,255264512.0,8104169787.94
IOTR,USD,8,3.3337,101084.0,320008.35
IOVA,USD,20,49.2387,219851989.0,687809195.16
IP,USD,20,69.0635,365702372.0,13167494133.15
IPAR,USD,20,84.498,27061144.0,2362301270.58
IPCX,USD,20,79.5238,20707955.0,211473927.13
IPCXR,USD,20,,16347929.0,5721775.15
IPCXU,USD,20,5.2232,1360139.0,14286608.11
IPDN,USD,20,37.2119,4774424.0,4117071.63
IPEX,USD,20,92.3933,10088787.0,104825330.61
IPEXR,USD,20,,8159092.0,4825880.76
IPEXU,USD,11,1.945,172922.0,1762212.5
IPFX,USD,6,7.9863,2020509.0,20892063.06
IPG,USD,20,0.3599,1301527.0,34314905.73
IPGP,USD,20,87.2092,37014806.0,3962253452.93
IPHA,EUR,20,2.1328,1998329.0,3400756.89
IPI,USD,20,58.7909,7897409.0,298064640.65
IPM,USD,20,49.45,4468189.0,7633842.61
IPO-JATT,USD,5,39.8348,3196753.0,34900374.03
IPOD,USD,20,77.6245,11242232.0,115390092.81
IPODU,USD,20,7.0453,1020332.0,10509571.82
IPSC,USD,20,74.5199,134400043.0,269306816.27
IPST,USD,20,12.8411,88099.0,455616.71
IPW,USD,20,26.5009,175235.0,997647.12
IPWR,USD,20,34.3125,5492760.0,20392683.81
IPX,USD,20,14.2712,5169603.0,144207011.29
IQ,CNY,20,42.5738,225889446.0,323325247.59
IQMX,USD,20,4.4799,11757535.0,123454117.5
IQST,USD,20,7.8353,527778.0,3016281.95
IQV,USD,20,55.6601,92897000.0,17662996846.54
IR,USD,20,66.3641,259707187.0,20783049224.24
IRAA,USD,20,35.9026,24112336.0,3341477.39
IRAB,USD,20,44.3832,7672974.0,75416427.5
IRAB_u,USD,18,31.3611,5421711.0,53997731.56
IRBT,USD,20,5.2835,1681563.0,3605874.12
IRD,USD,20,56.162,46370481.0,211154999.91
IRDM,USD,20,65.7965,69718048.0,2097684319.84
IREN,USD,20,33.3337,119128126.0,3909438397.89
IRHO,USD,20,54.3597,15938151.0,157566875.56
IRHOR,USD,20,,10655539.0,1514152.08
IRHOU,USD,20,32.4964,7659411.0,76276061.3
IRIX,USD,20,52.622,9159664.0,9531869.55
IRM,USD,20,51.515,153270351.0,15509143372.53
IRMD,USD,20,70.1404,8966051.0,806891746.38
IRON,USD,20,75.4007,28802410.0,2097271386.79
IRS,ARS,20,17.4462,13303023.0,212447083.94
IRS_t,ARS,9,,602133.0,0.0
IRT,USD,20,66.2755,156221959.0,2402374154.09
IRTC,USD,20,58.6953,19288661.0,2396131535.22
IRWD,USD,20,71.4106,117551410.0,407967943.92
ISBA,USD,20,18.3132,1397070.0,62972439.53
ISOU,CAD,20,64.4374,42049435.0,459216208.51
ISPC,USD,20,1.5688,22544.0,217022.45
ISPR,USD,20,74.1232,42546327.0,79697528.72
ISRG,USD,20,42.4039,149803906.0,69113681722.09
ISRL,USD,20,84.8414,1072880.0,14740277.16
ISSC,USD,20,47.5554,8508963.0,158214773.68
ISTR,USD,20,47.2451,6509147.0,177617741.33
IT,USD,20,71.2773,47721436.0,8470170885.75
ITG,,5,61.6358,29859191.0,429017706.59
ITGR,USD,20,69.8056,23702353.0,2026208836.3
ITHA,USD,20,40.5336,9322726.0,92407853.32
ITHAU,USD,20,24.2924,5587235.0,55652746.23
ITIC,USD,20,66.6788,1258895.0,292551687.82
ITOC,USD,20,1.933,2114415.0,6103751.72
ITP,USD,20,8.2017,1391463.0,332850.81
ITRG,USD,20,37.898,76852068.0,208936934.31
ITRI,USD,20,64.0897,28417072.0,2550291337.55
ITRM,USD,20,3.8315,2041824.0,369485.56
ITRN,USD,20,64.1278,12702843.0,647437869.11
ITT,USD,20,55.571,49680617.0,9215378132.91
ITUB,BRL,20,16.537,893595586.0,7125712187.19
ITW,USD,20,52.0187,149657875.0,38744137159.36
IVA,EUR,20,22.2598,46514851.0,251726692.68
IVCA,,20,99.7821,6468750.0,77625000.0
IVCB,USD,20,95.8181,10205119.0,70809277.5
IVDA,USD,20,13.2108,1531578.0,429380.45
IVF,USD,20,19.5571,349298.0,1502152.51
IVP,USD,20,0.0168,53800.0,2560.89
IVR,USD,20,28.2209,28898171.0,233139556.4
IVR_pc,USD,6,23.8294,1617884.0,39856044.73
IVT,USD,20,56.676,44170873.0,1369702973.47
IVVD,USD,20,82.484,243003659.0,492183390.53
IVZ,USD,20,65.7045,291265977.0,7187050235.49
IX,JPY,20,2.3652,25905771.0,776914072.29
IXAQ,USD,12,85.0942,4002121.0,48265579.26
IXHL,USD,20,16.975,2031548.0,17705652.42
IZEA,USD,20,34.9677,6123996.0,22061149.71
IZM,USD,14,6.195,507289.0,1153015.68
J,USD,20,47.3125,55866906.0,7155507334.83
JACK,USD,20,77.9953,14876525.0,223055453.61
JACS,USD,20,74.8562,17845709.0,187619884.72
JACS_r,USD,20,,17702730.0,2100989.97
JACS_u,USD,20,4.4235,1017412.0,10525623.42
JAGU,USD,18,48.8929,9873332.0,23690082.46
JAGX,USD,20,1.3796,35506.0,1154930.39
JAKK,USD,20,66.3475,7593086.0,153183523.55
JAN,USD,20,79.4027,168510222.0,4699890443.52
JANX,USD,20,79.6029,48545243.0,690608410.61
JATT,USD,5,39.8348,3196753.0,34900374.03
JAZZ,USD,20,59.1402,37150518.0,7134512513.1
JBDI,USD,18,76.6483,7292713.0,16902870.29
JBGS,USD,20,75.2164,43817913.0,656571091.89
JBHT,USD,20,61.4731,57736697.0,12737713328.94
JBI,USD,20,70.7389,96482296.0,551215427.0
JBIO,USD,20,78.4146,47712148.0,785881748.99
JBL,USD,20,54.9487,57579216.0,15312872923.52
JBLU,USD,20,63.0164,234432222.0,1110178539.23
JBS,USD,20,68.647,558935044.0,9953978128.7
JBSS,USD,20,75.942,6904753.0,530175737.16
JBTM,USD,20,61.4041,31971705.0,4240433683.23
JCAP,USD,20,94.2285,52220046.0,1068210864.91
JCI,USD,20,49.0072,299000237.0,38597360540.75
JCSE,SGD,12,0.0356,625.0,793.49
JCTC,USD,20,50.9686,1794150.0,4406093.71
JD,CNY,20,10.5817,132088639.0,3860212467.38
JDZG,CNY,10,0.4884,25092.0,1068214.8
JEF,USD,20,64.681,125522313.0,5961322172.2
JELD,USD,20,74.5346,64212345.0,100433284.84
JEM,HKD,13,11.829,76055.0,3437324.38
JENA,USD,20,64.1117,14889937.0,151794850.69
JENA_r,USD,20,,15134127.0,2572801.59
JENA_u,USD,20,14.8119,3440120.0,36129979.72
JETD,CAD,6,4.5351,68027.0,340815.27
JETU,CAD,2,0.0,0.0,0.0
JEWL,USD,10,0.0,0.0,0.0
JF,USD,18,3.7814,647679.0,595570.66
JFB,USD,20,45.8671,9272673.0,45284786.42
JFIN,CNY,20,29.0685,7362915.0,22929039.75
JFU,CNY,16,47.1385,4108211.0,16023604.25
JG,CNY,20,10.4203,488441.0,3407825.09
JHG,USD,20,59.3487,91441344.0,4701008959.5
JHX,USD,20,33.4309,194012088.0,4046690272.54
JILL,USD,20,94.3051,14099918.0,183102345.09
JJSF,USD,20,73.1895,13725510.0,1138023151.2
JKHY,USD,20,55.8258,39664622.0,6406708449.56
JKS,CNY,20,70.624,36986001.0,917663142.33
JL,USD,14,21.5725,356529.0,2473617.58
JLHL,CNY,6,87.7713,10048612.0,47293390.29
JLL,USD,20,58.9523,27350133.0,8676353447.59
JMG,HKD,7,40.9444,8316838.0,54974299.18
JMIA,USD,20,34.4539,42672219.0,377687790.9
JMSB,USD,20,52.0569,7346383.0,150704157.71
JNJ,USD,20,36.3425,875815925.0,212830033655.84
JOB,USD,20,50.4231,55399900.0,11941330.59
JOBY,USD,20,58.5533,575953814.0,5264454628.36
JOBY_t,USD,20,,4594496.0,0.0
JOE,USD,20,69.9421,40153637.0,2504632544.46
JOUT,USD,20,51.1917,4744677.0,215906979.95
JOYY,USD,20,39.6876,13516132.0,806904177.03
JPM,USD,20,34.0596,905369042.0,267315802583.58
JPMO,,20,6.8883,156710.0,2175785.98
JPM_pc,USD,20,0.3329,246252.0,6149121.12
JPM_pd,USD,20,0.1161,78702.0,1948300.58
JPM_pj,USD,20,15.3203,5515333.0,106521351.25
JPM_pl,USD,20,17.2962,12799346.0,239964388.02
JPY,,12,33.055,727211.0,23941604.16
JRSH,USD,20,58.8646,7475758.0,24305415.01
JRVR,USD,20,74.8474,34607158.0,206737861.69
JSPR,USD,20,45.3419,14995880.0,14540561.03
JSPRW,USD,16,,3014459.0,0.0
JTAI,USD,20,14.8217,210725.0,1549925.3
JUNS,USD,20,41.2769,19905400.0,5506463.39
JVA,USD,20,33.9088,1935715.0,7372581.16
JWEL,USD,12,14.3641,341310.0,863514.3
JWSM,USD,19,100.0412,25600027.0,256256296.73
JXG,USD,11,27.7998,3352396.0,27487844.11
JXN,USD,20,62.383,43507963.0,4618296094.03
JYD,CNY,20,18.8071,1540424.0,167062506.46
JYNT,USD,20,80.1202,11421480.0,100953528.54
JZ,CNY,11,0.0024,58.0,74502.15
JZXN,USD,20,5.4791,76314.0,159455.51
K,USD,20,0.6214,2162052.0,174845167.42
KACL,USD,13,85.8084,2715783.0,32405191.38
KAI,USD,20,73.0458,8625599.0,2543331189.92
KALA,USD,20,1.8579,359281.0,5467506.81
KALU,USD,20,68.2844,11163854.0,1403644958.82
KALV,USD,20,93.5685,49816747.0,966825493.89
KAPA,USD,20,41.6423,8916101.0,5062770.4
KARD,USD,20,68.2053,60934045.0,1453276973.25
KARO,ZAR,20,82.1176,25368810.0,1210640872.04
KAVL,USD,20,30.7646,6009978.0,91409.77
KAZR,USD,20,20.2549,2494739.0,6856292.3
KB,KRW,20,3.8562,13704152.0,1366715078.96
KBDC,USD,20,68.3968,45381060.0,647952780.36
KBH,USD,20,66.612,40839644.0,2124535764.72
KBON,USD,20,40.1235,14199659.0,142880369.54
KBONU,USD,20,19.9667,7066236.0,71899902.84
KBR,USD,20,61.4957,77970137.0,2987684797.54
KBSX,USD,20,43.466,19457923.0,25205027.11
KBWR,,20,30.9063,225616.0,15340716.38
KC,CNY,20,4.9006,14806264.0,180392095.91
KCA_u,USD,1,0.2,40000.0,400400.0
KCHV,USD,20,77.7634,20081592.0,205217179.13
KCHVR,USD,20,,20064139.0,4765233.02
KCHVU,USD,20,5.3015,1369014.0,14147073.84
KD,USD,20,57.5971,127143970.0,1749354951.04
KDK,USD,20,66.0299,131663473.0,875984336.95
KDP,USD,20,72.3426,984265622.0,26987914377.12
KE,USD,20,55.4855,13343693.0,323288668.36
KEEL,USD,20,37.0326,228392823.0,700498052.37
KELYA,USD,20,64.7359,20309728.0,179540459.9
KELYB,USD,20,94.913,3128384.0,64472230.26
KEN,USD,20,86.608,45129953.0,3716490604.02
KEP,KRW,20,1.2704,16311656.0,249678399.75
KEQU,USD,20,61.5344,1765122.0,64721774.09
KEX,USD,20,60.853,32556279.0,4144217521.39
KEY,USD,20,56.8641,609600930.0,12747208786.93
KEYS,USD,20,50.2553,85883713.0,24081260126.21
KEY_pi,USD,19,3.583,716614.0,17620998.05
KEY_pj,USD,17,0.7452,126674.0,2686928.39
KEY_pk,USD,13,0.0168,3030.0,63033.3
KFFB,USD,20,66.0112,5338145.0,19426784.45
KFII,USD,20,76.8603,22806498.0,236498939.41
KFIIR,USD,20,,21422044.0,3830649.85
KFIIU,USD,20,5.2052,1544502.0,16508156.28
KFRC,USD,20,62.5926,11161501.0,341052273.9
KFS,USD,20,71.8983,20812213.0,221442887.55
KFY,USD,20,68.8024,34990800.0,2204677986.09
KG,USD,20,155.4986,12166262.0,86494232.62
KGC,USD,20,35.2457,420871150.0,12737984164.47
KGEI,USD,20,66.2051,23674436.0,134156312.47
KGS,USD,20,55.8339,56331532.0,3285254946.24
KHC,USD,20,61.9371,734436403.0,17240836436.25
KIDS,USD,20,76.4661,19640346.0,319677103.61
KIDZ,USD,20,0.3624,18889.0,9572093.6
KIDZW,USD,20,,9557393.0,0.0
KIM,USD,20,65.7586,443468519.0,9813526445.33
KIM_pl,USD,14,0.1945,17313.0,359505.83
KIM_pm,USD,18,0.4493,47022.0,972876.9
KIM_pn,USD,20,37.5639,694354.0,41078631.9
KINS,USD,20,52.8726,7658495.0,115487629.03
KITT,USD,20,4.1769,208968.0,3255301.04
KITTW,USD,17,,604776.0,0.0
KKR,USD,20,55.9892,502711696.0,48050791884.2
KKR_pd,USD,20,184.9012,95686387.0,3891110727.1
KLAC,USD,20,49.6537,648615254.0,99153496492.02
KLAR,USD,20,60.6204,229214511.0,4689645828.45
KLC,USD,20,87.9605,104170238.0,249864333.01
KLIC,USD,20,57.1813,29924649.0,1861759217.16
KLRA,USD,20,47.0671,60982834.0,1491869067.04
KLRS,USD,20,81.949,19497508.0,110548645.05
KLTR,USD,20,60.1342,90426868.0,120364024.28
KLXE,USD,20,28.4787,6765199.0,17207555.96
KMB,USD,20,48.3856,160611173.0,15612575575.64
KMDA,USD,20,55.0075,31729181.0,229827751.88
KMI,USD,20,46.5946,1036644990.0,34060561747.42
KMPR,USD,20,60.6696,35718824.0,1193246216.0
KMRK,USD,9,98.0891,16282775.0,41085722.91
KMT,USD,20,78.4567,59792021.0,2107718702.45
KMTS,USD,20,97.261,56997313.0,1167875996.82
KMX,USD,20,69.628,98810017.0,4038940329.48
KN,USD,20,67.8798,57976466.0,1649886374.08
KNDI,USD,20,15.5156,15580167.0,11512241.85
KNF,USD,20,70.3342,39917400.0,3228767349.5
KNRX,USD,12,46.2678,11864225.0,31353310.25
KNSA,USD,20,63.2846,29302879.0,1317643870.68
KNSL,USD,20,63.9441,14565485.0,4859575299.42
KNTK,USD,20,73.2998,53950323.0,2438134734.03
KNW,USD,20,95.649,371255150.0,128044181.39
KNX,USD,20,64.7934,105285536.0,5907216824.98
KO,USD,20,40.9353,1761239219.0,129614277047.19
KOD,USD,20,80.2865,50242011.0,1833167386.2
KODK,USD,20,63.0403,61720869.0,510971602.8
KOF,MXN,20,27.3581,14368614.0,1381548821.78
KOP,USD,20,75.9643,14609305.0,561102058.58
KOPN,USD,20,47.791,88557135.0,232167063.23
KORE,USD,20,65.8637,11606330.0,99995366.59
KOS,USD,20,44.6419,264810856.0,575012124.61
KOSS,USD,20,48.612,4601809.0,27313188.44
KOYN,USD,20,53.6918,12827621.0,128642258.31
KOYNU,USD,20,11.2946,2698372.0,27440858.18
KPET,USD,8,75.8478,17445000.0,176543400.0
KPLT,USD,20,65.1516,3122326.0,21959782.33
KPLTW,USD,20,,1622983.0,0.0
KPRX,USD,20,25.4407,1127528.0,2496791.98
KPTI,USD,20,65.8959,14933955.0,97150052.74
KR,USD,20,52.5191,321757604.0,23207970121.88
KRAQ,USD,20,38.3544,13232230.0,130559932.36
KRC,USD,20,84.3527,98084284.0,2948297387.48
KREF,USD,20,65.2798,38239514.0,234701662.89
KREF_pa,USD,19,24.9135,3266164.0,57507832.71
KRG,USD,20,74.4234,151128922.0,3703164384.58
KRKR,CNY,12,8.4954,151359.0,694264.49
KRMD,USD,20,55.3922,25443208.0,115270879.23
KRMN,USD,20,55.7198,73843519.0,5374789696.98
KRNT,USD,20,74.7505,32117636.0,474282553.06
KRNY,USD,20,58.2006,37677927.0,283031806.05
KRO,USD,20,93.4322,107496646.0,703183667.22
KROS,USD,20,64.2085,12708052.0,185780055.08
KRRO,USD,20,75.4516,10882126.0,132141225.97
KRSP,USD,20,55.2805,19073153.0,196821254.19
KRSP_u,USD,20,41.8959,14454072.0,153213163.2
KRT,USD,20,78.3481,15641182.0,430940299.98
KRUS,USD,20,103.5517,11545769.0,694392856.19
KRYS,USD,20,83.9345,24743679.0,6661803337.72
KSCP,USD,20,18.3839,3108135.0,12633996.01
KSPI,KZT,20,56.7516,107843624.0,8481557364.52
KSS,USD,20,66.3248,75212266.0,988780810.62
KT,KRW,20,23.1613,111682156.0,2339182019.5
KTB,USD,20,61.9321,34231241.0,2365155022.13
KTCC,USD,20,48.8917,5309279.0,16153391.93
KTOS,USD,20,51.5311,96631114.0,6803941666.59
KTTA,USD,20,67.4499,22245402.0,16308935.78
KTTAW,USD,10,,480315.0,0.0
KTWO,USD,20,53.0074,7488299.0,73966227.21
KTWOR,USD,20,,9863212.0,2071274.52
KTWOU,USD,12,11.4246,1613954.0,16220407.7
KUKE,CNY,16,6.7765,6387302.0,19685755.61
KULR,USD,20,26.951,12466776.0,31330611.69
KURA,USD,20,70.1324,62259612.0,585234250.24
KUST,USD,20,7.5361,47004.0,231784.25
KVAC,USD,20,118.3447,6516688.0,79726259.11
KVACU,USD,13,0.0484,9372.0,106796.24
KVHI,USD,20,56.7647,11067885.0,94759310.91
KVUE,USD,20,51.2472,983951929.0,16966613717.08
KVYO,USD,20,66.3313,93458919.0,2255588302.23
KW,USD,20,54.6365,76110516.0,823515783.12
KWM,USD,20,31.7971,23289332.0,7350158.71
KWR,USD,20,78.3902,13613586.0,1770121298.92
KWY,USD,20,71.8983,20812213.0,221442887.55
KXIN,USD,17,1.5561,22076.0,149645.93
KYIV,USD,20,92.4693,213478146.0,2181531099.99
KYMR,USD,20,87.2137,71739826.0,5984937193.86
KYNB,USD,20,28.5404,1155350.0,8996562.04
KYTX,USD,20,65.2025,39640029.0,355262860.37
KZIA,AUD,20,53.8013,5774136.0,52717316.62
KZR,USD,20,70.224,5187946.0,34171243.51
L,USD,20,56.144,115527428.0,12409059190.79
LAB,USD,20,70.1298,274531621.0,249345577.94
LABT,USD,1,0.0006,11.0,34.54
LAC,USD,20,27.7691,100438373.0,385339245.17
LAD,USD,20,71.3872,16280424.0,4512996619.35
LADR,USD,20,53.8105,68266697.0,674270813.77
LAES,USD,20,13.6188,30339568.0,83009430.41
LAFA,USD,20,65.6299,10312657.0,102511185.89
LAFAR,USD,20,,7685361.0,922243.32
LAFAU,USD,20,9.3719,1113382.0,11225448.64
LAKE,USD,20,87.918,8676748.0,82868692.38
LAMR,USD,20,60.721,52860691.0,6765607566.46
LAND,USD,20,33.6789,14527920.0,145598161.16
LANDM,USD,5,0.0,0.0,0.0
LANDO,USD,6,8.0775,468641.0,9449479.68
LANDP,USD,5,1.2601,124372.0,2518210.0
LANV,EUR,15,91.1643,106611705.0,165954039.3
LANV_t,EUR,20,,15930433.0,0.0
LAR,USD,20,42.7681,70192700.0,502660803.76
LARK,USD,20,50.1917,3060460.0,81369108.21
LASE,USD,20,28.1387,13390892.0,9915845.54
LASR,USD,20,48.1848,27180414.0,1501794863.5
LATA,USD,20,68.3736,11794437.0,117819733.77
LATAU,USD,20,7.6688,1322892.0,13441936.64
LAUR,USD,20,73.1079,102335165.0,3536352190.46
LAW,USD,20,85.9192,55103771.0,257828222.33
LAWR,JPY,9,67.5053,31025452.0,95732325.0
LAZ,USD,20,66.1777,65143762.0,2883362821.92
LAZR,USD,20,4.8801,3596713.0,10485368.73
LB,USD,20,92.3622,25712914.0,1404186057.58
LBGJ,USD,13,6.1095,195750.0,22753756.77
LBRDA,USD,20,64.7888,11827024.0,608533969.08
LBRDK,USD,20,56.8637,70997879.0,3457869848.22
LBRDP,USD,16,22.8107,1638680.0,37410020.72
LBRT,USD,20,65.07,106188450.0,2930113382.92
LBRX,USD,20,89.327,25616002.0,602446082.91
LBTYA,USD,20,76.0379,133415980.0,1567040371.1
LBTYB,USD,20,98.0811,12719815.0,193048023.67
LBTYK,USD,20,66.2746,99192015.0,1149259447.8
LC,USD,20,62.8689,72519880.0,1078384976.41
LCCC,USD,20,83.2736,7415522.0,76387215.01
LCCCR,USD,20,,4425208.0,799666.19
LCCCU,USD,20,14.4024,1282542.0,13289427.78
LCFY,AUD,14,23.4969,422721.0,2535615.22
LCFYW,AUD,6,,54733.0,0.0
LCID,USD,20,67.3599,262877868.0,1838675115.24
LCII,USD,20,60.6985,17613867.0,2161502966.58
LCLN,USD,20,54.618,11501457.0,265768263.39
LCNB,USD,20,33.3766,4757529.0,75528853.11
LCTX,USD,20,45.8258,114242751.0,177881232.12
LCUT,USD,20,75.5691,17271343.0,112326796.17
LDI,USD,20,67.4207,156218753.0,221133803.11
LDOS,USD,20,46.2176,58135259.0,9235313772.52
LDTC,CAD,20,67.2,25276491.0,11668223.15
LDWY,USD,20,33.034,1576561.0,7194276.71
LE,USD,20,90.6008,27851498.0,318713295.51
LEA,USD,20,73.1298,36634513.0,4399317104.52
LECO,USD,20,44.1818,24206026.0,6007910357.84
LEDS,USD,20,60.1563,4976966.0,12618812.04
LEE,USD,20,89.0525,19796325.0,173312328.63
LEG,USD,20,55.7658,76154361.0,754808812.29
LEGH,USD,20,92.23,21933795.0,447509136.88
LEGN,USD,20,42.019,81217857.0,1519085282.65
LEGO,USD,18,23.6354,7390088.0,73242660.74
LEGO_u,USD,20,31.1522,9740342.0,97216366.06
LEGT,USD,20,77.5179,19999106.0,216960002.74
LEGT_u,USD,20,0.4105,92314.0,1020359.0
LEN,USD,20,60.0633,126436891.0,11061416099.3
LENZ,USD,20,90.2061,28283634.0,295671703.87
LENb,USD,20,90.7856,27588995.0,2822125195.26
LESL,USD,20,67.6566,6332284.0,12993560.14
LEU,USD,20,61.0836,11577546.0,2188612779.14
LEV,USD,20,0.0017,3925.0,94.2
LEVI,USD,20,52.9125,53091381.0,1011760319.73
LEXX,USD,20,8.8334,2189565.0,1534544.44
LFAC,USD,20,41.3078,5937973.0,58969302.37
LFACU,USD,20,23.6275,3499267.0,35136465.41
LFCR,USD,20,71.377,26773064.0,150738554.42
LFLY,USD,20,14.4861,909.0,58802.4
LFMD,USD,20,44.8005,21666618.0,88411296.81
LFS,JPY,15,52.3474,13694420.0,27255739.2
LFST,USD,20,71.6453,277864368.0,1995421442.55
LFT,USD,20,63.9273,33523246.0,41159698.02
LFTO,USD,20,79.1582,131782891.0,3165425041.82
LFT_pa,USD,2,10.0,240000.0,5488400.0
LFUS,USD,20,52.1475,13187486.0,4435378889.92
LFVN,USD,20,59.3412,7488089.0,47296488.17
LFWD,USD,20,47.9868,1364051.0,9178489.02
LGCB,USD,17,15.3769,9093554.0,15969908.46
LGCL,CNY,20,96.4066,41252836.0,76101834.63
LGCY,USD,20,65.6545,8300577.0,90316189.16
LGFa,USD,20,6.6952,5603237.0,45538675.45
LGFb,USD,20,2.1245,222233.0,26405842.5
LGHL,USD,16,0.1184,1112.0,328972.57
LGIH,USD,20,77.0709,17905360.0,734428133.59
LGL,USD,20,73.5237,4816117.0,32813323.65
LGL_r_w,USD,1,,114832.0,574.16
LGMK,USD,20,12.2494,110215.0,243088.99
LGN,USD,20,63.2368,48608201.0,3163794112.64
LGND,USD,20,64.8689,13000392.0,2644078532.86
LGO,USD,20,47.0288,48502702.0,48788721.92
LGPS,JPY,17,73.3058,17308194.0,20569308.57
LGVN,USD,20,20.0373,6041077.0,5305693.45
LH,USD,20,50.905,41742031.0,11019619607.51
LHAI,USD,20,49.9869,8260319.0,6431412.73
LHSW,USD,17,66.9396,2175529.0,41460747.32
LHX,USD,20,48.5748,90492427.0,30732170014.09
LI,CNY,20,3.4807,30234249.0,539076659.67
LICN,USD,16,0.0335,5444.0,11028.94
LICY,USD,20,17.8696,7959480.0,1236581.23
LIDR,USD,20,23.5891,10925262.0,19817943.25
LIDRW,USD,16,,144177.0,0.0
LIEN,USD,20,29.524,6758202.0,63276825.95
LIF,USD,20,44.3309,35922119.0,1707253581.17
LIFE,USD,20,52.2322,16143982.0,242564782.92
LII,USD,20,60.6029,21089754.0,10103893623.25
LILA,USD,20,71.3976,26988262.0,220505773.08
LILAK,USD,20,71.8125,115689556.0,951792929.42
LILAP,USD,20,0.3726,751738.0,16305197.22
LILM,EUR,20,0.0,0.0,0.0
LILPV,USD,20,0.3726,751738.0,16305197.22
LIME,USD,5,25.3196,16211080.0,426513514.8
LIMN,USD,20,35.9026,24112336.0,3341477.39
LIMNW,USD,20,,2425269.0,0.0
LIN,USD,20,43.3276,200324995.0,97597225153.4
LINC,USD,20,56.0144,17768239.0,682188348.07
LIND,USD,20,56.8892,37319174.0,670607481.1
LINE,USD,20,94.176,214414613.0,7074834439.96
LINK,USD,20,79.9128,12586241.0,35619937.3
LION,USD,20,71.0886,206607193.0,2138363790.89
LIPO,USD,11,7.6138,351823.0,911210.13
LIQT,USD,20,45.1356,13517134.0,14754969.65
LITB,USD,20,40.9066,7340060.0,16881036.78
LITE,USD,20,54.0727,42068645.0,28367075036.59
LITM,CAD,20,104.0761,18761045.0,51952465.49
LITS,USD,20,32.48,11051392.0,13901246.08
LIVE,USD,20,79.0177,2427148.0,25341293.85
LIVN,USD,20,66.5155,36539295.0,2336512618.89
LIXT,USD,20,14.8126,2708378.0,15898262.57
LKCO,USD,9,0.0002,12.0,0.0
LKFN,USD,20,60.2402,15007974.0,863739187.89
LKFT,EUR,20,47.2478,31134802.0,958889752.16
LKQ,USD,20,69.7105,177615772.0,5231946953.73
LKSP,USD,20,57.9485,9094074.0,90987951.42
LKSPR,USD,20,,1297988.0,1492686.2
LKSPU,USD,19,8.4018,996448.0,10062003.76
LLY,USD,20,49.9275,470187513.0,467535046390.91
LLYVA,USD,20,85.9683,21985269.0,1917047662.38
LLYVK,USD,20,87.0839,55646299.0,4941074626.13
LMAT,USD,20,64.4452,14726266.0,1527325780.47
LMB,USD,20,59.7484,7122659.0,570198704.36
LMFA,USD,20,19.3407,180570.0,2804290.08
LMND,USD,20,45.9838,35325212.0,2230285927.68
LMNR,USD,20,55.178,10004865.0,134213894.35
LMRI,USD,20,105.2686,101142850.0,1761456585.8
LMT,USD,20,43.6095,100646612.0,60829805826.68
LNAI,USD,20,42.9688,1948152.0,5397023.6
LNC,USD,20,54.9089,104993124.0,3989921842.32
LNC_pd,USD,20,32.7917,6558336.0,170954818.97
LND,BRL,20,8.1267,8095655.0,29438852.02
LNG,USD,20,40.1386,84111116.0,20743359258.91
LNKB,USD,20,55.538,20808733.0,172747847.14
LNKS,MYR,12,3.2569,44185.0,200381.08
LNN,USD,20,71.0676,7226778.0,857776667.82
LNSR,USD,20,56.3408,6917786.0,40283393.42
LNT,USD,20,55.8645,144285433.0,10231026461.58
LNTH,USD,20,70.8038,46097530.0,3457957046.78
LNW,USD,20,17.3622,13657465.0,1404155544.93
LNZA,USD,20,78.967,9975271.0,166756509.59
LNZAW,USD,18,,1259189.0,0.0
LOAN,USD,20,46.8487,5352742.0,23532252.13
LOAR,USD,20,94.1691,88165450.0,5146528294.8
LOB,USD,20,70.0352,32414709.0,1137417005.63
LOBO,USD,12,1.7331,175243.0,109837.67
LOCL,USD,20,104.5438,23832082.0,28940862.45
LOCO,USD,20,68.2846,20796226.0,288087229.64
LODE,USD,20,40.076,30454303.0,95149227.19
LOGC,USD,20,48.2705,22074335.0,177238596.99
LOGI,USD,20,36.0246,57921984.0,5367053237.44
LOKV,USD,20,69.0045,49673231.0,442283292.64
LOKVU,USD,20,9.35,2150500.0,22510750.0
LOMA,ARS,20,17.4085,20315154.0,234663074.46
LONA,USD,20,74.3776,6986685.0,64045790.51
LOOP,USD,20,59.1417,28612956.0,38313602.28
LOPE,USD,20,57.8939,15350121.0,2548103720.07
LOT,USD,20,99.3417,643866931.0,825197054.0
LOTWW,USD,20,,5100589.0,0.0
LOVE,USD,20,81.9159,11993832.0,178482501.18
LOW,USD,20,41.7223,233939177.0,55315492248.12
LPA,USD,20,92.2761,29175712.0,96878227.89
LPAA,USD,20,76.0656,21868883.0,234262076.69
LPAAU,USD,20,0.6823,156921.0,1711131.33
LPBB,USD,20,81.1697,18669003.0,196864564.7
LPCN,USD,20,31.0124,2556747.0,18399349.77
LPCV,USD,20,36.292,8347153.0,82694176.8
LPCVU,USD,20,27.8441,6404104.0,64035884.5
LPG,USD,20,56.886,24337348.0,787327772.01
LPL,KRW,20,3.2758,32759704.0,131210453.53
LPLA,USD,20,59.2285,47372564.0,14861045719.54
LPRO,USD,20,60.735,71863359.0,130454168.53
LPSN,USD,20,25.2106,3109107.0,11123942.86
LPTH,USD,20,42.002,27872799.0,316949602.93
LPTV,USD,15,21.1019,31165654.0,826706.6
LPX,USD,20,60.1614,42031607.0,3176430825.39
LQDA,USD,20,60.1662,53504599.0,2441518218.25
LQDT,USD,20,77.2338,24082470.0,736181554.78
LRCX,USD,20,44.3984,555232382.0,119152109712.53
LRE,JPY,13,90.3679,12327908.0,22234531.23
LRHC,USD,20,6.1122,98776.0,207817.41
LRMR,USD,20,69.1595,71844614.0,347195720.81
LRN,USD,20,68.0309,28930041.0,2400849467.26
LSAK,USD,20,60.7708,52139369.0,259870609.26
LSB,CNY,20,36.5387,15058567.0,13392536.34
LSBK,USD,20,40.5246,3186769.0,47324785.68
LSCC,USD,20,66.8017,91523568.0,8721975303.12
LSDI,USD,4,0.0,0.0,0.0
LSE,USD,11,64.8673,2799023.0,12762938.59
LSF,USD,20,38.4604,4232297.0,13273376.72
LSH,USD,20,27.2147,9369363.0,8658493.61
LSPD,USD,20,64.8231,86429766.0,832087766.23
LSTA,USD,20,29.1572,2655161.0,9370603.75
LSTR,USD,20,67.112,22769937.0,3638645949.31
LTBR,USD,20,45.8665,16120712.0,190250101.71
LTC,USD,20,55.6819,28498708.0,1048547558.24
LTH,USD,20,64.4818,143538790.0,4029564076.26
LTM,USD,20,9.5949,27547693.0,1453279919.71
LTRN,USD,20,30.6957,3916438.0,8281817.84
LTRX,USD,20,39.7993,17753867.0,96551094.02
LTRY,USD,20,12.3698,2812645.0,4930321.11
LTRYW,USD,20,,162597.0,0.0
LU,CNY,20,12.5692,108934922.0,208870351.98
LUCD,USD,20,40.746,77731731.0,98811292.34
LUCK,USD,20,95.8293,74845352.0,623309412.47
LUCY,USD,20,15.9462,1021149.0,1115786.54
LUD,USD,6,88.514,20083814.0,128860442.02
LULU,USD,20,48.5997,52700513.0,7980168115.45
LUMN,USD,20,51.6457,532111199.0,3824827289.27
LUNA,USD,20,22.603,7675675.0,8129811.37
LUNG,USD,20,66.1665,27946801.0,42420698.14
LUNR,USD,20,67.9786,109073079.0,2234000397.82
LUV,USD,20,63.5086,310684921.0,11753591265.74
LUXE,EUR,20,102.9797,141351763.0,1122973395.75
LVLU,USD,20,79.9329,2289603.0,20887582.09
LVO,USD,20,37.2694,5054354.0,29027375.64
LVRO,BRL,18,95.9784,110348410.0,242766279.5
LVROW,BRL,20,,1255617.0,0.0
LVS,USD,20,71.3602,472860014.0,23207769869.26
LVWR,USD,20,95.7862,196133321.0,335015587.54
LVWR_t,USD,20,,10921321.0,0.0
LW,USD,20,60.4598,83478331.0,3558788735.23
LWAC,USD,20,58.775,13029732.0,131885923.3
LWACU,USD,20,9.6599,2141452.0,21796062.97
LWAY,USD,20,76.4952,11689902.0,291940158.96
LWLG,USD,20,25.0641,38530793.0,256360932.98
LX,CNY,20,39.3394,50793948.0,138672428.24
LXEH,CNY,16,6.8316,127863.0,2383722.62
LXEO,USD,20,86.9928,68308227.0,537339008.87
LXFR,USD,20,68.9205,18612973.0,244252826.49
LXP,USD,20,63.3432,36764871.0,1704757566.1
LXP_pc,USD,20,72.5144000000001,1403424.0,64611800.41
LXRX,USD,20,68.942,306237688.0,470207106.68
LXU,USD,20,61.4681,44209128.0,611377882.4
LYB,USD,20,64.6584,208708368.0,15647378447.5
LYEL,USD,20,85.4032,19928078.0,420041711.88
LYFT,USD,20,71.1923,270304994.0,4262496168.32
LYG,GBP,20,3.2353,470372402.0,2365973182.06
LYRA,USD,20,15.7885,280228.0,1014926.18
LYT,USD,8,78.8769,1560214.0,33154547.5
LYTS,USD,20,58.1391,21344220.0,427337990.86
LYV,USD,20,80.3432,186968300.0,27583019430.32
LZ,USD,20,74.9436,128639116.0,923306270.4
LZB,USD,20,70.7985,28327349.0,915655791.2
LZM,USD,20,80.1839,72088288.0,316451716.93
LZMH,CNY,20,75.0768,5896156.0,195715251.2
LZM_t,USD,20,,8677269.0,0.0
M,USD,20,62.4683,164315521.0,3079468897.35
MA,USD,20,44.6743,391812584.0,199698311965.46
MAA,USD,20,58.0153,67520986.0,8500549657.46
MAAS,CNY,19,68.9427,300251488.0,2760865634.19
MAA_pi,USD,5,26.2972,262972.0,14148235.16
MAC,USD,20,66.7449,189261977.0,3575456216.58
MACI,USD,20,352.2518,13822093.0,148938393.95
MACIU,USD,20,2.1227,339641.0,3525742.85
MAGH,SGD,5,62.8685,22003983.0,148746925.08
MAGN,USD,20,67.4685,24153699.0,300452609.48
MAIA,USD,20,28.5327,17347968.0,23850386.6
MAIN,USD,20,16.5973,15433725.0,825209025.14
MAIR,USD,20,54.818,96966562.0,4024806989.54
MAKO,USD,20,51.7589,45340593.0,293046149.62
MAMA,USD,20,41.3492,19226170.0,300496226.2
MAMK,USD,4,81.0068,7452619.0,36370297.0
MAMO,USD,20,79.3305,33033893.0,34043223.11
MAN,USD,20,70.0808,32592863.0,961661458.41
MANE,USD,20,64.7477,27050905.0,2071261657.28
MANH,USD,20,67.3801,39865170.0,5768416892.06
MANU,GBP,20,109.7313,61544105.0,1180603904.0
MAPS,USD,20,40.8389,45484619.0,27738573.91
MAPSW,USD,20,,2857938.0,0.0
MAQC,USD,2,95.2368,2712458.0,30677899.98
MAR,USD,20,49.663,130955320.0,43328675713.37
MARA,USD,20,47.5145,181158935.0,1507944864.03
MAS,USD,20,57.4741,115944910.0,7092014451.19
MASI,USD,20,60.9506,31917321.0,4971796159.54
MASK,USD,12,15.8236,314228.0,16800137.56
MASS,USD,20,74.3776,30515047.0,208679701.36
MAT,USD,20,75.1224,218304941.0,3596413307.6
MATH,USD,20,41.4311,16994611.0,41596889.84
MATV,USD,20,62.2345,34301984.0,332063508.45
MATW,USD,20,74.8553,23356780.0,603588790.44
MATX,USD,20,59.9566,18144745.0,2895529832.15
MAX,USD,20,70.7988,38275295.0,379296985.82
MAXN,USD,20,73.3322,12417149.0,31703629.88
MAYS,USD,20,28.5637,575780.0,24233931.91
MAZE,USD,20,72.2113,39965579.0,1473346781.06
MB,HKD,7,72.9854,12520668.0,89218614.84
MBAI,USD,20,37.9501,2664289.0,4289476.99
MBAV,USD,20,110.2101,25970894.0,280343671.61
MBAVU,USD,20,0.0324,9332.0,102100.84
MBBC,USD,20,40.3694,1191200.0,16561924.06
MBC,USD,20,59.2237,121418243.0,1058388932.11
MBGL,USD,8,0.2139,632877.0,13954937.85
MBGL_w,USD,8,0.2139,632877.0,13954937.85
MBI,USD,20,53.7602,27382394.0,167877492.12
MBIN,USD,20,130.6858,60031035.0,2800285776.19
MBINM,USD,8,13.8528,789612.0,19816148.04
MBINO,USD,2,0.0,0.0,0.0
MBIO,USD,20,15.469,1041389.0,798146.55
MBLY,USD,20,60.3184,152255314.0,1127982890.73
MBNKO,,2,15.1064,468298.0,11950866.97
MBOT,USD,20,18.0694,12136322.0,28656284.54
MBRX,USD,20,3.6836,249527.0,646994.55
MBUU,USD,20,79.4958,15610639.0,412885194.13
MBVI,USD,20,63.5348,21919514.0,220000900.0
MBVIU,USD,20,6.9415,2394829.0,24302829.58
MBWM,USD,20,48.696,8417557.0,426596198.82
MBX,USD,20,90.9098,43270863.0,1557589131.17
MC,USD,20,69.2632,51513935.0,3038191359.8
MCAG,USD,11,65.1925,1873000.0,23019170.0
MCAH,,2,33.9492,3071429.0,30468575.68
MCB,USD,20,63.8049,7908772.0,656140368.13
MCBS,USD,20,37.1356,10643079.0,342956703.3
MCD,USD,20,37.3765,265562144.0,82306445664.16
MCFT,USD,20,73.7784,17870818.0,404251977.4
MCGA,USD,20,72.3237,12896238.0,130630923.48
MCGAU,USD,20,7.3962,1301879.0,14170257.25
MCHB,USD,20,90.7691,199951710.0,2705371661.04
MCHP,USD,20,55.6857,302377656.0,20083527110.35
MCHX,USD,20,70.9684,28146352.0,45031841.78
MCK,USD,20,43.5036,50932843.0,43984524967.58
MCO,USD,20,55.1313,95487052.0,41882920447.7
MCRB,USD,20,36.0444,3490527.0,37900849.39
MCRI,USD,20,69.7845,12507125.0,1318644199.0
MCRP,AED,20,86.4985,30178000.0,88161343.56
MCS,USD,20,60.7866,14433007.0,242654932.27
MCTA,USD,4,68.4669,10391911.0,244453189.61
MCW,USD,20,28.9929,95356169.0,601568737.51
MCY,USD,20,84.4538,46777876.0,4145730144.91
MD,USD,20,67.3691,55324821.0,1209871549.49
MDA,CAD,20,39.518,64072305.0,1700112451.54
MDAI,USD,20,27.2012,8656516.0,15093621.73
MDAIW,USD,20,,2379996.0,0.0
MDB,USD,20,41.5405,33411887.0,8545988985.56
MDBH,USD,20,15.6028,821696.0,2613534.55
MDCX,USD,20,19.4888,11041925.0,7910773.35
MDGL,USD,20,74.7219,17227611.0,9325495608.85
MDIA,USD,20,93.3445,71792221.0,58992273.72
MDLN,USD,20,78.3295,662359185.0,25503191394.24
MDLZ,USD,20,52.2505,670714591.0,38357269429.26
MDRR,USD,20,68.9483,1122824.0,12663175.27
MDT,USD,20,40.8173,522481328.0,45434981796.42
MDU,USD,20,60.3067,126044363.0,2593912788.31
MDV,USD,20,28.6604,2958796.0,43949356.14
MDV_pa,USD,1,0.1367,2293.0,56591.24
MDWD,USD,20,63.8794,8209945.0,140390910.1
MDXG,USD,20,57.6228,85826607.0,366595549.29
MDXH,USD,20,47.2331,24260967.0,72535094.69
MEC,USD,20,61.4496,15517959.0,334898102.38
MED,USD,20,64.4589,7167267.0,73631185.96
MEDP,USD,20,62.4903,17442149.0,8406993321.31
MEDS,USD,20,16.8803,6858603.0,2774671.76
MEG,USD,20,61.365,22176862.0,506990493.08
MEGL,HKD,13,1.0387,42210.0,46747.68
MEHA,USD,17,8.5747,3619168.0,341566.3
MEI,USD,20,64.9706,23045577.0,127771585.04
MELI,USD,20,44.5246,22572668.0,39654968029.14
MENS,USD,20,62.9491,47858603.0,188276051.97
MEOH,USD,20,58.8716,45545622.0,2643399093.03
MERC,USD,20,78.4678,52560085.0,70018269.87
MER_pk,USD,20,14.0176,5887435.0,151344890.05
MESH,USD,20,40.4326,13949200.0,138138884.24
MESHU,USD,20,20.1296,6944687.0,69178065.44
MESO,USD,20,7.3654,9552443.0,150364877.46
MET,USD,20,59.6298,383681154.0,28684793821.8
META,USD,20,39.8285,874654932.0,520408603652.16
METC,USD,20,82.5025,44390256.0,709566586.79
METCB,USD,20,60.8673,6920634.0,68965764.78
MET_pa,USD,20,14.4167,3460062.0,73883385.5
MET_pe,USD,17,0.1271,40930.0,970878.37
MEVO,USD,20,45.1341,13540203.0,133419999.55
MEVOU,USD,20,24.9273,7478227.0,74857052.27
MFA,USD,20,39.5769,40208627.0,384203304.47
MFA_pb,USD,8,19.9206,1630701.0,32770970.37
MFA_pc,USD,20,40.5324,4458574.0,100802520.26
MFC,CAD,20,28.4671,473090972.0,16411870161.72
MFG,,20,1.7133,208479045.0,1655412392.14
MFI,HKD,14,1.1158,547222.0,6019398.75
MFIC,USD,20,26.4526,21789533.0,245895976.26
MFIN,USD,20,55.906,13333591.0,120308994.13
MFP,USD,2,7.4775,3380945.0,147070757.5
MFPVV,USD,2,7.4775,3380945.0,147070757.5
MG,USD,20,71.1354,22632887.0,342835548.46
MGA,USD,20,43.6543,120672980.0,6945457459.58
MGAM,USD,6,34.6635,21020000.0,1912740.0
MGEE,USD,20,43.6539,16477736.0,1274760431.18
MGIC,USD,20,100.8596,49521161.0,895510396.65
MGIH,USD,6,89.7773,10099949.0,16352475.7
MGLD,USD,20,76.9381,32938139.0,31737217.77
MGM,USD,20,72.0928,184450149.0,7639247686.21
MGN,MYR,9,20.1046,6433506.0,11793454.28
MGNI,USD,20,59.3394,84982983.0,1068815575.59
MGNX,USD,20,55.4545,35248727.0,94279729.56
MGPI,USD,20,80.3698,17175989.0,375971427.3
MGRC,USD,20,56.3324,13836246.0,1538564327.63
MGRM,USD,12,35.2624,14327938.0,78806737.76
MGRT,USD,3,77.3622,10637288.0,882523832.67
MGRX,USD,20,23.9469,4092928.0,2057924.34
MGTX,USD,20,65.7151,60858564.0,531254618.16
MGX,USD,20,36.1956,13626503.0,19587130.76
MGY,USD,20,55.2526,130930826.0,4133486176.82
MGYR,USD,20,45.6739,2951777.0,51061385.01
MH,USD,20,101.3391,193836407.0,1959510088.24
MHH,USD,20,86.6109,10391724.0,59286597.48
MHK,USD,20,67.2472,40989429.0,4128683796.7
MHN,USD,20,0.0167,5070.0,51995.25
MHO,USD,20,63.9576,16366871.0,2019596553.45
MHUA,USD,13,18.5741,159350.0,326667.5
MI,USD,12,1.0282,2375.0,62396.0
MIAX,USD,20,40.8085,39497784.0,1591110995.56
MICC,EUR,20,66.8625,409371266.0,6182242689.28
MIDD,USD,20,80.5382,36414876.0,4950418717.02
MIDDV,USD,1,,11527.0,933802.27
MIGI,USD,20,43.94,2426024.0,16546875.13
MIMI,USD,20,8.784,558803.0,9442438.0
MIND,USD,20,15.4862,1407545.0,11348695.67
MINE,CAD,20,44.6646,29987022.0,92624181.29
MINM,USD,16,69.2717,5907900.0,37484820.57
MIR,USD,20,64.8683,158704146.0,3162113304.24
MIRA,USD,20,13.7158,5763693.0,7892522.53
MIRM,USD,20,63.47,38704914.0,3556923942.94
MIST,USD,20,22.8814,28469006.0,40532722.03
MITK,USD,20,57.3526,25899793.0,343058554.93
MITQ,USD,20,40.134,3989763.0,2382318.08
MITT,USD,20,28.5883,9092099.0,67866851.44
MITT_pa,USD,2,0.1148,1910.0,43892.97
MITT_pb,USD,2,18.4016,686011.0,14685946.17
MITT_pc,USD,4,17.3484,646920.0,16176480.48
MKC,USD,20,53.0469,134766170.0,6866049575.67
MKCv,USD,20,26.1202,3865379.0,234511354.38
MKDW,USD,20,62.905,2641032.0,17153033.75
MKL,USD,20,42.2403,5285848.0,10402267156.68
MKLY,USD,20,72.7355,12947809.0,129790049.17
MKLYR,USD,20,,11266742.0,1352009.04
MKLYU,USD,20,13.1554,2269283.0,22975457.23
MKSI,USD,20,58.0177,39187589.0,8358909572.68
MKTW,USD,20,50.4581,1344480.0,24215412.14
MKTX,USD,20,74.1623,26356793.0,4492230870.84
MKZR,USD,20,14.8805,335509.0,1105420.34
MLAAU,USD,6,1.4694,543402.0,5427695.98
MLAB,USD,20,63.7972,3568044.0,316753505.81
MLAC,USD,20,87.4191,33692538.0,187498479.15
MLACR,USD,20,,18363621.0,4774541.46
MLCI,USD,20,29.1124,3257292.0,11996356.24
MLCO,USD,20,27.6681,107431996.0,654938765.18
MLEC,USD,18,23.3561,169593.0,14550146.54
MLECW,USD,20,,2264570.0,0.0
MLGO,CNY,20,47.5953,5207663.0,22987634.93
MLI,USD,20,54.7392,121072988.0,6728483298.8
MLKN,USD,20,71.3018,48573098.0,702366997.08
MLM,USD,20,56.2895,33799464.0,20098377812.56
MLNK,USD,20,17.022,12574790.0,258731639.19
MLP,USD,20,90.0123,17880618.0,280830096.32
MLR,USD,20,67.5319,7695743.0,328788594.27
MLSS,USD,20,20.4653,18101228.0,5525693.29
MLTX,USD,20,66.2365,54733935.0,1030160203.73
MLYS,USD,20,67.7928,59537925.0,1639451373.78
MMA,AUD,20,21.9389,5810158.0,8265028.06
MMAT,USD,13,0.0001,6.0,0.0
MMC,USD,20,49.8929,238094025.0,41398634053.35
MMED,USD,20,95.4484,268060045.0,3999045271.38
MMI,USD,20,84.4318,31933556.0,855990059.78
MMM,USD,20,43.3639,223636054.0,32619730741.75
MMS,USD,20,72.9794,38343705.0,2665787441.34
MMSI,USD,20,58.3564,34812435.0,2529859606.52
MMTX,USD,20,56.9998,5032002.0,50253209.51
MMTXU,USD,20,13.5052,1192258.0,12068792.44
MMYT,USD,20,74.8155,67223236.0,3744068567.09
MNDO,USD,20,30.3103,6118184.0,8208340.24
MNDR,USD,17,33.4149,296923.0,1685416.07
MNDY,USD,20,69.4973,29819214.0,2610489182.64
MNKD,USD,20,41.8329,129242943.0,439407213.58
MNMD,USD,20,45.7809,57057953.0,1355268936.42
MNOV,USD,20,13.2075,6501008.0,8897136.45
MNPR,USD,20,93.1543,6240460.0,381580446.31
MNRO,USD,20,93.2741,29060172.0,480709172.72
MNSB,USD,20,73.7648,5250136.0,112624950.4
MNSO,CNY,20,8.1757,25323238.0,451176101.78
MNST,USD,20,64.4236,630068020.0,46628068167.36
MNTK,USD,20,83.0121,118160466.0,173055328.79
MNTN,USD,20,68.9728,42082623.0,455574702.93
MNTS,USD,20,10.3936,1957756.0,25501262.41
MNTSW,USD,20,,1458553.0,0.0
MNY,USD,20,66.6422,20777881.0,27399981.72
MNYWW,USD,20,,4266225.0,0.0
MO,USD,20,35.1091,586285969.0,37995399533.29
MOB,USD,20,31.6737,4001468.0,22707380.37
MOBI,USD,13,35.5477,11819274.0,155078562.3
MOBX,USD,20,20.0724,3010500.0,6940989.58
MOBXW,USD,20,,1607636.0,0.0
MOD,USD,20,49.3208,26192917.0,5676267043.07
MODD,USD,20,33.6446,1821240.0,9392504.5
MODG,USD,20,65.4079,117575639.0,1594202896.94
MODV,USD,20,47.0658,6778232.0,810198.31
MOGO,CAD,20,27.8523,6655250.0,6719997.4
MOGU,CNY,11,37.8184,2708873.0,5300944.36
MOGa,USD,20,60.26,17137414.0,4902709509.05
MOGb,USD,20,107.0526,3472227.0,932330532.18
MOH,USD,20,66.9597,34953113.0,4705380213.62
MOLN,CHF,10,9.577,3592442.0,14258792.35
MOMO,CNY,20,60.4035,64973181.0,380119759.15
MOND,USD,20,6.0746,5310195.0,1593.05
MORN,USD,20,91.3872,34752751.0,6590817692.76
MOS,USD,20,57.8213,183782456.0,4588264027.95
MOV,USD,20,59.5118,9385994.0,234802817.62
MOVE,USD,20,41.9366,11571755.0,153595704.27
MP,USD,20,55.1204,98126055.0,5144813278.37
MPAA,USD,20,74.5231,14103377.0,161179119.56
MPB,USD,20,51.6872,13087581.0,423716988.51
MPC,USD,20,42.6977,124650166.0,28201005402.58
MPLT,USD,20,95.7669,40814088.0,747192537.46
MPT,USD,20,58.9382,352510086.0,1629771212.52
MPTI,USD,20,35.1792,1520254.0,103646836.38
MPTI_r,USD,20,,1086990.0,2282679.0
MPTI_r_w,USD,20,,919123.0,1930158.3
MPU,USD,20,5.8963,3681036.0,1504248.84
MPW,USD,20,58.9382,352510086.0,1629771212.52
MPWR,USD,20,57.9224,28457369.0,30600250078.23
MPX,USD,20,15.7259,5383676.0,39923719.23
MQ,USD,20,63.4833,62090360.0,1014868951.92
MQT,USD,20,0.6367,141076.0,1444980.99
MRAI,USD,11,51.1056,12925984.0,5220868.8
MRAM,USD,20,56.7305,13301936.0,131103493.34
MRBK,USD,20,64.564,7676826.0,143914798.05
MRCC,USD,20,22.9747,4977757.0,26183876.3
MRCY,USD,20,63.5825,38176972.0,2857444326.34
MRDN,USD,20,85.8272,10873840.0,111770106.16
MREO,USD,20,50.4069,80458569.0,31948931.86
MRK,USD,20,39.6959,980420231.0,115402870591.3
MRKR,USD,20,28.712,4787185.0,6364526.28
MRM,JPY,20,26.9768,2131678.0,2337670.87
MRNA,USD,20,57.5069,228179600.0,10276593816.63
MRNO,MXN,16,95.2973,78222264.0,45167244.21
MRNOW,MXN,20,,8610579.0,0.0
MRP,USD,20,60.1574,92779911.0,2664070445.55
MRP_w,USD,20,60.1574,92779911.0,2664070445.55
MRSH,USD,20,49.8929,238094025.0,41398634053.35
MRSN,USD,20,8.9624,448013.0,12592088.67
MRT,USD,20,72.4965,62377962.0,127939671.07
MRTN,USD,20,75.6512,61777992.0,894116972.65
MRVI,USD,20,73.1637,107921356.0,337461990.14
MRVL,USD,20,48.7773,427176479.0,45855939720.37
MRX,Failed to resolve identifier(s).,20,55.5631,39967053.0,1944056865.7
MS,USD,20,56.3032,885084081.0,170203168611.65
MSA,USD,20,56.6926,21885625.0,3660906522.74
MSAI,USD,20,44.8557,905837.0,10055325.09
MSAIW,USD,20,,1889797.0,0.0
MSB,USD,20,47.9639,6292850.0,225916399.4
MSBI,USD,20,53.5123,11090874.0,249437508.73
MSC,USD,20,47.0232,90561080.0,228808656.84
MSCI,USD,20,48.5138,35269547.0,19264659955.34
MSDL,USD,20,24.6825,20922046.0,318841628.61
MSEX,USD,20,65.2634,12154876.0,633253737.73
MSFT,USD,20,35.7081,2652550203.0,1040760231908.86
MSGE,USD,20,78.824,31875284.0,1907802907.98
MSGM,USD,20,61.333,2560075.0,10666471.53
MSGS,USD,20,69.6682,13617784.0,4344932655.22
MSGY,USD,11,75.1409,10688809.0,8907874.43
MSI,USD,20,42.2544,70140848.0,29501718884.48
MSIF,USD,20,21.3365,9675047.0,115909641.96
MSLE,USD,20,45.7427,9532086.0,59046927.41
MSM,USD,20,67.948,37946475.0,3450302433.09
MSN,USD,20,76.5474,16107586.0,5760262.42
MSPR,USD,20,1.9538,269110.0,1740778.96
MSS,USD,20,36.6049,296696.0,1846541.0
MSSA,,20,98.1466,3205000.0,40062500.0
MSTR,USD,20,44.45,149185911.0,20117018108.57
MSW,USD,14,11.7025,1518417.0,2005233.01
MS_pa,USD,19,0.997,438601.0,8299377.75
MS_pe,USD,20,23.9968,8278925.0,209213259.43
MS_pf,USD,20,0.0969,32947.0,828170.12
MS_pi,USD,20,20.9854,8394181.0,209250400.02
MS_pk,USD,20,1.6802,672001.0,16352465.09
MS_pl,USD,19,15.4354,3087054.0,60356471.37
MS_pp,USD,20,25.009,10003510.0,251900317.46
MT,USD,20,2.8182,21449021.0,954468256.89
MTA,USD,20,52.9557,49511153.0,347163887.52
MTAL,USD,7,12.0988,2782725.0,28066482.01
MTB,USD,20,57.2262,82939670.0,17134816442.4
MTB_ph,USD,20,15.0948,1509475.0,37804637.41
MTC,USD,20,0.2439,242906.0,970490.74
MTCH,USD,20,65.347,152432286.0,4790861416.14
MTD,USD,20,54.2196,10956440.0,14111748664.84
MTDR,USD,20,58.8202,73041848.0,4418285704.3
MTEK,USD,20,50.4877,5265495.0,6307736.1
MTEKW,USD,13,,1747260.0,0.0
MTEN,USD,14,23.3467,1544795.0,1686894.71
MTEX,USD,20,73.568,1419616.0,6661145.76
MTG,USD,20,67.3053,142343834.0,3796762214.28
MTH,USD,20,61.449,40988080.0,2581410100.96
MTLS,EUR,20,17.0254,10056375.0,55378314.33
MTN,USD,20,91.3286,32543599.0,4187068861.55
MTNB,USD,20,20.6018,2820982.0,1971257.67
MTNE,USD,3,15.5429,3450506.0,34010494.22
MTR,USD,20,30.1846,562518.0,2703204.23
MTRN,USD,20,66.0547,13740373.0,1956127460.37
MTRX,USD,20,54.0081,15194565.0,177770293.45
MTSI,USD,20,64.5358,49238192.0,10358804354.87
MTSR,USD,20,0.0286,30095.0,856202.75
MTUS,USD,20,72.9481,30366687.0,502865148.69
MTVA,USD,20,47.2184,2438534.0,3483068.63
MTW,USD,20,56.6728,20350928.0,238330715.28
MTX,USD,20,67.6978,20992254.0,1434671150.55
MTZ,USD,20,57.7203,45609795.0,13954931820.69
MU,USD,20,43.5348,491679911.0,184471995872.91
MUE,USD,20,5.0909,1115844.0,11191824.66
MUFG,JPY,20,2.4012,270246139.0,4586076978.83
MUR,USD,20,65.5654,93987505.0,3589708969.95
MUSA,USD,20,56.4304,10423076.0,4648405745.68
MUX,USD,20,48.932,29325411.0,603570766.46
MUZE,USD,20,27.2685,5620515.0,55454732.9
MVBF,USD,20,51.4201,6607411.0,165755774.19
MVF,USD,20,0.0112,6393.0,44317.49
MVIS,USD,20,23.183,79899489.0,51204896.72
MVST,USD,20,71.6479,238699926.0,386007426.73
MVSTW,USD,20,,2346468.0,0.0
MVT,USD,20,0.0203,4234.0,45783.54
MWA,USD,20,61.3339,95969834.0,2612796702.55
MWC,,7,59.265,35214920.0,253547424.0
MWG,USD,16,3.5996,149094.0,408974.35
MWH,USD,20,78.1114,95803793.0,3216325381.95
MWYN,USD,20,30.7902,6217998.0,5217137.16
MX,USD,20,53.3529,19473469.0,55232411.7
MXC,USD,20,77.9606,1595072.0,13705939.51
MXCT,USD,20,57.1878,61260521.0,62794661.66
MXL,USD,20,65.9485,59810812.0,1683646605.24
MYD,USD,20,0.0993,45421.0,470643.8
MYE,USD,20,68.0992,25576312.0,533972877.18
MYFW,USD,20,60.9602,5952841.0,150898256.53
MYGN,USD,20,62.3001,58841304.0,309861548.86
MYNA,EUR,10,0.0,0.0,0.0
MYND,USD,17,1.6035,755899.0,301249.61
MYNZ,USD,20,15.9511,2846420.0,3480192.32
MYO,USD,20,42.5535,16442033.0,13689935.68
MYPS,USD,20,48.3459,54275312.0,27377279.94
MYPSW,USD,15,,927590.0,0.0
MYRG,USD,20,57.0174,8878170.0,2466290097.28
MYSE,USD,20,10.6346,544292.0,1143273.66
MYSEW,USD,5,,58689.0,0.0
MYSZ,USD,20,15.7343,758117.0,577336.27
MYX,USD,7,12.0808,1267275.0,12527667.0
MZTI,USD,20,67.4862,18506065.0,2863128810.37
MZYX,USD,7,10.2353,3070552.0,30499625.44
NA,CNY,20,60.6123,12337738.0,40961504.26
NAAS,CNY,20,0.8208,136574.0,1269078.96
NABL,USD,20,87.3587,164564544.0,747990193.63
NAGE,USD,20,59.7573,47593164.0,216412848.38
NAII,USD,20,56.1808,3525469.0,9305265.95
NAK,CAD,20,22.4842,126387644.0,214068849.89
NAMI,CNY,15,22.9618,726248.0,10532411.63
NAMM,USD,20,94.6159000000001,51549260.0,176563524.89
NAMMW,USD,20,,8235905.0,0.0
NAMS,USD,20,79.3137,92720651.0,3152053322.3
NAMSW,USD,14,,1296349.0,0.0
NAT,USD,20,39.5142,83671975.0,408893475.1
NATH,USD,20,68.5336,2806046.0,277651715.98
NATL,USD,20,61.0063,45020786.0,1948781348.12
NATR,USD,20,66.3689,11670864.0,272331711.7
NAUT,USD,20,70.4826,89568483.0,238874574.84
NAVI,USD,20,77.0175,72388296.0,652867640.51
NAVN,USD,20,71.1872,170156338.0,3090017909.11
NB,USD,20,21.5338,31350491.0,152037941.5
NBBK,USD,20,44.5952,19540960.0,411231544.72
NBGr,,1,0.0,0.0,0.0
NBHC,USD,20,67.7815,30188356.0,1186256813.74
NBIS,USD,20,38.5082,84874449.0,10572179380.47
NBIX,USD,20,53.6354,53930313.0,7216389021.16
NBN,USD,20,60.7753,5199542.0,569983369.89
NBOS,,20,74.9165,12547395.0,335141552.06
NBP,USD,20,55.7776,64506095.0,231322007.57
NBR,USD,20,55.8696,8266411.0,673412910.05
NBST,USD,3,92.4738,3210984.0,64219680.0
NBTB,USD,20,47.638,24776556.0,1054692589.32
NBTX,EUR,20,11.7904,5717774.0,176378364.85
NBY,USD,20,104.0225,52460508.0,67801380.72
NC,USD,20,56.466,3375994.0,174880136.17
NCDL,USD,20,69.3936,34271414.0,464527384.98
NCEL,USD,16,69.1947,3698580.0,16107759.53
NCI,HKD,13,0.083,1903.0,27882.72
NCL,USD,20,4.5896,2466077.0,1161978.72
NCLH,USD,20,55.0406,252696718.0,4900031458.8
NCMI,USD,20,78.0708,73215108.0,242237815.56
NCNA,GBP,20,1.0532,43838.0,253843.32
NCNC,USD,20,50.7841,143913157.0,863478.94
NCNO,USD,20,63.9763,70087758.0,1073384348.7
NCPL,USD,20,45.683,3585154.0,1175466.43
NCRA,USD,20,16.6259,257676.0,4558903.98
NCSM,USD,20,81.9479,2150744.0,92806116.91
NCT,USD,18,9.7811,923117.0,6027991.36
NCTY,CNY,20,19.4324,2926738.0,16042044.8
NCV,USD,20,26.3919,5962820.0,88726761.6
NCV_pa,USD,2,14.6137,584547.0,12117659.31
NCZ,USD,20,36.0217,6854545.0,94410035.26
NCZ_pa,USD,3,5.7046,248723.0,5168734.78
NDAQ,USD,20,63.9164,357277644.0,30805658346.42
NDLS,USD,20,62.8699,3704315.0,29169642.16
NDRA,USD,20,18.3911,391520.0,1987706.36
NDSN,USD,20,47.1812,26288207.0,6806445321.29
NE,USD,20,79.1491,126279207.0,5946346348.28
NECB,USD,20,45.0134,6218771.0,147827841.89
NEE,USD,20,42.1946,880014897.0,81293759152.56
NEE_ps,USD,20,77.4634,30985339.0,1734559277.22
NEE_pt,USD,20,75.4925,22647681.0,1189909159.74
NEE_pv,USD,20,,31931553.0,1606742896.36
NEGG,USD,20,95.568,20043529.0,564483905.2
NEM,USD,20,41.6934,439319186.0,47434897054.1
NEN,USD,20,69.593,1940741.0,119808998.11
NEO,USD,20,78.9787,102839552.0,892636848.18
NEOG,USD,20,79.1101,172201497.0,1549062131.53
NEON,USD,20,42.1184,7068677.0,12544317.76
NEOV,USD,20,34.4116,18894199.0,62483580.99
NEPH,USD,20,59.2434,6431779.0,25538120.24
NERV,USD,20,96.1048,44774005.0,273808793.51
NESR,USD,20,69.8078,70399238.0,1346278573.03
NET,USD,20,52.4897,168589013.0,35321642418.59
NEU,USD,20,61.331,5641241.0,3712312657.32
NEUP,USD,20,38.9477,2104951.0,10093409.45
NEWP,USD,20,78.1604,144756590.0,535377151.65
NEWT,USD,20,44.6504,12885636.0,148202337.42
NEXA,USD,20,97.5036,129132558.0,1070078008.22
NEXM,CAD,20,38.617,13766214.0,42749411.65
NEXN,,20,75.333,41976265.0,284104139.67
NEXR,USD,20,0.1468,8947.0,507993.79
NEXT,USD,20,75.0296,198822828.0,1511718221.5
NE_t,USD,20,,307400.0,0.0
NE_ta,USD,20,,244319.0,0.0
NFBK,USD,20,52.9989,22134309.0,301692632.62
NFE,USD,20,82.509,235674224.0,169105321.79
NFG,USD,20,51.7853,49214278.0,4508968887.48
NFGC,CAD,20,41.3369,158881800.0,326262826.98
NFLX,USD,20,44.4564,1851136997.0,175626654469.6
NG,USD,20,69.9665,306998638.0,2442662794.35
NGD,USD,20,19.9822,158202511.0,1378681165.53
NGEN,CAD,20,16.8347,17877192.0,66718148.97
NGG,GBP,20,3.7316,37517836.0,3171934197.15
NGL,USD,20,66.1939,81957260.0,796751999.82
NGL_pb,USD,15,22.4976,2831464.0,70513255.37
NGL_pc,USD,1,1.1285,20313.0,515749.1
NGNE,USD,20,83.003,16385452.0,338215945.86
NGS,USD,20,60.8547,7688775.0,289972021.9
NGVC,USD,20,68.009,15669833.0,421021511.24
NGVT,USD,20,69.4022,24132302.0,1661648206.11
NHC,USD,20,67.7621,10584236.0,1692002428.24
NHI,USD,20,50.7609,24604399.0,1976434218.94
NHIC,USD,20,67.1745,14042920.0,145375884.53
NHICU,USD,20,8.8461,1849302.0,19749209.52
NHIV,USD,3,5.6585,1175049.0,11750490.0
NHP,USD,20,45.3237,20067115.0,292492938.75
NHPAP,USD,2,7.3951,284381.0,6563513.48
NHPBP,USD,4,17.3835,593933.0,13659452.24
NHS_r,USD,20,,5260790.0,42086.32
NHS_r_w,USD,20,,2637378.0,21099.02
NHTC,USD,20,25.5307,2190002.0,6137461.7
NI,USD,20,56.8137,272386498.0,12546797625.28
NIC,USD,20,40.3166,8491004.0,1240720114.19
NICE,USD,20,41.4567,24228344.0,2659425692.03
NICM,CAD,1,0.0245,4679.0,29384.12
NINE,USD,20,63.6751,8882650.0,79785679.82
NIO,CNY,20,8.8575,206268545.0,1243799326.35
NIPG,USD,20,3.2059,228616.0,10594235.33
NIQ,USD,20,96.0691,283535163.0,3587179554.92
NISN,USD,19,32.8142,1066242.0,12590407.35
NITO,USD,20,19.0285,276548.0,1861507.27
NIU,CNY,20,30.8556,21853650.0,59569393.55
NIVF,USD,13,0.508,17373.0,1354907.28
NIVFW,USD,20,,2584492.0,0.0
NIXX,USD,20,43.4324,12617365.0,8420493.87
NIXXW,USD,6,,107535.0,0.0
NJR,USD,20,52.7445,53230333.0,2859081184.36
NKE,USD,20,41.158,494763791.0,26064962995.38
NKGN,USD,20,61.0769,79767969.0,1678037.43
NKLR,USD,20,86.8267,95944270.0,444715842.04
NKSH,USD,20,32.1038,2045204.0,74460686.92
NKTR,USD,20,37.895,12803200.0,739494186.34
NKTX,USD,20,70.6969,50580338.0,106958756.7
NL,USD,20,93.9035,45917573.0,267685565.51
NLOP,USD,20,36.0038,5333606.0,71964426.39
NLY,USD,20,38.6058,289766086.0,6148294068.74
NLY_pf,USD,20,21.6211,6226873.0,158827959.25
NLY_pg,USD,18,22.5857,3839601.0,94816083.66
NLY_pi,USD,18,18.0445,3067590.0,77978230.64
NLY_pj,USD,10,21.0921,2425580.0,61944621.2
NMAD,USD,20,14.8126,2708378.0,15898262.57
NMAX,USD,20,81.0336,72866544.0,418901687.15
NMFC,USD,20,39.3093,37128512.0,310220673.13
NMG,CAD,20,66.5589,216089944.0,428542696.18
NMHI,USD,20,14.8723,90219534.0,325015.62
NMIH,USD,20,57.1362,43407448.0,1645429051.44
NMP,USD,20,87.2947,10595404.0,107076303.25
NMPAR,USD,20,,8615701.0,1723915.85
NMPAU,USD,14,11.1325,1351205.0,13633976.68
NMR,JPY,20,2.4269,70925513.0,570416940.86
NMRA,USD,20,70.5616,130738753.0,272388546.85
NMRK,USD,20,49.8885,77946832.0,1225279884.26
NMTC,USD,20,46.0612,4008690.0,15718223.6
NN,USD,20,82.6584,112776685.0,1875719183.6
NNAVW,USD,20,,4591882.0,0.0
NNBR,USD,20,34.6067,26676063.0,58093899.13
NNDM,USD,20,38.3557,80243577.0,124343662.61
NNE,USD,20,55.4344,28872138.0,630749595.93
NNI,USD,20,65.492,16581179.0,2150759664.71
NNN,USD,20,62.3467,118613794.0,4902924622.62
NNNN,USD,16,9.6668,4242867.0,127505558.25
NNOX,USD,20,28.8604,20086992.0,42817226.26
NNVC,USD,20,16.8277,3774384.0,4201861.86
NOA,CAD,20,64.0725,17365339.0,234678601.65
NOAH,CNY,20,35.7738,24557119.0,244189054.72
NOC,USD,20,51.9713,73831843.0,50371036568.32
NODK,USD,20,89.4083,18312088.0,239148757.97
NOEM,USD,20,99.8606,9572392.0,99276475.36
NOEMR,USD,20,,6873163.0,1196605.92
NOEMU,USD,20,12.393,1187957.0,12128051.26
NOG,USD,20,69.1206,75192141.0,2178811119.03
NOK,EUR,20,15.6431,875780150.0,7229502391.2
NOMA,USD,19,67.137,9990887.0,47934417.36
NOMD,EUR,20,57.106,79829295.0,839348321.64
NOTE,USD,20,18.9276,4914023.0,2335537.14
NOTV,USD,20,21.825,7654720.0,2246394.84
NOV,USD,20,77.8536,279408172.0,5100557926.99
NOVA,USD,20,2.6351,3306791.0,6136126.59
NOVT,USD,20,67.3486,23985081.0,2970041866.97
NOVTU,USD,20,87.2242,11033889.0,592647951.68
NOW,USD,20,38.1958,394943715.0,41933059109.49
NP,USD,20,82.6664,77525291.0,1982492653.4
NPAC,USD,20,68.7166,21224588.0,217828810.88
NPACU,USD,20,9.25,2857063.0,29073298.62
NPB,USD,20,79.907,27633351.0,481360304.37
NPCE,USD,20,82.521,28134547.0,407057868.44
NPK,USD,20,72.8401,5219745.0,710992603.15
NPKI,USD,20,53.0419,44792463.0,633098853.72
NPO,USD,20,67.1318,14182645.0,3530015318.01
NPT,USD,8,80.6708,17896781.0,106009167.32
NPWR,USD,20,81.7222,72229383.0,129512394.15
NPWR_t,USD,20,,10646970.0,0.0
NRC,USD,20,84.1272,18959421.0,373444286.23
NRDS,USD,20,64.0256,21841185.0,235378465.29
NRDY,USD,20,66.9907,85102309.0,76117582.56
NREF,USD,20,73.3744,13829631.0,188134647.1
NREF_pa,USD,1,9.1779,150977.0,3442275.6
NRG,USD,20,54.9405,115916912.0,17306589302.88
NRGV,USD,20,50.6962,90351273.0,337603520.25
NRIM,USD,20,51.6023,11478788.0,271468838.74
NRIX,USD,20,76.5469,79441564.0,1255444675.76
NRSN,USD,20,34.6349,12243399.0,9037132.26
NRSNW,USD,6,,228635.0,0.0
NRXP,USD,20,24.446,8856543.0,18255311.68
NRXPW,USD,10,,23606.0,0.0
NRXS,USD,20,40.1695,4974752.0,36255156.11
NSA,USD,20,60.5373,46973627.0,1739312749.88
NSA_pa,USD,20,32.5586,2973661.0,66325902.08
NSA_pb,USD,4,7.1459,405041.0,9520955.94
NSC,USD,20,37.6548,84575890.0,24283405949.6
NSIT,USD,20,76.9179,23232235.0,1693835730.54
NSLR,USD,20,25.4931,6748840.0,76751985.04
NSP,USD,20,78.5282,29973638.0,946549207.28
NSPR,USD,20,65.6539,30697539.0,47704886.71
NSRX,USD,15,67.8246,7942826.0,21067983.12
NSSC,USD,20,64.049,22883006.0,910060590.33
NSTS,USD,20,38.0186,2000354.0,24226674.67
NSYS,USD,20,69.0492,1929609.0,23477692.64
NTAP,USD,20,56.0689,109850152.0,11267660551.88
NTB,USD,20,50.315,20099935.0,1039628840.84
NTBL,USD,15,0.0,0.0,0.0
NTCL,USD,20,16.2343,207612.0,3261090.75
NTCT,USD,20,67.1058,47977401.0,1551683236.85
NTES,CNY,20,7.74,49556300.0,5675372682.8
NTGR,USD,20,70.2757,18861919.0,418675015.07
NTHI,USD,20,68.5981,17788708.0,89228038.0999999
NTIC,USD,20,47.8129,4540488.0,36226441.07
NTIP,USD,20,60.1151,13744249.0,20804153.15
NTLA,USD,20,55.9942,78236106.0,929117603.81
NTNX,USD,20,63.2938,171096374.0,6595154169.35
NTR,USD,20,33.0629,158709220.0,11672763801.93
NTRA,USD,20,55.1621,79000578.0,16466907563.16
NTRB,USD,20,59.7384,7261789.0,28012780.04
NTRBW,USD,7,,251982.0,0.0
NTRP,USD,20,51.1561,7629548.0,17887486.6
NTRS,USD,20,51.1821,93640634.0,13114234663.39
NTRSO,USD,20,22.6624,3625980.0,68149072.16
NTSK,USD,20,57.3003,143493837.0,1340906521.38
NTST,USD,20,83.6208,84898631.0,1598641221.73
NTWK,USD,20,38.6121,4585765.0,17020900.83
NTWO,USD,20,87.4609,15741511.0,164235806.88
NTWOU,USD,20,2.4237,436224.0,4602787.38
NTZ,EUR,18,30.6408,3374972.0,10144271.22
NU,USD,20,37.8792,1442393926.0,20748162207.34
NUAG,,20,34.2931,1500320.0,31759619.28
NUAI,USD,20,35.8473,36310147.0,147516943.7
NUAIW,USD,20,,2001095.0,0.0
NUCL,USD,20,62.5446,18500590.0,137471603.59
NUE,USD,20,50.1072,114114636.0,19173656106.93
NUKK,USD,20,31.5648,19024356.0,9144498.19
NUKKW,USD,15,,1061397.0,0.0
NUS,USD,20,55.3275,26861758.0,209501280.56
NUTR,USD,16,63.0063,12210059.0,109870686.9
NUTX,USD,20,57.9304,3986389.0,442773625.06
NUVB,USD,20,65.1509,226856729.0,1264305285.47
NUVB_t,USD,20,,2699452.0,0.0
NUVL,USD,20,85.7525,63193503.0,6485153779.65
NUWE,USD,20,1.3899,8501.0,358210.99
NVA,AUD,20,12.3679,4722080.0,23009596.32
NVAC,,20,1.5953,8424.0,1458963.56
NVAX,USD,20,57.6321,94769055.0,785449198.37
NVCR,USD,20,70.8655,82520091.0,934558412.97
NVCT,USD,20,47.4537,14959991.0,170803920.78
NVDA,USD,20,38.8242,9395458946.0,1669751336546.15
NVEC,USD,20,70.9308,3431049.0,230448370.56
NVGS,USD,20,65.2372,40265545.0,783823321.81
NVMI,USD,20,48.4675,15415598.0,6271831293.24
NVNI,BRL,20,20.2219,2364362.0,3260721.7
NVNIW,BRL,20,,5163914.0,0.0
NVNO,USD,20,36.3934,242987.0,2751886.88
NVO,DKK,20,5.2616,176979198.0,6989264805.24
NVOS,USD,20,6.5866,1299553.0,67446.8
NVR,USD,20,53.6631,1437181.0,9500803145.45
NVRI,USD,20,21.6638,6088338.0,133639019.1
NVRI_w,USD,20,21.6638,6088338.0,133639019.1
NVS,USD,20,4.2386,80560811.0,12305663880.25
NVST,USD,20,69.4201,112965896.0,2749873840.0
NVT,USD,20,45.9576,74322936.0,8475405759.06
NVTS,USD,20,47.5882,116797602.0,1389949411.35
NVVE,USD,20,41.1898,216133.0,1390338.98
NVVEW,USD,11,,125176.0,0.0
NVX,USD,20,2.0033,4954335.0,3498967.1
NWAX,USD,20,25.3464,9454217.0,94981189.35
NWAX_u,USD,20,31.7605,11147878.0,115821473.64
NWBI,USD,20,53.0839,77669433.0,984933340.1
NWE,USD,20,54.3365,33421385.0,2199853252.94
NWFL,USD,20,38.0901,4148675.0,123551355.45
NWG,GBP,20,3.9127,155797209.0,2329864273.3
NWGL,USD,9,1.9089,94235.0,106763.57
NWL,USD,20,73.0097,310218197.0,1075024114.73
NWN,USD,20,52.4116,22054993.0,1155700617.46
NWPX,USD,20,56.9855,5491696.0,414483784.0
NWS,USD,20,75.9434,138635512.0,4359716117.51
NWSA,USD,20,71.0085,259106012.0,6531012727.54
NWTG,USD,20,39.5388,1815658.0,2099107.4
NX,USD,20,85.9591,39479141.0,706401135.19
NXB,USD,20,68.7441,17209346.0,44423954.88
NXDR,USD,20,43.1822,109635993.0,170468774.52
NXDT,USD,20,69.1816,35783371.0,173253850.99
NXDT_pa,USD,5,17.3252,582054.0,8416005.06
NXE,CAD,20,40.0426,265047927.0,3017947262.79
NXGL,USD,20,28.2154,2602321.0,1471243.34
NXGLW,USD,8,,903600.0,0.0
NXG_r_w,,1,,0.0,0.0
NXL,USD,20,15.1419,3328807.0,1410932.52
NXPI,USD,20,56.6504,143025862.0,29396169016.88
NXPL,USD,20,49.7183,1346624.0,8639915.7
NXPLW,USD,4,,22148.0,0.0
NXRT,USD,20,64.7067,16494693.0,439283887.79
NXST,USD,20,62.1437,18978080.0,3482912608.54
NXT,USD,20,62.4684,94735441.0,11128767336.06
NXTC,USD,20,61.5654,2505069.0,27890534.88
NXTS,USD,20,19.0285,276548.0,1861507.27
NXTT,USD,20,3.2858,2506054.0,18614909.24
NXU,,20,2.5475,58269.0,55355.55
NXXT,USD,20,59.1206,99318793.0,35891937.81
NYAX,USD,20,83.3268,30503773.0,1938496585.96
NYC,USD,20,78.1858,2282936.0,18826059.43
NYT,USD,20,64.916,104567851.0,8411239300.26
NYXH,EUR,20,59.8934,59937016.0,132075164.69
O,USD,20,48.9246,456218701.0,27688438474.3
OABI,USD,20,57.191,82911308.0,140371761.22
OABIW,USD,18,,14183615.0,0.0
OACC,USD,20,63.8442,12630285.0,133628415.3
OAK_pa,USD,18,32.6657,2351943.0,48645758.16
OAK_pb,USD,15,40.7048,3826264.0,78821671.92
OB,USD,20,78.1647,75813184.0,61911420.45
OBA,USD,20,57.878,14643111.0,147989960.53
OBAI,USD,17,47.8933,11715729.0,10456853.96
OBAWU,USD,20,13.7928,3489593.0,35560844.69
OBDC,USD,20,32.5903,161747221.0,1866981735.99
OBE,CAD,20,37.5572,25074047.0,237001375.05
OBIO,USD,20,60.415,36176845.0,152902021.58
OBK,USD,20,44.7547,13807093.0,577895835.4
OBT,USD,20,50.6501,6791141.0,218810173.06
OC,USD,20,55.2744,44511554.0,4858431055.7
OCC,USD,20,55.3543,4886177.0,55612534.22
OCCI,USD,20,8.3593,2455232.0,7348780.17
OCCIM,USD,3,26.4151,315924.0,7914023.95
OCCIN,USD,2,36.3728,509220.0,12583834.86
OCCIO,USD,2,0.0,0.0,0.0
OCEA,USD,20,10.311,23958958.0,2395835.92
OCFC,USD,20,45.3616,43864485.0,813528904.14
OCG,USD,17,1.9104,37028.0,3058724.64
OCGN,USD,20,29.2267,98938942.0,172672580.98
OCS,CHF,20,37.2684,23122002.0,603477204.29
OCSL,USD,20,30.0939,26508341.0,310584510.3
OCTV,USD,20,19.5084,50216841.0,861355291.5
OCTVV,USD,20,19.5084,50216841.0,861355291.5
OCUL,USD,20,65.3324,143051504.0,1486553913.22
ODC,USD,20,58.521,6000995.0,391311298.47
ODD,USD,20,93.0668,32180208.0,450298149.04
ODFL,USD,20,54.7923,113950652.0,22005844342.45
ODTX,USD,14,51.0172,24504292.0,418567136.92
ODV,CAD,20,63.5394,194327741.0,591949367.92
ODYS,USD,20,65.6817,11039079.0,52180167.21
OEC,USD,20,63.3512,35722779.0,216941490.41
OESX,USD,20,59.8609,2428290.0,25039702.05
OFAL,USD,13,79.7983000000001,21043257.0,4474851.79
OFG,USD,20,70.0224,29594954.0,1197411838.84
OFIX,USD,20,78.0554,31551181.0,380855036.0
OFLX,USD,20,86.4843,8730024.0,273387454.92
OFRM,USD,20,79.2116,33191232.0,604660678.12
OFS,USD,20,29.9016,4006271.0,16217489.34
OGC,USD,20,37.6841,83827088.0,2289970438.69
OGCP,USD,20,6.5811,274378.0,1476524.55
OGE,USD,20,46.5031,95970886.0,4542094999.84
OGEN,USD,20,7.2118,325387.0,471217.55
OGI,CAD,20,37.5631,52879415.0,75239726.09
OGN,USD,20,52.2829,137299374.0,842760521.94
OGS,USD,20,60.3221,37859714.0,3185867951.7
OHI,USD,20,49.4058,147130970.0,6458954475.6
OI,USD,20,64.9813,99615943.0,1142222380.93
OII,USD,20,71.5383,71201810.0,2538111449.97
OIM,USD,20,38.5523,11083751.0,110621089.3
OIMAU,USD,20,36.9912,10708943.0,108266103.03
OIO,USD,14,90.7046,315671434.0,547005301.99
OIOWW,USD,20,,4652310.0,0.0
OIS,USD,20,61.9689,37301217.0,379338146.92
OKE,USD,20,46.3351,291924724.0,25592201597.28
OKLO,USD,20,50.3875,87669409.0,4537565556.57
OKTA,USD,20,54.6361,90761928.0,7308059000.4
OKUR,USD,20,68.0711,27497617.0,117932093.99
OKYO,GBP,20,50.6746,26593762.0,45742101.91
OLB,USD,20,47.8437,7016269.0,3478928.2
OLED,USD,20,60.2745,28178793.0,2669129702.2
OLLI,USD,20,70.5109,42626200.0,3870947160.58
OLMA,USD,20,73.1914,63930849.0,1319426783.6
OLN,USD,20,72.998,83202026.0,2372877915.43
OLOX,USD,20,29.4011,382645.0,2603183.08
OLP,USD,20,49.7627,10857994.0,243170592.6
OLPX,USD,20,20.6839,139019815.0,278100057.33
OM,USD,20,77.5781,14380819.0,57586738.46
OMAB,MXN,20,10.2747,4371150.0,494805399.95
OMC,USD,20,60.7649,173184301.0,13242051601.11
OMCC,USD,20,51.3938,3503788.0,16116478.44
OMCL,USD,20,71.7751,32642458.0,1177027190.04
OMDA,USD,20,75.4849,44874669.0,668491080.42
OMER,USD,20,39.4105,28523633.0,348995366.93
OMEX,USD,20,53.1038,31105072.0,30971826.85
OMF,USD,20,57.0864,65952421.0,3873066391.17
OMH,SGD,12,0.5223,140172.0,357132.63
OMI,USD,20,80.9253,61975602.0,156589144.92
OMQS,Failed to resolve identifier(s).,5,22.6971,3439287.0,447587.79
OMSE,USD,20,64.8102,27511199.0,117143569.15
ON,USD,20,63.8488,248490073.0,15339026540.91
ONB,USD,20,58.08,222177192.0,4910799886.32
ONBPO,USD,14,11.4417,560649.0,13866198.36
ONBPP,USD,5,10.8413,468344.0,11605562.7
ONC,USD,20,44.5032,48829080.0,14396350271.29
ONCH,USD,20,76.228,13149288.0,134184937.22
ONCHU,USD,20,27.7756,4791269.0,49477841.35
ONCO,USD,20,0.2485,9170.0,1041091.91
ONDS,USD,20,31.3946,166340397.0,1452169778.18
ONEG,USD,12,57.0633,9130121.0,20681536.95
ONEW,USD,20,83.9945,13957343.0,141958783.67
ONFO,USD,20,34.5958,2432561.0,761696.16
ONIT,USD,20,57.1745,4821045.0,202006957.21
ONL,USD,20,67.0921,38128566.0,83804665.3
ONMD,USD,20,88.495,50400172.0,37361262.5
ONMDW,USD,20,,5585373.0,0.0
ONON,CHF,20,64.0396,191609726.0,8044963718.08
ONT,USD,20,61.365,22176862.0,506990493.08
ONTF,USD,20,35.9801,15469136.0,125041759.42
ONTO,USD,20,45.0463,22407649.0,4457041334.76
OOMA,USD,20,50.1656,13795585.0,209583069.25
OPAD,USD,20,45.2869,2142883.0,35315155.09
OPAL,USD,20,71.0119,21557479.0,51200576.14
OPBK,USD,20,65.6255,9795742.0,132399696.66
OPCH,USD,20,66.6506,104659588.0,2952222987.94
OPEN,USD,20,34.8201,335920696.0,1722135740.85
OPFI,USD,20,75.2721,64277332.0,605019448.79
OPFI_t,USD,20,,10243569.0,0.0
OPGN,USD,11,85.4989,10588318.0,243383962.32
OPHC,USD,20,31.4508,3858514.0,19079249.6
OPI,USD,8,59.3405,13027376.0,221465392.0
OPK,USD,20,70.1182,529457299.0,703086036.9
OPLN,USD,20,81.5959,86447628.0,2676677635.36
OPP,,20,32.2268,8053527.0,61874583.66
OPP_pa,,3,8.0108,192258.0,3235455.18
OPP_pb,,2,15.5573,373374.0,6762033.14
OPRA,USD,20,20.1846,18075896.0,257214418.26
OPRT,USD,20,66.8279,30707331.0,155276484.78
OPRX,USD,20,64.6507,12131766.0,94662887.07
OPTH,CAD,8,21.4381,1227514.0,6344545.3
OPTT,USD,20,12.881,32867793.0,12350843.97
OPTU,USD,20,75.084,220336406.0,316088492.43
OPTX,USD,20,81.2675,32734358.0,253721255.56
OPTXW,USD,20,,2920348.0,0.0
OPXS,USD,20,69.8747,4863191.0,67649531.45
OPY,USD,20,70.5588,7485091.0,664417069.19
OR,USD,20,58.1404,109010829.0,4044798561.96
ORA,USD,20,59.5657,36604063.0,4080589791.64
ORAN,EUR,20,0.0722,1918127.0,38832613.52
ORBS,USD,20,86.2899,324256235.0,589096370.91
ORC,USD,20,32.7708,65417818.0,458741904.69
ORCL,USD,20,61.1195,1760532596.0,415409029944.85
ORGN,,20,28.6144,1574662.0,3656112.84
ORGNW,USD,20,,2254070.0,0.0
ORGO,USD,20,79.2398,101961534.0,300275991.02
ORGS,USD,20,46.9388,4599780.0,1827256.25
ORI,USD,20,57.4752,139983146.0,5692237907.58
ORIC,USD,20,80.3966,83224753.0,846766559.62
ORIO,CAD,20,27.8523,6655250.0,6719997.4
ORIQ,USD,20,91.6985,7908994.0,80669376.74
ORIQU,USD,9,1.0733,92565.0,944163.0
ORIS,USD,20,22.1775,280368.0,1560471.03
ORKA,USD,20,71.0887,42875113.0,1935895110.35
ORKT,SGD,20,61.9053,3109007.0,2126293.84
ORLA,USD,20,69.4486,240286322.0,3103568770.35
ORLY,USD,20,42.595,352991715.0,32509498245.27
ORMP,USD,20,40.9975,16778680.0,59456009.85
ORN,USD,20,59.626,24136139.0,273844356.22
ORRF,USD,20,46.3201,9110068.0,328097902.88
OSBC,USD,20,52.3352,26659142.0,539909968.0
OSCR,USD,20,47.2603,125666465.0,1680381596.95
OSG,USD,20,55.8961,25160816.0,132500782.17
OSIS,USD,20,71.1304,11724353.0,3073484045.66
OSK,USD,20,68.8682,42940212.0,6152904602.02
OSPN,USD,20,63.1536,23412799.0,261913118.89
OSRH,USD,20,49.7544,17473033.0,7907409.2
OSS,USD,20,44.4542,10999574.0,96310578.1
OST,USD,20,17.1991,1025738.0,3843253.22
OSTX,USD,20,27.9879,12465290.0,20846910.14
OSUR,USD,20,70.033,48216711.0,141282227.18
OSW,USD,20,68.6135,69652782.0,1602228885.14
OTAI,USD,3,18.1801,2500000.0,24750000.0
OTEX,USD,20,61.5232,149293742.0,4120749532.19
OTF,USD,20,34.0578,157566327.0,1975478353.37
OTGA,USD,20,65.8972,15667091.0,157250416.76
OTGAU,USD,20,8.7462,2079401.0,21262014.7
OTH,USD,20,68.7441,17209346.0,44423954.88
OTIS,USD,20,47.4566,180652131.0,13991700445.63
OTLK,USD,20,22.3622,40390893.0,25160447.32
OTLY,USD,20,65.7259,20974610.0,228357626.66
OTRK,USD,20,43.5976,3088686.0,1542389.42
OTTR,USD,20,54.5183,22888960.0,1977154821.92
OUST,USD,20,31.6608,21247580.0,481052961.25
OUT,USD,20,75.03,132100565.0,3528010362.34
OVBC,USD,20,44.8506,2112914.0,90628792.64
OVID,USD,20,52.3615,97727169.0,208276475.05
OVLY,USD,20,36.6891,3086836.0,97601784.25
OVV,USD,20,60.8405,167617911.0,9949799196.96
OWL,USD,20,66.5097,449474203.0,4780409886.72
OWLS,USD,20,55.5714,21020150.0,136572479.53
OWLT,USD,20,74.2278,21572101.0,130622146.47
OXBR,USD,20,21.5363,1744748.0,1883502.33
OXBRW,USD,10,,834815.0,0.0
OXLC,USD,20,12.7387,12436893.0,149607210.91
OXLCN,USD,1,23.6576,603268.0,14659412.4
OXLCO,USD,3,19.2189,516394.0,12086099.06
OXLCP,USD,3,5.8317,205555.0,5056673.56
OXM,USD,20,77.4437,11563071.0,443527131.97
OXSQ,USD,20,9.6742,10107592.0,14533622.62
OXY,USD,20,61.0108,606834244.0,32568662087.72
OXY_t,USD,20,,10071423.0,0.0
OYSE,USD,20,71.9171,18704178.0,189545982.83
OYSER,USD,20,,16617110.0,2077138.76
OYSEU,USD,20,3.1944,830818.0,8503025.22
OZK,USD,20,62.6945,68567205.0,3195278879.29
OZKAP,USD,11,14.8943,2085197.0,33150376.59
P,USD,20,56.1742,186726128.0,11356064210.7
PAAC,USD,6,38.4568,6815826.0,67301228.12
PAAS,USD,20,30.8508,129989545.0,6874940433.9
PAC,MXN,20,12.4847,6482291.0,1602419888.84
PACB,USD,20,49.8505,154836238.0,233014099.63
PACH,USD,20,69.7798,15431654.0,155770398.31
PACHU,USD,20,11.2443,2844776.0,29121846.08
PACK,USD,20,83.5307,71456054.0,349438734.7
PACS,USD,20,91.0464,144100823.0,5487778587.22
PAG,USD,20,91.3341,60051461.0,12086379091.69
PAGS,BRL,20,53.0067,84312306.0,809469798.18
PAHC,USD,20,55.444,11681325.0,606631280.0
PAII,USD,20,68.0631,13640618.0,137787650.78
PAII_u,USD,20,1.6286,326400.0,3382947.5
PAL,USD,20,72.7604,20205596.0,151612484.37
PALI,USD,20,77.9746,135348235.0,279241685.04
PALO,USD,5,0.7794,132338.0,1310392.21
PAM,ARS,20,6.549,3561698.0,312431678.36
PAMT,USD,20,95.8966,20083890.0,171461433.55
PANL,USD,20,69.2265,45284424.0,318119304.96
PANW,USD,20,39.908,325252135.0,55457887398.58
PAPL,USD,20,72.4748,18319328.0,14006994.44
PAR,USD,20,76.9486,31738348.0,650671731.89
PARAA,USD,20,77.3909,31500156.0,713478540.3
PARK,USD,20,42.8552,1934936.0,32767082.37
PARR,USD,20,61.7084,30943277.0,1780717068.78
PASG,USD,20,66.9247,2150135.0,13314466.94
PASW,CNY,7,56.3976,13845628.0,16918079.4
PATH,USD,20,62.2764,282378843.0,3128854270.42
PATK,USD,20,72.8929,23134947.0,2569598563.29
PAVM,USD,20,60.7145,4346560.0,41570010.27
PAVS,USD,16,0.0385,330.0,53693013.0
PAX,USD,20,67.4966,46200350.0,622061173.08
PAY,USD,20,68.063,42836446.0,1111749546.69
PAYC,USD,20,70.5983,32917999.0,4289146459.28
PAYO,USD,20,67.714,229005168.0,1179898047.76
PAYP,JPY,20,202.6267,694738844.0,14245195963.58
PAYS,USD,20,53.565,29945743.0,190978980.21
PAYX,USD,20,58.2291,207111250.0,19301106609.77
PB,USD,20,50.2715,60252826.0,4077445766.38
PBA,CAD,20,30.528,177499778.0,7450051439.03
PBF,USD,20,64.1187,75857760.0,3373543238.76
PBFS,USD,20,79.0951,19834498.0,275658967.76
PBH,USD,20,72.0277,34121074.0,1964266361.24
PBHC,USD,20,52.638,2566742.0,35388961.48
PBI,USD,20,57.2039,77477550.0,879510125.45
PBK,CAD,20,18.1675,8664653.0,5980728.13
PBLS,USD,19,60.7865,70855232.0,2039679896.0
PBM,USD,20,6.9898,266615.0,944289.94
PBMWW,USD,20,,5603925.0,0.0
PBR,BRL,20,13.7536,511792177.0,9538527995.2
PBRa,BRL,20,7.0197,191162944.0,3283091682.4
PBYI,USD,20,67.2493,34229360.0,228358778.04
PC,SGD,10,1.4272,29580.0,259851.48
PCAP,USD,20,74.2171,18873450.0,191798050.2
PCAPU,USD,20,4.0328,1025528.0,10492600.38
PCAR,USD,20,44.5124,234262260.0,26924827020.92
PCB,USD,20,55.0432,7762263.0,174573294.87
PCG,USD,20,53.7978,1184824261.0,20716237296.77
PCG_pa,USD,6,14.7244,851788.0,18640233.31
PCG_pb,USD,2,0.0341,400.0,8400.0
PCG_pd,USD,2,0.6748,11998.0,225298.5
PCG_px,USD,20,69.9876,22536020.0,967031779.8
PCLA,JPY,20,33.8554,3254800.0,21038584.4
PCOR,USD,20,64.815,97799103.0,5690726666.66
PCRX,USD,20,75.8916,29861751.0,698201633.72
PCSA,USD,20,21.3209,590169.0,1327622.14
PCSC,USD,20,130.8924,10677206.0,118625367.71
PCT,USD,20,61.6124,122246022.0,825161431.4
PCTTU,USD,4,0.157,11776.0,73024.16
PCTTW,USD,20,,2081995.0,0.0
PCTY,USD,20,65.9622,35318818.0,4635523334.47
PCVX,USD,20,75.4351,108926448.0,5675548690.08
PCYO,USD,20,65.3711,15752765.0,161517490.42
PD,USD,20,65.0155,50141520.0,359288298.75
PDC,JPY,17,10.1232,685158.0,3485249.6
PDCC,USD,11,94.7286,6474355.0,94099904.72
PDD,CNY,20,17.9735,255836067.0,26423846968.16
PDEX,USD,20,64.1176,2047119.0,106888301.84
PDFS,USD,20,67.6287,28307752.0,1020432147.2
PDLB,USD,20,57.9724,14022281.0,237168837.39
PDM,USD,20,66.4358,83057417.0,572378428.41
PDPA,USD,4,65.2269,782722.0,19622403.04
PDS,CAD,20,52.6046,6807675.0,632778774.09
PDSB,USD,20,10.3139,5767420.0,3819686.63
PDYN,USD,20,51.2007,24189343.0,173520798.4
PDYNW,USD,20,,5919128.0,0.0
PEB,USD,20,87.9914,99755265.0,1249023045.61
PEBK,USD,20,52.2002,2850909.0,110921393.52
PEBO,USD,20,46.8132,16824510.0,558660126.72
PEB_pe,USD,20,70.1321,2991402.0,57326839.11
PEB_pf,USD,20,71.6288,4219281.0,80930183.05
PEB_pg,USD,20,40.0027,3634637.0,71099803.74
PEB_ph,USD,14,33.3801,2612700.0,45951328.2
PECE,USD,3,27.897,2437500.0,24180000.0
PECO,USD,20,61.1244,78498937.0,2933745324.09
PED,USD,20,90.5484,12034705.0,162411036.62
PEG,USD,20,43.6229,217383334.0,17581758817.65
PEGA,USD,20,78.8703,129666752.0,5105806706.57
PEN,USD,20,55.6994,21907407.0,7045427464.89
PENG,USD,20,88.6953,45437001.0,1061600455.03
PENN,USD,20,64.0891,85715722.0,1277354862.26
PEP,USD,20,39.1804,534769540.0,82219729019.62
PEPG,USD,20,81.6248,56459102.0,289995535.26
PERF,USD,20,66.9894,56981249.0,109828557.0
PERF_t,USD,20,,5443106.0,0.0
PERI,USD,20,46.7956,18404857.0,181843492.94
PESI,USD,20,45.793,9709700.0,104605306.72
PETS,USD,20,53.1892,11367758.0,24612791.76
PETZ,USD,15,34.5108,3562636.0,3552456.9
PEV,USD,20,51.8302,693613.0,3259981.1
PFAI,USD,7,12.1508,491084.0,1815680.83
PFBC,USD,20,65.8907,7802739.0,721520004.08
PFE,USD,20,34.7491,1980501495.0,54824663583.48
PFG,USD,20,53.5808,115740656.0,10722260536.36
PFGC,USD,20,68.6073,107775276.0,9442800968.09
PFIS,USD,20,29.1205,2915206.0,156321610.51
PFLT,USD,20,19.3605,19209231.0,156080355.71
PFS,USD,20,55.2513,71999660.0,1521652773.08
PFSA,,20,1.5953,8424.0,1458963.56
PFSI,USD,20,82.8162,43002102.0,3966745327.8
PFX,USD,20,52.5459,1015505.0,41504020.88
PG,USD,20,34.5409,804324733.0,115989434468.97
PGAC,USD,20,295.6673,8811346.0,92118608.95
PGACR,USD,20,,7696258.0,1545589.92
PGC,USD,20,58.6014,10383237.0,353008148.21
PGEN,USD,20,74.249,264706187.0,1008702120.06
PGNY,USD,20,70.361,55115472.0,1114265189.91
PGR,USD,20,45.0808,262099986.0,52196396813.76
PGY,USD,20,36.774,26407036.0,323775319.84
PGYWW,USD,20,,1412010.0,0.0
PH,USD,20,42.0739,53049311.0,47285104865.44
PHAR,,20,0.167,118053.0,1856207.36
PHAT,USD,20,67.3784,53738224.0,699598946.14
PHB,,20,64.319,11255821.0,202675419.48
PHG,EUR,20,3.8653,36770659.0,1004903267.48
PHGE,USD,20,34.7566,4097281.0,7247896.57
PHH,CNY,20,31.646,1873798.0,2235408.55
PHI,PHP,20,2.6412,5706806.0,120195494.14
PHIN,USD,20,67.2934,24912434.0,1712795600.71
PHIO,USD,20,11.6135,1349145.0,1505860.89
PHM,USD,20,56.3411,105613224.0,12419778400.29
PHOE,USD,6,74.6051,16114717.0,126054651.36
PHR,USD,20,66.2837,40967525.0,403504208.5
PHUN,USD,20,25.9088,5297647.0,10327994.0
PHVS,EUR,20,73.1077,50931635.0,1433528360.59
PHYT,USD,20,111.6717,7197362.0,105349032.68
PI,USD,20,75.2608,22923872.0,2998749248.86
PICS,BRL,20,63.1863,27256036.0,339650113.68
PII,USD,20,64.4832,36682189.0,2117355678.41
PIII,USD,20,67.7978,2254852.0,6925951.73
PIIIW,USD,20,,6476329.0,0.0
PIK,USD,5,0.0,0.0,0.0
PINE,USD,20,46.0531,8114912.0,148846010.32
PINE_pa,USD,6,32.695,793136.0,19975317.5
PINS,USD,20,62.4721,300958892.0,6172004671.8
PIPR,USD,20,53.9496,38327879.0,3018282249.58
PITA,EUR,17,0.0,0.0,0.0
PJT,USD,20,56.2236,14519528.0,2133797937.2
PK,USD,20,69.9415,140835515.0,1485320670.52
PKBK,USD,20,55.2854,6485508.0,177479561.27
PKE,USD,20,59.0095,12835268.0,366309638.36
PKG,USD,20,58.2287,51880973.0,10952347628.41
PKOH,USD,20,76.2693,10981373.0,303977737.12
PKST,USD,20,46.691,17384713.0,363166654.57
PKX,KRW,20,2.4823,7508376.0,434792485.07
PL,USD,20,52.9501,176274778.0,4722689523.17
PLAB,USD,20,64.6467,38118158.0,1492265037.1
PLAG,USD,12,18.7163,2663829.0,5811706.13
PLAY,USD,20,79.8973,27795157.0,304158984.83
PLBC,USD,20,42.3333,2948092.0,143784685.48
PLBL,,20,99.1424,316371918.0,3467006292.84
PLBY,USD,20,58.4078,67733665.0,103884925.91
PLCE,USD,20,79.278,17628911.0,56363138.38
PLD,USD,20,48.2273,449638818.0,59928498976.7
PLG,USD,20,33.9192,43376124.0,102829399.98
PLGO,USD,20,79.356,67846805.0,1297412791.95
PLMJ,USD,20,73.2794,665000.0,6916000.0
PLMK,USD,20,179.4122,19201571.0,204818322.06
PLMKU,USD,17,4.4825,828942.0,8745772.54
PLMR,USD,20,59.8287,15856927.0,1927697729.82
PLNT,USD,20,71.5051,56579611.0,4550223091.84
PLOW,USD,20,71.0994,16441926.0,677569740.06
PLPC,USD,20,104.3039,5098384.0,1440172186.14
PLRX,USD,20,62.8379,38909402.0,48718526.96
PLRZ,USD,20,7.9577,165841.0,2517676.65
PLSE,USD,20,82.1554,56859429.0,1394114576.22
PLSM,ILS,8,48.6111,3161112.0,10919315.87
PLTK,USD,20,94.2034,358330384.0,1296122051.23
PLTR,USD,20,36.9797,849081177.0,125792233637.22
PLTS,USD,8,33.049,3703273.0,58549188.79
PLUG,USD,20,46.5651,649616086.0,1416990675.74
PLUN,USD,2,18.1995,2071800.0,20614410.0
PLUR,USD,20,59.1141,6378145.0,17501493.58
PLUS,USD,20,66.159,17301552.0,1325484320.16
PLUT,HKD,8,76.3266,11716139.0,38129485.05
PLX,USD,20,23.5168,18947832.0,39634496.32
PLXS,USD,20,68.9509,18448787.0,3614002363.49
PLYX,USD,20,73.5726,36672955.0,121360516.63
PL_t,USD,20,,4021081.0,0.0
PM,USD,20,52.796,822857781.0,135633777990.0
PMA,USD,14,11.7025,1518417.0,2005233.01
PMAX,HKD,10,14.6962,152426.0,3640305.21
PMCB,USD,20,12.5367,1345928.0,937325.83
PMD,USD,20,55.5409,3393278.0,7704832.92
PMEC,USD,14,50.4273,19373215.0,15579949.5
PMI,USD,20,57.3682,58911192.0,11098214.42
PMN,USD,20,64.4704,5781507.0,73919298.91
PMNT,USD,20,76.2761,40478375.0,5265834.32
PMT,USD,20,62.5909,54580902.0,638275381.68
PMTR,USD,20,68.6813,17024717.0,174873623.46
PMTRU,USD,20,8.8615,2196583.0,22636192.85
PMTS,USD,20,71.2087,8171624.0,122055989.07
PMT_pa,USD,6,20.1777,928168.0,20440457.68
PMT_pb,USD,8,29.9322,2334716.0,51958415.04
PMT_pc,USD,8,15.0466,1504652.0,26455193.03
PMVP,USD,20,62.8628,33525889.0,42099999.59
PN,USD,10,9.5822,123299.0,1621049.08
PNBK,USD,20,47.0091,55315511.0,70274711.09
PNC,USD,20,42.0898,167938395.0,34952332000.51
PNFP,USD,20,53.6018,80998057.0,7025004958.6
PNFP_pa,USD,10,19.3213,1545694.0,39241039.63
PNFP_pb,USD,15,32.1359,4499031.0,120545806.52
PNFP_pc,USD,9,11.2616,1013542.0,24788520.66
PNNT,USD,20,18.1001,11818711.0,60584600.9
PNR,USD,20,55.1808,89175167.0,7991138616.33
PNRG,USD,20,84.3749,1365184.0,297647302.37
PNST,USD,20,33.5849,13841143.0,5411437.38
PNTG,USD,20,62.2073,21627884.0,668120686.66
PNW,USD,20,70.2202,85098051.0,8366501790.75
POAS,SGD,13,39.2388,5378358.0,19132854.29
POCI,USD,20,59.0383,6461656.0,29045948.6
PODC,USD,20,78.0788,23469890.0,103710538.04
PODD,USD,20,56.8188,39355402.0,9009865719.68
POET,USD,20,34.0014,58684867.0,621880474.64
POLA,USD,20,24.5727,894487.0,1629326.76
POLE,USD,20,89.2389,21203115.0,224688414.44
POLEU,USD,20,0.0968,23016.0,256345.77
POM,CNY,12,0.2678,18145.0,83873.45
PONO,,6,12.6122,1539320.0,15270944.43
PONY,USD,20,26.2961,92910923.0,990264347.25
POOL,USD,20,68.6146,25005232.0,5223973089.96
POR,USD,20,58.0369,67166162.0,3486769793.92
POST,USD,20,79.4212,35995738.0,3566614444.22
POWI,USD,20,76.2608,42492527.0,2260872749.54
POWL,USD,20,74.4562,27125633.0,4846708401.33
POWW,USD,20,61.6742,71648347.0,144705523.37
POWWP,USD,1,1.7238,24133.0,602842.34
PPBT,USD,20,12.5898,187960.0,968417.24
PPC,USD,20,95.9051,228179251.0,8616605304.59
PPCB,USD,17,42.0344,1046797.0,2004002.89
PPG,USD,20,55.3434,123360067.0,13128398048.38
PPHC,USD,20,60.2175,18069597.0,188314553.99
PPIH,USD,20,42.8022,3477970.0,104316399.28
PPL,USD,20,50.8888,382861497.0,14356334914.68
PPLI,USD,20,83.4791,57265050.0,2312457937.46
PPSI,USD,20,30.0207,3331154.0,12618887.68
PPTA,USD,20,61.6622,77136906.0,2101417865.84
PPYA,USD,14,96.8818,8644375.0,95174568.75
PR,USD,20,52.0167,435531116.0,8884752785.44
PRA,USD,20,63.4354,32737550.0,803384494.0
PRAA,USD,20,75.9647,28973552.0,508657412.2
PRAX,USD,20,77.7214,21667838.0,6691547578.72
PRCH,USD,20,76.9585,84195083.0,681995701.36
PRCT,USD,20,68.0793,38749976.0,1035889358.38
PRDO,USD,20,65.3922,41002854.0,1493945944.3
PRE,USD,20,24.2172,3768785.0,66901200.94
PRENW,USD,20,,3498482.0,0.0
PRFX,USD,16,1.0171,20049.0,45653.73
PRG,USD,20,66.2137,26528913.0,774493711.17
PRGO,USD,20,80.0415,110751549.0,1234901507.66
PRGS,USD,20,64.6376,26509723.0,679974394.95
PRHI,USD,20,83.0079,3109582.0,14894621.88
PRI,USD,20,67.049,20908494.0,5280686813.8
PRIF_pd,USD,1,0.0,0.0,0.0
PRIF_pj,USD,3,0.8043,12708.0,317827.08
PRIF_pl,USD,1,0.0,0.0,0.0
PRIM,USD,20,62.3041,33803200.0,4737920768.4
PRK,USD,20,43.2196,7821022.0,1295982011.32
PRKS,USD,20,111.6899,52645635.0,2176669105.74
PRLB,USD,20,69.5545,16549841.0,938458802.49
PRLD,USD,20,71.15,46188608.0,230445586.06
PRM,USD,20,59.9013,97715025.0,2729672375.49
PRMB,USD,20,77.0119,279452325.0,5067899219.99
PRME,USD,20,72.4786,130909552.0,447578111.8
PRMW,USD,20,77.0119,279452325.0,5067899219.99
PROC,USD,19,89.3888,2080295567.0,49649501.97
PROF,USD,20,43.301,15735962.0,101903679.52
PROK,USD,20,68.5089,140579809.0,233363801.7
PROP,USD,20,44.0372,43038689.0,70933194.47
PROV,USD,20,69.3624,4337716.0,69084601.19
PRPH,USD,20,2.7037,359281.0,1201343.09
PRPL,USD,20,60.5294,2634860.0,40446072.49
PRPO,USD,20,29.3088,523858.0,13190723.1
PRQR,EUR,20,49.4012,65391944.0,120459202.43
PRSO,USD,20,6.228,936246.0,922106.8
PRST,USD,20,0.0,0.0,0.0
PRSU,USD,20,86.2962,23574828.0,895397867.05
PRTA,USD,20,82.9232,43412994.0,418708993.42
PRTC,USD,16,0.5716,139407.0,2071588.02
PRTH,USD,20,78.4586,64614640.0,332519773.49
PRTS,USD,20,25.3687,2044149.0,15495161.58
PRU,USD,20,37.6994,130816931.0,13103221962.22
PRVA,USD,20,72.8725,91828254.0,2010883004.6
PRXG,,13,20.2921,2846071.0,93521323.85
PRZO,USD,20,8.638,2239674.0,2646480.31
PS,USD,16,78.7686,315074625.0,8822968941.3
PSA,USD,20,58.4104,109098619.0,29501599291.9
PSA_pf,USD,20,18.7499,2100019.0,41700026.64
PSA_pg,USD,20,20.262,2431460.0,47575467.2
PSA_ph,USD,20,23.7868,2711692.0,58786301.14
PSA_pi,USD,20,20.7783,2628467.0,49371928.57
PSA_pj,USD,20,26.984,2792833.0,50270019.14
PSA_pl,USD,20,14.8187,3349005.0,60094717.35
PSA_pn,USD,18,18.475,2087684.0,31303653.32
PSA_ps,USD,20,26.8424,2684205.0,42161651.75
PSBD,USD,20,70.5142,21944599.0,223524973.13
PSEC,USD,20,41.9442,210143130.0,511352451.18
PSEC_pa,USD,7,34.9872,1837236.0,30136742.76
PSFE,USD,20,78.299,40130488.0,282822588.7
PSHG,USD,20,15.3502,1908380.0,3539768.25
PSIG,USD,20,59.9383,9216485.0,56721946.61
PSIX,USD,20,79.8292,18400949.0,1219603720.65
PSKY,USD,20,72.562,789236711.0,8031415241.28
PSMT,USD,20,70.8298,21858426.0,3283066221.3
PSN,USD,20,80.8245,86464624.0,4758902433.26
PSNL,USD,20,77.3246,82544619.0,689867386.03
PSNY,USD,20,98.4317,141650753.0,2694725015.16
PSNYW,USD,20,4.9952,34134.0,194746.42
PSO,GBP,20,3.2715,19668395.0,258550775.34
PSQH,USD,20,31.8695,1069754.0,10021647.3
PSQH_t,USD,20,,3789258.0,0.0
PSTG,USD,20,56.1742,186726128.0,11356064210.7
PSTL,USD,20,47.799,13203996.0,238990861.68
PSTV,USD,20,16.1559,1111826.0,5663489.42
PSUS,,20,12.3379,12337864.0,516395956.32
PSX,USD,20,48.8728,195947955.0,32576979555.74
PT,USD,18,3.7814,647679.0,595570.66
PTAC,USD,1,0.0286,5000.0,49900.0
PTC,USD,20,66.5475,76866166.0,11453942160.18
PTCT,USD,20,80.3205,66625469.0,4664792254.26
PTEN,USD,20,68.3199,259354884.0,2615702183.48
PTGX,USD,20,85.4806,54973898.0,5656836864.98
PTHL,USD,20,1.933,2114415.0,6103751.72
PTHS,USD,20,88.1746,3064630.0,69021894.97
PTIX,USD,20,10.5625,191988.0,353829.96
PTIXW,USD,9,,215533.0,0.0
PTLE,USD,20,0.1291,7928.0,46985.52
PTLO,USD,20,62.2763,45076172.0,238996869.32
PTN,USD,20,67.3053,1197543.0,18988650.96
PTNM,HKD,17,83.6074,16731957.0,173845033.23
PTON,USD,20,55.8634,233037225.0,1168899277.44
PTOR,USD,20,44.3015,11292305.0,110732388.94
PTPI,USD,20,44.6458,18917471.0,118007.21
PTRN,USD,20,96.6728,150000799.0,1901554664.17
PUBM,USD,20,56.107,21422076.0,180712136.64
PUCK,USD,8,23.8298,1752500.0,19277500.0
PUK,USD,20,2.3041,28875852.0,821088992.82
PULM,USD,20,9.744,355879.0,522803.48
PUMP,USD,20,58.6789,71950454.0,945107844.78
PURR,USD,20,34.8062,46856597.0,329095488.66
PUSA,USD,20,36.5247,7891017.0,25180642.99
PVH,USD,20,76.0979,35087227.0,2474575538.92
PVLA,USD,20,67.3274,9656659.0,1132353484.09
PW,USD,20,33.0197,121257.0,1056433.14
PWP,USD,20,68.155,49697297.0,902502913.52
PWR,USD,20,41.4582,62212263.0,31892939097.54
PW_pa,USD,6,59.8689,86592.0,748864.34
PX,USD,20,86.5768,68218412.0,532516867.68
PXED,USD,20,97.0694,34991014.0,1094493971.08
PXLW,USD,20,36.0108,2291467.0,13428640.29
PXMD,USD,2,0.1519,191770.0,11832.21
PXS,USD,20,62.2788,6376931.0,27012035.6
PYPD,USD,20,56.0528,10747590.0,43787184.62
PYPL,USD,20,43.5871,384483677.0,17924427035.91
PYXS,USD,20,51.2504,42515261.0,91059745.82
PZG,USD,20,40.2501,34528182.0,52956403.91
PZZA,USD,20,65.1789,21445146.0,728997441.38
Q,USD,20,40.0615,83864422.0,8921679063.41
QADR,USD,2,1.5,300000.0,2973000.0
QALT,,20,16.1619,1182986.0,29902305.06
QBTS,USD,20,35.328,129561064.0,1909712973.28
QCLS,USD,20,15.9389,1251746.0,4610746.5
QCOM,USD,20,43.1764,455079826.0,62754177856.07
QCRH,USD,20,50.7801,8311302.0,710200755.9
QDEL,USD,20,89.9771,61356208.0,1250332709.06
QETA,USD,20,96.8445,3629480.0,41664079.41
QETAR,USD,20,,588510.0,863247.63
QETAU,USD,9,0.0448,4008.0,44590.72
QFIN,CNY,20,44.4241,54659838.0,754215683.98
QGEN,USD,20,50.5807,104322559.0,4051316533.58
QH,CNY,14,7.6315,54070.0,196067.99
QLEP,USD,4,6.4879,1530771.0,15200556.03
QLYS,USD,20,59.8678,21083644.0,2005663301.16
QMCO,USD,20,40.8555,16086689.0,167803095.22
QMMM,USD,20,3.4607,1694053.0,24561928.2
QNC,CAD,20,27.9745,61381301.0,188697116.32
QNCX,USD,20,14.3296,140139.0,5641609.51
QNRX,USD,20,49.0027,984177.0,7422350.88
QNST,USD,20,60.3521,34669530.0,445338473.86
QNT,USD,20,42.4297,13943611.0,1125173496.76
QNTM,USD,20,24.41,1561894.0,7209890.88
QRED,USD,4,9.5829,1537090.0,15281843.42
QRHC,USD,20,64.3822,13567559.0,16221239.69
QRVO,USD,20,58.8931,51954286.0,4136881439.85
QS,USD,20,38.1262,220499937.0,1608616241.66
QSEA,USD,20,106.7451,10818083.0,113083698.61
QSEAR,USD,20,,6725186.0,1091697.91
QSEAU,USD,20,7.1657,817607.0,8396604.7
QSI,USD,20,35.5388,70303794.0,57858276.64
QSIAW,USD,12,,451787.0,0.0
QSR,USD,20,55.8047,193632741.0,13993452081.55
QTEX,USD,20,22.9804,10909809.0,6016704.04
QTEXW,USD,5,,199083.0,0.0
QTI,USD,20,37.63,5181224.0,24466769.17
QTRX,USD,20,70.9328,33413570.0,165682541.22
QTTB,USD,20,106.5965,22019467.0,240662972.37
QTWO,USD,20,57.3977,35931123.0,1905771674.8
QUAD,USD,20,54.2063,20759601.0,136810104.61
QUBT,USD,20,40.3399,90980423.0,790296979.64
QUCY,USD,20,15.9511,2846420.0,3480192.32
QUIK,USD,20,24.3856,4444158.0,49530697.74
QUMS,USD,20,86.1616,9422734.0,95431266.48
QUMSR,USD,20,,6591032.0,1647758.0
QUMSU,USD,20,5.4487,621507.0,6333216.74
QURE,USD,20,52.6742,35632462.0,684189579.11
QVCGA,USD,20,45.5937,3607313.0,10240788.23
QVCGB,USD,20,89.1798,162515.0,3250300.0
QVCGP,USD,20,33.2354,4228633.0,47171680.23
QXL,USD,15,47.6348,6352750.0,13923064.9
QXO,USD,20,44.1664,458216668.0,8842384742.34
R,USD,20,64.5927,24769241.0,5071622997.99
RAAQ,USD,20,4.4799,11757535.0,123454117.5
RAAQU,USD,18,13.0088,2244017.0,22883751.04
RAC,USD,20,76.274,18046489.0,187493082.65
RACC,,7,33.4826,2603260.0,27021838.8
RACD,,7,32.6047,2535000.0,26459400.0
RACE,EUR,20,49.9998,93959755.0,32005086831.15
RAC_u,USD,20,3.9852,942892.0,9971699.84
RADX,AUD,12,2.5396,300037.0,1290159.1
RAIL,USD,20,70.5041,23108260.0,226497055.4
RAIN,USD,20,77.7249,7977323.0,30364266.66
RAL,USD,20,71.9346,80518696.0,3552279240.24
RAMP,USD,20,68.9415,41907140.0,1158837045.76
RAND,USD,20,77.0319,2287708.0,26851193.75
RANG,USD,20,465.7434,14374384.0,151454519.58
RANGR,USD,20,,10832022.0,3162370.25
RANGU,USD,20,9.0932,1085503.0,11001749.99
RANI,USD,20,43.5647,48918566.0,41607258.51
RAPP,USD,20,90.3925,43231893.0,1396271674.57
RAPT,USD,20,56.435,16343860.0,589396264.54
RARE,USD,20,55.4234,54586057.0,1186634569.76
RAVE,USD,20,37.7217,5360860.0,14150831.41
RAY,HKD,20,53.1124,3104466.0,11695092.9
RAYA,USD,14,1.6499,16591.0,73836.61
RBA,USD,20,59.2029,110295152.0,10585304786.96
RBB,USD,20,48.0638,8164072.0,181942043.59
RBBN,USD,20,83.5222,147115100.0,318029936.5
RBC,USD,20,54.7576,17322751.0,9404244553.65
RBCAA,USD,20,71.8502,12560091.0,874196609.44
RBKB,USD,20,55.8884,8739955.0,140114636.91
RBLX,USD,20,51.9553,348928473.0,21772126220.5
RBNE,USD,20,2.3518,13695.0,558862.65
RBOT,USD,20,41.4358,2683203.0,2112703.9
RBRK,USD,20,44.0826,70953936.0,3599037739.38
RC,USD,20,54.3513,89798906.0,169137496.9
RCAT,USD,20,39.8807,60335741.0,711095874.42
RCEL,USD,20,15.4064,4741558.0,17494490.11
RCFA,USD,20,46.9587,20333939.0,20521254.15
RCI,CAD,20,46.0513,197595296.0,7149130904.07
RCKT,USD,20,69.7046,76112766.0,270773320.39
RCKY,USD,20,59.1024,4457118.0,165219510.99
RCL,USD,20,63.7425,170954626.0,46995888466.63
RCMT,USD,20,68.9888,4889650.0,120269633.97
RCON,CNY,20,7.1529,5051954.0,12577439.8
RCT,USD,20,61.1579,41814022.0,29621136.74
RCUS,USD,20,76.6286,96377985.0,2111791809.56
RC_pe,USD,4,8.3739,385201.0,4506851.7
RDAC,USD,20,75.7259,4506479.0,38756542.84
RDACR,USD,20,,4766189.0,677172.33
RDACU,USD,5,0.0466,3500.0,36193.2
RDAG,USD,20,71.5898,21476931.0,218573431.43
RDAGU,USD,20,7.393,2217881.0,22796856.64
RDCM,USD,20,65.691,10995587.0,143727671.98
RDDT,USD,20,53.5066,75960701.0,13235877757.25
RDGT,USD,14,1.2157,44123.0,125218.29
RDHL,USD,20,8.5338,518941.0,387411.42
RDI,USD,20,58.7463,12358253.0,13856181.87
RDIB,USD,20,97.0908,1631698.0,12073711.41
RDN,USD,20,62.7943,83500777.0,2802606775.46
RDNT,USD,20,62.8491,49420903.0,2841677066.33
RDNW,USD,20,81.6816,31477831.0,203919382.32
RDVT,USD,20,60.7191,8566796.0,389764166.78
RDW,USD,20,39.1646,93535001.0,1139188963.44
RDWR,USD,20,84.0206,35357950.0,933824783.83
RDY,INR,20,12.0069,100012381.0,1398799552.95
RDZN,USD,20,45.4787,38457943.0,55361442.56
RDZNW,USD,20,,4606530.0,0.0
REA,USD,18,52.3259,10417507.0,225991466.32
REAL,USD,20,66.1136,79658937.0,965174346.34
REAX,USD,20,54.9162,119686403.0,311830523.46
REBN,USD,20,51.7393,4249578.0,7026985.14
RECT,SGD,6,83.7724,12147000.0,47134678.32
REE,USD,20,51.1487,14896780.0,23967618.18
REED,USD,20,62.905,7458712.0,13973220.48
REFI,USD,20,30.5039,7815464.0,89931596.02
REFR,USD,20,28.6536,9990881.0,10124856.5
REG,USD,20,68.3839,125208872.0,9327030723.66
REGCO,USD,13,35.3267,1554379.0,34021582.73
REGCP,USD,14,39.5719,1820303.0,41889182.28
REGN,USD,20,50.5135,52040032.0,39802849609.8
REI,USD,20,29.0611,73772641.0,87207930.59
REKR,USD,20,35.8919,49390186.0,46738353.98
RELI,USD,20,8.8746,72688.0,859422.98
RELIW,USD,8,,38257.0,0.0
RELL,USD,20,59.8047,7528227.0,84732561.98
RELX,GBP,20,3.1191,54633626.0,1811104701.9
RELY,USD,20,54.6316,115032372.0,1826423304.92
RENE,,20,119.5008,10547263.0,133491921.53
RENT,USD,20,94.3111,31675496.0,128797785.36
RENX,USD,20,14.9042,389490.0,1068841.56
REPL,USD,20,75.68,63487681.0,498786580.17
REPX,USD,20,55.4911,12039276.0,427853545.76
RERE,CNY,20,44.2444,58276266.0,278326244.79
RES,USD,20,80.6683,178791974.0,1241517910.04
RETO,USD,20,1.0248,33506.0,5269908.85
REVB,USD,20,17.5583,686254.0,810338.72
REVBW,USD,20,,1561868.0,0.0
REX,USD,20,70.3955,23186667.0,1019520835.91
REXR,USD,20,73.3421,163544691.0,5364231094.41
REXR_pb,USD,11,20.8679,626034.0,14066080.9
REXR_pc,USD,11,26.7506,922890.0,19583685.69
REYN,USD,20,96.4477,203280359.0,4330401004.98
REZI,USD,20,66.8763,101268631.0,3421000750.19
RF,USD,20,48.1179,410627866.0,10767584561.28
RFAI,USD,20,234.6498,8242076.0,89072585.54
RFAIR,USD,20,,8645789.0,992438.27
RFAIU,USD,20,4.4634,531141.0,5670483.82
RFAM,USD,20,55.6854,7758843.0,76212435.93
RFAMR,USD,20,,5281381.0,528138.1
RFAMU,USD,18,31.7748,3288697.0,32558100.3
RFIL,USD,20,53.6591,5822674.0,58197107.12
RFL,USD,20,44.2181,22645334.0,57371103.53
RF_pc,USD,20,30.8056,6161124.0,149558370.44
RGA,USD,20,63.7338,41754029.0,8512595434.64
RGC,USD,20,88.5143,438565385.0,5796685183.5
RGCO,USD,20,48.9645,5095812.0,112914052.75
RGEN,USD,20,67.8209,38256294.0,5191678823.64
RGF,USD,20,24.1417,424228.0,1842141.89
RGLD,USD,20,53.7397,45606964.0,11471007655.96
RGNT,USD,12,35.2544,2472513.0,9327554.96
RGNX,USD,20,52.181,33024458.0,272756440.05
RGP,USD,20,69.501,23936178.0,91224135.3
RGR,USD,20,54.6529,8714011.0,338387769.61
RGS,USD,20,40.3124,1007319.0,25898368.49
RGTI,USD,20,36.2489,120490429.0,1898571320.38
RGTIW,USD,20,,3298889.0,0.0
RH,USD,20,85.9991,16276397.0,2341835517.85
RHE,USD,20,28.0715,1101715.0,1367645.84
RHE_pa,USD,2,0.0,0.0,0.0
RHI,USD,20,70.1562,71765169.0,1858238995.0
RHLD,USD,20,90.8487,7501802.0,1149101694.15
RHP,USD,20,63.7315,40220532.0,3758887568.88
RIBB,USD,20,128.8176,4972550.0,52181116.98
RIBBR,USD,20,,4110251.0,733987.39
RIBBU,USD,11,32.3576,1689065.0,17453435.7
RICK,USD,20,52.1396,3985802.0,94101872.32
RIG,USD,20,58.5871,654089288.0,3896549232.84
RIGL,USD,20,62.3967,11544727.0,365085698.24
RILY,USD,20,56.5782,22659354.0,178012225.19
RILYL,USD,1,0.0,0.0,0.0
RIME,USD,20,6.4753,998874.0,1044288.35
RIO,USD,20,6.0476,75901251.0,6781129296.39
RIOT,USD,20,54.5629,206329287.0,3101614734.7
RITM,USD,20,40.2796,224883180.0,2180142897.88
RITM_pa,USD,9,0.9658,652490.0,16636338.25
RITM_pb,USD,17,22.7022,2556449.0,63774131.68
RITM_pc,USD,20,23.0167,3660407.0,88105523.06
RITM_pd,USD,20,18.9543,3525496.0,87480962.31
RITM_pe,USD,11,20.3893,1549583.0,37670964.42
RITM_pf,USD,9,,2204153.0,54133536.67
RITR,HKD,20,62.7151,28619264.0,77189571.45
RIV,USD,20,33.0748,9053001.0,100759965.45
RIVN,USD,20,53.1955,767855376.0,12035162765.91
RIV_pa,USD,2,4.2064,164469.0,3659751.8
RJET,USD,20,91.9152,43043382.0,778830447.94
RJF,USD,20,58.9159,113177590.0,16724346578.3
RJF_pb,USD,5,0.0,0.0,0.0
RKDA,USD,20,16.1794,352988.0,487084.13
RKLB,USD,20,37.7188,225626287.0,15396963276.31
RKT,USD,20,55.4687,543896222.0,8755131003.24
RKTO,USD,20,6.4581,1357658.0,1143835.04
RL,USD,20,53.1397,19999143.0,6895373370.87
RLAY,USD,20,69.3802,147824364.0,1450202255.52
RLGT,USD,20,66.1542,30981174.0,203043228.32
RLI,USD,20,60.0994,55154988.0,3160679241.53
RLJ,USD,20,70.8409,107628521.0,808643192.93
RLJ_pa,USD,20,38.9291,5013874.0,122653048.5
RLMD,USD,20,60.0203,62955293.0,381353638.65
RLX,CNY,20,111.321,1016960568.0,2240367832.82
RLYB,USD,20,77.889,4126683.0,36600917.96
RM,USD,20,71.6716,6599629.0,225590265.68
RMAX,USD,20,51.0002,10872046.0,70650008.26
RMBI,USD,20,23.9208,4008059.0,54557673.35
RMBS,USD,20,55.3063,59806548.0,5298050640.94
RMCF,USD,20,69.6519,6574860.0,12713794.54
RMCO,USD,20,46.3324,7023793.0,21653216.59
RMCOW,USD,20,,1009967.0,0.0
RMD,USD,20,38.4784,55815042.0,12634531676.37
RMIX,,20,57.1951,27702721.0,517390001.48
RMNI,USD,20,77.9637,72163208.0,250291608.23
RMR,USD,20,63.9783,10296257.0,160939478.27
RMSG,USD,18,22.368,2320621.0,1162039.87
RMSGW,USD,20,,4196163.0,0.0
RMTI,USD,20,23.5252,928550.0,8188524.47
RNA,USD,20,38.0536,6509301.0,87316356.45
RNAC,USD,20,74.4833,21884339.0,138430654.12
RNAZ,USD,20,35.3114,373764.0,2742514.87
RNG,USD,20,80.9879,59717652.0,2220899477.88
RNGR,USD,20,63.6015,15112751.0,235701133.99
RNGT,USD,20,61.034,14440688.0,144331753.84
RNGTU,USD,19,7.866,1861071.0,18870599.88
RNLX,USD,20,1.0669,93250.0,338497.5
RNR,USD,20,60.6888,25217415.0,7485736752.73
RNR_pf,USD,20,5.6443,1693290.0,34753136.1
RNST,USD,20,65.5791,60511034.0,2181426401.45
RNTX,USD,20,25.5308,21827229.0,24910443.6
RNW,INR,20,101.5388,248166150.0,1498475390.8
RNWWW,INR,20,,7692276.0,0.0
RNXT,USD,20,21.3866,9635162.0,9423307.57
ROAD,USD,20,58.0295,27845830.0,3094711471.23
ROC,USD,18,79.3133,15133089.0,101750062.18
ROCK,USD,20,73.9471,21934178.0,939685587.27
ROG,USD,20,73.4322,13106593.0,1365371191.83
ROIV,USD,20,71.0242,510549757.0,12517577800.38
ROK,USD,20,41.8153,46529645.0,16955775805.06
ROKU,USD,20,49.0049,64662110.0,6139188967.58
ROL,USD,20,64.9535,312521971.0,16718743851.88
ROLR,USD,20,56.333,6179183.0,32869101.05
ROMA,HKD,12,24.6573,13190093.0,45353214.42
ROOT,USD,20,47.3434,6637581.0,372439842.64
ROP,USD,20,61.5042,60827604.0,21719501082.89
ROST,USD,20,49.8658,159973927.0,34337822678.65
RPAY,USD,20,86.6635,71758018.0,251234937.88
RPC,USD,20,86.5768,68218412.0,532516867.68
RPD,USD,20,60.2169,40243324.0,298069372.93
RPGL,SGD,8,5.7097,60802.0,4713743.2
RPID,USD,20,51.244,22987739.0,53359698.63
RPM,USD,20,53.3494,68149601.0,6781450164.19
RPRX,USD,20,55.1296,244375174.0,11187813044.8
RPT,USD,20,70.6488,5491228.0,77738651.55
RPT_pc,USD,8,35.2874,735471.0,18129411.15
RR,USD,20,28.5065,52355414.0,124493903.26
RRBI,USD,20,47.5973,3134141.0,278316292.55
RRC,USD,20,68.9564,161136752.0,7196595607.27
RREV,,2,3.8,949999.0,9376490.13
RRGB,USD,20,65.0794,12039471.0,40521900.45
RRR,USD,20,79.9288,46730996.0,2652021611.22
RRX,USD,20,59.5352,39632117.0,6906955281.08
RS,USD,20,51.7529,26421347.0,8019155191.44
RSF,,20,46.0733,1861252.0,27141442.5
RSG,USD,20,64.7405,199183071.0,41444490271.85
RSI,USD,20,57.9294,60308873.0,1273547514.95
RSKD,USD,20,63.8897,59809491.0,249355826.27
RSMR,,15,50.7728,228478.0,5061678.75
RSSS,USD,20,57.9653,19387925.0,52386036.12
RSVR,USD,20,89.2647,58746214.0,579599792.66
RSVRW,USD,20,,4023830.0,0.0
RTAC,USD,20,38.7796,9365291.0,97467337.24
RTACU,USD,20,12.293,2968796.0,34195174.04
RTB,USD,20,28.8359,3927397.0,57988376.28
RTC,USD,16,2.7807,33454.0,67577.08
RTO,USD,20,11.0193,55670883.0,1695040045.67
RTX,USD,20,43.7161,589188899.0,113490457647.6
RUBI,USD,15,0.0323,195.0,290619.15
RUM,USD,20,68.0215,187565341.0,1132511176.66
RUMBW,USD,20,,4353920.0,0.0
RUN,USD,20,76.6252,182788854.0,2744060953.88
RUSHA,USD,20,69.6689,42496158.0,2699002000.12
RUSHB,USD,20,83.9185,14027165.0,901108815.81
RVLV,USD,20,80.5686,33365424.0,851516110.72
RVMD,USD,20,58.8135,125035303.0,11645636397.35
RVP,USD,20,67.3842,20172948.0,13369894.58
RVPH,USD,20,25.3821,3327703.0,3023948.44
RVSB,USD,20,63.213,12744147.0,70042031.18
RVSN,USD,20,9.1358,200269.0,1659472.73
RVSNW,USD,12,,181337.0,0.0
RVTY,USD,20,83.1962,92813556.0,8355190320.92
RVYL,USD,20,28.8359,3927397.0,57988376.28
RWAY,USD,20,44.7659,19009679.0,128726019.91
RWT,USD,20,56.7269,71030799.0,396061321.38
RWT_pa,USD,7,7.6822,199741.0,4889210.57
RXO,USD,20,93.6026,154369436.0,2220683739.12
RXRX,USD,20,52.0215,272945482.0,900700012.39
RXST,USD,20,64.7507,26804628.0,218896272.22
RXT,USD,20,66.8929,169834009.0,194844284.94
RY,CAD,20,29.8745,414240976.0,68514631042.54
RYAAY,EUR,20,31.5053,163844380.0,9530653876.64
RYAM,USD,20,57.8289,38999061.0,344171189.63
RYAN,USD,20,67.1891,86988306.0,2984280424.4
RYDE,SGD,20,31.7407,47626584.0,32294597.81
RYET,USD,18,56.4956,21061517.0,35771519.28
RYI,USD,20,71.0342,36858664.0,847052547.55
RYM,USD,20,57.5776,1254690.0,24916453.92
RYN,USD,20,62.669,188474480.0,3898770073.85
RYOJ,USD,14,78.1756,9029279.0,27542275.37
RYTM,USD,20,71.3871,48923479.0,4721321718.21
RYZ,USD,20,71.0342,36858664.0,847052547.55
RZLT,USD,20,83.0219,79943643.0,281270555.3
RZLV,USD,20,53.5048,210629249.0,553857233.69
RZLVW,USD,20,,1668499.0,0.0
S,USD,20,51.0514,171912628.0,2241860261.01
SA,CAD,20,60.5735,65191004.0,1822361836.12
SAAQ,USD,20,35.8675,8480863.0,84589383.48
SABR,USD,20,82.2095,324985465.0,464070305.17
SABS,USD,20,74.9128,57281427.0,219406356.15
SABSW,USD,16,,890591.0,0.0
SAC,USD,20,65.5078,15525373.0,155176538.68
SACH,USD,20,24.5417,11769185.0,11875829.39
SACH_pa,USD,1,0.1356,3135.0,49062.75
SAC_u,USD,20,15.8206,3749447.0,37894884.05
SAFE,USD,20,75.9542,54390926.0,737122168.94
SAFT,USD,20,65.321,9591367.0,704870063.3
SAFX,USD,20,89.3627,296922207.0,146082859.57
SAGT,MYR,14,74.3196,14157893.0,22225078.32
SAGU,USD,4,18.4988,2077749.0,20533133.8
SAH,USD,20,83.7947,16402592.0,1150013011.67
SAIA,USD,20,68.4058,18244609.0,6255561237.48
SAIC,USD,20,62.4173,26388070.0,2524061069.63
SAIH,USD,14,9.6085,114371.0,1033261.96
SAIL,USD,20,96.5325,547516710.0,6515537321.75
SAM,USD,20,68.9005,5666161.0,1282489621.83
SAMG,USD,20,65.9553,5066553.0,68898510.95
SAN,EUR,20,2.3684,339198818.0,3826162667.04
SANA,USD,20,76.7176,213498715.0,755384419.43
SANG,USD,20,56.1328,18680298.0,87190870.0
SANM,USD,20,69.3384,37163842.0,5248715254.15
SANW,USD,20,44.1153,947073.0,7242159.6
SAP,EUR,20,4.4434,51875818.0,10310669770.38
SAR,USD,20,21.3916,3489097.0,77843716.95
SARO,USD,20,84.7246,281685723.0,7274932227.34
SATA,USD,5,14.786,1157669.0,113786295.17
SATL,USD,20,56.1447,77289507.0,464238909.18
SATLW,USD,20,,4005312.0,0.0
SATS,USD,20,72.7679,115311817.0,12715342936.16
SAVA,USD,20,26.3475,12728004.0,22280896.05
SB,USD,20,75.8367,77221834.0,484943695.06
SBAC,USD,20,62.9466,66762964.0,11641528586.92
SBC,USD,20,83.1507,85293494.0,275082816.99
SBCF,USD,20,60.998,59318465.0,1807460602.75
SBDS,USD,20,52.5769,1345434.0,5286014.69
SBET,USD,20,38.1558,79918375.0,551082866.58
SBEV,USD,20,3.1216,757439.0,253794.97
SBFG,USD,20,53.5232,3348938.0,70257650.82
SBFM,USD,20,11.8649,283399.0,810146.0
SBFMW,USD,4,,23973.0,0.0
SBGI,USD,20,61.8412,29937548.0,413438019.15
SBH,USD,20,83.0634,79249751.0,1103508326.24
SBLK,USD,20,47.4981,52974972.0,1166475811.08
SBLX,USD,20,7.4069,359677.0,1591215.27
SBMT,USD,16,23.3368,6916018.0,69245849.98
SBRA,USD,20,64.1902,161881381.0,3109282508.75
SBS,BRL,20,6.6781,235368524.0,1426187501.64
SBSI,USD,20,44.4727,13231377.0,411278787.93
SBSW,ZAR,20,13.9875,98973964.0,1242994304.89
SBUX,USD,20,54.7238,623686699.0,55831978956.91
SBXD,USD,20,92.9042,19003577.0,203038035.48
SBXD_u,USD,20,0.2197,44942.0,481367.65
SBXE,USD,20,44.8892,12389401.0,122978305.4
SBXE_u,USD,20,20.9335,5024060.0,50612878.89
SB_pc,USD,3,0.1989,1601.0,41626.0
SB_pd,USD,2,0.1878,6000.0,160071.6
SCAG,USD,7,71.6085,51994722.0,467935796.31
SCCO,USD,20,93.7447,782138818.0,111355975080.67
SCE_pn,,20,38.7009,5418124.0,124882673.94
SCHL,USD,20,87.4035,18279772.0,630086051.1
SCHW,USD,20,49.8055,866184780.0,82007469655.98
SCHW_pd,USD,20,0.1259,37759.0,916055.54
SCI,USD,20,59.0723,81502634.0,6603886550.79
SCII,USD,20,65.8634,11529406.0,114993927.65
SCIIR,USD,20,,12562983.0,2763856.26
SCIIU,USD,20,10.6705,1867874.0,19084718.3
SCKT,USD,20,40.3736,3327179.0,2440267.57
SCL,USD,20,64.2154,14585445.0,728099047.31
SCLX,USD,20,25.0232,2124791.0,18075528.41
SCLXW,USD,15,,136231.0,0.0
SCM,USD,20,16.0182,4636839.0,47025662.67
SCNI,USD,20,18.0657,923329.0,623875.69
SCNX,USD,20,16.8803,6858603.0,2774671.76
SCOP,,8,16.9087,2709834.0,26946023.17
SCOR,USD,20,89.1996,13463525.0,95066217.92
SCPH,USD,20,0.2845,152731.0,389464.05
SCPQ,USD,16,33.1683,3432930.0,34022856.44
SCPQU,USD,20,25.9464,2685450.0,26878907.34
SCPX,USD,20,0.0314,19194.0,877.12
SCSC,USD,20,77.915,15835870.0,612440633.68
SCVL,USD,20,77.052,20920644.0,319808053.68
SCWO,USD,20,36.852,6447419.0,16294672.9
SCYX,USD,20,39.6134,3933750.0,28765677.26
SCZM,USD,20,20.9,19330729.0,138721328.4
SD,USD,20,60.5899,22368756.0,352332494.42
SDAWW,USD,20,,2681221.0,0.0
SDEV,USD,20,104.0225,52460508.0,67801380.72
SDGR,USD,20,74.3889,48766756.0,627738186.61
SDHC,USD,20,88.2238,7364271.0,96341336.6
SDHI,USD,20,70.5675,19715114.0,203268545.92
SDHIR,USD,20,,21700950.0,4646173.4
SDHIU,USD,16,10.9798,3067548.0,31471621.08
SDM,,20,57.873,18360254.0,33966469.9
SDOT,USD,20,0.5579,7265.0,1192796.8
SDRL,USD,20,69.6672,43563140.0,1827177604.2
SDST,USD,20,42.4956,4495934.0,9787060.7
SDSTW,USD,20,,1229225.0,0.0
SE,USD,20,58.9516,334231234.0,29602532532.94
SEA,,15,28.4375,305703.0,5014603.16
SEAL_pa,USD,3,6.8861,339659.0,8559406.8
SEAL_pb,USD,5,7.2379,477413.0,12034302.33
SEAT,USD,20,94.1513,10344767.0,64290746.2
SEATW,USD,18,,5429031.0,0.0
SEB,USD,20,92.3857,884868.0,4565396776.01
SECZ,USD,20,19.3987,27911587.0,267962239.17
SEDG,USD,20,64.2746,39090491.0,1825685516.51
SEE,USD,20,59.8997,88276429.0,3696013832.41
SEED,CNY,20,59.2981,7201518.0,8720640.99
SEEL,USD,18,19.4581,84829.0,32148.47
SEER,USD,20,59.9131,32941094.0,59555629.17
SEG,USD,20,77.4547,9915695.0,217668134.6
SEGG,USD,20,12.3698,2812645.0,4930321.11
SEI,USD,20,54.3044,33279395.0,1880618611.45
SEIC,USD,20,61.2611,73499288.0,5797491677.32
SELF,USD,20,30.2629,3456570.0,18311554.59
SELX,,15,67.3939,29218420.0,22826210.89
SEM,USD,20,56.4589,69977073.0,1141284342.63
SEMR,USD,20,73.2117,95585846.0,1143396630.82
SENEA,USD,20,59.4177,3102336.0,479474299.32
SENEB,USD,20,87.4766,1355190.0,213953570.91
SENS,USD,20,24.0333,10046642.0,72967550.38
SEPN,USD,20,92.9754,41909133.0,1073748066.13
SER,USD,20,95.5505,14330163.0,27351774.8
SERA,USD,20,60.4317,23074525.0,59753527.22
SERV,USD,20,36.2279,28030402.0,231509248.36
SES,USD,20,42.5502,138458720.0,169026804.55
SES_t,USD,20,,4657137.0,0.0
SEV,USD,20,36.0946,8889266.0,23860551.54
SEVN,USD,20,53.7001,12134138.0,101478566.14
SEZL,USD,20,78.1169,26268340.0,2729366280.07
SF,USD,20,54.8659,83170489.0,6185584533.58
SFBC,USD,20,58.0043,1488430.0,65042741.54
SFBS,USD,20,53.3816,29184315.0,2152781576.01
SFD,USD,20,94.9073,373438715.0,9764036216.7
SFHG,HKD,9,9.674,218632.0,803363.29
SFIX,USD,20,72.946,86285183.0,290067981.09
SFL,USD,20,48.7081,71557261.0,750885979.27
SFM,USD,20,55.376,52077771.0,4071973779.05
SFNC,USD,20,56.55,81681732.0,1588709687.4
SFST,USD,20,58.9644,5582590.0,304731122.0
SFWL,USD,13,66.8332,27145956.0,25736759.25
SF_pb,USD,8,14.7474,943838.0,21741875.53
SG,USD,20,58.9873,63077638.0,389381588.87
SGA,USD,20,79.1423,5036591.0,57956161.83
SGBX,USD,20,29.4011,382645.0,2603183.08
SGC,USD,20,62.624,9790650.0,103987724.01
SGHC,USD,20,79.8051,405470325.0,4401556345.1
SGHT,USD,20,60.6319,32989675.0,160232021.38
SGI,USD,20,68.3663,143819294.0,10674684580.28
SGLY,USD,19,2.641,331605.0,137938.18
SGML,USD,20,72.3299,81239960.0,1026995238.82
SGMO,USD,20,13.4308,55641506.0,16693162.37
SGMT,USD,20,19.7867,12106412.0,69987378.76
SGP,USD,20,89.0459,29771090.0,771569627.88
SGRP,,20,66.1431,18778623.0,13442880.28
SGRY,USD,20,106.6382,139470146.0,1806641860.25
SHAK,USD,20,65.8363,26565379.0,2269762194.58
SHAZ,USD,20,37.4777,13217899.0,743632089.31
SHBI,USD,20,49.0189,16380257.0,302858414.88
SHC,USD,20,66.059,188377777.0,3012285131.78
SHCO,USD,20,60.6998,32868436.0,295006851.5
SHEL,USD,20,8.2754,230164634.0,21405310962.0
SHEN,USD,20,63.8818,35340691.0,516827743.95
SHFS,USD,20,27.5915,1781251.0,1073786.15
SHFSW,USD,20,,1245462.0,0.0
SHG,KRW,20,3.271,15808722.0,971609368.4
SHIM,USD,20,83.2119,33605547.0,165393340.33
SHIP,USD,20,45.1295,9778725.0,122608751.67
SHLS,USD,20,76.2119,127861937.0,929361959.45
SHMD,EUR,20,62.2025,40834552.0,222541480.25
SHMDW,EUR,20,,3686164.0,0.0
SHO,USD,20,72.9931,135979610.0,1223192020.32
SHOE,USD,20,77.052,20920644.0,319808053.68
SHOO,USD,20,68.3046,49920785.0,1816624780.2
SHOP,USD,20,35.5078,433047486.0,55576436100.63
SHOT,USD,20,6.0264,482164.0,1260743.81
SHO_ph,USD,14,31.3915,1350823.0,28304276.68
SHO_pi,USD,11,15.0264,581321.0,12194279.47
SHPH,USD,20,13.9049,88589.0,731478.28
SHPW,USD,4,2.413,159657.0,0.16
SHW,USD,20,43.6114,107561462.0,35190508043.9
SI,USD,20,75.8378,15727391.0,220143732.7
SIBN,USD,20,73.3125,32513654.0,447536360.95
SID,BRL,20,2.877,38152300.0,51301246.23
SIDU,USD,20,13.5843,13126315.0,34792382.83
SIEB,USD,20,71.1441,29127049.0,56589283.89
SIF,USD,20,42.9154,2683932.0,29571922.27
SIFY,INR,20,12.4989,9053716.0,69459561.11
SIG,USD,20,79.2255,31159178.0,2655583737.11
SIGA,USD,20,70.9364,50878378.0,253392448.85
SIGI,USD,20,57.6912,34383898.0,2618831856.62
SII,USD,20,70.1021,18039189.0,2489321855.68
SILA,USD,20,49.7045,27457318.0,648369505.92
SILC,USD,20,37.3045,2128649.0,52481940.2
SILO,USD,20,27.5323,344871.0,2079656.5
SIM,MXN,19,0.1628,250321.0,7705912.14
SIMA,USD,20,554.1032,19686006.0,209770618.31
SIMO,USD,20,42.55,14460049.0,1817508205.38
SIND,USD,9,90.0524,134120285.0,1609443420.0
SING,USD,4,0.0024,1914.0,19.71
SINT,USD,20,44.1366,1903843.0,4254599.61
SION,USD,20,91.0966,41130440.0,1694852944.82
SIRI,USD,20,67.0603,225737510.0,4879541932.87
SISI,USD,18,51.4205,470217.0,3945224.97
SITC,USD,20,80.5929,42291123.0,270593505.2
SITE,USD,20,65.9212,29208457.0,3804462120.27
SITM,USD,20,77.7189,20515348.0,9144246263.56
SJ,CNY,17,49.0429,19390470.0,13555564.13
SJM,USD,20,56.0752,59933503.0,5811866884.14
SKBL,USD,20,20.2549,2494739.0,6856292.3
SKE,CAD,20,58.0582,72277766.0,1929592625.2
SKIL,USD,20,77.5383,6953027.0,45601349.64
SKIN,USD,20,95.0609,123198958.0,113052329.19
SKK,USD,13,80.8235,1101958.0,3055891.84
SKLZ,USD,20,85.008,10352583.0,82652812.0
SKM,KRW,20,5.786,22183449.0,646359132.69
SKT,USD,20,62.4271,71713233.0,2425419642.83
SKWD,USD,20,63.7836,25859856.0,1215319471.34
SKY,USD,20,68.8006,37767716.0,2998151482.67
SKYA,USD,20,36.609,15493720.0,28811398.2
SKYAW,USD,19,,12706295.0,0.0
SKYE,USD,20,46.7509,16430048.0,11898709.69
SKYH,USD,20,69.9727,24127636.0,250097952.4
SKYH_t,USD,20,,3060562.0,0.0
SKYQ,USD,20,16.5895,795410.0,2489756.78
SKYT,USD,20,60.3197,29680067.0,815488279.28
SKYW,USD,20,65.0647,25804805.0,2403654359.73
SKYX,USD,20,42.3179,56910948.0,66740380.08
SLAB,USD,20,66.3886,21896127.0,3955152974.4
SLAI,USD,20,7.2974,327369.0,697820.09
SLAM,USD,11,103.0361,14758956.0,276420085.2
SLB,USD,20,49.8766,745684168.0,36981120952.92
SLBT,USD,20,103.4959,338611498.0,1644423852.85
SLDB,USD,20,74.3417,73188941.0,526393487.64
SLDE,USD,20,75.5877,86592681.0,1634098888.23
SLDP,USD,20,39.6406,89184765.0,291027354.96
SLDPW,USD,20,,7670261.0,0.0
SLE,USD,20,14.5214,218083.0,950745.0
SLF,CAD,20,31.4994,174587989.0,11218757952.08
SLG,USD,20,67.113,47551514.0,1765137086.12
SLGB,CNY,6,0.2992,40074778.0,50051596.82
SLGL,USD,20,93.5028,3056599.0,240716760.86
SLGN,USD,20,76.1762,80502806.0,3224527095.14
SLG_pi,USD,20,21.6997,1996371.0,42010667.92
SLI,USD,20,31.1127,76555701.0,275976200.09
SLM,USD,20,76.2091,143232632.0,3080984279.37
SLMBP,USD,11,25.8913,1035648.0,76418803.29
SLMT,EUR,20,66.9263,7368099.0,111133949.91
SLN,USD,20,59.0983,27914884.0,207106679.44
SLND,USD,20,85.1478,46166189.0,40013715.63
SLND_t,USD,20,,4633777.0,0.0
SLNG,USD,20,87.4008,16253330.0,66855616.48
SLNH,USD,20,41.6513,65703882.0,90669123.0
SLNHP,USD,2,6.7567,332433.0,3527114.13
SLNO,USD,20,71.9548,37502947.0,1506159353.16
SLP,USD,20,70.7593,14310974.0,193623585.43
SLQT,USD,20,46.9871,82860984.0,119363952.74
SLRC,USD,20,33.1136,18065029.0,258692911.01
SLRX,USD,20,6.0332,67824.0,518213.15
SLS,USD,20,23.7061,46585650.0,224309188.48
SLSN,USD,20,78.7578,55628731.0,53116316.41
SLSR,USD,20,72.7234,121499966.0,1159185621.78
SLVM,USD,20,74.5746,29633168.0,1289537804.49
SLXN,USD,20,25.9553,275935.0,2221656.0
SLXNW,USD,20,,2569559.0,0.0
SM,USD,20,59.0307,141525342.0,4308246879.23
SMA,USD,20,61.0702,33811748.0,1037594365.52
SMBC,,20,46.3542,5104108.0,323420835.21
SMBK,USD,20,45.8029,7831619.0,305453156.83
SMC,USD,20,60.8052,8399809.0,240863885.19
SMCI,USD,20,53.3968,345388153.0,8887517005.01
SMFG,JPY,20,1.312,83115691.0,1648083048.25
SMFL,USD,1,0.0,1.0,0.0
SMG,USD,20,67.7187,39400116.0,2337487655.52
SMHI,USD,20,55.7756,15094144.0,109111518.31
SMID,USD,20,68.976,3660256.0,119364960.61
SMJF,SGD,20,97.4161,14351774.0,72231874.88
SMLR,USD,20,32.2139,4923953.0,77958767.1
SMMT,USD,20,93.0423,742244796.0,11708101482.47
SMP,USD,20,62.3856,13889075.0,485257450.28
SMPL,USD,20,65.5703,58003840.0,828370761.08
SMR,USD,20,36.6349,126795384.0,1618504526.85
SMRT,USD,20,54.8405,105753625.0,158414245.58
SMSI,USD,20,30.4557,1702433.0,4961948.76
SMTC,USD,20,68.0697,63407291.0,4871520134.59
SMTI,USD,20,57.8204,5298661.0,102414899.95
SMTK,USD,20,30.6748,6578585.0,3227972.45
SMU,,8,1.2835,45495.0,1409890.05
SMWB,USD,20,68.0332,59597390.0,242238268.3
SMX,USD,20,0.9426,17038.0,3448537.86
SMXT,USD,20,34.287,19511596.0,13732516.24
SMXWW,USD,20,,1386994.0,0.0
SN,USD,20,75.8747,107378169.0,11773763755.54
SNA,USD,20,50.5451,26145455.0,9492224487.16
SNAL,USD,20,7.597,235034.0,686873.27
SNAP,USD,20,49.7006,709403112.0,4271967936.23
SNAX,USD,20,87.2391,3260083.0,357032.52
SNBR,USD,20,73.2731,16888769.0,54302641.75
SNCR,USD,20,11.6621,1341934.0,11595232.76
SNCY,USD,20,68.7432,37256328.0,591145269.35
SND,USD,20,53.0734,22813950.0,115272693.87
SNDA,USD,20,61.0333,28897044.0,969010509.64
SNDK,USD,20,50.989,75509557.0,38848024128.59
SNDL,CAD,20,24.3303,63300607.0,91357635.27
SNDR,USD,20,95.1356,87615084.0,2339761966.89
SNDX,USD,20,68.6189,60803447.0,1351932449.37
SNES,USD,20,37.7059,1999699.0,3867411.36
SNEX,USD,20,60.7191,72180994.0,4096685423.7
SNFCA,USD,20,61.317,13766167.0,124371141.6
SNGX,USD,20,11.093,1644472.0,1174282.85
SNN,USD,20,7.4597,31349684.0,967026493.31
SNOA,USD,20,1.8418,88137.0,168399.89
SNOW,USD,20,35.3421,122495156.0,19542095118.68
SNPS,USD,20,45.496,87115614.0,34862924149.38
SNRE,CHF,20,0.0006,454.0,25985.64
SNSE,USD,20,44.9906,5019879.0,134984070.52
SNT,USD,20,49.0652,11447699.0,31122581.75
SNTG,USD,10,63.8764,1791939.0,3385355.59
SNTI,USD,20,66.2076,20620206.0,13572976.98
SNWV,USD,20,54.85,4716537.0,90747396.23
SNX,USD,20,58.96,47143747.0,8120508122.3
SNY,EUR,20,5.0181,120456652.0,5803601493.36
SNYR,USD,20,58.2953,8685941.0,4273311.35
SO,USD,20,44.3607,500079343.0,47509201805.56
SOAR,USD,20,34.6945,18439369.0,3421322.68
SOBO,USD,20,40.772,85045504.0,2726148131.15
SOBR,USD,20,30.2809,849856.0,580431.19
SOC,USD,20,68.2199,128021078.0,2070667263.08
SOCA,USD,20,65.3042,11558838.0,116868084.06
SOCAU,USD,20,10.9416,1936676.0,19797662.52
SOFI,USD,20,33.7159,432487343.0,8146336344.29
SOGP,CNY,20,12.1726,372245.0,4624271.59
SOHU,USD,20,74.6775,19467714.0,313025620.31
SOL,USD,20,0.0,0.0,0.0
SOLS,USD,20,43.3368,68837248.0,5169767415.68
SOLV,USD,20,65.3898,113238744.0,7844931697.68
SOMN,USD,20,116.3717,40730124.0,2093771162.95
SON,USD,20,55.2584,54633337.0,2834339546.83
SOND,USD,20,15.0387,2001410.0,2563036.46
SONM,USD,20,42.5079,632627.0,4756191.57
SONN,USD,12,3.786,267968.0,889096.0
SONO,USD,20,69.4962,82789713.0,1165511823.64
SONY,JPY,20,6.2356,366089003.0,7564680278.9
SOPA,USD,20,6.9071,897031.0,748947.28
SOPH,USD,20,50.9925,42780160.0,213197787.62
SORA,USD,8,58.2771,14490010.0,40419453.26
SORN,USD,20,47.994,12622376.0,124721074.8
SORNU,USD,20,25.6127,6736132.0,67361185.66
SOS,USD,20,7.2964,965737.0,2114826.92
SOTK,USD,20,57.8773,9096436.0,46457037.19
SOUL,USD,20,78.7474,20175069.0,206161949.25
SOUL_r,USD,20,,19501882.0,3510338.76
SOUL_u,USD,20,7.1541,1832872.0,18377075.52
SOUN,USD,20,34.6453,139668069.0,958935069.23
SOUNW,USD,20,,380128.0,0.0
SOWG,USD,20,4.7934,964438.0,5742883.14
SPAI,USD,20,58.4424,12059750.0,51521672.24
SPB,USD,20,82.0552,18869031.0,1399052688.65
SPC,,20,41.235,239163.0,4675330.97
SPCB,USD,20,20.3449,1277762.0,12212784.53
SPCE,USD,20,15.9701,21403747.0,56123645.05
SPCK,,14,12.3967,400619.0,8727532.92
SPCX,USD,20,19.8436,1481027048.0,253048281421.28
SPE,USD,20,44.6031,4739159.0,69598011.26
SPEC,USD,2,0.0,0.0,0.0
SPEG,USD,20,78.5572,9034046.0,91513836.89
SPEGR,USD,20,,9358219.0,2338618.93
SPEGU,USD,20,14.371,1652658.0,16944511.35
SPE_pc,USD,15,24.1989,541037.0,13398269.22
SPFI,USD,20,41.3179,7783955.0,324834752.79
SPG,USD,20,52.5845,170520894.0,31780284656.8
SPGI,USD,20,39.5254,116995895.0,51413551351.55
SPGI_w,USD,17,,48343.0,18563712.0
SPG_pj,USD,4,3.6108,28776.0,1559661.64
SPHL,SGD,8,45.3264,1025273.0,2647321.35
SPHR,USD,20,85.7447,24802075.0,2663792101.86
SPI,USD,20,0.0,0.0,0.0
SPIR,USD,20,37.7407,14610007.0,217748483.04
SPKL,USD,20,110.4405,6887840.0,78415221.25
SPKLU,USD,10,0.3619,36196.0,410782.37
SPMA,USD,3,16.1772,372075.0,9290712.75
SPMC,USD,20,107.6089,22198384.0,261711484.65
SPME,USD,1,0.0,0.0,0.0
SPNT,USD,20,75.8051,89102700.0,1920647185.15
SPNT_pb,USD,9,0.0,0.0,0.0
SPOK,USD,20,43.2914,9042279.0,100717719.9
SPOT,EUR,20,49.0451,101889547.0,52627066725.08
SPPL,SGD,12,3.0638,299830.0,1273339.96
SPPP,USD,20,24.7051,10768521.0,165835223.4
SPR,USD,20,0.2148,252415.0,9336565.99
SPRB,USD,20,32.9755,907584.0,66281267.01
SPRC,USD,20,0.5509,3158.0,11580.6
SPRO,USD,20,35.087,20305856.0,47568522.08
SPRU,USD,20,45.1804,8299298.0,26398878.61
SPRY,USD,20,87.8163,87204429.0,711418466.25
SPSC,USD,20,61.4137,22546689.0,1371749285.07
SPT,USD,20,53.8374,29242374.0,201266741.99
SPTX,USD,20,70.4755,37725936.0,696756456.22
SPVU,,20,55.5929,1139654.0,67707884.0
SPWH,USD,20,58.506,22828845.0,32008848.74
SPWR,USD,20,49.2704,74045400.0,61287927.85
SPWRW,USD,20,,2760154.0,0.0
SPXC,USD,20,58.6992,29387622.0,5876441296.68
SPYU,CAD,20,2.6181,418870.0,9031614.5
SQFT,USD,20,30.0548,431898.0,1254547.9
SQFTW,USD,20,,1662054.0,0.0
SQM,USD,20,19.7848,28256580.0,2129829538.97
SQNS,USD,20,89.3618,13398426.0,43693456.0
SR,USD,20,58.7892,34754357.0,3096987830.44
SRAD,EUR,20,79.1542,175239866.0,3686571647.58
SRBK,USD,20,41.3532,3349684.0,55514566.21
SRCE,USD,20,81.25,19566495.0,1388686813.48
SRDX,USD,20,1.4377,205549.0,7557859.49
SRE,USD,20,53.3508,348757881.0,33464058271.41
SRFM,USD,20,34.3071,38284979.0,54279001.22
SRG,USD,20,67.7705,38171436.0,113998459.26
SRG_pa,USD,8,12.1282,339592.0,7821846.42
SRI,USD,20,61.3641,17326320.0,85017134.88
SRL,CAD,20,75.9003,11556839.0,88495166.46
SRPT,USD,20,67.4581,71219952.0,1533406834.22
SRRK,USD,20,77.772,93192940.0,4387407659.97
SRTA,USD,20,65.8488,56976839.0,257674228.18
SRTAW,USD,16,,2267221.0,0.0
SRTS,USD,20,42.3541,6972363.0,27047984.96
SRXH,USD,20,2.6876,524569.0,3887616.33
SRZN,USD,20,89.6654,10394609.0,285377160.72
SRZNW,USD,20,,2932667.0,0.0
SR_pa,USD,20,0.0001,14.0,335.72
SSAC,USD,20,48.5671,8886830.0,87992926.6
SSACR,USD,20,,9822905.0,1768122.9
SSACU,USD,20,28.7658,5183163.0,52197581.7
SSB,USD,20,52.957,51352996.0,4753306958.13
SSBI,USD,20,57.5047,3893946.0,50617349.21
SSD,USD,20,61.6337,25355100.0,4303995672.39
SSEA,USD,20,86.5574,6609415.0,66718225.72
SSEAR,USD,17,,4269056.0,811120.64
SSEAU,USD,20,6.572,501844.0,5078647.28
SSII,USD,20,80.0392,160183621.0,789291397.89
SSKN,USD,20,51.9803,3060685.0,5302610.3
SSL,ZAR,20,3.7036,23465660.0,251475777.97
SSM,USD,20,59.1241,842418.0,4544611.81
SSMR,USD,13,79.073,111276701.0,1471077987.22
SSNC,USD,20,57.754,139091041.0,9913676189.96
SSP,USD,20,63.9347,50897047.0,186204802.9
SSRM,USD,20,42.5169,87752456.0,2557775019.04
SSSS,USD,20,25.4931,6748840.0,76751985.04
SST,USD,20,76.6718,6300418.0,16275422.84
SSTI,USD,20,76.7864,9946859.0,71891462.28
SSTK,USD,20,75.6645,27797684.0,464345935.1
SSYS,USD,20,61.8339,53680409.0,471066094.69
ST,USD,20,70.2441,102157398.0,3563003019.73
STAA,USD,20,93.8147,46708975.0,961379142.67
STAF,USD,16,74.9961,1232740.0,740114.2
STAG,USD,20,59.1529,113103378.0,4106155032.48
STAI,USD,20,32.4108,1217345.0,7234925.39
STAK,USD,9,1.19,119117.0,86582.46
STBA,USD,20,55.3789,19529299.0,816910577.17
STBX,USD,8,0.0,0.0,0.0
STC,USD,20,71.2651,21700026.0,1340742490.56
STDN,,10,38.537,57456755.0,523913724.06
STE,USD,20,55.5117,54100181.0,12004094615.31
STEC,USD,13,71.2851,5693899.0,40028016.6
STEL,USD,20,50.212,25568224.0,914170639.55
STEM,USD,20,20.7052,1854549.0,18035118.81
STEP,USD,20,75.7936,62369680.0,3040370832.55
STEX,USD,20,44.4417,46341451.0,53758572.07
STFS,CNY,20,17.7202,205780.0,14624064.47
STG,CNY,12,9.6901,491879.0,1728600.94
STGW,USD,20,89.7826,222530038.0,1299925269.07
STHO,USD,20,69.3196,8374741.0,66088724.97
STI,USD,20,68.3772,5809116.0,53670222.42
STIM,USD,20,81.8751,56975284.0,83732836.46
STKE,CAD,20,27.1064,10396127.0,18501940.69
STKH,USD,20,23.92,365230.0,777819.76
STKL,USD,20,127.4587,150875309.0,941032658.14
STKS,USD,20,69.2293,21851740.0,38793998.29
STLA,EUR,20,56.3856,1637275615.0,12655796382.23
STLD,USD,20,49.47,71341958.0,13127159300.9
STM,USD,20,7.8552,70110572.0,2562437472.14
STN,CAD,20,40.8125,46553529.0,4216545335.35
STNE,BRL,20,54.1988,124211480.0,1725676957.63
STNG,USD,20,49.2703,24841078.0,1746774441.3
STOK,USD,20,90.7979,56550511.0,1800129827.4
STRA,USD,20,70.7994,16009788.0,1319414375.16
STRC,USD,20,17.2485,14725621.0,1252224402.83
STRD,USD,19,57.4133,8051787.0,458540144.58
STRF,USD,19,44.5109,5715070.0,529929005.81
STRK,USD,20,40.0081,5609408.0,402417882.7
STRL,USD,20,53.2493,16340058.0,6287982628.86
STRO,USD,20,61.8896,10255348.0,247710448.45
STRR,USD,20,64.2753,2375549.0,26112597.6
STRRP,USD,4,0.2972,7043.0,72789.41
STRS,USD,20,62.7992,5013085.0,147884916.85
STRT,USD,20,67.5205,2758127.0,214895683.26
STRW,USD,20,61.6711,8280363.0,99427201.62
STRZ,USD,20,81.9794,13763841.0,166724039.86
STSSW,USD,16,,9959287.0,0.0
STT,USD,20,50.4123,139524471.0,17744805883.21
STTK,USD,20,53.2689,48140314.0,316301153.26
STT_pg,USD,20,26.3899,5277997.0,114187725.8
STUB,USD,20,67.3481,236181225.0,2080339168.23
STVN,EUR,20,66.4216,33017966.0,524001026.34
STWD,USD,20,40.0636,148534845.0,2578027163.38
STX,USD,20,49.5161,112031545.0,46407365188.91
STXS,USD,20,53.469,53270497.0,99001608.2
STZ,USD,20,56.6109,96664747.0,14300941208.9
SU,CAD,20,37.3533,441047706.0,25635929535.33
SUGP,HKD,9,1.7414,62046.0,295476.86
SUI,USD,20,74.588,91915455.0,11566208076.97
SUIG,USD,20,40.0536,30762285.0,45389549.11
SUJA,,16,20.8866,4968660.0,58117409.81
SUMA,USD,6,6.6747,1181176.0,11681207.64
SUMAR,USD,1,,15000.0,3600.0
SUNB,USD,20,45.5031,186406525.0,12369687632.33
SUNE,USD,20,52.9196,2172808.0,4596878.51
SUNS,USD,20,52.6998,7124068.0,56213513.92
SUPN,USD,20,70.7352,41054522.0,2107096299.57
SUPV,ARS,20,40.7258,30625338.0,313530442.21
SUPX,USD,20,75.9665,32851422.0,688857661.69
SURG,USD,20,45.4558,11323182.0,8500067.54
SUUN,CAD,20,18.1675,8664653.0,5980728.13
SUZ,,20,6.9088,85398433.0,831600114.16
SVA,USD,20,98.0686,70472578.0,455957579.66
SVAC,USD,20,76.1322,17510490.0,179855136.1
SVACU,USD,20,0.8805,202527.0,2105582.61
SVAQ,USD,20,76.9789,17054690.0,168770884.1
SVAQU,USD,20,25.6753,5688382.0,56932603.99
SVC,USD,20,45.207,58561134.0,438741857.14
SVCC,USD,20,70.4211,10953996.0,113985119.07
SVCCU,USD,20,5.2469,816156.0,8607893.04
SVCO,USD,20,76.8484,25120714.0,252400196.43
SVIV,USD,20,66.4696,15287968.0,151377244.16
SVIVU,USD,20,28.2464,6496698.0,66006451.68
SVM,USD,20,51.517,113957932.0,1177528897.04
SVMH,USD,20,2.8633,7311609.0,572820.91
SVRA,USD,20,81.0291,166050687.0,963384511.2
SVRE,,16,2.8145,70356.0,215289.36
SVREW,ILS,16,,581565.0,0.0
SVRN,USD,20,42.1306,790294.0,18506631.37
SVV,USD,20,102.9736,158564736.0,1190026061.64
SW,USD,20,60.2176,315850975.0,12527193361.28
SWAG,USD,20,64.8014,12078707.0,23738184.15
SWAGW,USD,8,,626800.0,0.0
SWBI,USD,20,44.1806,19760693.0,283450079.44
SWIM,USD,20,86.9876,102133296.0,559808901.49
SWK,USD,20,61.4707,95559637.0,6846656824.54
SWKH,USD,20,9.3306,1128626.0,19052904.19
SWKS,USD,20,72.1127,108461586.0,5994167862.85
SWMR,USD,20,84.5561,9478944.0,421883491.72
SWP,,12,105.1216,5560927.0,147922326.49
SWSS,USD,8,93.2062,4346513.0,46507689.1
SWVL,USD,20,28.997,2889357.0,5466867.27
SWVLW,USD,20,,1400627.0,0.0
SWX,USD,20,63.6277,46050402.0,3918726084.67
SXC,USD,20,57.4827,48775834.0,324113669.09
SXI,USD,20,68.1279,8253660.0,2186881781.9
SXT,USD,20,80.0591,34080325.0,3161869432.67
SXTC,USD,20,109.7257,35351399.0,137913498.8
SXTP,USD,20,9.8127,260936.0,601067.88
SY,CNY,20,43.0351,36484894.0,111657730.43
SYBT,USD,20,48.2966,14254784.0,964142273.36
SYBX,USD,20,78.7531,9211462.0,7321237.4
SYF,USD,20,61.1018,198807906.0,13593698784.39
SYF_pa,USD,18,10.3436,5213161.0,98018238.67
SYF_pb,USD,20,30.9174,6183496.0,159857761.67
SYK,USD,20,44.3384,169975861.0,57387644037.79
SYM,USD,20,89.078,113320862.0,5961731009.32
SYNA,USD,20,79.8042,31173726.0,2215765316.14
SYNX,USD,20,60.2303,3995946.0,5336418.77
SYPR,USD,20,65.0852,14976795.0,46233006.86
SYRA,USD,20,52.4287,7255702.0,3558966.76
SYRE,USD,20,69.2091,60102039.0,2548994750.68
SYRS,USD,20,0.5695,152797.0,261417.72
SYY,USD,20,44.3607,212267396.0,15218633624.44
SZZL,USD,20,80.5236,19003543.0,194010252.68
SZZLR,USD,20,,16727705.0,2858554.87
SZZLU,USD,20,8.7709,2069922.0,20912874.76
T,USD,20,36.8785,2527051813.0,72894690850.62
TAC,CAD,20,55.312,174802723.0,2298610520.33
TACH,USD,20,75.1818,20750148.0,213112823.08
TACHU,USD,20,2.7669,763656.0,7952166.32
TACO,USD,20,62.3016,23374766.0,239365498.37
TACOU,USD,20,21.7847,6538668.0,67095218.32
TACT,USD,20,68.3257,7021315.0,31055368.22
TAIT,USD,20,39.6604,2085563.0,5255618.76
TAK,JPY,20,2.3212,74118294.0,1369850674.02
TAL,USD,20,39.3197,159628356.0,1786363578.92
TALK,USD,20,61.0586,102280316.0,498738861.45
TALKW,USD,20,,8152208.0,0.0
TALO,USD,20,74.4506,124277435.0,1866055120.32
TANH,USD,17,0.9417,134426.0,183083.65
TAOP,USD,20,65.7667,6282528.0,7543448.41
TAOX,USD,20,9.3069,695404.0,3546693.86
TAP,USD,20,70.0694,122772562.0,5307033884.56
TAPa,USD,14,3.3426,85669.0,4215056.31
TARA,USD,20,63.2106,35526994.0,181814221.6
TARS,USD,20,69.3999,29858557.0,2257102045.31
TASK,USD,20,94.6692,34590384.0,249442115.1
TATT,USD,20,51.0778,6631499.0,288680537.69
TAVI,USD,20,88.3458,14065393.0,148116119.26
TAVIR,USD,20,,10476376.0,1391135.69
TAVIU,USD,20,3.9535,468487.0,4892071.88
TAYD,USD,20,41.3422,1330848.0,76551653.1
TBBB,MXN,20,87.3393,55289342.0,1999150627.03
TBBK,USD,20,74.31,30938573.0,1818097527.31
TBCH,USD,20,70.1908,13931071.0,175343277.0
TBH,USD,20,6.4215,4874283.0,15520680.42
TBI,USD,20,84.236,25611199.0,119341575.43
TBIO,USD,4,29.33,520854.0,312512.4
TBLA,USD,20,61.0872,148525911.0,620047712.52
TBLAW,USD,20,,5082009.0,0.0
TBLT,USD,4,12.7009,550758.0,1470518.53
TBN,USD,20,36.4223,12695470.0,542474380.14
TBPH,USD,20,80.2953,41615569.0,672829271.87
TBRG,USD,20,54.2203,8132598.0,167464245.47
TC,CNY,12,0.3534,93305.0,825125.08
TCBI,USD,20,67.7009,29432636.0,2790088931.48
TCBIO,USD,11,17.7172,2126067.0,44247874.39
TCBK,USD,20,55.1976,17644136.0,842053341.37
TCBP,GBP,16,0.0,0.0,0.0
TCBS,USD,20,38.5655,1114480.0,19557718.86
TCBX,USD,20,36.8103,6124888.0,232202289.3
TCGL,SGD,20,78.5906,14036089.0,80998724.82
TCI,USD,20,106.1081,9167012.0,321088217.03
TCMD,USD,20,65.8926,14862887.0,396500470.04
TCOM,CNY,20,17.2255,112585576.0,6093013282.12
TCPC,USD,20,23.1861,19453684.0,75244201.93
TCRT,USD,20,20.9746,512234.0,1340029.13
TCRX,USD,20,50.8606,31062704.0,31260899.42
TCX,,20,82.6172,9211108.0,164753082.34
TD,CAD,20,32.8136,548406337.0,52299864722.05
TDAC,USD,20,65.4451,12636683.0,133757663.72
TDACU,USD,20,5.554,958066.0,9957017.04
TDAY,USD,20,77.331,113446386.0,688301051.12
TDC,USD,20,70.0723,65938006.0,1887698973.02
TDG,USD,20,64.8235,36258088.0,43008593666.01
TDI,,20,22.35,1686974.0,69567771.2
TDIC,HKD,11,43.888,1073315.0,4778099.15
TDOC,USD,20,55.5602,100292974.0,593252186.71
TDS,USD,20,72.367,76926022.0,3188957901.11
TDTH,USD,20,0.8298,37426.0,213754.23
TDUP,USD,20,62.2933,67508507.0,255383443.05
TDW,USD,20,72.9456,36276317.0,2873891876.95
TDWD,USD,20,59.2939,10551322.0,104486026.74
TDWDR,USD,20,,11510927.0,2187076.13
TDWDU,USD,20,8.1708,1453968.0,14841263.28
TDY,USD,20,59.7213,27668275.0,16380671259.87
TE,USD,20,64.4542,179873479.0,1029468901.36
TEAD,USD,20,78.1647,75813184.0,61911420.45
TEAM,USD,20,60.8743,97176475.0,8488249600.97
TECH,USD,20,60.0288,93531074.0,4887933927.24
TECK,CAD,20,38.9446,187691345.0,9687202614.7
TECX,USD,20,99.2972,18736559.0,446326733.21
TEF,EUR,20,0.4828,27189345.0,110377392.73
TEKY,,6,6.4493,83842.0,2975813.78
TEL,USD,20,48.3322,140135173.0,29367343600.46
TELA,USD,20,73.6098,32952229.0,26557991.56
TELO,USD,20,50.9032,26276062.0,33200892.03
TEM,USD,20,68.6242,120229525.0,5819209338.57
TEN,USD,20,48.4638,14600972.0,457376157.77
TENB,USD,20,64.1044,70689171.0,1356382462.58
TENX,USD,20,38.6564,10253665.0,149664896.95
TEN_pe,USD,2,1.0923,51838.0,1372670.24
TEN_pf,USD,2,1.141,76980.0,2078085.0
TEO,ARS,20,11.3616,14271390.0,169487530.98
TER,USD,20,47.5385,74418009.0,20745169324.44
TERN,USD,20,54.177,62585971.0,2923405899.48
TEVA,USD,20,42.0862,490063892.0,14914949756.98
TEX,USD,20,55.8381,63767033.0,3675948402.5
TE_t,USD,20,,11852803.0,0.0
TFC,,20,43.2793,528710631.0,24337901941.35
TFC_pi,USD,14,12.0475,831321.0,14992884.25
TFC_pr,USD,20,23.1288,8557609.0,158127167.07
TFII,USD,20,59.6402,49019780.0,5561571300.0
TFIN,USD,20,71.2501,17024884.0,1019795154.04
TFPM,USD,20,79.8964,164589386.0,5070939509.21
TFSL,USD,20,91.4514,256458917.0,3448540332.24
TFX,USD,20,76.1614,33716890.0,4063715988.16
TG,USD,20,75.1109,26301480.0,207915867.63
TGAA,USD,20,74.9628,5362411.0,58648816.83
TGB,CAD,20,37.4001,136819354.0,885783016.38
TGE,,20,9.8358,36339999.0,61633076.91
TGEN,USD,20,61.5781,18422896.0,83683735.74
TGHL,SGD,15,16.0622,2387858.0,7428204.09
TGL,USD,20,9.6756,185909.0,1567579.23
TGLS,USD,20,83.391,38684280.0,1694419025.9
TGNA,USD,20,16.1056,26076696.0,506148669.36
TGS,ARS,20,11.8297,8223327.0,274883834.91
TGT,USD,20,40.3055,183063426.0,21841599478.3
TGTX,USD,20,53.0473,81206820.0,2735372863.08
TH,USD,20,71.4875,71194739.0,1223493547.56
THAR,USD,20,32.0152,24690738.0,73650619.71
THC,USD,20,65.2533,56207210.0,10821575367.37
THCH,CNY,20,70.6701,23493243.0,58270700.39
THFF,USD,20,57.2922,6813135.0,437379741.64
THG,USD,20,56.4888,19763576.0,3460899073.34
THH,JPY,11,42.722,21380739.0,183426262.13
THM,USD,20,74.3873,194625074.0,456195847.88
THMO,USD,2,0.0,0.0,0.0
THO,USD,20,77.6866,40441565.0,3222258094.85
THR,USD,20,64.0601,21101237.0,1095769131.66
THRM,USD,20,70.2016,21555496.0,608738960.91
THRY,USD,20,74.667,33114636.0,123750518.89
THS,USD,20,21.4266,10817482.0,255252752.02
THTX,USD,10,0.0959,44072.0,105264.94
TIC,USD,20,81.5243,180203524.0,1563126336.72
TIGO,USD,20,72.3406,121199899.0,10238270413.2
TIGR,USD,20,43.8488,79533319.0,548904594.27
TII,USD,20,65.9308,65258462.0,169386837.53
TIL,USD,20,68.7972,4665811.0,39688337.64
TILE,USD,20,63.2984,36748662.0,923334374.04
TIMB,BRL,20,3.7417,17875936.0,445160274.45
TIPT,USD,20,68.7625,25834072.0,438979349.79
TIRX,USD,15,0.3206,337753.0,100201651.35
TISI,USD,20,64.1767,2933764.0,46084858.07
TITN,USD,20,74.6864,17403515.0,311656640.7
TIVC,USD,20,25.3397,1051912.0,923628.98
TIXT,USD,20,0.1444,182952.0,691748.74
TJGC,HKD,15,37.3258,3769917.0,18604923.21
TJX,USD,20,37.8509,418141109.0,66689439460.52
TK,USD,20,71.5768,62280377.0,721992011.53
TKC,TRY,20,7.4444,65430585.0,380703625.8
TKLF,USD,18,66.2674,2804955.0,6332996.9
TKNO,USD,20,91.9928,49321054.0,172807851.24
TKO,USD,20,76.0201,56990505.0,11463828252.35
TKR,USD,20,52.7903,36686433.0,3539911280.97
TLF,USD,20,60.6102,4935820.0,11814285.28
TLGY,USD,20,22.8363,5487413.0,49534962.12
TLIH,SGD,10,80.8868,2378429.0,8788909.26
TLK,IDR,20,4.8519,47969017.0,888756593.0
TLN,USD,20,65.3982,29687431.0,10248595085.25
TLNC,USD,20,53.3048,13688154.0,139047765.5
TLNCU,USD,20,36.2106,9298530.0,96516376.0
TLPH,USD,20,55.5738,28842640.0,25834732.28
TLRY,USD,20,7.2127,8893224.0,63846964.43
TLS,USD,20,60.6455,45374425.0,212835952.07
TLSA,USD,20,50.8064,64655813.0,78480241.69
TLSI,USD,20,49.2526,30249119.0,133259161.49
TLSIW,USD,20,,1851412.0,0.0
TLX,USD,20,0.6357,2159767.0,20856682.91
TLYS,USD,20,94.7269,21959916.0,66218842.46
TM,JPY,20,1.4951,17705324.0,3648890223.16
TMAR,,13,56.4692,169409.0,3993817.21
TMC,USD,20,55.1082,238740119.0,1221106487.09
TMCI,USD,20,66.3362,43034318.0,108254318.5
TMCR,USD,9,60.3594,37303444.0,386736504.24
TMCWW,USD,20,,4501652.0,0.0
TMDE,USD,16,83.2054,19607383.0,27420719.42
TMDX,USD,20,66.3562,22933319.0,2447676232.18
TME,CNY,20,32.8055,243228906.0,2528432124.93
TMHC,USD,20,63.9303,58815949.0,3426350435.41
TMO,USD,20,36.8562,136965685.0,69766256319.17
TMP,USD,20,58.9936,8484991.0,684962413.88
TMQ,USD,20,56.643,97848288.0,347353249.6
TMS,USD,20,69.0045,49673231.0,442283292.64
TMTS,USD,5,8.1299,1869899.0,18732638.99
TMUS,USD,20,79.0498,847946009.0,177076386511.17
TNC,USD,20,70.5425,12019685.0,812126303.3
TNDM,USD,20,76.9146,52708966.0,1070328619.04
TNET,USD,20,73.968,33984221.0,1365411148.23
TNGX,USD,20,83.7722,135986703.0,2844841826.76
TNK,USD,20,63.2628,18990110.0,1323361684.6
TNL,USD,20,59.5574,36451847.0,2522313438.25
TNMG,USD,20,28.2645,828506.0,2260534.58
TNON,USD,20,12.6289,2176155.0,859985.97
TNXP,USD,20,42.9066,6833970.0,91690567.5
TNYA,USD,20,46.083,99999810.0,63185058.42
TOI,USD,20,51.0024,50993664.0,189472026.99
TOIIW,USD,20,,3905381.0,0.0
TOL,USD,20,55.1665,51564854.0,7035499717.88
TOMZ,USD,20,34.1732,2782550.0,7374004.18
TONX,USD,20,69.3215,39188012.0,158553414.5
TOON,USD,20,30.1492,17830969.0,11167569.27
TOP,USD,16,3.3245,20231347.0,16753578.44
TOPP,USD,16,53.6305,13246737.0,9327027.52
TOPS,USD,20,62.5877,3468087.0,3313085.43
TORO,USD,20,77.223,26582376.0,129177686.49
TOST,USD,20,47.2007,243555586.0,7046256306.86
TOUR,CNY,20,9.2024,946436.0,7647665.96
TOVX,USD,20,5.8087,2665822.0,638805.7
TOWN,USD,20,45.4788,42037812.0,1419979016.64
TOYO,USD,20,79.588,33999209.0,204097045.97
TPB,USD,20,58.5329,11336409.0,1069717900.93
TPC,USD,20,55.1592,29021912.0,2190843692.4
TPCS,USD,20,31.4388,3151739.0,13089218.94
TPET,USD,20,6.4702,2841492.0,1675025.2
TPG,USD,20,58.087,89368904.0,3831491715.96
TPH,USD,20,69.6798,59341976.0,2580152876.66
TPHS,USD,13,60.9732,39600498.0,1892375.14
TPIC,USD,20,41.3177,20148946.0,2435396.68
TPL,USD,20,50.2635,34668900.0,15216377315.37
TPR,USD,20,48.4537,97898464.0,13474595544.94
TPST,USD,20,58.0659,9278603.0,14280786.55
TPVG,USD,20,10.35,4201959.0,23560097.2
TR,USD,20,80.055,34482025.0,1468193943.65
TRAD,USD,5,19.0051,2781767.0,27531890.64
TRAK,USD,20,50.6062,11580402.0,123211878.06
TRAW,USD,20,44.6579,6800260.0,11161058.89
TRAX,USD,20,56.8376,19832012.0,439816904.43
TRAXV,USD,20,56.8376,19832012.0,439816904.43
TRC,USD,20,72.4578,19566665.0,358813953.07
TRDA,USD,20,75.0043,29117238.0,307615098.08
TREE,USD,20,69.6173,9713711.0,482951850.19
TREX,USD,20,63.0669,65525685.0,2407437808.6
TRGP,USD,20,54.8504,117732854.0,26989346138.48
TRGS,USD,3,2.9625,617888.0,6110258.32
TRI,USD,20,86.8990999999999,379348744.0,31762883802.03
TRIB,USD,20,22.6534,152918.0,3195694.38
TRIN,USD,20,18.2408,16396231.0,258700597.27
TRIP,USD,20,70.0799,81545936.0,984155178.68
TRLV,USD,20,15.7614,26778837.0,237409128.61
TRMB,USD,20,53.7931,125397750.0,8551979575.22
TRMD,USD,20,50.3755,51567830.0,1265416878.9
TRMK,USD,20,63.0392,36944450.0,1543756588.83
TRML,USD,20,4.6853,1206730.0,57898905.4
TRN,USD,20,66.2855,52700548.0,1675831412.12
TRNO,USD,20,72.345,76907869.0,4712551895.25
TRNR,USD,20,1.7165,8829.0,95657.31
TRNS,USD,20,71.0092,6646301.0,509073588.39
TRON,USD,20,91.2607,432924567.0,849277704.97
TROO,USD,20,60.1668,73499687.0,301690458.09
TROW,USD,20,49.4545,105964454.0,9726264674.12
TROX,USD,20,71.7758,114499495.0,1014734310.87
TRP,CAD,20,38.6179,402397962.0,25089791217.37
TRS,USD,20,85.7879,30735798.0,1105236696.08
TRSG,USD,14,83.127,9803563.0,11047308.64
TRST,USD,20,64.6845,11014473.0,481257343.94
TRT,USD,20,54.1907,5480101.0,38912312.36
TRTN_pb,USD,7,8.3415,479633.0,12007312.58
TRTN_pc,USD,9,34.7481,2432374.0,59058040.72
TRTN_pd,USD,8,24.4107,1464638.0,33141449.72
TRTN_pe,USD,7,29.2785,2049496.0,37727176.8
TRTN_pf,USD,7,35.0663,2103968.0,50965570.01
TRTN_pg,USD,6,15.6278,1093946.0,25926520.2
TRTX,USD,20,58.5112,45233869.0,369613284.08
TRTX_pc,USD,12,20.9625,1687480.0,30778197.41
TRU,USD,20,74.2427,143139962.0,10188208675.66
TRUE,USD,20,14.3835,12792887.0,28787268.92
TRUP,USD,20,72.3517,31560145.0,841847948.3
TRV,USD,20,45.5603,95027837.0,27713679611.44
TRVG,EUR,20,66.5774,15449710.0,44625679.69
TRVI,USD,20,64.5955,91712410.0,1150266756.34
TRVN,USD,20,0.4839,4179.0,7839.39
TRX,USD,20,8.1177,26583211.0,36293943.75
TS,USD,20,5.5788,28163025.0,1521656842.8
TSAT,CAD,20,51.2693,7744350.0,270756618.17
TSBK,USD,20,57.7146,4517874.0,172308833.35
TSCO,USD,20,53.2946,279503450.0,12894989717.34
TSE,USD,20,29.4846,10779477.0,4144181.95
TSEM,USD,20,46.102,52014642.0,9900666083.82
TSHA,USD,20,74.7541,239045612.0,1064093885.64
TSI_r,USD,2,,965.0,33.87
TSI_r_w,USD,5,,1262.0,44.28
TSLA,USD,20,41.5648,1641617174.0,649291646023.46
TSLX,USD,20,32.4149,30800473.0,581940351.69
TSM,TWD,20,5.7414,297773273.0,97529105172.21
TSN,USD,20,56.461,159288018.0,10017027739.41
TSQ,USD,20,65.8143,10950475.0,64244972.33
TSSI,USD,20,43.8436,12308693.0,162361779.66
TT,USD,20,44.1863,97676291.0,40084956875.96
TTAM,USD,20,99.7193,183845127.0,2768371060.58
TTAN,USD,20,63.7888,52782818.0,3566403173.07
TTC,USD,20,61.057,58144486.0,5433020771.84
TTD,USD,20,51.3168,219123400.0,5711562785.35
TTE,USD,20,39.9727,912044815.0,74841825553.8
TTEC,USD,20,82.7673,40273117.0,103751900.78
TTEK,USD,20,52.8282,137102528.0,4189505124.54
TTGT,USD,20,93.2664,67431239.0,442515413.37
TTI,USD,20,51.6687,76329428.0,663545039.15
TTMI,USD,20,57.5896,59806565.0,5475667341.76
TTNP,USD,4,49.4297,657531.0,2663000.55
TTOO,USD,20,5.3792,1508591.0,631846.87
TTRX,USD,20,56.7038,16890986.0,63476849.58
TTSH,USD,20,48.3452,19129679.0,67129998.46
TTWO,USD,20,57.1642,106134734.0,21726309164.34
TU,CAD,20,32.3106,508755830.0,6533942134.97
TULP,USD,20,33.034,1576561.0,7194276.71
TURB,EUR,16,64.6262,8541731.0,11432037.27
TUSK,USD,20,62.4342,30074948.0,88193422.89
TUYA,USD,20,43.8356,238115366.0,628801161.41
TV,MXN,20,25.0641,133828157.0,381105839.87
TVA,USD,20,75.7235,17037825.0,179039983.99
TVACU,USD,20,11.6626,2624108.0,26327696.77
TVAI,USD,20,77.2192,15820289.0,160500394.89
TVAIR,USD,20,,14146470.0,2829294.0
TVAIU,USD,20,15.3471,3144242.0,32026815.68
TVGN,USD,20,81.8738,3454482.0,16338174.87
TVGNW,USD,20,,9717250.0,0.0
TVIV,USD,1,7.0155,1210168.0,12016968.24
TVRD,USD,20,45.365,5667050.0,32966426.05
TVTX,USD,20,70.5199,65578401.0,2279978252.25
TW,USD,20,61.7441,71645397.0,8346572251.42
TWAV,USD,20,18.2774,628200.0,1015053.0
TWFG,USD,20,74.3241,9687384.0,225540621.13
TWG,USD,20,25.7447,15338651.0,42215782.39
TWI,USD,20,70.6326,45467594.0,317480618.62
TWIN,USD,20,70.6792,10193896.0,168664362.71
TWLO,USD,20,50.8037,77106640.0,10211827485.15
TWLV,USD,20,45.0992,8002833.0,79062864.51
TWLVR,USD,20,,11045547.0,1659041.16
TWLVU,USD,20,18.6413,3299480.0,33273105.7
TWNP,USD,20,94.9534,51896056.0,193405538.71
TWO,USD,20,53.0549,55732291.0,625491593.12
TWO_pa,USD,9,14.1103,712600.0,17380314.0
TWO_pb,USD,13,32.4772,3299416.0,79439925.28
TWO_pc,USD,9,30.5492,2951479.0,73639285.91
TWST,USD,20,85.7359,53388935.0,2459474228.64
TX,USD,20,13.5464,27157270.0,1118823433.43
TXG,USD,20,72.0244,84180359.0,1580866782.91
TXMD,USD,20,36.9971,4282180.0,7847044.49
TXN,USD,20,45.3358,413915706.0,82065842626.95
TXNM,USD,20,62.9167,69653489.0,4083686007.34
TXRH,USD,20,61.3747,40341275.0,6674544112.46
TXT,USD,20,55.5533,96601413.0,8448362577.39
TY,USD,20,9.7316,5180473.0,164881185.92
TYGO,USD,20,70.268,53340912.0,187144300.4
TYG_r_w,USD,2,,92899.0,8360.91
TYL,USD,20,61.0274,25733813.0,9256964432.26
TYRA,USD,20,84.8208,50443590.0,1630410916.62
TZOO,USD,20,67.9501,6985066.0,43069736.08
T_pa,USD,20,3.2731,1571077.0,29986995.14
Tw,USD,20,61.7441,71645397.0,8346572251.42
U,USD,20,49.9929,218236697.0,5657383848.26
UA,USD,20,84.3502,171260495.0,990581075.91
UAA,USD,20,79.1824,149527584.0,880069072.12
UAC,USD,10,18.0979,1892963.0,18573098.95
UAC_u,USD,20,36.3771,3804882.0,37737689.63
UAL,USD,20,53.4245,173406828.0,16263295514.21
UAMY,USD,20,54.3394,80523113.0,699565091.71
UAVS,USD,20,10.9993,6445179.0,6266395.62
UBCP,USD,20,26.3518,1523410.0,23238886.34
UBER,USD,20,42.1792,858600495.0,63631296540.69
UBS,USD,20,34.8256,1141517633.0,47883221887.81
UBSI,USD,20,54.8509,75113785.0,3110743532.59
UBX,USD,19,1.4295,246056.0,25516.01
UBXG,USD,15,20.7127,313103.0,16713470.0
UCAR,CNY,16,9.1335,2113951.0,2633749.38
UCB,USD,20,62.2245,74522325.0,2351454271.8
UCFI,USD,20,98.1746,51281557.0,292321697.75
UCL,USD,20,28.559,7392499.0,12924828.97
UCTT,USD,20,67.5171,30266829.0,1848925308.64
UDMY,USD,20,72.0645,105416766.0,573355102.44
UDR,USD,20,73.2016,237843269.0,8300569617.3
UE,USD,20,76.2843,96133444.0,1913270652.68
UEC,USD,20,64.4716,319051547.0,4248473741.74
UEIC,USD,20,75.5387,9540760.0,37663600.12
UFCS,USD,20,59.3106,15216833.0,569235310.32
UFG,USD,20,46.2198,4536470.0,19021973.05
UFI,USD,20,61.8656,11499099.0,42498178.36
UFPI,USD,20,59.813,33782580.0,3104938584.14
UFPT,USD,20,79.8039,6174380.0,1382130738.91
UG,USD,20,56.213,2582609.0,17356601.8
UGI,USD,20,54.3891,116606892.0,4264890582.41
UGP,BRL,20,4.4719,47792710.0,245573122.88
UGRO,USD,20,0.2411,109114.0,1028828.97
UHAL,USD,20,87.1768,16943371.0,1025723111.54
UHALb,USD,20,70.3559,123867488.0,6662161030.36
UHG,USD,20,38.0032,16622468.0,21786670.5
UHGWW,USD,20,,2090109.0,0.0
UHS,USD,20,63.1348,33643065.0,6192344617.91
UHT,USD,20,53.8407,7470723.0,301140847.71
UI,USD,20,95.8787,58027768.0,45547265033.09
UIS,USD,20,62.6485,45673991.0,102402744.06
UK,CNY,10,0.0845,563.0,2923.1
UL,EUR,20,6.4716,139417306.0,7951180493.97
ULBI,USD,20,70.2486,11701012.0,76492634.81
ULCC,USD,20,89.2651,205121728.0,1124681689.34
ULH,USD,20,99.3378,26195116.0,529075060.64
ULS,USD,20,71.5932,55705331.0,4706505470.16
ULTA,USD,20,49.6677,21351930.0,11129838696.75
ULY,USD,20,26.4886,581933.0,2387594.44
UMAC,USD,20,36.7006,17540658.0,283713639.54
UMBF,USD,20,64.8586,49278660.0,5575990418.4
UMC,TWD,20,4.814,121095670.0,1048370911.48
UMH,USD,20,51.876,44179007.0,654223312.03
UMH_pd,USD,20,24.7548,3213690.0,67715857.6
UNB,USD,20,44.3594,2046779.0,49270212.86
UNCY,USD,20,32.2367,8607184.0,51888221.98
UNF,USD,20,66.6203,9681872.0,2370150915.71
UNFI,USD,20,66.0057,39945971.0,1808600667.18
UNH,USD,20,41.5555,377384809.0,105257742989.87
UNIT,USD,20,74.6526,181268555.0,1497405118.66
UNM,USD,20,54.4889,87060364.0,6432859744.9
UNP,USD,20,42.6765,253531527.0,61424870484.94
UNTY,USD,20,58.3636,5861454.0,307504929.94
UOKA,USD,13,0.1048,1290.0,87.72
UONE,USD,20,56.5807,347971.0,1979214.41
UONEK,USD,20,84.6509,2888093.0,14348266.34
UP,USD,20,92.9495,33703700.0,326337418.27
UPB,USD,20,79.7757,43413948.0,860943434.31
UPBD,USD,20,71.3294,41580558.0,752028263.87
UPC,USD,16,15.8289,100001.0,358717.91
UPLD,USD,20,56.5015,1659067.0,15446709.82
UPS,USD,20,35.752,266918964.0,26307389506.92
UPST,USD,20,56.5839,54155784.0,1749864830.48
UPWK,USD,20,66.6373,82309291.0,1042852614.78
UPXI,USD,20,48.3522,35498161.0,75677047.35
URBN,USD,20,78.9685,67624798.0,4511418109.38
URE,,20,51.8057,444877.0,26210030.79
URG,USD,20,60.1908,239188717.0,348548976.04
URGN,USD,20,68.8246,33532462.0,655392814.81
URI,USD,20,50.1421,31209839.0,22835834158.52
UROY,CAD,20,40.6654,59707393.0,195682018.56
USAR,USD,20,48.0106,117461759.0,2168142917.62
USAS,USD,20,49.5377,161954964.0,824388328.57
USAU,USD,20,47.3186,7808095.0,139306250.06
USB,USD,20,42.7383,665864996.0,34679391836.71
USBC,USD,20,95.649,371255150.0,128044181.39
USB_pa,USD,11,1.0623,3993289.0,3403659313.83
USB_ph,USD,20,3.7269,1490781.0,27246541.97
USB_pp,USD,18,0.0083,1895.0,40690.37
USCB,USD,20,75.4844,13934005.0,260620774.8
USDE,USD,20,22.8363,5487413.0,49534962.12
USEA,USD,20,31.9022,3042887.0,6305647.58
USEG,USD,20,51.8226,27113745.0,34097221.46
USFD,USD,20,69.7026,153500016.0,14027248883.58
USGO,USD,20,86.8089,12019031.0,123860057.32
USIO,USD,20,53.7119,14822337.0,25006018.88
USLM,USD,20,83.5012,23949860.0,3112392477.98
USNA,USD,20,82.8055,15288404.0,271563834.2
USPH,USD,20,74.3933,11321765.0,850517464.49
UTHR,USD,20,58.807,24961726.0,14301014914.14
UTI,USD,20,54.4116,29959785.0,1103014915.99
UTL,USD,20,55.5715,9997751.0,517396899.99
UTMD,USD,20,63.9104,2034145.0,126286035.61
UTSI,USD,20,68.3002,6274728.0,15326806.52
UTZ,USD,20,63.9157,56634144.0,480806655.48
UUU,USD,20,54.1391,1639582.0,10029688.94
UUUU,USD,20,46.4973,116205910.0,2102255860.34
UVE,USD,20,53.4139,14865102.0,520245371.99
UVSP,USD,20,55.6609,15354491.0,529444018.33
UVV,USD,20,61.429,15311622.0,806703658.83
UWMC,USD,20,50.5378,171437655.0,748259927.1
UXIN,CNY,20,1.0257,2290702.0,6980445.08
UYSC,USD,20,122.028,6509964.0,68003483.17
UYSCR,USD,20,,4444464.0,724551.64
UYSCU,USD,20,15.06,902223.0,9246495.71
UZX,USD,17,15.3769,9093554.0,15969908.46
V,USD,20,40.1235,665936245.0,209280336953.05
VABK,USD,20,50.7596,2753407.0,108894475.66
VAC,USD,20,88.3978,30358536.0,1975099708.29
VACHU,USD,20,0.0488,15432.0,161038.7
VACI,USD,20,88.8255,21016063.0,208344946.32
VACI_u,USD,20,10.9718,2595956.0,25989292.36
VAL,USD,20,69.0465,47815855.0,4271849273.9
VALE,BRL,20,11.2763,480878621.0,7251816814.49
VALN,EUR,20,4.9569,4700410.0,35460283.57
VALU,USD,20,97.4849,9151137.0,346021226.76
VAL_t,USD,20,,2599901.0,0.0
VANI,USD,20,64.3231,55469197.0,72136926.64
VATE,USD,20,77.4412,10564452.0,113862665.75
VAXX,USD,12,0.0215,24288.0,497.7
VBIO,USD,20,25.3397,1051912.0,923628.98
VBIX,USD,15,47.6348,6352750.0,13923064.9
VBNK,CAD,20,69.5682,22489517.0,354980935.65
VBTX,USD,20,1.7165,939727.0,26218695.2
VC,USD,20,73.2648,19558332.0,1783552296.87
VCEL,USD,20,72.3868,36966649.0,1264633435.45
VCIG,USD,20,3.0704,285072.0,2452243.37
VCNX,USD,20,51.3217,1373694.0,2180454.92
VCTR,USD,20,61.3712,38376022.0,2672466924.7
VCYT,USD,20,72.1202,57546394.0,1954248581.52
VECA,USD,7,39.2179,5187074.0,51456242.18
VECO,USD,20,75.4317,46038618.0,1532648283.12
VEEA,USD,20,57.9481,30233206.0,17752563.91
VEEAW,USD,20,,2021568.0,0.0
VEEV,USD,20,48.2444,78381149.0,13954412448.05
VEL,USD,20,96.5866,37915271.0,694745116.88
VELO,USD,20,73.5069,21905814.0,428935844.0
VENU,USD,20,46.4342,26691030.0,95814355.33
VEON,USD,20,23.5835,16329670.0,769354063.24
VERA,USD,20,78.9121,56645612.0,2475413237.46
VERI,USD,20,34.9653,32501905.0,61600395.35
VERO,USD,20,9.2222,171453.0,466283.49
VERU,USD,20,31.9772,5132444.0,12702775.34
VERX,USD,20,62.5636,49839038.0,815112512.63
VET,CAD,20,43.147,65992669.0,894461643.98
VFC,USD,20,65.179,255728000.0,4349407076.09
VFF,USD,20,24.7373,30089643.0,73268675.72
VFS,VND,20,98.0347,2293561860.0,9698880248.47
VFSWW,VND,7,,598840.0,0.0
VG,USD,20,67.1992,346582787.0,5278036698.23
VGAS,USD,20,87.1183,19209306.0,34652697.59
VGASW,USD,20,,4146481.0,0.0
VGNT,USD,20,53.2723,37766709.0,1508243580.19
VGNT_w,USD,20,53.2723,37766709.0,1508243580.19
VGZ,USD,20,27.1888,39684081.0,77648234.83
VHAI,USD,3,11.4447,1252382456.0,4108.95
VHC,USD,20,28.3848,1188998.0,16584173.98
VHCP,USD,20,72.0336,16567727.0,164037161.22
VHCPU,USD,20,21.574,4961979.0,49622712.65
VHI,USD,20,95.0121,26890629.0,384146483.52
VHUB,USD,20,69.3906,62723990.0,76042198.92
VIA,USD,20,56.4973,43757023.0,698832919.04
VIASP,USD,2,0.4812,10078.0,259407.72
VIAV,USD,20,59.1548,145925675.0,4856406464.0
VICI,USD,20,50.3765,550536219.0,15094038732.68
VICR,USD,20,65.5266,22189752.0,4410026328.15
VIDA,USD,9,48.9306,4480338.0,15326478.24
VIK,USD,20,79.7311,253853694.0,19002792117.46
VINC,USD,20,9.3686,490378.0,389220.25
VINO,USD,8,2.9072,27476.0,77268.56
VINP,BRL,20,66.3518,33868866.0,410740674.3
VIOT,CNY,20,22.749,7522358.0,10033164.35
VIPS,CNY,20,39.6554,159599901.0,2503583791.73
VIR,USD,20,56.5846,95431309.0,827122048.22
VIRC,USD,20,56.4087,8872848.0,55162402.58
VIRI,USD,20,84.2819,28343597.0,168781229.59
VIRT,USD,20,55.9117,48656548.0,2012548182.4
VISL,USD,20,25.0985,622308.0,1370146.51
VISN,USD,20,50.9639,114959588.0,1920708618.45
VIST,USD,20,36.045,37579153.0,2545185513.06
VITL,USD,20,69.067,29594078.0,506011047.07
VIV,BRL,20,2.9649,47370965.0,684823660.9
VIVK,USD,20,8.0507,53715.0,1613216.6
VIVO,USD,20,78.2311,10818779.0,37253985.68
VIVS,USD,20,12.9958,443456.0,635815.26
VKTX,USD,20,41.7321,48453398.0,1630181864.44
VLD,USD,20,73.5069,21905814.0,428935844.0
VLGEA,USD,20,58.7625,6278445.0,264065309.03
VLN,USD,20,39.7895,43073605.0,61600175.46
VLN_t,USD,20,,3096745.0,0.0
VLO,USD,20,46.8342,139066296.0,31357700605.85
VLRS,USD,20,32.7447,38179758.0,287024326.73
VLTO,USD,20,48.4852,119079237.0,10785743492.34
VLY,USD,20,64.2894,355573722.0,4376792358.54
VLYPN,USD,12,19.4433,1166587.0,29727276.6
VLYPO,USD,6,17.3426,693699.0,17160693.75
VLYPP,USD,9,36.8977,1697295.0,41723670.03
VMAR,CAD,20,0.9558,21704.0,553301.05
VMC,USD,20,58.2094,75529571.0,20752813340.0
VMCA,USD,20,92.235,5502488.0,68505975.6
VMD,USD,20,53.1287,20367864.0,186366123.3
VMEO,USD,20,1.8563,2929874.0,21155504.16
VMET,USD,20,65.6968,71497525.0,881051960.37
VMI,USD,20,47.4655,9214787.0,3774062249.08
VNCE,USD,20,66.4856,8541592.0,34602721.68
VNDA,USD,20,57.2854,34448843.0,250633218.44
VNET,CNY,20,35.5446,99368533.0,904678558.69
VNME,USD,20,89.9093,17981836.0,180571494.98
VNMEU,USD,19,4.1116,822325.0,8437054.5
VNO,USD,20,70.2442,132128284.0,3493684092.52
VNOM,USD,20,65.9163,126245479.0,5932275058.21
VNO_pl,USD,20,35.086,4210295.0,74839130.82
VNO_pm,USD,20,39.6383,5065725.0,90164741.11
VNO_pn,USD,20,35.5077,4260935.0,74682387.48
VNO_po,USD,20,32.5194,3902312.0,56902719.28
VNRX,USD,20,26.6227,3084842.0,9827344.12
VNT,USD,20,60.9622,85834882.0,3058103913.66
VNTG,USD,17,2.5346,261971.0,210323.18
VOD,EUR,20,5.6427,129932902.0,1900810688.67
VOR,USD,20,66.53,36049933.0,599066431.29
VOXP,,3,25.848,38772.0,1373242.21
VOXR,USD,20,77.8844,54087514.0,276304912.45
VOYA,USD,20,71.5533,64874914.0,4581820832.22
VOYA_pb,USD,20,42.2774,5073293.0,119587725.02
VOYG,USD,20,57.8539,30953980.0,857223393.58
VPG,USD,20,67.3942,8274760.0,414708869.12
VRA,USD,20,54.6689,15546880.0,55780947.39
VRAR,USD,20,41.2047,8940957.0,11032044.61
VRAX,USD,20,7.2378,57685.0,263663.87
VRCA,USD,20,78.4873,13483119.0,107396797.8
VRDN,USD,20,70.1583,77474068.0,1824667521.96
VRE,USD,20,66.0259,61957372.0,1131827293.82
VREX,USD,20,70.3175,29603675.0,318605551.83
VRM,USD,20,98.3063,5145140.0,45689648.88
VRME,USD,20,21.3642,2802756.0,2132572.74
VRNS,USD,20,53.9886,61986716.0,1501835425.97
VRPX,USD,19,0.0013,17.0,20.4
VRRM,USD,20,69.0473,104887491.0,1582401017.99
VRSK,USD,20,54.2826,71122287.0,14259340384.29
VRSN,USD,20,56.5599,51073466.0,12686722920.18
VRT,USD,20,39.8927,153231693.0,35658685575.75
VRTS,USD,20,66.7439,4459918.0,620395872.4
VRTX,USD,20,59.639,151366453.0,67984854603.88
VRXA,USD,20,89.4899,114876939.0,370692036.85
VS,USD,18,52.2564,3233257.0,4762159.29
VSA,CNY,17,0.0306,8562.0,184889.51
VSAT,USD,20,70.7416,96611284.0,4420559660.56
VSCO,USD,20,83.5866,66444608.0,3410704020.48
VSEC,USD,20,77.7051,21801822.0,4007947299.64
VSECU,USD,20,,8289044.0,415888174.48
VSEE,USD,20,24.3673,13548284.0,2276407.22
VSEEW,USD,20,,3701686.0,0.0
VSH,USD,20,57.1676,80753966.0,1622606376.86
VSME,USD,13,0.5799,16034.0,27290.47
VSNT,USD,20,43.3589,61188064.0,2274867420.77
VSNTV,USD,20,43.3589,61188064.0,2274867420.77
VST,USD,20,49.3579,166426264.0,26295330483.36
VSTA,BRL,20,66.0269,10544500.0,27405241.56
VSTD,USD,20,16.7537,2366458.0,626202.14
VSTE,USD,13,44.3599,13296219.0,947080.74
VSTM,USD,20,63.234,55566047.0,353067294.32
VSTS,USD,20,91.385,120724175.0,896035857.08
VSXY,USD,20,83.5866,66444608.0,3410704020.48
VTAK,USD,20,44.0584,1585927.0,1316994.75
VTEX,USD,20,71.1345,64113079.0,244165603.12
VTGN,USD,20,33.3147,13669832.0,7812309.0
VTIX,USD,20,39.8118,11504872.0,64764656.04
VTMX,,20,11.8658,10494989.0,325303802.68
VTOL,USD,20,73.9949,21906943.0,987233407.79
VTR,USD,20,61.721,300068185.0,24328705760.1
VTRS,USD,20,54.2281,631513131.0,8376337119.51
VTS,USD,20,55.3062,22932380.0,415332392.77
VTSI,USD,20,20.2872,2293844.0,8959042.86
VTVT,USD,20,78.3969,3087787.0,109916005.98
VUZI,USD,20,46.3158,38471441.0,99475812.08
VVOS,USD,20,39.4982,5488120.0,6952999.41
VVPR,USD,20,78.2311,10818779.0,37253985.68
VVV,USD,20,64.8743,82738118.0,2790522363.08
VVX,USD,20,60.125,18825474.0,1233948092.97
VWAV,USD,20,67.522,18623994.0,80907648.54
VWAVW,USD,20,,3724980.0,0.0
VXRT,USD,20,1.9114,4625139.0,2740924.05
VYGR,USD,20,62.2732,37626295.0,146263261.68
VYNE,USD,20,53.1175,17733348.0,11222932.54
VYX,USD,20,86.9231,119786091.0,888068836.71
VZ,USD,20,34.9121,1457773963.0,70826328907.32
VZLA,CAD,20,51.3946,181698325.0,613530552.97
W,USD,20,75.2808,83575803.0,7177683642.03
WAB,USD,20,54.1244,91421738.0,22777337370.54
WABC,USD,20,64.0493,14732613.0,768305767.95
WAFD,USD,20,64.1043,47407771.0,1488604009.4
WAFU,USD,16,62.7411,1833649.0,3264009.96
WAI,USD,18,8.017,184261.0,360427.99
WAL,USD,20,58.9305,64352023.0,4609192467.03
WALD,USD,20,75.4424,91109194.0,140403492.11
WAL_pa,USD,16,19.3725,2324703.0,55631715.32
WASH,USD,20,48.0263,9159122.0,307358821.62
WAT,USD,20,50.5072,49591015.0,15174308465.37
WATT,USD,20,19.785,1088374.0,20552219.44
WAVE,USD,20,1.5088,94140.0,642518.27
WAVS,USD,20,15.3436,1760318.0,2258536.4
WAY,USD,20,76.1279,146023186.0,4000651599.74
WB,USD,20,25.9418,40917410.0,371352879.22
WBD,USD,20,47.9745,1202791229.0,31915120026.66
WBI,USD,20,145.4746,68396379.0,1901260040.76
WBS,USD,20,51.0665,82744768.0,5670848056.8
WBS_pf,USD,8,0.0316,1898.0,39475.64
WBTN,USD,20,104.3493,141116450.0,1727386209.59
WBUY,USD,19,29.3955,1529390.0,1989575.92
WBX,EUR,20,80.4893,17477892.0,52769657.96
WCC,USD,20,60.3977,29416721.0,7932804905.08
WCN,USD,20,41.6259,104917972.0,17094498041.42
WCT,USD,18,1.2554,1708723.0,30429287.04
WD,USD,20,60.0928,20630621.0,993029014.38
WDAY,USD,20,61.0904,122792037.0,15995558918.63
WDC,USD,20,60.4183,208250674.0,52877864627.93
WDFC,USD,20,60.8548,8167757.0,1673260125.92
WDH,CNY,20,12.767,35633571.0,58026887.44
WDS,USD,20,1.0466,19898445.0,393322490.48
WEAV,USD,20,66.9467,53266593.0,288216588.39
WEC,USD,20,46.9299,152863136.0,17557625542.86
WEED,,10,15.9208,75624.0,1500644.84
WEL,USD,20,32.6205,24756.0,302270.76
WELL,USD,20,60.1334,424489525.0,83158819979.65
WEN,USD,20,68.1868,129883225.0,948604095.49
WENC,USD,5,18.8063,3018333.0,29911880.03
WENN,USD,20,67.8762,20373059.0,206537577.9
WENNU,USD,20,3.2244,967834.0,9982555.99
WERN,USD,20,76.8251,46056590.0,1382505539.72
WEST,USD,20,91.3159,89085750.0,497470198.77
WETH,USD,20,4.5286,540317.0,734755.53
WETO,CNY,11,1.9981,1638426.0,36387036.6
WEX,USD,20,77.4875,26409039.0,4036561594.31
WEYS,USD,20,54.9122,5234337.0,184811906.87
WF,KRW,20,2.6416,6538854.0,422404762.27
WFC,USD,20,42.7891,1295873199.0,103822466739.84
WFCF,USD,20,77.8875,3924975.0,49410043.0
WFC_pl,USD,20,50.2461,8387717.0,9709672179.55
WFC_py,USD,20,0.025,6904.0,164032.96
WFF,USD,10,38.0629,3452405.0,4628152.93
WFG,USD,20,72.9836,55483913.0,3618722320.42
WFRD,USD,20,62.9334,45114082.0,4251136837.52
WGO,USD,20,68.6206,19398277.0,604850206.92
WGRX,USD,20,69.7686,1753585.0,8446704.08
WGS,USD,20,81.4382,24177350.0,1846171669.19
WGSWW,USD,20,,3230022.0,0.0
WH,USD,20,63.8892,47412924.0,3834883426.26
WHD,USD,20,76.3418,52995278.0,2524552934.83
WHF,USD,20,35.5114,7627005.0,52961937.0
WHG,USD,20,67.0505,6361746.0,105537207.05
WHK,USD,16,30.467,7006407.0,194918242.74
WHLM,USD,20,92.1639,4534323.0,16231868.51
WHLR,USD,15,3.4685,69482.0,193920.97
WHLRD,USD,5,41.4631,740098.0,26391562.76
WHLRP,USD,15,54.7511,1294932.0,8797631.65
WHR,USD,20,62.7607,40683453.0,2309565749.52
WHWK,USD,20,77.863,41877330.0,151676778.4
WILC,ILS,20,83.5358,11636832.0,399487048.1
WILD,,2,0.466,466.0,8981.26
WIMI,CNY,20,15.6327,2716840.0,6150146.03
WINA,USD,20,78.6412,2824931.0,1204515590.49
WING,USD,20,74.593,20313628.0,3743442818.84
WINT,USD,19,0.0,3.0,0.31
WINV,,17,92.1709,2839742.0,35638762.1
WIT,INR,20,2.6511,262251898.0,562274483.13
WIX,USD,20,85.5084,35784766.0,3263440450.51
WK,USD,20,49.1696,25838496.0,1674554536.9
WKC,USD,20,78.1075,39991030.0,936284988.1
WKEY,USD,20,5.9066,475377.0,3088782.55
WKHS,USD,20,77.8709,8482797.0,39088108.35
WKSP,USD,20,12.1941,1846119.0,1706058.33
WLACU,USD,20,10.0671,1273492.0,12694597.6
WLDN,USD,20,50.7021,7661383.0,643931424.8
WLDS,USD,20,5.3375,116868.0,504869.76
WLFC,USD,20,81.2538,18876309.0,1149605111.85
WLGS,USD,18,0.0355,62166.0,14925762.0
WLII,USD,6,30.6772,4567548.0,45850846.44
WLK,USD,20,96.6878,123879256.0,14015051050.72
WLTH,USD,20,66.5133,99347020.0,972932329.85
WLY,USD,20,74.6726,31363340.0,1191976254.72
WLYB,USD,20,96.8573,8484032.0,335457188.13
WM,USD,20,40.6492,163237265.0,36973844312.25
WMB,USD,20,42.7431,522748949.0,36789638916.41
WMG,USD,20,73.0487,106823010.0,2837703428.85
WMK,USD,20,63.8227,15792681.0,1075793209.09
WMS,USD,20,53.589,41073541.0,5676384695.73
WMT,USD,20,63.9012,5085361516.0,645989456951.42
WNC,USD,20,61.0452,24829509.0,214344233.04
WNEB,USD,20,58.7546,11824464.0,152631239.24
WNS,USD,20,2.9847,1280294.0,74511483.91
WNW,USD,19,0.5417,142651.0,652804.31
WOK,USD,16,0.6358,15366.0,4465219.52
WOLF,USD,20,97.0223,50183772.0,1233940913.99
WOOF,USD,20,111.9327,277290286.0,774111176.29
WOR,USD,20,70.5962,34770796.0,1849498179.39
WORX,USD,20,5.8093,61979.0,381501.97
WPAC,USD,20,47.1158,5575263.0,55066672.3
WPAC_r,USD,20,,7792475.0,2026372.9
WPAC_u,USD,15,22.7302,2613986.0,26743916.5
WPC,USD,20,46.4848,103539333.0,7000191261.48
WPM,USD,20,38.7797,176108197.0,22361897220.4
WPP,GBP,20,12.5536,27085883.0,513761952.61
WPRT,USD,20,34.1657,6490036.0,13092785.4
WRAP,USD,20,29.1625,16254649.0,31981447.41
WRB,USD,20,74.2169,275387531.0,19107354216.3
WRBY,USD,20,66.9534,71703100.0,1593329342.62
WRD,CNY,20,28.1283,87390962.0,696597271.66
WRLD,USD,20,85.9102,4003759.0,673938203.56
WRN,CAD,20,36.5124,82383983.0,219155501.84
WS,USD,20,74.7965,37338640.0,1145371359.53
WSBC,USD,20,50.3303,48251233.0,1664185026.17
WSBF,USD,20,57.2161,10284599.0,184922063.04
WSBK,USD,20,65.9606,6131271.0,60585384.9
WSC,USD,20,74.8437,135462714.0,2413919361.0
WSE,GBP,20,61.5979,631480836.0,8014020432.03
WSFS,USD,20,65.4805,33649082.0,2203364103.13
WSHP,GBP,20,89.9839,10328798.0,1047140897.49
WSM,USD,20,60.5819,71333049.0,12990537234.93
WSO,USD,20,68.2688,23905396.0,8762321148.08
WSOb,USD,20,93.5575,5289500.0,2378019113.19
WSR,USD,20,47.5825,24454669.0,388620443.61
WST,USD,20,53.5288,37671240.0,9466143650.1
WSTN,USD,20,75.7513,4577283.0,45618991.37
WSTNR,USD,20,,3400639.0,714134.19
WSTNU,USD,9,14.9433,894354.0,9040549.56
WT,USD,20,74.9824,114678952.0,1624595932.94
WTBA,USD,20,47.4931,8094572.0,194291587.14
WTF,USD,11,87.1898,42058204.0,264460477.88
WTFC,USD,20,53.7195,36236633.0,5035422217.58
WTFCP,USD,3,0.0,0.0,0.0
WTG,USD,20,88.1534,6438350.0,65866700.82
WTGUR,USD,20,,4106932.0,616539.8
WTGUU,USD,20,2.3593,173225.0,1899107.08
WTI,USD,20,62.6969,93278523.0,279829267.45
WTID,CAD,5,8.4021,252065.0,1028425.2
WTIU,CAD,7,2.7522,41283.0,944967.87
WTM,USD,20,61.3924,1520507.0,3302451282.35
WTO,CNY,18,1.5578,81627.0,1703224.5
WTRG,USD,20,43.7064,123965961.0,4967843587.25
WTS,USD,20,61.5697,16916083.0,4992997605.99
WTTR,USD,20,61.0124,75871328.0,1151023227.91
WTW,USD,20,64.6808,61089713.0,18314494724.2
WU,USD,20,63.3007,197773296.0,1756988966.32
WULF,USD,20,69.9891,346819008.0,6221237273.16
WVE,USD,20,75.6921,145633001.0,1454107341.49
WVVI,USD,20,28.8124,1436273.0,3967130.07
WW,USD,20,62.8636,6285567.0,140857397.51
WWD,USD,20,54.659,32567309.0,11032895632.08
WWR,USD,20,18.6224,23674423.0,15232126.49
WWW,USD,20,77.1584,63262006.0,1112925954.33
WXM,USD,11,49.1496,553855.0,2999662.06
WY,USD,20,59.7165,430581606.0,10486921686.34
WYFI,USD,20,90.6229,34993400.0,451234840.02
WYHG,CNY,16,0.7395,93044.0,171766.08
WYNN,USD,20,67.4329,69986471.0,7216975784.58
WYY,USD,20,30.3231,2998100.0,23110006.46
XAGE,USD,20,36.8497,912146.0,555437.52
XAIR,USD,20,17.258,124350.0,1191117.62
XBIO,USD,20,28.0102,641732.0,1798078.24
XBIT,USD,20,30.5826,9323954.0,21942086.34
XBP,USD,20,89.9771,10588529.0,33546823.35
XBPEW,USD,20,,3822394.0,0.0
XCBE,USD,20,73.276,16487114.0,162288881.76
XCH,USD,11,1.6589,1045076.0,1160034.36
XCUR,USD,20,45.2253,2882631.0,6559036.85
XE,USD,20,62.1396,178399135.0,5205071196.05
XEL,USD,20,58.0453,362358051.0,28653387791.54
XELA,USD,20,60.7736,16865369.0,21611205.6
XELAP,USD,13,34.381,430603.0,688.97
XELB,USD,20,49.6685,3004258.0,5076270.68
XENE,USD,20,57.9265,55994932.0,3003226011.43
XERS,USD,20,37.8556,65354678.0,414110501.23
XFIX,,12,88.6804,798125.0,40950388.99
XFLH,USD,17,35.6109,4945763.0,48859763.11
XFLHU,USD,17,38.0387,3862821.0,38473697.16
XFLH_r,USD,13,,4642700.0,464270.0
XFLH_u,USD,17,38.0387,3862821.0,38473697.16
XFOR,USD,20,80.9815,76381468.0,309167556.54
XGN,USD,20,67.8061,16381849.0,68571441.52
XHG,CNY,13,0.0,15.0,12.78
XHLD,USD,14,13.69,1639712.0,3047301.58
XHR,USD,20,69.2211,63853576.0,942226271.11
XIFR,USD,20,40.8317,38493136.0,399654261.31
XLO,USD,20,75.7392,4531351.0,38832231.9
XMAX,USD,20,9.7661,6211412.0,44310839.16
XMTR,USD,20,67.7508,36187305.0,1600355849.94
XNCR,USD,20,91.6423,67944976.0,876013568.06
XNDU,USD,20,47.7053,25125591.0,225340120.61
XNET,USD,20,31.414,19996204.0,115527585.19
XOM,USD,20,36.5381,1514488523.0,241924519002.02
XOMA,USD,20,38.4826,6803247.0,214637572.83
XOMAP,USD,2,1.0163,10000.0,262700.0
XOS,USD,20,49.8472,6838442.0,15809688.98
XOSWW,USD,20,,1504406.0,0.0
XP,BRL,20,51.6464,214294644.0,3984863355.04
XPEL,USD,20,74.4216,20511338.0,944636111.86
XPER,USD,20,68.4471,33040419.0,188809242.66
XPEV,CNY,20,13.3354,104510835.0,1791051132.81
XPL,USD,20,41.9003,38995670.0,30486528.47
XPO,USD,20,68.2219,80099460.0,14771357934.12
XPOF,USD,20,80.3069,33630161.0,218239737.2
XPON,USD,20,10.7317,102293.0,1064976.45
XPRO,USD,20,82.8951,93999013.0,1566492035.39
XRAY,USD,20,74.1681,148578932.0,1717165299.96
XRN,USD,20,52.689,6973297.0,233425082.14
XRN_pa,USD,6,15.798,490530.0,11793058.41
XRN_pb,USD,4,30.4064,623333.0,15745464.62
XRPN,USD,20,92.034,21821276.0,224434494.27
XRPNU,USD,20,6.7845,1608616.0,16630120.56
XRTX,USD,20,8.6172,148729.0,439276.42
XRX,USD,20,72.2928,94543811.0,178692955.99
XSLL,USD,16,27.2273,5683334.0,55914217.82
XTIA,USD,20,13.0243,5005214.0,10729172.04
XTKG,,16,0.0432,780.0,31577.4
XTLB,USD,14,42.3463,1001745.0,5351713.53
XTNT,USD,20,71.0035,99591420.0,72923487.2
XWEL,USD,20,33.3755,2816876.0,3335103.95
XWIN,USD,20,9.7661,6211412.0,44310839.16
XXI,USD,20,100.8912,349899265.0,2280854535.0
XXII,USD,20,10.3494,35718.0,190388.75
XYF,CNY,20,23.4063,5207777.0,45166732.46
XYL,USD,20,45.0144,106996416.0,12985553189.25
XYZ,USD,20,50.203,268684549.0,16448477606.14
XZO,USD,20,91.6856,83359069.0,1363855842.22
YAAS,USD,20,2.4955,344304.0,24202832.35
YALA,USD,20,76.5358,97273188.0,658337421.63
YAYO,,1,14.0247,10000000.0,10.0
YB,CNY,20,16.7242,5417229.0,93119881.24
YCBD,USD,20,19.6529,2063160.0,1969815.22
YCBD_pa,USD,1,0.0,0.0,0.0
YCY,USD,20,68.7593,8155018.0,81789516.81
YCY_u,USD,18,9.0724,1076006.0,10777512.56
YDDL,USD,12,67.8705,31104627.0,161897507.64
YDES,USD,20,80.3436,56908349.0,290892460.57
YDESW,USD,16,,5489063.0,0.0
YDKG,USD,20,3.1331,173647.0,162819.89
YELP,USD,20,75.6569,41604101.0,1037958886.35
YETI,USD,20,64.9182,49180860.0,1918310220.52
YEXT,USD,20,70.1108,70282492.0,305969611.06
YGF,,1,0.0,0.0,0.0
YGMZ,USD,11,0.0528,42188.0,512331.07
YHC,USD,20,3.0488,39753.0,3848372.82
YHGJ,USD,20,75.3209,1965304.0,7121978.03
YHNA,USD,20,103.0368,4415966.0,47198366.5
YHNAR,USD,20,,5472986.0,630257.89
YHNAU,USD,20,20.9416,1670082.0,16757848.5
YI,CNY,20,8.7546,454976.0,2962533.74
YIBO,USD,20,86.1611,28362895.0,26940122.78
YJ,CNY,13,42.6237,1087175.0,1636992.11
YMAT,USD,15,48.8451,1563366.0,3635739.09
YMM,CNY,20,52.3153,487845472.0,4049117417.6
YMT,CNY,5,2.6798,171769.0,441875.76
YOOV,USD,16,83.118,171783222.0,105359303.35
YORW,USD,20,38.1713,6187296.0,191167251.87
YOTA,USD,16,84.8412,3124366.0,38335970.82
YOU,USD,20,63.1828,63569591.0,2979275616.03
YOUL,CNY,16,23.9026,16689139.0,18469571.39
YPF,ARS,20,33.003,129788201.0,5928834609.96
YRD,CNY,20,2.9987,2623534.0,5566834.25
YSG,CNY,20,30.733,19618980.0,76010132.29
YSS,USD,20,60.5974,79623672.0,1628509905.95
YSWY,USD,20,73.4809,22915452.0,557188962.32
YSXT,USD,18,50.6916,13532310.0,16240028.5
YTRA,INR,20,64.0176,40964778.0,47957174.52
YUM,USD,20,52.3474,144280710.0,22366046976.0
YUMC,USD,20,41.8579,146146413.0,7074081533.24
YXT,CNY,6,62.2953,3361375.0,11768173.87
YYAI,USD,20,4.6598,191115.0,5879587.91
YYGH,USD,19,15.4661,495175.0,12351082.75
Z,USD,20,77.0688,138896307.0,6394107534.5
ZAPP,,13,16.0773,1276492.0,1531790.4
ZBAI,USD,13,0.3791,39097.0,267322.8
ZBAO,CNY,13,47.1254,7753084.0,7813041.43
ZBH,USD,20,68.8016,133105004.0,12023826723.68
ZBIO,USD,20,82.6355,52170545.0,1350686783.72
ZBRA,USD,20,55.1445,26267155.0,5604764204.64
ZCMD,USD,16,68.6249,2504689.0,10758212.76
ZD,USD,20,84.9837,31304138.0,1283707838.65
ZDAI,USD,15,3.5098,282317.0,2153219.23
ZDGE,USD,20,32.8833,4124840.0,11163743.05
ZENA,CAD,20,41.9662,37264435.0,78180432.02
ZENV,BRL,20,80.071,23142412.0,44909728.48
ZEO,USD,20,68.0748,24098475.0,27725813.71
ZEOWW,USD,20,,9228019.0,0.0
ZEPP,USD,20,73.0979,6195303.0,103503852.94
ZETA,USD,20,53.119,119846708.0,2028099733.89
ZEUS,USD,20,17.4515,1965321.0,84086259.01
ZG,USD,20,90.7931,38460258.0,1788951322.98
ZGM,USD,8,44.5947,2426473.0,5265359.02
ZGN,EUR,20,92.5621,248355527.0,2586873928.41
ZH,CNY,20,28.7595,24053362.0,75984337.11
ZIM,USD,20,37.915,45694997.0,1136918882.64
ZIMV,USD,20,0.9116,257039.0,4510087.96
ZION,USD,20,50.5182,73725627.0,4249731775.14
ZIP,USD,20,64.7618,44357319.0,116217719.51
ZJK,USD,20,72.4327,40071370.0,74944355.65
ZJYL,USD,20,87.1677,5951276.0,16388085.86
ZK,CNY,20,0.0265,67302.0,2019146.57
ZKH,CNY,20,43.7024,56678953.0,175457128.64
ZKIN,USD,20,1.8546,1062967.0,2308054.4
ZKP,USD,20,55.3549,16335337.0,161153300.82
ZKPU,USD,19,16.819,5078533.0,50582054.52
ZLAB,USD,20,29.1012,33112462.0,619385337.5
ZM,USD,20,41.9741,111082469.0,8964775962.51
ZNB,USD,20,3.6381,67022.0,16563683.19
ZNTL,USD,20,64.8108,46136431.0,80765367.9
ZOM,USD,20,2.904,28456580.0,2812461.47
ZONE,USD,20,32.8095,73205546.0,35569061.85
ZOOZ,USD,20,58.2219,4713044.0,28095329.24
ZPTA,USD,20,60.0911,112567749.0,76110611.02
ZS,USD,20,62.7655,101497896.0,20182727019.77
ZSPC,USD,20,27.0457,1297770.0,26094492.8
ZSQR,USD,20,3.2308,1703687.0,18872640.46
ZSTK,USD,20,15.3387,6327597.0,11170376.03
ZTEK,CAD,20,3.3583,4148765.0,2120171.97
ZTG,USD,8,44.5947,2426473.0,5265359.02
ZTO,CNY,20,11.666,65772351.0,1583267570.04
ZTS,USD,20,45.6435,191351002.0,22861184775.26
ZUMZ,USD,20,74.8557,12629815.0,279876700.4
ZURA,USD,20,72.2265,68613615.0,384896204.56
ZVIA,USD,20,58.3654,41891998.0,64455409.66
ZVRA,USD,20,47.4871,28071965.0,260528022.04
ZWS,USD,20,66.256,110562689.0,4984383776.11
ZYBT,CNY,20,17.5273,1921849.0,2191711.25
ZYME,USD,20,80.3897,57564537.0,1453900271.68
