symbol,currency,top_investors_num,investor_outstanding_ratio,sharehold,holdings_value
0001.HK,HKD,20,46.7911,1792115325.0,13221690952.83
0002.HK,HKD,20,38.4324,970975510.0,8949912235.18
0003.HK,HKD,20,51.7103,9649112058.0,8037148905.3
0004.HK,HKD,20,72.2411,2207701133.0,6134395174.9
0005.HK,USD,20,40.2195,6911150634.0,129721946519.23
0006.HK,HKD,20,51.3713,1094771553.0,7861383381.68
0007.HK,HKD,2,36.7284,1232291500.0,5077492.0
0008.HK,HKD,20,59.1404,4582062774.0,3174625824.28
0010.HK,HKD,20,63.2936,861819563.0,1671340687.12
0011.HK,HKD,20,101.3946,1899054210.0,37547819774.82
0012.HK,HKD,20,79.7138,3859235798.0,12241093285.52
0013.HK,USD,20,53.8552,469796305.0,1231784213.58
0014.HK,HKD,20,51.7042,531007898.0,1264967593.98
0016.HK,HKD,20,62.9916,1825356058.0,28970284638.28
0017.HK,HKD,20,51.1504,1287263558.0,1185141725.18
0018.HK,HKD,8,74.8324,1794417284.0,88813772.66
0019.HK,HKD,20,69.375,540423090.0,5621387813.2
0020.HK,CNY,20,39.644,16534188196.0,4032204771.29
0021.HK,HKD,3,63.332,2517597615.0,39095893.48
0022.HK,HKD,2,15.6042,6136800.0,2546585.13
0023.HK,HKD,20,68.4773,1810651253.0,3106273383.96
0025.HK,HKD,8,68.5345,206472527.0,106243138.55
0026.HK,HKD,19,51.4647,23271796.0,161321460.34
0027.HK,HKD,20,65.6675,2875736001.0,13484123134.32
0028.HK,HKD,12,94.6815,1388096105.0,701403575.4
0029.HK,HKD,12,41.2926,98154507.0,163810316.0
0030.HK,HKD,2,74.2888,7003920856.0,259313600.05
0031.HK,HKD,4,39.3852,1215041736.0,57648569.26
0032.HK,HKD,5,73.6212,274377498.0,287448930.66
0033.HK,HKD,1,1.4497,8092998.0,742316.09
0034.HK,HKD,11,74.6464,975035951.0,537912659.9
0035.HK,HKD,20,65.0038,1988492989.0,177814527.36
0037.HK,HKD,8,42.9729,323383427.0,18109657.59
0038.HK,CNY,20,37.3668,146455766.0,146533439.74
0039.HK,HKD,9,29.6622,2384124165.0,24143343.72
0040.HK,HKD,9,58.119,524516396.0,38676368.35
0041.HK,HKD,20,78.1442,585877035.0,1103431007.67
0045.HK,HKD,15,78.9739,1316446247.0,991895343.2
0046.HK,HKD,9,73.9377,180654938.0,31259090.71
0048.HK,CNY,3,3.825,16744800.0,366468.31
0050.HK,HKD,12,36.4189,129751349.0,78741101.96
0051.HK,HKD,6,80.0045,567031920.0,311982476.43
0052.HK,HKD,17,53.2278,68958087.0,41491061.44
0053.HK,USD,12,82.8357,272572260.0,2454883133.99
0055.HK,HKD,6,28.2962,71690800.0,1413112.48
0057.HK,HKD,14,76.29,481055718.0,92966670.31
0058.HK,HKD,1,74.6424,384796566.0,10138850.03
0060.HK,HKD,4,35.7324,91351250.0,5820735.1
0061.HK,HKD,2,17.919,23575154.0,721740.04
0062.HK,HKD,20,65.8782,353368033.0,466453927.91
0063.HK,HKD,1,60.0122,3812395735.0,34362270.29
0064.HK,HKD,4,51.9524,321168420.0,121185599.99
0065.HK,HKD,5,18.9473,46522632.0,1981438.54
0066.HK,HKD,20,79.0499,4920719975.0,18868562497.49
0068.HK,CNY,20,90.658,1564937780.0,4538608483.38
0069.HK,USD,20,76.0438,2730822813.0,1636020969.58
0070.HK,HKD,3,76.4641,1482502606.0,8876469.53
0071.HK,HKD,13,65.8962,455315876.0,581094212.15
0072.HK,CNY,2,74.821,327980000.0,12851441.0
0073.HK,CNY,5,45.1459,6726961.0,1242607.16
0075.HK,HKD,4,27.0785,216508150.0,6272527.98
0076.HK,USD,1,4.2754,19000000.0,757283.55
0077.HK,HKD,9,76.8865,209064700.0,12495191.05
0078.HK,HKD,12,74.9425,673570330.0,208182784.2
0079.HK,HKD,4,54.5996,178036848.0,2865535.12
0080.HK,HKD,6,62.5555,1362662623.0,62685743.52
0081.HK,CNY,20,76.4404,2720804315.0,721965821.85
0082.HK,HKD,6,24.3139,1100479513.0,11174589.22
0083.HK,HKD,20,68.3409,6551273177.0,10221125936.48
0084.HK,HKD,1,52.8957,548485814.0,5218436.09
0085.HK,HKD,12,60.1882,1221745095.0,196484479.66
0086.HK,HKD,20,77.0368,1510875514.0,789787234.14
0087.HK,HKD,20,79.6071,2267949894.0,3610267432.87
0088.HK,HKD,14,51.2569,316528611.0,135075105.93
0089.HK,HKD,8,60.6889,174583180.0,49343073.53
0090.HK,CNY,2,73.075,335122000.0,54702895.7
0092.HK,HKD,2,10.1209,111087750.0,2527593.91
0093.HK,HKD,5,83.3883,2224503280.0,177586757.18
0094.HK,HKD,3,68.3924,1903008890.0,11715329.97
0095.HK,CNY,16,87.8137,5588261056.0,255824413.19
0096.HK,CNY,6,82.3732,524345728.0,36154321.14
0097.HK,HKD,1,69.2695,2110868943.0,41730078.43
0098.HK,CNY,9,74.5047,313403000.0,282368442.27
0099.HK,HKD,10,78.6588,376369650.0,61435864.27
0100.HK,USD,20,66.9417,179492462.0,7654566258.38
0101.HK,HKD,20,75.89,3948617185.0,3520874385.35
0103.HK,HKD,10,72.2725,374605378.0,148444086.08
0104.HK,HKD,6,68.7972,513999515.0,15199656.47
0105.HK,HKD,10,62.2758,224192679.0,142706764.52
0106.HK,CNY,11,59.4588,2807832419.0,4871940.96
0107.HK,CNY,20,52.356,468753970.0,315036563.18
0108.HK,HKD,8,59.0894,1962580228.0,536125572.08
0110.HK,HKD,4,47.5112,132345481.0,3211732.74
0111.HK,HKD,2,63.1173,404711958.0,28089464.05
0113.HK,HKD,9,62.3498,240707068.0,163738698.42
0114.HK,HKD,6,48.1049,290789286.0,18706586.79
0115.HK,HKD,5,73.6912,15260947.0,14907291.12
0116.HK,HKD,20,56.028,376346511.0,581189285.6
0117.HK,CNY,3,20.8707,155434132.0,6592710.26
0118.HK,HKD,5,71.5995,617138503.0,19830164.06
0119.HK,CNY,20,56.2825,2150650150.0,434870508.55
0120.HK,HKD,7,71.5165,1172599009.0,13420040.3
0122.HK,HKD,7,65.96,68280134.0,12884653.49
0123.HK,CNY,20,74.1875,2986346673.0,1716517999.75
0124.HK,HKD,20,43.5936,746121354.0,26264685.29
0125.HK,HKD,11,79.1971,208112713.0,10107555.23
0126.HK,HKD,8,58.7184,922678765.0,13969935.94
0127.HK,HKD,5,75.2602,1435676607.0,221736305.87
0128.HK,HKD,4,45.2161,746362145.0,36954135.98
0129.HK,HKD,8,51.8558,736683613.0,30489262.02
0130.HK,HKD,6,70.0968,201830000.0,4021840.11
0131.HK,HKD,5,72.2185,471354023.0,89964610.02
0132.HK,HKD,2,71.4907,1224154527.0,56712545.74
0133.HK,USD,13,58.7578,89507438.0,189440129.31
0135.HK,CNY,20,67.5342,5833426388.0,5503709837.63
0136.HK,CNY,20,61.4476,10323575696.0,2773286991.67
0137.HK,HKD,10,80.0809,424661280.0,36635599.54
0138.HK,HKD,4,74.9866,119954272.0,9966672.62
0139.HK,HKD,8,17.3018,255069466.0,7586377.54
0142.HK,USD,20,63.7895,2718784964.0,1615007581.7
0144.HK,HKD,20,80.1022,3362703012.0,5337131733.75
0145.HK,HKD,4,14.6455,53632000.0,1463267.76
0146.HK,HKD,5,71.6786,152092918.0,28094669.98
0147.HK,HKD,3,59.0377,13638543880.0,142734103.1
0148.HK,HKD,20,46.8234,525257408.0,4937014613.02
0149.HK,HKD,2,57.0931,5682514594.0,29954886.98
0150.HK,HKD,5,73.8156,1486151800.0,32282956.13
0151.HK,CNY,20,72.0605,8498195816.0,3991946341.63
0152.HK,HKD,20,67.567,1656103534.0,1683444566.13
0154.HK,CNY,3,74.2164,1113512755.0,62369216.81
0156.HK,HKD,10,82.4842,757774056.0,97158489.93
0157.HK,HKD,4,75.0,1501575559.0,94568593.54
0158.HK,HKD,4,75.0925,18773125.0,153154571.33
0159.HK,HKD,15,77.8297,7222781575.0,113757998.86
0160.HK,HKD,11,76.9932,554681074.0,75869275.4
0162.HK,CNY,4,58.1993,669114928.0,5513996.8
0163.HK,HKD,5,74.9987,4137166834.0,99327072.66
0164.HK,HKD,18,36.0738,125992817.0,7711573.56
0165.HK,HKD,20,68.1105,1147835791.0,1277968750.07
0166.HK,HKD,5,75.3018,6582710085.0,43225682.83
0167.HK,HKD,4,60.1179,312603420.0,318962739.51
0168.HK,CNY,20,44.932,294335690.0,1737884104.63
0169.HK,HKD,8,71.4794,3357640330.0,48763289.19
0171.HK,HKD,8,49.0784,1131182635.0,11845510.8
0173.HK,HKD,20,71.9158,2267306087.0,532532457.38
0174.HK,HKD,4,79.8957,583961917.0,16236680.94
0175.HK,CNY,20,52.7879,5693218298.0,14775201912.09
0177.HK,CNY,20,35.2559,430825671.0,539153906.67
0178.HK,HKD,15,64.6975,2007685926.0,144059755.74
0179.HK,USD,20,73.3694,685573707.0,2075019430.11
0180.HK,HKD,10,65.4746,622393649.0,15359251.22
0181.HK,HKD,3,75.0666,859922154.0,10278879.11
0182.HK,CNY,20,41.879,3293181477.0,165376108.51
0183.HK,HKD,2,68.547,388601566.0,7486741.82
0184.HK,HKD,17,80.9421,275364935.0,75097295.64
0185.HK,CNY,5,71.9896,1377439892.0,18412368.52
0186.HK,HKD,4,81.2274,4461199295.0,137659472.02
0187.HK,CNY,5,3.106,3106000.0,1697557.46
0188.HK,HKD,4,67.6763,517442515.0,16234928.25
0189.HK,CNY,20,33.8767,586985050.0,944334001.99
0191.HK,HKD,8,73.6268,650399388.0,50873576.93
0193.HK,HKD,3,61.1396,142579266.0,3894237.15
0194.HK,HKD,8,60.6827,229735089.0,131692041.09
0195.HK,HKD,4,0.0006,8000.0,285.95
0196.HK,CNY,7,64.2145,5805319515.0,89018979.79
0197.HK,HKD,4,43.4935,90992934.0,4122355.74
0199.HK,HKD,10,48.3694,526567813.0,154956665.43
0200.HK,HKD,20,65.5128,1490433657.0,709606598.11
0201.HK,HKD,8,85.6759,7665476961.0,69809425.6
0202.HK,HKD,5,43.1737,3149252500.0,49296737.72
0204.HK,HKD,10,28.6426,71335997.0,5328723.87
0205.HK,HKD,3,35.3928,442838750.0,43737307.72
0206.HK,USD,7,75.8848,2461274897.0,80601550.91
0209.HK,HKD,9,2.0123,2989670.0,962929.43
0210.HK,CNY,7,48.0083,949893943.0,49446479.39
0211.HK,HKD,2,59.902,439109216.0,14032455.58
0212.HK,HKD,7,56.1998,19089854.0,70030317.06
0213.HK,HKD,10,70.1025,639779476.0,31852674.82
0214.HK,HKD,4,75.0966,631467263.0,27604061.59
0215.HK,HKD,20,76.9992,3710659716.0,552427896.33
0216.HK,HKD,4,61.9418,341527324.0,28540439.22
0217.HK,HKD,5,53.1789,3171925177.0,49742815.09
0218.HK,HKD,9,70.458,1099947827.0,184861087.17
0219.HK,HKD,8,77.4081,448775590.0,33454987.9
0220.HK,CNY,20,81.3641,3514382294.0,3518439619.95
0222.HK,HKD,9,73.5334,439182683.0,198010402.89
0223.HK,HKD,12,44.2661,721414082.0,10156418.9
0224.HK,HKD,8,77.1335,890151101.0,76627239.72
0225.HK,HKD,4,74.1241,81669466.0,62434418.48
0227.HK,HKD,8,61.0942,1338377626.0,42808649.39
0228.HK,HKD,7,69.3474,316362706.0,76185256.19
0229.HK,HKD,8,56.5321,283409925.0,34205691.86
0230.HK,HKD,9,62.0411,2076452839.0,101777225.91
0232.HK,HKD,8,52.1056,4847579319.0,103401036.91
0234.HK,HKD,6,73.8792,4270489691.0,14824659.05
0235.HK,HKD,6,25.7959,5258545625.0,17541336.62
0236.HK,HKD,3,75.5842,282360064.0,44638751.47
0237.HK,HKD,12,71.1508,288160434.0,76317632.37
0239.HK,HKD,8,66.3506,206774901.0,64525289.83
0240.HK,HKD,17,69.1323,858537831.0,110774565.57
0241.HK,CNY,20,74.9712,12126855934.0,7327869527.19
0242.HK,HKD,20,62.2726,1879174683.0,158357217.81
0243.HK,HKD,3,1.5585,5400000.0,268293.93
0244.HK,HKD,2,75.0,985471362.0,41165275.29
0245.HK,HKD,11,66.1797,1230345334.0,145124049.48
0247.HK,HKD,5,71.5898,1610087149.0,4159531589.55
0248.HK,HKD,8,65.9027,153882208.0,4732104.26
0251.HK,HKD,8,75.4114,454069661.0,74743187.57
0252.HK,HKD,8,64.366,145093853.0,30235019.48
0253.HK,HKD,2,74.4014,226454825.0,16590523.42
0254.HK,HKD,16,54.9815,371544400.0,8140020.69
0255.HK,HKD,16,75.085,476043951.0,103953534.73
0256.HK,HKD,20,80.578,3506664112.0,46410948.41
0257.HK,HKD,20,60.3148,3705128837.0,2290563034.47
0258.HK,HKD,11,75.0007,1694282284.0,526922794.26
0259.HK,HKD,9,73.1124,682552000.0,192656038.07
0261.HK,HKD,3,11.5089,32777600.0,1737948.25
0262.HK,HKD,7,65.448,960004610.0,7158871.5
0264.HK,HKD,6,45.7731,217264406.0,53046843.34
0265.HK,HKD,3,62.108,160512679.0,38166710.27
0266.HK,HKD,9,67.6498,321154777.0,85858834.09
0267.HK,CNY,20,85.8085,24961957859.0,38552638038.95
0268.HK,CNY,20,54.3704,1910866693.0,1983750516.21
0269.HK,HKD,3,2.3213,247090415.0,476530.18
0270.HK,HKD,20,66.6909,4360138840.0,3866905897.83
0271.HK,HKD,1,74.9899,930376898.0,18274094.6
0272.HK,CNY,20,60.5742,4862432997.0,420138677.6
0274.HK,HKD,7,40.3087,27627379.0,1697982.97
0276.HK,HKD,9,32.4201,60990337.0,4212958.41
0277.HK,HKD,4,79.6524,220822542.0,51099593.75
0279.HK,HKD,4,64.6406,902076284.0,69667466.38
0280.HK,HKD,4,66.6702,606237874.0,27670349.78
0285.HK,CNY,20,75.1326,1692887396.0,7107480138.4
0286.HK,HKD,6,28.0146,53839474.0,10506187.54
0287.HK,HKD,7,74.1938,29677500.0,14117970.39
0288.HK,USD,20,55.046,7062532321.0,8146845658.27
0289.HK,HKD,15,64.7084,186565703.0,333521796.86
0290.HK,HKD,20,54.2176,5586502179.0,2297664799.64
0291.HK,CNY,20,67.5106,2190159586.0,7171880759.13
0293.HK,HKD,20,78.7746,4790372332.0,7926091674.72
0294.HK,HKD,8,56.9217,117684583.0,13811166.55
0295.HK,CNY,2,5.1051,763956000.0,1868029.5
0296.HK,HKD,6,53.7435,638735791.0,19484737.9
0297.HK,CNY,20,58.5704,4114245104.0,791637333.99
0298.HK,HKD,6,61.1688,1435654923.0,21596462.52
0299.HK,HKD,4,51.7849,56550443.0,1317954.5
0300.HK,CNY,20,45.5342,296359445.0,3219457653.59
0301.HK,CNY,1,62.2238,292738000.0,66517774.66
0302.HK,CNY,20,55.322,1725135500.0,53214576.77
0303.HK,USD,20,58.5333,148415355.0,991932288.25
0305.HK,CNY,10,67.9126,2239871064.0,138957844.62
0306.HK,HKD,9,74.9996,357580729.0,110977470.24
0308.HK,HKD,20,72.0669,3990073797.0,516797467.57
0309.HK,HKD,10,61.7728,32184728.0,6037494.89
0310.HK,HKD,1,5.1566,32029084.0,939934.24
0311.HK,USD,4,84.727,876172534.0,24775132.08
0312.HK,CNY,4,70.5103,1759231500.0,8381283.22
0313.HK,HKD,3,70.1865,818959923.0,11055927.02
0314.HK,CNY,20,69.524,505612182.0,309087457.86
0315.HK,HKD,20,76.5591,842879693.0,474842476.09
0316.HK,USD,20,85.2102,562704685.0,9059469959.13
0317.HK,CNY,20,55.0567,325974890.0,547168490.09
0318.HK,HKD,4,76.9286,221753480.0,15969116.98
0320.HK,HKD,8,68.6395,578315203.0,35601215.01
0321.HK,HKD,20,64.5711,892177488.0,128316908.28
0322.HK,CNY,20,77.8293,4387552084.0,6558185450.43
0323.HK,CNY,20,26.8291,464928155.0,147317247.6
0325.HK,CNY,20,72.4299,179230264.0,1539078421.44
0326.HK,HKD,7,65.0412,1579791195.0,546366425.04
0327.HK,HKD,20,63.075,669782438.0,405435389.19
0328.HK,HKD,6,15.6144,44718718.0,3179319.02
0329.HK,HKD,6,65.3417,979963008.0,37156547.88
0330.HK,HKD,6,28.65,81102830.0,14720727.18
0331.HK,HKD,6,75.3826,339221952.0,246209036.29
0332.HK,CNY,4,65.4457,214191376.0,9910913.43
0333.HK,HKD,7,64.327,193658015.0,6058925.33
0334.HK,CNY,2,64.2026,1357439806.0,54958490.32
0335.HK,HKD,5,74.4764,1997693496.0,192572494.81
0336.HK,CNY,20,73.0044,2356895389.0,1201829666.75
0337.HK,CNY,9,65.0023,1814791113.0,68750192.73
0338.HK,CNY,20,18.6902,600663637.0,97905315.25
0339.HK,HKD,8,52.1712,225379491.0,13465046.62
0340.HK,HKD,20,59.3185,3145416013.0,1325123818.86
0341.HK,HKD,20,54.1414,314022923.0,221908334.57
0343.HK,HKD,8,30.8867,535599884.0,7800546.46
0345.HK,HKD,20,63.0589,642001836.0,606830356.16
0346.HK,HKD,4,74.33,817705628.0,38361316.87
0347.HK,CNY,20,13.8692,195766411.0,40492213.71
0348.HK,HKD,3,29.2942,225706460.0,4658667.7
0351.HK,HKD,2,70.1763,1400000000.0,52183077.8
0352.HK,CNY,7,70.9689,174713733.0,1665580.06
0353.HK,HKD,8,77.6129,1641949220.0,84852549.99
0354.HK,CNY,20,31.6355,864304461.0,340126932.46
0355.HK,HKD,8,67.4522,2086009040.0,37066459.43
0356.HK,HKD,5,58.9811,118787147.0,7953989.15
0357.HK,CNY,20,49.7117,112802471.0,102987863.28
0358.HK,CNY,20,47.8957,664544892.0,3327889480.52
0360.HK,CNY,7,77.0398,13263904177.0,83685903.21
0361.HK,HKD,3,65.3805,3825574355.0,40299476.92
0362.HK,HKD,1,6.1485,83100000.0,158957.92
0363.HK,HKD,20,67.553,734445196.0,1348170995.79
0365.HK,HKD,3,80.4192,1170099420.0,86418530.04
0366.HK,HKD,9,73.9132,370764955.0,39657882.47
0367.HK,HKD,5,57.9726,969622256.0,44733019.29
0368.HK,HKD,1,75.0,600000000.0,18927932.4
0369.HK,HKD,19,74.5959,1025358470.0,245363823.15
0370.HK,HKD,12,37.31,782626154.0,96304626.07
0371.HK,CNY,20,70.6033,7093240816.0,2428822052.8
0372.HK,HKD,5,61.2466,185419629.0,7510043.13
0373.HK,HKD,16,85.9804,3021080538.0,837539735.03
0374.HK,HKD,8,70.9228,269526000.0,93250093.59
0375.HK,HKD,7,57.2435,94946144.0,11512148.74
0376.HK,HKD,10,68.854,2794983279.0,1133760820.92
0377.HK,CNY,5,86.5124,80882133.0,20610807.83
0379.HK,HKD,5,45.2065,762770097.0,4380404.24
0380.HK,HKD,3,69.1355,921068120.0,9843639.22
0381.HK,HKD,5,32.2093,428520754.0,12766535.7
0382.HK,CNY,20,72.159,865233580.0,166463767.42
0383.HK,HKD,4,94.3674,953611550.0,108117664.44
0384.HK,HKD,20,60.5937,3301235380.0,2996810205.58
0385.HK,HKD,2,73.6821,438334216.0,21538454.29
0386.HK,CNY,20,31.6741,7532979020.0,4329022847.53
0387.HK,HKD,3,74.9404,172419982.0,15315960.62
0388.HK,HKD,20,26.6551,337942065.0,16903715240.02
0389.HK,CNY,8,64.0725,193218072.0,10677841.17
0390.HK,CNY,20,23.4687,987420012.0,444728802.19
0391.HK,HKD,6,69.3086,4105663800.0,52203891.63
0392.HK,CNY,20,80.1539,1008337379.0,4076339685.26
0393.HK,HKD,13,70.8901,1063351720.0,180316585.12
0396.HK,HKD,5,58.4726,472514000.0,6376871.28
0397.HK,HKD,3,18.4717,421504000.0,3975881.1
0398.HK,HKD,20,46.3402,225842462.0,102196635.53
0399.HK,HKD,8,40.4205,1324623413.0,17738563.51
0400.HK,CNY,13,66.6789,1096377987.0,334836628.13
0401.HK,HKD,5,37.8818,427539606.0,10910797.49
0403.HK,HKD,3,56.7301,284009578.0,8033390.68
0406.HK,HKD,1,61.0981,267642599.0,32002316.49
0408.HK,HKD,11,58.6306,327427445.0,85177993.96
0410.HK,CNY,20,65.3178,3396210928.0,298675573.68
0411.HK,HKD,8,81.4495,198210712.0,286171587.38
0412.HK,CNY,20,63.9081,3844543063.0,705130016.53
0413.HK,HKD,10,68.8865,9107699739.0,38628869.11
0417.HK,HKD,2,72.5685,180827547.0,16274432.76
0418.HK,HKD,7,48.6729,561377610.0,59131054.94
0419.HK,HKD,10,49.8052,847759694.0,44832589.18
0420.HK,HKD,10,66.0921,809646354.0,66714530.74
0422.HK,USD,1,67.0741,608818000.0,39196142.41
0423.HK,HKD,7,66.7537,288109000.0,26951216.38
0425.HK,CNY,20,62.1733,728319959.0,2835062361.76
0426.HK,HKD,3,73.7655,295726000.0,1672959.54
0428.HK,HKD,4,23.4318,36145532.0,1051104.04
0430.HK,HKD,2,75.0,291137700.0,15529240.08
0431.HK,HKD,2,12.0322,935602105.0,1195649.57
0432.HK,HKD,7,59.9738,1222406533.0,29538658.86
0433.HK,HKD,11,72.5533,10884540267.0,100555181.68
0434.HK,HKD,20,49.9238,378220488.0,156296800.89
0436.HK,HKD,3,69.5624,2111703201.0,17370667.81
0438.HK,CNY,4,63.0128,60649000.0,14966785.37
0439.HK,HKD,9,62.3949,384161300.0,54807532.41
0440.HK,HKD,20,69.0895,220792505.0,843060092.55
0442.HK,HKD,2,74.9582,194254241.0,22150707.76
0450.HK,HKD,9,70.7435,642255327.0,78887609.58
0451.HK,CNY,15,28.738,509543473.0,61746225.32
0455.HK,HKD,3,79.427,1707713358.0,37161010.74
0456.HK,HKD,4,71.015,152134742.0,9745012.47
0458.HK,HKD,1,66.64,182577000.0,42239836.55
0459.HK,HKD,1,62.7355,1132553428.0,11109547.28
0460.HK,CNY,20,62.4297,5697330990.0,703213567.36
0464.HK,HKD,6,42.0214,317783046.0,53535387.88
0465.HK,CNY,5,75.3736,237314000.0,18919786.1
0467.HK,HKD,20,51.1554,13223466046.0,709958659.0
0468.HK,CNY,18,97.7647,1375675495.0,403138713.09
0470.HK,CNY,20,75.6461,81741923.0,463240214.89
0471.HK,USD,10,10.0972,48442838.0,2251084.46
0472.HK,HKD,4,60.9372,2345539079.0,77757391.95
0474.HK,HKD,11,77.2976,6847109923.0,103993353.56
0475.HK,HKD,6,63.9754,319609000.0,20374884.26
0476.HK,HKD,6,39.483,128181049.0,9473733.94
0480.HK,HKD,13,62.5828,929543339.0,103575018.32
0482.HK,HKD,8,60.3357,148058200.0,14528102.62
0483.HK,HKD,4,68.2079,250582000.0,8641700.1
0484.HK,CNY,6,45.6841,78451163.0,7921229.68
0485.HK,HKD,6,69.1944,176334961.0,9437225.29
0486.HK,USD,20,80.5354,12235762940.0,5998284448.96
0487.HK,HKD,1,71.6127,3527994987.0,46789783.03
0488.HK,HKD,9,90.4381,1314363494.0,119177262.5
0489.HK,CNY,20,31.413,782882279.0,501165606.13
0491.HK,HKD,1,73.7959,2371313094.0,11257773.34
0493.HK,CNY,14,44.1092,33712038744.0,62350918.46
0495.HK,HKD,4,70.0667,1152567422.0,1761954.03
0496.HK,CNY,5,65.6648,1205962202.0,64325838.13
0497.HK,HKD,8,70.2912,9063138019.0,208134716.22
0498.HK,HKD,6,48.6887,506823200.0,5473674.85
0499.HK,CNY,1,69.0242,689243266.0,10364827.14
0500.HK,HKD,3,41.8083,1004814642.0,15723158.03
0501.HK,CNY,20,69.3075,35167499.0,438017608.57
0505.HK,CNY,13,57.5955,518104569.0,69327877.86
0506.HK,CNY,20,84.0589,2351315451.0,790714827.66
0508.HK,HKD,4,52.4736,454380942.0,29888938.76
0510.HK,HKD,4,74.404,320811563.0,25175660.16
0511.HK,HKD,14,34.0588,159041036.0,49811267.13
0512.HK,HKD,20,83.2162,2953814427.0,3184079233.97
0513.HK,HKD,4,74.1993,506869522.0,10331493.6
0515.HK,HKD,10,42.1603,120395953.0,4062908.53
0517.HK,HKD,20,74.1689,1087297629.0,862683975.86
0518.HK,HKD,6,49.3564,222630428.0,5680948.65
0519.HK,HKD,4,36.3539,1110650959.0,15143842.1
0520.HK,CNY,20,45.3121,492169858.0,44786501.95
0521.HK,HKD,6,51.5779,5879872489.0,57554095.75
0522.HK,HKD,20,62.3706,261587152.0,4505919885.71
0524.HK,HKD,2,53.238,125789342.0,31312451.08
0525.HK,CNY,20,38.3553,548980500.0,151710957.86
0526.HK,CNY,3,61.1096,5404545382.0,88943122.18
0527.HK,CNY,11,29.6206,573133934.0,44633086.55
0528.HK,CNY,3,67.2588,423514000.0,60318770.53
0529.HK,HKD,9,77.4284,215224666.0,60028215.6
0532.HK,HKD,15,66.1254,482648253.0,18555852.77
0533.HK,HKD,14,76.5885,745852401.0,91077657.81
0535.HK,CNY,20,72.1907,11993537161.0,237641034.42
0536.HK,HKD,7,27.1334,215998633.0,29186307.47
0537.HK,,7,45.5496,11297300.0,24612097.83
0538.HK,CNY,19,55.9951,611209059.0,67774899.08
0540.HK,HKD,4,65.095,390570446.0,9035985.92
0542.HK,HKD,7,65.196,998106230.0,106916662.03
0543.HK,CNY,13,63.7484,723924907.0,29309403.31
0544.HK,HKD,11,53.9671,27315647.0,6370235.5
0546.HK,CNY,20,61.2807,1536521192.0,1079723119.07
0547.HK,HKD,11,60.2771,4809662073.0,220246410.09
0548.HK,CNY,20,59.22,442668359.0,392085438.31
0550.HK,HKD,3,49.8945,227286485.0,22203488.15
0551.HK,USD,20,76.5518,1228317997.0,2382987029.88
0552.HK,CNY,20,35.6016,851385830.0,446918405.05
0553.HK,CNY,3,17.0174,41182000.0,18188102.45
0554.HK,HKD,2,75.1884,3298765503.0,105997374.71
0556.HK,CNY,3,68.3274,686568000.0,40268076.43
0557.HK,HKD,1,66.6875,266069294.0,23938473.62
0558.HK,HKD,20,64.9918,886741737.0,335842953.92
0559.HK,HKD,1,28.0631,146821712.0,2768209.45
0560.HK,HKD,4,71.0769,796891482.0,76813803.9
0563.HK,HKD,9,70.9575,3392067602.0,139209546.98
0564.HK,CNY,20,23.9288,58203070.0,131321215.45
0565.HK,HKD,14,36.3825,978255200.0,228987099.36
0567.HK,HKD,4,32.8438,529864000.0,19398100.11
0568.HK,CNY,6,8.7613,22440000.0,11857484.66
0570.HK,CNY,20,51.0451,2570531155.0,669780825.64
0571.HK,HKD,3,72.096,1265918515.0,8224857.41
0572.HK,HKD,10,74.794,225510010.0,13951820.52
0573.HK,HKD,11,72.2259,732620758.0,27061987.1
0574.HK,CNY,1,57.4263,1143120000.0,2624342.89
0575.HK,USD,5,68.4647,199790727.0,25706540.99
0576.HK,CNY,20,36.0143,728690462.0,636558727.93
0579.HK,CNY,20,52.0065,1471612569.0,364723363.81
0580.HK,CNY,17,31.6743,507368910.0,115019862.14
0581.HK,CNY,20,75.9377,2826828421.0,474776155.95
0582.HK,HKD,3,49.226,1797478737.0,27723539.12
0583.HK,HKD,2,84.7726,1329018094.0,41679680.67
0585.HK,HKD,7,31.6507,262675600.0,133906497.53
0586.HK,CNY,20,39.3948,705970253.0,878538429.12
0587.HK,CNY,20,34.3686,627832351.0,41142072.66
0588.HK,CNY,6,1.5045,10638000.0,922624.83
0590.HK,HKD,20,68.2722,400832404.0,1178692960.31
0591.HK,CNY,6,37.2225,386183796.0,16939789.29
0595.HK,HKD,3,66.9333,589013868.0,84126449.93
0596.HK,CNY,20,55.171,671449464.0,615079230.72
0598.HK,CNY,20,51.8735,1045911862.0,634926400.54
0599.HK,HKD,7,51.9696,373577661.0,7588941.77
0600.HK,CNY,20,75.7476,446105023.0,1653698107.97
0601.HK,HKD,3,49.9054,295736366.0,3774589.2
0602.HK,CNY,5,73.2997,760485000.0,4594012.32
0603.HK,HKD,6,29.4213,1658416130.0,33205386.69
0604.HK,HKD,20,77.4571,6892732449.0,763737045.33
0605.HK,HKD,5,55.2959,115689012.0,23387166.25
0606.HK,CNY,8,72.7243,1407213741.0,47871950.88
0607.HK,CNY,9,48.3935,308152461.0,19917022.42
0608.HK,HKD,3,73.4248,224397361.0,34343030.55
0609.HK,CNY,11,58.639,515096000.0,94768453.31
0610.HK,HKD,10,74.812,593351344.0,69673710.04
0611.HK,CNY,6,52.4812,971972750.0,43831504.78
0612.HK,HKD,5,23.9965,374690400.0,5885972.54
0613.HK,HKD,5,79.7952,917352175.0,147895580.01
0616.HK,HKD,11,64.3289,1201226692.0,46748335.58
0617.HK,HKD,13,74.8779,834577002.0,55879896.86
0618.HK,CNY,12,58.0334,1588615564.0,30433248.17
0619.HK,HKD,3,39.472,118919918.0,5733616.21
0620.HK,HKD,4,65.9289,528106570.0,10514814.64
0621.HK,HKD,8,18.8581,342301483.0,31062105.2
0622.HK,HKD,13,39.4444,2738810776.0,623258805.25
0623.HK,,15,68.1202,314314821.0,77084004.76
0626.HK,HKD,8,74.1352,813943316.0,142336322.96
0627.HK,CNY,1,69.9682,994019402.0,62075815.84
0628.HK,CNY,4,86.3769,4492564184.0,182217751.88
0629.HK,CNY,6,70.2731,821229305.0,26224826.98
0631.HK,CNY,20,74.6807,2456782563.0,4559243767.39
0632.HK,HKD,5,58.7593,561946206.0,17416354.37
0635.HK,HKD,9,74.6442,1543642000.0,98290244.92
0636.HK,HKD,20,88.0359,1591188922.0,1440396225.29
0637.HK,HKD,2,72.4042,600050000.0,11649508.71
0638.HK,CNY,10,23.9724,32382200.0,60715137.45
0639.HK,HKD,20,70.5193,3590189144.0,1230631505.09
0640.HK,HKD,1,67.9009,210659384.0,68842936.03
0641.HK,HKD,3,73.9502,813612360.0,30849150.8
0643.HK,HKD,2,45.7069,411291396.0,8970219.69
0645.HK,USD,1,65.7602,337465038.0,8460706.44
0646.HK,HKD,6,53.859,184573521.0,5102484.22
0648.HK,HKD,3,10.4232,11165092.0,19228851.87
0650.HK,HKD,9,60.8436,4512248172.0,122178785.46
0653.HK,HKD,6,49.4868,927817800.0,4405230.87
0655.HK,HKD,9,59.5864,1190704225.0,60537691.94
0656.HK,CNY,20,75.2261,6119878288.0,3297915378.29
0657.HK,HKD,3,74.8562,1456937841.0,4825721.13
0658.HK,CNY,14,71.4955,1169158370.0,237279351.04
0659.HK,HKD,20,76.247,3481642275.0,3580562767.34
0660.HK,HKD,4,76.8787,295452186.0,16439674.84
0661.HK,CNY,9,71.4116,12779543580.0,151820981.19
0662.HK,HKD,11,89.9971,831700110.0,512586796.36
0664.HK,CNY,20,80.6145,50164093.0,195186043.17
0666.HK,CNY,20,62.1723,580951323.0,980819091.83
0667.HK,CNY,20,76.5884,1698951839.0,1429916973.61
0668.HK,CNY,19,83.0916,38747900.0,503981804.52
0669.HK,USD,20,56.3498,1030062294.0,15437567789.22
0670.HK,CNY,20,86.2473,4366502907.0,2539860435.69
0672.HK,CNY,3,58.223,3281335088.0,45073009.86
0673.HK,HKD,7,68.5911,951452210.0,76568273.98
0674.HK,HKD,2,74.9972,2571254977.0,43968334.12
0675.HK,HKD,4,59.4934,158850000.0,8370949.74
0676.HK,USD,3,65.3862,477743940.0,53518049.5
0677.HK,HKD,12,59.4586,1009256526.0,44124299.76
0679.HK,HKD,6,73.0332,276601167.0,416800783.0
0681.HK,CNY,6,47.401,4235062044.0,16525776.2
0682.HK,CNY,6,16.4615,32549120.0,1190345.27
0683.HK,HKD,20,71.3808,1035954258.0,2679591765.15
0684.HK,HKD,7,74.4542,247973295.0,19139609.88
0685.HK,USD,19,74.3155,1205044099.0,30088875.04
0686.HK,CNY,13,74.0475,1628206762.0,240308098.21
0687.HK,HKD,4,87.0649,2930632781.0,120535516.65
0688.HK,CNY,20,79.4502,8695752916.0,13697542783.22
0689.HK,HKD,6,52.0714,967344669.0,34733421.69
0690.HK,HKD,12,47.956,2863563902.0,37021935.35
0691.HK,CNY,10,84.6396,3685181525.0,232452909.68
0693.HK,HKD,19,69.7824,1404935784.0,347958743.27
0694.HK,CNY,20,70.0424,1316353769.0,385365466.25
0695.HK,HKD,3,64.4264,355634000.0,317302671.47
0696.HK,CNY,20,37.8143,352640382.0,431231264.83
0697.HK,HKD,20,59.0413,4717469149.0,1181107524.4
0698.HK,HKD,17,42.4245,82605583.0,32969348.93
0699.HK,,20,26.5128,39706790.0,79505914.3
0700.HK,CNY,20,43.8669,3988570570.0,286222946915.62
0701.HK,HKD,5,58.1181,1106385325.0,16006076.97
0702.HK,HKD,1,4.7379,158504000.0,918414.18
0703.HK,HKD,5,54.5366,378648822.0,6426956.4
0704.HK,HKD,4,56.7846,164887045.0,2365437.12
0707.HK,CNY,6,37.2892,831114600.0,7403661.29
0708.HK,CNY,4,58.0046,6289903500.0,137524945.99
0709.HK,HKD,20,33.9501,548764468.0,113141348.18
0710.HK,HKD,20,57.3363,453860153.0,297089576.98
0711.HK,HKD,8,74.4133,1374613437.0,77195307.69
0712.HK,CNY,6,49.7673,527495576.0,6847686.46
0713.HK,HKD,11,56.2581,445629750.0,21764757.35
0716.HK,USD,20,53.8736,1283386555.0,110757273.72
0717.HK,HKD,9,48.4906,3268686688.0,29419106.52
0718.HK,HKD,2,75.0008,3937554889.0,17238178.23
0719.HK,CNY,19,18.9819,37014488.0,28127802.6
0720.HK,HKD,6,34.7135,2132285242.0,89838263.04
0721.HK,HKD,8,49.9523,1096116966.0,40473790.9
0722.HK,HKD,13,72.8436,590729008.0,36035916.6
0723.HK,HKD,2,22.3466,244435994.0,6395466.61
0724.HK,HKD,1,27.7161,23286357.0,314830.43
0725.HK,HKD,2,74.3615,147948000.0,15212575.41
0726.HK,HKD,3,75.0737,2328107425.0,10473086.71
0727.HK,HKD,8,78.1451,993884497.0,104138103.0
0728.HK,CNY,20,20.669,2868326086.0,1838159520.67
0730.HK,HKD,5,73.2291,2895434972.0,44657943.97
0731.HK,HKD,2,76.0728,1076126369.0,33116696.74
0732.HK,HKD,20,61.4358,1802629139.0,205250280.02
0733.HK,HKD,5,44.2584,298368250.0,13648073.06
0736.HK,HKD,6,16.6665,53433000.0,5014087.38
0737.HK,CNY,11,91.8498,3060151415.0,718051933.74
0738.HK,CNY,8,61.2188,425318200.0,18102904.99
0743.HK,CNY,20,75.4894,1182804663.0,357573921.7
0745.HK,HKD,1,0.0,0.0,0.0
0746.HK,HKD,10,75.4887,622781390.0,418946216.43
0750.HK,CNY,4,75.0026,1890877335.0,75518998.9
0751.HK,CNY,20,73.5233,1391062336.0,1064679123.12
0752.HK,HKD,20,73.6282,940425203.0,301774708.7
0753.HK,CNY,20,74.8711,3710324116.0,2371506169.5
0754.HK,HKD,20,76.3591,2895952709.0,1154051824.21
0755.HK,HKD,4,69.4294,123967712.0,5815741.65
0756.HK,CNY,1,71.4527,243338111.0,15863588.14
0757.HK,CNY,9,32.9092,1093825959.0,10452344.91
0759.HK,HKD,5,76.0188,506430647.0,16288485.94
0760.HK,CNY,2,64.1998,330408446.0,8253510.47
0762.HK,CNY,20,81.1103,24818223518.0,24792498033.18
0763.HK,CNY,20,26.6592,201411883.0,647246883.39
0764.HK,HKD,5,24.6557,99327280.0,12471586.72
0765.HK,HKD,7,62.0132,304103345.0,11725897.77
0767.HK,HKD,10,53.3509,339660102.0,21352442.24
0768.HK,HKD,3,73.8363,939000000.0,3898376.46
0769.HK,HKD,10,42.8689,1196235561.0,105310280.0
0770.HK,USD,9,61.7865,10893815.0,3060105.94
0771.HK,HKD,5,67.306,564985657.0,57369985.42
0772.HK,CNY,20,73.676,744789061.0,1984133922.14
0775.HK,HKD,20,75.699,7275494717.0,764587995.97
0776.HK,HKD,3,16.6979,74788488.0,9506672.43
0777.HK,CNY,20,62.4001,328286575.0,377065423.77
0780.HK,CNY,20,72.0407,1696060987.0,4304817552.33
0784.HK,HKD,5,77.1538,617230000.0,66822939.83
0788.HK,CNY,20,25.8383,1205706117.0,1433126790.28
0789.HK,HKD,2,63.4888,168114305.0,40955119.51
0794.HK,HKD,1,70.3749,233000000.0,9360771.27
0797.HK,CNY,8,70.3225,1932282000.0,121694302.99
0798.HK,CNY,8,72.8062,5393886887.0,148924913.03
0799.HK,HKD,20,44.177,505899573.0,213826736.28
0800.HK,CNY,20,31.576,294305692.0,837672002.8
0802.HK,HKD,3,33.5116,202258000.0,1171936.45
0804.HK,HKD,2,7.9491,4841813.0,3053670.69
0805.HK,CNY,5,69.8989,671028122.0,458449134.81
0806.HK,HKD,20,45.7472,835669742.0,257337256.78
0807.HK,CNY,10,70.0208,1803505163.0,258413025.6
0809.HK,HKD,6,80.8293,1356978236.0,139709098.28
0810.HK,HKD,1,50.4265,359415184.0,5549219.85
0811.HK,CNY,20,44.2551,195580029.0,252907456.13
0813.HK,CNY,20,34.7012,3603950950.0,52260182.88
0814.HK,CNY,1,13.7077,24970000.0,1010957.17
0815.HK,CNY,20,47.2728,1865542984.0,85799013.75
0816.HK,CNY,15,75.0715,678786869.0,223206281.3
0817.HK,CNY,20,70.0972,9471874041.0,1477956696.61
0818.HK,HKD,17,47.3687,1315351636.0,76452639.21
0819.HK,CNY,20,51.7268,582507191.0,509051414.44
0821.HK,HKD,3,9.6989,35990800.0,1354297.49
0822.HK,HKD,5,65.0282,581198000.0,28756614.78
0825.HK,HKD,4,74.9983,1264579000.0,44699978.16
0826.HK,CNY,20,63.2085,1722431255.0,751399606.05
0827.HK,CNY,4,23.7591,1669800000.0,6009331.34
0828.HK,HKD,4,74.9242,1055236866.0,46165448.68
0829.HK,CNY,13,73.0465,2359755772.0,59109473.78
0830.HK,HKD,20,88.9868,2006336279.0,420931150.24
0831.HK,HKD,18,64.3895,503038000.0,21278832.38
0832.HK,CNY,3,71.0,2157777299.0,16917653.73
0833.HK,HKD,6,68.5476,324269729.0,26545865.42
0834.HK,CNY,2,71.9566,325926100.0,18013215.9
0836.HK,HKD,20,68.2613,3533912771.0,7879401253.07
0837.HK,CNY,5,67.4693,167805500.0,170812713.47
0838.HK,HKD,17,46.4225,803310541.0,77420818.63
0839.HK,CNY,20,76.6664,2146894621.0,747346385.08
0840.HK,CNY,1,7.1181,14407000.0,333311.06
0841.HK,HKD,2,61.6563,360520715.0,4867015.6
0842.HK,CNY,16,74.3239,1072037000.0,262702083.39
0844.HK,CNY,1,52.7297,260661501.0,17086406.22
0845.HK,CNY,5,34.6351,2698992436.0,5548640.9
0846.HK,CNY,8,83.5568,5091491000.0,79275810.89
0848.HK,CNY,4,82.6932,4250697000.0,66653280.06
0851.HK,HKD,1,68.3716,603017000.0,21314046.52
0852.HK,HKD,4,73.9821,1570909681.0,33577251.88
0853.HK,USD,20,51.4923,987304783.0,1446484550.81
0854.HK,HKD,8,87.8295,90454665.0,58185793.64
0855.HK,HKD,20,72.5442,1180082010.0,837427682.09
0856.HK,HKD,20,73.5489,1051595019.0,1162227184.21
0857.HK,CNY,20,22.1949,4682886133.0,5116694409.2
0858.HK,HKD,8,34.5464,1001840000.0,9921882.12
0859.HK,HKD,2,84.9071,955228042.0,14364701.15
0860.HK,HKD,8,50.2406,513679521.0,31221517.25
0861.HK,CNY,20,82.7352,1384663600.0,433864052.1
0862.HK,HKD,4,32.4501,127340158.0,8127818.45
0863.HK,HKD,20,41.3671,373249962.0,637294540.99
0864.HK,HKD,2,74.065,286020962.0,4962897.29
0865.HK,CNY,2,56.5005,3298492788.0,7220219.29
0866.HK,CNY,12,68.3179,1794994861.0,462477299.47
0867.HK,CNY,20,69.4454,1689694277.0,2768439891.68
0868.HK,CNY,20,72.9791,3228679899.0,3660164939.73
0869.HK,HKD,10,65.5964,745286626.0,44860441.51
0871.HK,CNY,2,49.7232,747778000.0,21771814.09
0873.HK,CNY,17,56.9497,1405620766.0,137620677.8
0874.HK,CNY,20,23.5149,51708878.0,110209552.81
0875.HK,HKD,4,43.3587,303097087.0,20179048.25
0876.HK,HKD,3,59.6258,61791781.0,19203826.89
0878.HK,HKD,6,75.3046,213344472.0,172473928.42
0880.HK,HKD,20,69.0156,4901352157.0,1481303071.95
0881.HK,CNY,20,78.0914,1848417185.0,2609557009.7
0882.HK,HKD,12,64.7564,694688363.0,185635397.56
0883.HK,CNY,20,68.8791,30678769906.0,83987027723.75
0884.HK,CNY,20,49.0615,8905475953.0,48412074.5
0887.HK,HKD,20,68.9352,5002433091.0,182565589.66
0888.HK,HKD,6,73.2816,1041945071.0,10316606.14
0889.HK,HKD,2,72.3166,231413000.0,11005078.25
0893.HK,CNY,2,53.7856,1209646000.0,12438039.83
0894.HK,HKD,5,59.8885,287058737.0,26519433.48
0895.HK,CNY,8,26.1315,52298895.0,12562120.01
0896.HK,HKD,13,60.9552,654095658.0,23126777.94
0897.HK,HKD,1,72.7149,810322940.0,33087066.58
0898.HK,HKD,2,66.9101,559417542.0,71901748.57
0899.HK,HKD,10,48.9439,217878140.0,6263550.28
0900.HK,HKD,16,82.7213,346408796.0,350027815.13
0901.HK,CNY,20,68.2011,142808660.0,1130276873.99
0902.HK,CNY,20,46.1144,2167546362.0,1708346159.82
0905.HK,HKD,3,64.444,676984511.0,137699712.31
0907.HK,HKD,1,5.616,49020000.0,529414.48
0909.HK,CNY,20,60.541,1149325943.0,440745267.38
0910.HK,CNY,1,57.0234,2901469002.0,5220949.75
0911.HK,HKD,2,52.6711,89248577.0,3275156.01
0912.HK,HKD,8,65.9219,187738800.0,26390239.8
0913.HK,HKD,1,0.2114,750000.0,36697.01
0914.HK,CNY,20,62.2563,802944993.0,1988467377.28
0915.HK,USD,3,56.091,846746427.0,5441604.91
0916.HK,CNY,20,53.7864,1784566827.0,1437133379.83
0917.HK,CNY,20,68.1702,180582265.0,395817301.76
0918.HK,HKD,3,61.335,683314765.0,64216774.37
0919.HK,HKD,4,74.9881,678254942.0,6453093.19
0921.HK,CNY,20,50.5623,232379927.0,739610348.02
0922.HK,HKD,4,68.533,1522365616.0,23582400.91
0923.HK,HKD,3,73.0357,3522514028.0,8906669.66
0924.HK,SGD,1,55.0,550000000.0,30128540.2
0926.HK,CNY,5,59.7984,73112832.0,21233542.61
0927.HK,HKD,9,63.0084,321975500.0,25573082.79
0928.HK,HKD,2,48.499,897436691.0,7612791.99
0929.HK,HKD,7,70.679,743721975.0,68518159.91
0931.HK,HKD,7,58.976,4811187951.0,204072216.63
0932.HK,HKD,2,51.5597,1602422033.0,9825529.6
0933.HK,HKD,20,70.1477,6985701693.0,448209444.49
0934.HK,HKD,20,74.651,1855941176.0,1028238959.4
0936.HK,HKD,3,68.8699,730020000.0,30963664.71
0938.HK,HKD,1,73.7529,477327672.0,25282508.84
0939.HK,CNY,20,74.4533,178998047865.0,177520626420.96
0941.HK,CNY,20,72.8324,15135278409.0,158843009055.42
0943.HK,HKD,6,84.2238,1735517860.0,34548747.48
0945.HK,CAD,20,28.4671,473090972.0,16411870161.72
0947.HK,CNY,5,39.6927,316290800.0,5737213.51
0948.HK,HKD,4,63.7917,263000615.0,8193794.71
0950.HK,HKD,18,55.2888,325559923.0,56476070.81
0951.HK,CNY,20,54.8158,605235115.0,156534444.05
0952.HK,HKD,4,75.205,4660497136.0,89851723.98
0953.HK,CNY,2,36.1403,513052000.0,7861296.73
0954.HK,CNY,4,16.4257,30174000.0,1165833.31
0956.HK,CNY,20,64.7546,1389636224.0,662824742.78
0959.HK,HKD,9,47.0393,60326620.0,4557396.09
0960.HK,CNY,20,75.4632,5355929285.0,4543574349.99
0966.HK,HKD,20,70.5023,2533862085.0,6066449988.35
0968.HK,CNY,20,68.8739,6299937016.0,2658720518.59
0969.HK,HKD,3,60.0564,1315943083.0,15086708.62
0970.HK,HKD,16,72.2003,487613460.0,27492796.54
0974.HK,CNY,2,79.9287,232158317.0,35508707.45
0975.HK,USD,20,60.4741,625507163.0,793777541.39
0976.HK,HKD,5,61.3582,984893181.0,54013122.39
0978.HK,CNY,6,75.3212,3694699395.0,126018389.0
0979.HK,HKD,4,32.2544,437469436.0,14213244.97
0980.HK,CNY,5,41.8889,156078012.0,6419018.7
0981.HK,USD,20,33.054,1987883027.0,21528542641.13
0983.HK,HKD,4,68.4928,255714950.0,10847741.57
0984.HK,HKD,3,60.6069,157578000.0,8000117.04
0987.HK,HKD,7,74.9122,1877418327.0,47388252.07
0989.HK,CNY,5,59.0868,212820003.0,21017380.08
0990.HK,HKD,20,64.3383,9510733786.0,1041537127.99
0991.HK,CNY,20,59.0371,3607530362.0,1029499016.14
0992.HK,USD,20,58.9692,7314930189.0,21831421147.04
0993.HK,HKD,6,71.3385,6213294133.0,123205037.25
0994.HK,HKD,5,48.8551,630724000.0,25463216.59
0995.HK,CNY,20,43.6922,237243667.0,394492441.48
0997.HK,HKD,1,59.965,701163040.0,2073433.07
0998.HK,CNY,20,51.5678,7674406706.0,6833109329.51
0999.HK,CNY,20,92.4119,1076623564.0,1163793919.82
1000.HK,CNY,2,43.3571,23803500.0,1560323.52
1001.HK,HKD,4,52.4478,333834428.0,15062419.33
1002.HK,USD,13,67.7606,1882951324.0,13683086.8
1003.HK,HKD,14,63.5905,2787879816.0,92358238.53
1004.HK,HKD,5,73.9076,346417834.0,13379169.45
1005.HK,HKD,6,74.2027,561123569.0,34618114.03
1007.HK,CNY,1,27.8715,52842462.0,673603.1
1008.HK,HKD,5,80.2568,1258332237.0,32508357.75
1009.HK,HKD,2,28.6162,391800000.0,59396155.17
1010.HK,HKD,3,34.4571,153091012.0,8279132.23
1011.HK,CNY,11,84.786,804616493.0,75113630.4
1013.HK,HKD,3,83.1814,222418275.0,5986216.84
1020.HK,CNY,3,44.7275,2595618000.0,82763153.97
1021.HK,CNY,20,81.705,440421293.0,1029765588.26
1022.HK,CNY,8,62.4177,1091960107.0,78594737.28
1023.HK,HKD,5,71.0665,686096636.0,43263107.11
1024.HK,CNY,20,37.5054,1378799470.0,8114485355.74
1025.HK,HKD,4,6.0676,24535500.0,966951.89
1026.HK,HKD,4,38.3253,2112870000.0,46274486.29
1027.HK,CNY,7,32.2069,134480900.0,52521544.55
1028.HK,CNY,3,35.121,875355436.0,81682362.49
1029.HK,USD,1,73.9468,1417504067.0,103280965.11
1030.HK,CNY,20,69.7923,5069515767.0,1302879361.68
1033.HK,CNY,20,58.5904,3169762313.0,289034235.35
1036.HK,HKD,3,82.8182,322599949.0,74634642.46
1037.HK,CNY,5,40.5006,286004141.0,27559900.53
1038.HK,HKD,20,81.8356,2061937780.0,15295696216.76
1039.HK,CNY,8,84.6873,1533647509.0,9986809.68
1044.HK,CNY,20,61.3082,708302967.0,2256583962.64
1045.HK,HKD,20,61.4593,570694860.0,204289762.22
1046.HK,HKD,3,73.9492,670446873.0,29893678.01
1047.HK,HKD,6,71.6041,264362500.0,10447763.15
1049.HK,HKD,8,67.5571,54517355.0,7427434.79
1050.HK,HKD,20,75.8916,1584537587.0,543946503.94
1051.HK,USD,12,48.6761,219437939.0,332231987.08
1052.HK,CNY,20,65.5945,1097501976.0,569482435.78
1053.HK,CNY,4,0.0591,318029.0,49224.49
1055.HK,CNY,20,73.3212,3405039687.0,2518324578.0
1057.HK,CNY,14,12.0348,26089999.0,17114367.11
1058.HK,HKD,2,71.3395,383820000.0,17759623.52
1059.HK,HKD,3,36.431,136628444.0,4786529.69
1060.HK,CNY,20,70.7263,21201471641.0,1515743177.66
1061.HK,HKD,16,55.4016,313379390.0,151271426.69
1062.HK,HKD,3,71.797,2083702560.0,25442687.54
1063.HK,HKD,2,0.0,0.0,0.0
1064.HK,HKD,6,43.1164,331400000.0,1877548.02
1065.HK,CNY,17,58.8956,200246032.0,106333378.89
1066.HK,CNY,20,68.1762,3040548217.0,1283119989.38
1068.HK,HKD,1,25.8235,470699900.0,6412887.45
1069.HK,CNY,2,4.9781,8056800.0,232234.78
1070.HK,HKD,20,71.7597,1809015750.0,1730826742.34
1071.HK,CNY,20,24.6226,422824694.0,216371932.08
1072.HK,CNY,20,21.8021,88952313.0,254810949.72
1073.HK,HKD,7,86.1403,2944268050.0,39901975.86
1079.HK,HKD,3,50.1126,714958037.0,27568012.61
1080.HK,CNY,6,38.3883,1487302244.0,16193709.55
1081.HK,,20,70.4636,72110100.0,556312340.51
1082.HK,HKD,1,28.9241,175872000.0,35175744.37
1083.HK,HKD,20,84.5413,3196747279.0,1373773050.92
1084.HK,CNY,9,71.9873,629256000.0,53379522.31
1085.HK,CNY,2,26.7962,124763187.0,20080860.15
1086.HK,HKD,20,54.5583,912942629.0,128360950.43
1087.HK,CNY,4,41.0084,98365191.0,22582404.63
1088.HK,CNY,20,24.5978,830788285.0,4319532554.46
1090.HK,CNY,11,74.8501,953985000.0,90901963.14
1091.HK,HKD,12,70.2049,3466005960.0,223394362.59
1093.HK,CNY,20,57.4887,6624094518.0,6887407373.46
1094.HK,HKD,2,48.6895,288491903.0,13167557.17
1097.HK,HKD,8,58.0496,4141623550.0,22974170.69
1098.HK,HKD,7,75.2291,563718421.0,82738579.46
1099.HK,CNY,20,59.5262,798729579.0,1755897975.35
1100.HK,HKD,6,73.6698,316164450.0,51608402.11
1101.HK,CNY,1,0.0,0.0,0.0
1102.HK,HKD,5,71.8233,2010613622.0,29158763.5
1104.HK,HKD,10,70.0936,1048219964.0,205868077.66
1105.HK,HKD,4,43.1136,379633500.0,9758839.77
1107.HK,CNY,8,73.3662,2050581120.0,5319553.16
1108.HK,CNY,15,3.684,9210000.0,3730898.63
1109.HK,CNY,20,71.0606,5067285077.0,17935776721.14
1110.HK,CNY,6,66.8801,416328250.0,27823448.1
1111.HK,CNY,4,75.8256,584350698.0,18133283.36
1112.HK,CNY,20,78.9593,509729595.0,905537396.14
1113.HK,HKD,20,61.9868,2169395599.0,9682366950.93
1114.HK,CNY,20,60.336,3044121681.0,1486163580.14
1115.HK,CNY,9,29.5738,1664486578.0,88400097.17
1116.HK,CNY,7,71.4198,1541240000.0,59884390.72
1117.HK,CNY,20,74.0292,5859895931.0,872126878.73
1118.HK,HKD,2,63.6508,365596474.0,54508426.42
1119.HK,CNY,20,40.8947,834671074.0,78515811.29
1120.HK,HKD,6,73.6488,284478347.0,34735733.85
1121.HK,CNY,12,47.3901,911911157.0,257217535.01
1122.HK,CNY,8,41.8918,518893654.0,35985582.58
1123.HK,HKD,5,65.9972,782276214.0,11264745.41
1124.HK,HKD,4,52.2457,216611482.0,3982664.42
1125.HK,HKD,4,92.0901,304849128.0,38059537.49
1126.HK,HKD,20,76.171,515577075.0,539234907.94
1127.HK,HKD,15,71.1106,547550704.0,95351237.03
1128.HK,HKD,20,79.5808,4190194536.0,3404029156.29
1129.HK,HKD,4,22.4101,141675402.0,3844332.99
1130.HK,HKD,5,33.6259,189269600.0,13250181.92
1132.HK,HKD,7,73.0467,2045063497.0,10745017.16
1133.HK,CNY,20,22.2366,150223994.0,322594632.93
1134.HK,HKD,5,60.5232,302616000.0,13255200.7
1137.HK,HKD,20,55.9279,442653830.0,62283272.76
1138.HK,CNY,20,38.379,497390554.0,902532654.25
1140.HK,HKD,10,54.8356,6392340207.0,130385661.43
1141.HK,HKD,5,69.4968,762357477.0,68364828.61
1142.HK,HKD,12,63.9239,8368754005.0,513533107.97
1143.HK,HKD,4,62.0609,139196005.0,6709283.57
1145.HK,USD,2,51.8144,568768963.0,11842804.4
1146.HK,CNY,9,44.716,1540666000.0,14875697.2
1147.HK,CNY,2,66.7499,1365000000.0,27612703.23
1148.HK,CNY,4,65.2769,836987643.0,34424899.16
1150.HK,HKD,2,0.4182,4420000.0,105857.36
1152.HK,HKD,13,49.3404,1725790219.0,64136663.54
1153.HK,CNY,3,71.7465,482286046.0,19666407.96
1156.HK,CNY,6,36.7832,260319430.0,8460912.68
1157.HK,CNY,20,33.781,524452400.0,513245146.54
1159.HK,HKD,4,13.8128,19594301.0,9973600.66
1160.HK,HKD,5,58.6603,139183958.0,4669052.86
1161.HK,HKD,10,70.5725,480283280.0,63132278.65
1162.HK,HKD,1,66.4167,398500000.0,5635912.57
1163.HK,CNY,3,59.3624,532125000.0,10971191.77
1164.HK,HKD,20,76.3265,5801332490.0,2216393731.27
1165.HK,CNY,4,31.4227,1597023778.0,5346513.0
1166.HK,HKD,5,11.2341,16005000.0,1605293.75
1167.HK,CNY,20,45.9775,359626200.0,293392045.41
1168.HK,HKD,7,64.8823,283112092.0,360776258.61
1170.HK,HKD,14,68.0786,457220541.0,42981913.24
1171.HK,CNY,20,36.935,1505291082.0,1968228044.49
1172.HK,HKD,2,60.9727,3523727197.0,6342691.33
1173.HK,HKD,3,73.5299,1851482977.0,6427273.18
1176.HK,HKD,10,66.5118,5886716685.0,36314998.97
1177.HK,CNY,20,63.4844,11860757079.0,8611358540.51
1179.HK,CNY,20,65.9048,2024287558.0,8486295703.77
1180.HK,HKD,10,76.4325,804212070.0,99451609.63
1181.HK,CNY,11,73.2868,788586787.0,21311001.02
1182.HK,HKD,2,75.3136,256679906.0,19800964.81
1183.HK,MOP,6,65.0433,2589186495.0,44859827.08
1184.HK,HKD,11,75.5043,472533968.0,274732233.69
1186.HK,CNY,20,8.6633,179876547.0,123078764.86
1187.HK,CNY,11,30.9565,8358300.0,30622346.04
1188.HK,HKD,1,13.1336,2673071189.0,4122830.06
1191.HK,CNY,20,79.7879,73051345.0,1787035006.78
1193.HK,HKD,20,71.1576,1646594925.0,4627627129.66
1195.HK,CNY,1,28.9669,838327869.0,2242745.85
1196.HK,HKD,20,64.5426,930902134.0,1593192526.27
1198.HK,CNY,3,74.9795,1948391280.0,72754526.13
1199.HK,USD,20,79.6726,3200215615.0,2271851105.21
1200.HK,HKD,20,57.0467,408966305.0,76391896.29
1201.HK,HKD,10,85.8247,317281243.0,122041044.03
1202.HK,CNY,1,0.4113,658000.0,75269.59
1203.HK,HKD,3,59.2055,537344868.0,58705229.42
1204.HK,HKD,3,77.5516,387757750.0,99676811.79
1205.HK,HKD,20,81.2946,6387911306.0,320948509.18
1206.HK,CNY,2,37.7219,295058142.0,10257870.39
1208.HK,USD,20,76.6907,9851997208.0,8822124418.64
1209.HK,CNY,20,81.7184,1865221189.0,10157338941.88
1211.HK,CNY,20,27.0675,997002325.0,10419252342.2
1213.HK,HKD,3,73.495,146990000.0,4082110.59
1215.HK,HKD,8,48.5593,6205336666.0,18344116.96
1216.HK,CNY,6,27.9415,1940543046.0,74954429.09
1217.HK,HKD,1,29.8229,3817807905.0,4915862.91
1218.HK,HKD,2,52.8585,39109144.0,10056608.28
1220.HK,HKD,1,4.8077,100000000.0,713412.1
1221.HK,HKD,3,47.1705,565105892.0,105859064.74
1222.HK,HKD,6,43.0332,6096380717.0,15861691.05
1223.HK,HKD,11,71.7735,2134711427.0,272842617.52
1224.HK,HKD,5,74.9217,2908711590.0,448585994.85
1225.HK,HKD,4,7.9114,18221800.0,379418.98
1226.HK,HKD,1,0.0,0.0,0.0
1228.HK,CNY,8,49.3735,294978232.0,103940768.12
1229.HK,HKD,1,74.4233,569616589.0,10253069.55
1231.HK,USD,3,71.7079,2868314000.0,112255805.0
1232.HK,CNY,7,49.6054,104380521.0,5791148.79
1233.HK,CNY,20,50.8904,1522823370.0,6503312.93
1234.HK,CNY,20,75.1952,900448849.0,391820301.71
1235.HK,HKD,5,78.2147,398785000.0,7947192.45
1236.HK,CNY,20,92.3035,307678300.0,1500371612.15
1237.HK,CNY,7,52.7657,50674556.0,2359058.05
1238.HK,CNY,18,71.6046,2964718418.0,97171139.56
1239.HK,CNY,7,57.7738,250748565.0,18633461.61
1240.HK,HKD,7,84.4485,1282200040.0,31312160.96
1241.HK,CNY,3,71.0853,462054000.0,6782400.56
1243.HK,HKD,1,75.0,11400000000.0,49834142.4
1244.HK,CNY,20,43.2008,111534753.0,45897000.89
1245.HK,JPY,8,52.958,633297430.0,13629972.47
1246.HK,HKD,8,54.7305,743238000.0,1993704.95
1247.HK,CNY,3,22.4805,50126069.0,11775842.56
1250.HK,CNY,12,75.0166,1685313543.0,383375388.46
1251.HK,CNY,8,43.0743,841734000.0,8803386.83
1252.HK,CNY,6,57.5838,1775471716.0,56510794.55
1253.HK,CNY,6,62.8485,379678605.0,7674403.67
1255.HK,HKD,2,67.8794,164841617.0,27543167.04
1257.HK,HKD,10,80.7226,1667792109.0,218551410.24
1258.HK,USD,20,75.012,2926998501.0,5435377088.88
1259.HK,HKD,2,5.7412,126500500.0,516864.04
1260.HK,HKD,2,70.8335,815616000.0,34080999.85
1262.HK,CNY,3,75.0,179437926.0,86110783.73
1263.HK,,20,53.6594,208136225.0,265871536.27
1265.HK,CNY,1,8.8989,44500000.0,1042838.94
1268.HK,CNY,20,73.3803,987880326.0,154275998.99
1269.HK,CNY,5,16.1072,297659000.0,2026645.55
1270.HK,HKD,20,74.5647,2644273180.0,192315908.64
1271.HK,HKD,4,72.4903,1029522600.0,267380963.07
1272.HK,CNY,10,93.4415,583352000.0,79524151.83
1273.HK,HKD,4,78.6911,326568000.0,24454815.64
1274.HK,CNY,20,68.3861,173041760.0,239332935.56
1276.HK,CNY,20,60.3251,155758397.0,1237622857.93
1277.HK,CNY,20,74.7969,6432157001.0,1263333371.25
1278.HK,CNY,4,70.0841,6816548624.0,70090461.96
1280.HK,CNY,18,56.4723,1091777935.0,416263384.63
1281.HK,CNY,1,65.3733,970534633.0,13846425.44
1282.HK,HKD,3,44.656,2232800000.0,43626752.88
1283.HK,HKD,1,72.2912,597000000.0,118950291.24
1284.HK,HKD,3,75.0,450000000.0,21689395.2
1285.HK,CNY,3,79.8595,331417000.0,48639475.09
1286.HK,HKD,20,82.9123,1614537284.0,1671483813.46
1288.HK,CNY,20,53.9717,16590244734.0,11604164106.6
1290.HK,CNY,10,50.6324,552062000.0,39735420.7
1292.HK,CNY,4,61.7082,80124800.0,38857154.19
1293.HK,CNY,6,68.7446,1950635377.0,45624574.14
1298.HK,HKD,1,73.0465,201196995.0,25342603.08
1299.HK,USD,20,29.9601,3099878082.0,30134798734.13
1300.HK,CNY,6,60.7037,1073239750.0,171438343.16
1301.HK,CNY,11,70.1118,439591113.0,25674640.4
1302.HK,CNY,20,29.2671,1355575200.0,272558197.95
1303.HK,CNY,7,75.9847,1598067347.0,64157186.84
1304.HK,CNY,20,72.7367,15679158.0,293847970.48
1305.HK,HKD,1,59.1251,128120000.0,11197717.34
1308.HK,USD,20,60.8375,1649626889.0,7147271422.61
1310.HK,HKD,20,84.2578,1246105357.0,1166822890.79
1312.HK,HKD,3,65.9698,3686772000.0,12851427.6
1313.HK,CNY,20,73.5499,5135940866.0,1036033144.0
1314.HK,HKD,8,69.9137,986640000.0,28413844.0
1315.HK,HKD,5,38.895,241878900.0,3181383.39
1316.HK,USD,20,73.6398,1848229835.0,1464139131.23
1317.HK,CNY,8,55.5151,1605149352.0,37471024.98
1318.HK,CNY,20,81.8409,401173507.0,3282219482.73
1319.HK,HKD,3,82.8183,1593678617.0,55660440.99
1321.HK,CNY,3,73.69,1358859594.0,104792328.99
1323.HK,HKD,4,50.2575,455721900.0,11646496.87
1328.HK,HKD,5,78.9071,201800157.0,90760973.75
1330.HK,CNY,20,49.679,200881688.0,143498819.84
1332.HK,HKD,5,39.5992,1111135135.0,36411627.76
1333.HK,CNY,17,56.0767,199608346.0,553984032.46
1334.HK,CNY,5,73.8958,369479006.0,50965477.73
1335.HK,HKD,4,62.0974,1511536164.0,33898370.56
1336.HK,CNY,20,28.8215,298045271.0,1915375114.36
1338.HK,CNY,1,60.1067,1900840000.0,8795321.64
1339.HK,CNY,20,30.6319,2673004437.0,1894977423.95
1341.HK,HKD,20,1.2972,143942631.0,171362650.8
1343.HK,SGD,2,59.0226,628000000.0,9847435.01
1345.HK,CNY,8,75.4174,948334000.0,277055216.59
1346.HK,USD,8,66.9109,427628000.0,79069849.96
1347.HK,USD,20,62.4317,830329282.0,8963292643.03
1348.HK,HKD,9,76.6485,1129976000.0,26572748.13
1349.HK,CNY,15,28.3806,92521000.0,30103886.54
1351.HK,CNY,8,66.2386,397431161.0,15608024.05
1354.HK,CNY,6,72.3521,12058800.0,5114717.92
1355.HK,HKD,5,42.4076,505951020.0,9371273.84
1357.HK,CNY,20,52.4003,2370171805.0,1556447579.8
1358.HK,CNY,10,69.92,1002122909.0,148397082.33
1359.HK,CNY,20,44.1212,5986170698.0,921693517.02
1361.HK,CNY,20,67.7012,1467546000.0,887717354.31
1362.HK,HKD,7,74.9242,209787439.0,14830159.81
1364.HK,CNY,20,82.5227,1962546995.0,5574158529.27
1368.HK,CNY,20,69.3408,1952012363.0,1113754254.53
1370.HK,CNY,4,72.3702,1183491000.0,18870195.23
1371.HK,HKD,5,2.1474,7346634.0,1715063.18
1372.HK,HKD,14,58.0255,568928712.0,65306529.22
1373.HK,HKD,17,65.1433,464635687.0,47862512.64
1375.HK,CNY,20,33.3713,398908565.0,100386168.32
1376.HK,SGD,2,51.0,510000000.0,23261939.46
1377.HK,,16,44.3913,5607500.0,250312472.12
1378.HK,CNY,20,75.0941,7373791179.0,20160695625.45
1379.HK,CNY,6,71.2444,14248859.0,5860487.23
1380.HK,CNY,18,34.5672,178694960.0,9477731.04
1382.HK,HKD,20,55.1067,763983742.0,141407775.55
1384.HK,CNY,13,61.6809,206368300.0,1598279987.43
1385.HK,CNY,20,18.9472,53872476.0,269646863.83
1388.HK,HKD,15,79.689,336619888.0,16008297.76
1389.HK,HKD,4,79.0872,438406555.0,18882742.89
1392.HK,CNY,15,88.2779,667507920.0,1540959550.08
1393.HK,CNY,6,35.2823,1624841486.0,12762232.96
1395.HK,HKD,6,68.3926,757310000.0,14503192.32
1396.HK,CNY,17,50.0425,792522945.0,1080844793.26
1397.HK,HKD,4,79.9096,331624754.0,49017192.9
1398.HK,CNY,20,42.3468,36754255734.0,29857293538.5
1399.HK,CNY,2,53.9004,587514990.0,25493116.44
1400.HK,CNY,1,0.0,0.0,0.0
1401.HK,CNY,6,40.6925,610388880.0,53977559.21
1402.HK,HKD,3,71.5945,752100000.0,22047211.32
1405.HK,CNY,20,57.9973,76335688.0,416024916.36
1406.HK,HKD,7,71.3857,385316992.0,18401830.02
1407.HK,CNY,2,74.5,327800000.0,25700551.26
1408.HK,MOP,4,75.0,375000000.0,11567677.5
1410.HK,HKD,4,58.9472,595200000.0,57127691.86
1412.HK,HKD,5,75.0117,399062000.0,81548860.74
1413.HK,HKD,8,13.3835,43898000.0,2374280.1
1415.HK,USD,20,81.575,709734875.0,2504382246.49
1416.HK,SGD,1,75.0,1050000000.0,6615321.3
1417.HK,CNY,5,78.3981,317512000.0,129588470.08
1418.HK,HKD,1,72.9088,1275906000.0,51605704.92
1419.HK,HKD,3,68.4181,259682286.0,27457902.53
1420.HK,SGD,4,59.9929,805496200.0,21799069.55
1421.HK,HKD,3,9.073,18163750.0,1017926.32
1425.HK,HKD,5,67.1125,838906505.0,74539274.46
1427.HK,CNY,2,75.4588,662480000.0,17370271.32
1428.HK,HKD,20,55.3474,939406462.0,1355153656.14
1429.HK,HKD,4,60.0148,960236000.0,29161180.47
1431.HK,CNY,6,71.3593,3347107920.0,67254747.05
1432.HK,CNY,17,41.5103,3479074440.0,146741230.08
1433.HK,HKD,2,66.2827,1320000000.0,8158324.68
1440.HK,CNY,9,35.1621,442962500.0,427696330.46
1442.HK,MYR,5,71.6249,1478336000.0,61753299.75
1443.HK,HKD,4,75.0,975000000.0,11783538.0
1446.HK,HKD,6,65.6469,430607200.0,20777791.68
1447.HK,HKD,2,80.5,322000000.0,19059520.0
1448.HK,CNY,20,58.1542,1349103768.0,645327086.27
1449.HK,CNY,3,75.486,503240000.0,17411104.81
1450.HK,CNY,5,27.4589,385702334.0,57175960.62
1451.HK,HKD,5,72.8826,148972000.0,23309984.17
1452.HK,CNY,3,55.7463,330488975.0,7184859.68
1455.HK,HKD,4,74.2213,948965000.0,20095837.22
1456.HK,CNY,20,16.7574,74174960.0,40977528.64
1458.HK,CNY,20,67.8407,1411807533.0,214612445.46
1459.HK,CNY,1,7.1086,9480000.0,408920.6
1460.HK,HKD,4,43.1189,378406800.0,12536094.0
1461.HK,CNY,2,13.1679,36487000.0,2954488.89
1463.HK,MYR,6,58.162,1671719497.0,67804700.4
1466.HK,HKD,5,32.6856,304713375.0,21794478.32
1468.HK,HKD,9,3.7778,15746900.0,4240110.79
1470.HK,HKD,1,75.0,600000000.0,3711961.8
1471.HK,CNY,3,24.8796,8782500.0,20284760.87
1472.HK,HKD,1,60.0,600000000.0,3471418.8
1473.HK,HKD,4,60.3417,710890667.0,127399641.13
1475.HK,HKD,20,84.6658,883648938.0,832002658.11
1476.HK,CNY,3,70.9978,320091000.0,67060181.62
1477.HK,CNY,20,61.7342,503368739.0,357981331.84
1478.HK,CNY,20,72.7763,869597272.0,767825140.96
1480.HK,HKD,1,75.0,180000000.0,27762425.64
1481.HK,HKD,1,73.5294,750000000.0,173515160.25
1483.HK,HKD,5,47.3712,388184000.0,56242524.15
1486.HK,HKD,5,74.8129,323484670.0,26815864.95
1488.HK,CNY,2,75.5753,1193080506.0,92003970.31
1489.HK,HKD,3,72.955,729550000.0,31415076.06
1490.HK,CNY,2,71.4806,882500000.0,21551225.39
1496.HK,HKD,3,82.5,712800000.0,11272390.98
1497.HK,CNY,14,79.2711,365989325.0,282778629.07
1498.HK,HKD,10,65.264,349747463.0,15957345.63
1499.HK,HKD,2,72.731,3906025001.0,75827246.28
1500.HK,HKD,4,74.6289,619420000.0,5574763.89
1501.HK,CNY,20,85.2038,179950200.0,702673960.36
1502.HK,CNY,9,45.1681,46749000.0,12465271.2
1508.HK,CNY,20,23.3934,1562543983.0,264762097.46
1511.HK,CNY,20,75.0532,95111330.0,899075008.55
1513.HK,CNY,20,65.6059,196691096.0,711686845.28
1515.HK,CNY,20,47.3612,614121025.0,242074298.72
1516.HK,CNY,20,41.1265,1245291045.0,149253311.07
1518.HK,CNY,7,57.3282,280923107.0,20073617.37
1519.HK,USD,20,43.7731,3797973085.0,4561658410.26
1520.HK,HKD,3,13.5941,129000000.0,17769929.09
1521.HK,USD,19,73.4241,1499374065.0,339884977.43
1522.HK,HKD,3,66.963,1404312715.0,48823735.39
1523.HK,USD,20,73.0079,807652069.0,627396574.25
1525.HK,CNY,9,39.2176,162753000.0,51756824.13
1526.HK,CNY,2,61.2267,972019200.0,139901420.37
1527.HK,CNY,2,32.8698,11504400.0,1436883.45
1528.HK,CNY,20,29.9337,221893366.0,32112218.89
1530.HK,CNY,20,50.6143,1280324921.0,3144467453.0
1532.HK,CNY,4,33.2503,600920000.0,7846752.76
1536.HK,HKD,3,50.4614,230104000.0,4124474.81
1538.HK,CNY,2,74.2947,634885300.0,31112191.42
1539.HK,HKD,9,56.8968,1959585114.0,96468120.75
1540.HK,HKD,5,74.464,371330863.0,20762536.54
1541.HK,CNY,20,40.9115,171196260.0,122371924.32
1542.HK,CNY,5,72.922,36461000.0,5276240.53
1543.HK,CNY,4,51.6881,286540000.0,10455541.59
1545.HK,SGD,3,75.0,1500000000.0,17737105.5
1546.HK,HKD,2,72.5,580000000.0,16903785.06
1547.HK,HKD,2,75.0,600000000.0,15428527.2
1548.HK,USD,20,61.3324,1342292091.0,2111422582.55
1549.HK,HKD,4,74.8517,1160200000.0,14686873.52
1551.HK,CNY,6,61.7504,1651773797.0,344549341.95
1552.HK,SGD,3,73.1,584800000.0,10025178.58
1553.HK,CNY,4,73.0895,317062000.0,61535367.6
1555.HK,CNY,5,52.596,1781177524.0,6181225.71
1556.HK,HKD,3,75.0,1125000000.0,44786138.47
1557.HK,HKD,1,62.5,300000000.0,4898557.5
1559.HK,HKD,4,67.3821,1856104375.0,13977016.3
1560.HK,HKD,4,74.9521,480816000.0,7544085.06
1561.HK,HKD,4,30.3951,323846566.0,3313595.52
1563.HK,CNY,13,53.6441,907076507.0,23557819.96
1565.HK,CNY,4,51.601,1572376174.0,37997468.04
1566.HK,HKD,2,13.8128,163273000.0,1071303.87
1568.HK,HKD,6,75.0311,1635834978.0,142008174.83
1569.HK,CNY,4,79.5902,3356892000.0,75934682.0
1570.HK,CNY,2,74.9808,147062194.0,114936500.08
1571.HK,CNY,20,79.4434,800874750.0,445282934.12
1572.HK,CNY,1,59.1995,1000768000.0,12734217.37
1575.HK,CNY,3,58.0709,2241538000.0,21862410.05
1576.HK,CNY,6,88.8835,1777669000.0,410284657.73
1577.HK,CNY,8,99.4445,179000000.0,22970471.83
1578.HK,CNY,11,70.6009,1245824658.0,398592532.32
1579.HK,CNY,20,63.4137,657409098.0,1161095409.97
1580.HK,CNY,5,72.4097,793377678.0,39782652.96
1581.HK,HKD,1,58.8911,244398000.0,3959236.36
1582.HK,HKD,6,78.266,391330000.0,18397120.18
1583.HK,CNY,3,62.5606,471567138.0,78375673.03
1585.HK,CNY,20,78.4654,2442350258.0,3511010772.34
1586.HK,HKD,9,72.682,426376720.0,119963508.66
1587.HK,CNY,2,80.5324,547620000.0,43638985.7
1588.HK,CNY,12,51.7893,69955375.0,64453347.16
1591.HK,HKD,3,64.0037,341353067.0,5783612.17
1592.HK,HKD,5,21.3605,309251764.0,7446096.42
1593.HK,CNY,8,59.7649,593333000.0,101608712.77
1596.HK,CNY,4,38.3289,86033000.0,28124441.68
1597.HK,CNY,1,75.0,187500000.0,60248319.56
1598.HK,CNY,2,73.2129,850151100.0,12041255.39
1599.HK,CNY,10,46.1847,179168000.0,31148533.45
1600.HK,CNY,20,80.3093,781782039.0,302309731.89
1601.HK,CNY,6,56.6355,279402000.0,30046916.97
1606.HK,CNY,17,69.7092,1930661900.0,411292061.86
1608.HK,HKD,8,76.6078,5119811511.0,122348120.71
1609.HK,CNY,16,86.9732,47688618.0,1203538574.65
1610.HK,CNY,20,59.5901,2730414343.0,495291855.29
1611.HK,HKD,18,63.2717,476402428.0,309971526.3
1612.HK,HKD,6,62.7392,414140222.0,43923137.59
1613.HK,HKD,5,30.063,461727907.0,25602846.56
1615.HK,MOP,3,75.0,450000000.0,19954243.36
1616.HK,CNY,7,68.0418,1463974035.0,5516257.25
1617.HK,CNY,4,56.9259,925752000.0,11562512.87
1618.HK,CNY,20,10.3981,295201801.0,58474395.83
1620.HK,HKD,1,75.0,900000000.0,6721347.6
1621.HK,HKD,1,73.0,730000000.0,7414693.22
1622.HK,CNY,19,74.8926,2659893322.0,66763543.87
1623.HK,CNY,13,49.8063,844933800.0,26338254.45
1626.HK,CNY,4,69.9421,419653000.0,153658944.27
1627.HK,HKD,3,75.0164,1500328000.0,106094320.22
1628.HK,CNY,20,40.9445,609249710.0,8474671.79
1629.HK,CNY,2,72.461,395704000.0,7387955.52
1630.HK,HKD,1,75.0,1125000000.0,6364267.88
1631.HK,HKD,1,62.5,192000000.0,33823529.47
1632.HK,HKD,4,64.7708,617444182.0,4844853.6
1633.HK,HKD,2,73.3319,502140000.0,3679958.1
1635.HK,CNY,4,8.2906,44242000.0,18784351.81
1636.HK,CNY,8,66.8048,299389603.0,37919456.28
1637.HK,HKD,2,75.0,300000000.0,4665689.7
1638.HK,CNY,20,61.575,7036173595.0,43674952.32
1640.HK,CNY,4,38.965,233490188.0,108227992.38
1641.HK,CNY,6,69.1573,16989500.0,14758361.04
1643.HK,CNY,2,72.5,522000000.0,29806221.64
1645.HK,CNY,2,61.9182,349204000.0,140483448.27
1647.HK,SGD,3,36.2198,432840000.0,4006850.1
1650.HK,SGD,1,75.0,1500000000.0,14099377.5
1651.HK,CNY,20,83.246,306856233.0,1915485163.32
1652.HK,CNY,6,73.8925,546288000.0,23984181.11
1653.HK,HKD,4,67.1878,194117000.0,65143257.57
1655.HK,JPY,1,52.0834,375000000.0,11983740.38
1656.HK,SGD,15,49.2891,223477703.0,68972992.5
1657.HK,HKD,3,74.9376,23980000.0,153790585.55
1658.HK,CNY,20,82.6857,16418219622.0,10983386356.29
1660.HK,HKD,4,29.2181,1810064000.0,109496733.86
1661.HK,CNY,5,46.282,88072100.0,19028217.4
1662.HK,HKD,6,68.3578,352042689.0,126446516.45
1663.HK,CNY,4,62.9728,1551647816.0,17038260.08
1666.HK,CNY,20,23.2949,146456313.0,74981151.92
1667.HK,HKD,4,84.9333,815360000.0,24425786.0
1668.HK,HKD,14,57.8307,6616925913.0,132159043.34
1669.HK,HKD,1,75.0,300000000.0,22400453.1
1671.HK,CNY,2,80.1602,128192907.0,10874557.38
1672.HK,CNY,20,78.397,824723904.0,900679610.95
1673.HK,CNY,4,61.4913,981482427.0,28632874.2
1675.HK,CNY,20,63.0443,592609788.0,564589783.99
1676.HK,CNY,3,14.2823,37576000.0,2944679.48
1679.HK,CNY,12,65.8331,142076813.0,10303386.33
1680.HK,HKD,8,51.6417,480359758.0,64515435.72
1681.HK,CNY,20,64.9074,544605258.0,1045819143.96
1682.HK,HKD,2,29.8949,469903664.0,10581867.76
1683.HK,HKD,3,30.0884,561522000.0,36812896.05
1685.HK,CNY,3,69.0466,534260924.0,39039392.54
1686.HK,HKD,20,81.7231,1931146042.0,1118664864.4
1688.HK,,20,43.1258,350101620.0,439398259.53
1689.HK,HKD,5,67.5771,474006000.0,31127185.27
1690.HK,HKD,5,72.3726,1045950000.0,9813805.79
1691.HK,USD,20,82.0481,2850824553.0,661489426.97
1692.HK,HKD,9,82.6759,296806000.0,67406422.25
1693.HK,MYR,13,50.9785,40924669.0,33793343.28
1695.HK,MYR,4,75.0001,810000000.0,8650398.07
1696.HK,USD,12,72.0378,337384100.0,182228385.78
1697.HK,CNY,6,64.4723,750931200.0,36193874.58
1698.HK,CNY,20,24.4431,362455878.0,1815980864.59
1701.HK,CNY,3,70.2312,702312000.0,11102962.08
1702.HK,CNY,3,79.0945,491132000.0,118675136.1
1703.HK,HKD,2,13.7319,18950000.0,1354089.57
1705.HK,HKD,3,75.0,300000000.0,12921391.8
1707.HK,HKD,1,54.7905,920480000.0,12681889.27
1708.HK,CNY,5,25.5569,58653288.0,2936568.58
1709.HK,HKD,20,49.4183,987080243.0,185351138.6
1710.HK,HKD,1,75.0,750000000.0,51677937.75
1711.HK,HKD,1,75.0,600000000.0,6861019.2
1712.HK,AUD,6,32.3579,61388151.0,38649725.95
1713.HK,CNY,9,86.5707,681654958.0,186999385.71
1715.HK,CNY,3,30.2695,109200000.0,4799419.06
1716.HK,HKD,7,72.963,197000005.0,171989122.66
1717.HK,CNY,9,77.1275,1371439949.0,336104993.04
1718.HK,HKD,2,11.2534,34224000.0,1286291.46
1719.HK,HKD,3,85.7357,1478998511.0,62731451.19
1720.HK,CNY,2,69.75,767250000.0,5433571.67
1721.HK,SGD,1,60.234,602340000.0,36452339.24
1722.HK,MOP,2,64.3636,708000000.0,5952914.98
1723.HK,HKD,5,69.6628,333178000.0,80176613.67
1725.HK,CNY,8,41.7216,341453553.0,24794975.44
1726.HK,SGD,2,51.1497,584000000.0,96339020.8
1727.HK,CNY,6,0.0409,188500.0,7323.7
1728.HK,CNY,4,90.7065,9085216736.0,166984048.64
1729.HK,HKD,20,67.9796,1517853727.0,3696610103.22
1730.HK,SGD,20,64.9724,283024853.0,141324738.94
1731.HK,USD,2,75.0,840000000.0,92105391.58
1732.HK,CNY,2,59.2993,759031500.0,21636438.83
1733.HK,HKD,20,59.1294,1578630559.0,191941212.0
1735.HK,HKD,20,66.3034,2800649713.0,2994459510.4
1736.HK,CNY,10,52.5691,26882816.0,1700063.16
1737.HK,HKD,1,75.0,750000000.0,12246393.75
1738.HK,CNY,5,64.3678,888625950.0,12514600.81
1739.HK,CNY,8,65.7355,752678457.0,20473242.03
1740.HK,CNY,6,63.7599,661507500.0,6643779.8
1741.HK,HKD,1,51.0,408000000.0,11480258.71
1742.HK,SGD,2,75.0,1200000000.0,23322564.0
1745.HK,CNY,8,71.7494,1815834733.0,50263592.22
1746.HK,HKD,1,75.0,750000000.0,27473233.5
1747.HK,USD,4,70.283,376065634.0,201076184.56
1748.HK,USD,7,42.6593,187700971.0,41491891.82
1750.HK,HKD,3,66.0,1188000000.0,13589707.83
1751.HK,HKD,5,32.8646,95700000.0,14376891.99
1752.HK,AUD,11,70.8385,1581008000.0,14567002.95
1753.HK,CNY,7,50.5612,544454029.0,16962894.15
1755.HK,CNY,14,1.1872,10344792.0,4159112.2
1756.HK,CNY,3,80.7738,969285000.0,77102509.44
1757.HK,HKD,2,75.0,900000000.0,714926329.2
1758.HK,CNY,6,66.3049,598824010.0,12216821.21
1759.HK,CNY,1,75.0,162000000.0,10325380.23
1760.HK,CNY,16,69.853,759886588.0,135640572.06
1762.HK,CNY,8,33.7826,656220914.0,118982018.09
1763.HK,CNY,10,40.261,32196275.0,77217154.05
1765.HK,CNY,14,49.1526,4263457721.0,117638663.86
1766.HK,CNY,20,28.862,1261576610.0,833866478.85
1767.HK,SGD,1,75.0,750000000.0,17865650.25
1769.HK,CNY,20,50.7649,342044071.0,80887299.34
1770.HK,CNY,20,88.2333,45162991.0,390071314.28
1771.HK,CNY,5,77.4718,464831000.0,18051874.73
1772.HK,CNY,20,47.703,230454037.0,1518874961.24
1773.HK,CNY,20,72.6175,1516635050.0,323936699.33
1775.HK,HKD,2,75.1165,400380000.0,18261990.83
1776.HK,CNY,20,55.3471,1063099056.0,2422664646.19
1777.HK,CNY,2,74.9546,4326830500.0,61284184.44
1778.HK,CNY,3,69.8698,1299164600.0,33660120.58
1779.HK,CNY,20,77.9283,58492309.0,862030045.61
1780.HK,HKD,3,33.3871,207000000.0,26413168.33
1782.HK,CNY,1,59.8888,479110000.0,227845584.18
1783.HK,HKD,20,57.681,1666607649.0,712848211.05
1785.HK,CNY,9,90.722,413785000.0,109026547.89
1786.HK,CNY,4,8.3399,44360000.0,5130126.67
1787.HK,CNY,20,28.3061,281783555.0,909363411.79
1788.HK,HKD,20,7.9616,758714984.0,210671461.33
1789.HK,CNY,20,68.0745,743616883.0,490442062.95
1790.HK,HKD,1,75.0,750000000.0,54946467.0
1792.HK,USD,8,58.0272,35930505.0,5376346.17
1793.HK,HKD,1,75.0,600000000.0,12651392.4
1795.HK,CNY,1,72.7255,436353000.0,31307838.6
1796.HK,HKD,2,74.6142,358148000.0,130732789.25
1797.HK,CNY,20,69.5752,732796312.0,1365533117.99
1798.HK,CNY,20,57.4281,1436317133.0,341166989.29
1799.HK,CNY,20,21.6883,81584634.0,42187388.84
1800.HK,CNY,20,12.6406,558523307.0,365410639.4
1801.HK,CNY,20,42.0247,731618904.0,6996053447.37
1802.HK,CNY,8,45.5632,378904154.0,3033185.45
1803.HK,HKD,7,64.9213,1096920600.0,11751970.73
1808.HK,CNY,2,21.4428,52510850.0,27654014.99
1809.HK,CNY,15,83.1277,530891500.0,548259540.93
1810.HK,CNY,20,38.5666,8252090526.0,31193601284.23
1811.HK,USD,20,77.7905,3337155487.0,1024835588.34
1812.HK,CNY,20,29.9214,158076132.0,15940899.75
1813.HK,CNY,16,58.8344,2011482804.0,37923247.38
1815.HK,CNY,12,56.7417,786085033.0,103307540.0
1816.HK,CNY,20,46.1615,5153287254.0,1789486243.81
1817.HK,CNY,5,74.9268,711804500.0,21807735.98
1818.HK,CNY,20,55.6674,1604088673.0,5961606543.92
1820.HK,CNY,10,70.0804,210684000.0,60161135.22
1822.HK,HKD,3,48.2632,476308602.0,10478611.09
1823.HK,CNY,1,63.6797,300000000.0,61262778.9
1825.HK,HKD,1,5.4633,2265750.0,312098.72
1826.HK,HKD,3,64.8598,1036720000.0,23590432.98
1827.HK,HKD,2,73.75,295000000.0,44376301.89
1828.HK,USD,20,84.0608,1075660655.0,4257628790.66
1830.HK,HKD,11,75.4377,947648302.0,164259271.71
1831.HK,CNY,4,48.0986,517276783.0,7775922.9
1832.HK,USD,1,75.0,270000000.0,21168849.42
1833.HK,CNY,20,65.6967,1419997583.0,2470022046.98
1835.HK,CNY,9,50.8044,19478400.0,4489439.75
1836.HK,USD,20,43.2411,364961105.0,668712871.38
1837.HK,CNY,13,68.7785,1505264681.0,279196846.86
1839.HK,CNY,4,0.0105,59000.0,56287.49
1841.HK,HKD,5,68.5775,274310000.0,8775432.12
1842.HK,HKD,2,38.3334,460000000.0,2670521.52
1843.HK,SGD,1,75.0,600000000.0,9257116.2
1845.HK,CNY,2,67.7098,902799000.0,15708541.9
1846.HK,HKD,16,67.4946,216458782.0,67888165.58
1847.HK,CNY,5,73.8706,98899300.0,4711734.12
1848.HK,HKD,12,64.3349,481209128.0,286387193.57
1850.HK,HKD,4,8.9861,15528000.0,865119.59
1851.HK,CNY,3,75.0,375000000.0,152789738.25
1853.HK,CNY,3,41.6752,48635000.0,12129060.73
1854.HK,HKD,5,58.3094,1188129112.0,174388676.42
1855.HK,CNY,14,71.2338,587678330.0,92757071.98
1856.HK,HKD,5,77.614,279609997.0,52593391.97
1857.HK,HKD,15,74.465,2130358700.0,387843538.52
1858.HK,CNY,20,38.6156,36739508.0,53800911.58
1860.HK,USD,20,46.7261,787137801.0,1137097538.69
1861.HK,HKD,3,74.8885,175177000.0,24842558.43
1862.HK,CNY,6,74.4173,1145145531.0,3810085.83
1863.HK,CNY,7,55.5493,473619948.0,83542412.97
1865.HK,SGD,1,4.3622,56150000.0,1801157.35
1866.HK,CNY,20,58.5772,746670508.0,868721947.09
1867.HK,HKD,2,74.8642,1118470000.0,23727474.23
1868.HK,CNY,4,73.288,1534992913.0,78914723.1
1869.HK,HKD,7,64.8046,1096687720.0,15189380.96
1870.HK,HKD,7,34.9363,355362500.0,23925706.6
1871.HK,CNY,3,62.9767,274552000.0,7432256.23
1872.HK,SGD,4,14.8074,96500000.0,44422226.51
1873.HK,CNY,20,52.4125,1097283282.0,217963883.01
1875.HK,CNY,8,79.6599,615601858.0,372041581.14
1876.HK,USD,20,91.2272,12081595765.0,11724461940.61
1877.HK,CNY,20,38.3552,99837054.0,268732686.7
1878.HK,USD,8,78.0132,231686956.0,61453926.71
1879.HK,CNY,20,67.2392,51673846.0,5253117645.66
1880.HK,CNY,20,28.0718,35180070.0,303423302.7
1882.HK,CNY,20,75.7176,1208451292.0,3382104619.53
1883.HK,HKD,20,64.11,2372646272.0,753478132.49
1884.HK,HKD,2,57.2198,314709000.0,5017346.42
1888.HK,HKD,20,74.1885,2338012904.0,26765626896.82
1889.HK,CNY,5,35.8929,54879915.0,2720570.59
1890.HK,CNY,20,82.7746,1667285083.0,332873266.15
1891.HK,MYR,6,68.168,681680000.0,12616727.03
1894.HK,HKD,1,10.7239,24695000.0,1196875.2
1895.HK,CNY,3,52.6744,312379500.0,19227760.81
1896.HK,CNY,20,73.8267999999999,858012712.0,754660481.94
1897.HK,HKD,13,71.4386,288166867.0,16891292.04
1898.HK,CNY,20,57.1978,2348929137.0,2982539930.89
1899.HK,CNY,20,69.679,1337920286.0,248583816.08
1900.HK,CNY,8,45.3821,780656033.0,16230412.19
1901.HK,CNY,11,59.881,597852700.0,26145252.81
1903.HK,MYR,4,53.5828,267914000.0,45791626.97
1905.HK,CNY,15,78.9994,4577582515.0,458902655.52
1906.HK,CNY,3,54.5949,803158461.0,48517985.01
1907.HK,CNY,20,78.8152,3351762022.0,1070611707.19
1908.HK,CNY,20,83.6093,1936333339.0,3722823509.44
1909.HK,HKD,3,51.0001,123839033.0,25467199.56
1910.HK,USD,20,46.0482,628003756.0,1419489971.35
1911.HK,CNY,20,58.2865,334183803.0,241188932.11
1912.HK,USD,2,56.6685,74674600.0,7303703.08
1913.HK,EUR,20,87.138,2229712785.0,11302422061.81
1915.HK,CNY,2,8.392,12588000.0,662687.95
1916.HK,CNY,11,70.0563,942607250.0,88121293.49
1917.HK,CNY,7,71.6582,1648140760.0,25419915.21
1918.HK,CNY,20,37.4728,7481600510.0,804844324.33
1919.HK,CNY,20,37.0265,1004008435.0,1732241550.11
1920.HK,HKD,4,54.2396,318711800.0,23576665.25
1921.HK,CNY,19,72.6214,1131848482.0,459504242.24
1925.HK,CNY,3,71.3726,289089429.0,43730580.95
1927.HK,CNY,3,72.75,576179908.0,8828581.17
1928.HK,USD,20,82.5888,6684221801.0,16446062424.74
1929.HK,HKD,20,87.2982,8613135654.0,11976681324.04
1930.HK,CNY,5,63.3599,418175000.0,20424212.31
1931.HK,CNY,13,65.7968,1055570827.0,715173829.6
1932.HK,HKD,1,75.0,750000000.0,15785043.0
1933.HK,CNY,6,74.3805,374823177.0,6212487.79
1935.HK,CNY,12,75.0357,1201192000.0,137433956.83
1936.HK,MYR,2,78.1945,364982000.0,34714173.1
1937.HK,CNY,7,73.458,734580000.0,25794439.46
1938.HK,CNY,1,69.8479,706261000.0,26324909.08
1939.HK,HKD,7,65.9822,337749278.0,67128359.94
1940.HK,CNY,3,75.0,900000000.0,151708411.6
1941.HK,CNY,2,69.6134,282150000.0,6030786.96
1942.HK,CNY,9,15.7016,215466222.0,8213739.36
1943.HK,HKD,5,57.1232,670295000.0,67536450.8
1945.HK,CNY,5,51.945,152830390.0,29594903.32
1947.HK,CNY,3,68.8981,413495000.0,19664171.12
1948.HK,CNY,5,72.7125,436275400.0,163759503.55
1949.HK,THB,3,39.4098,90800000.0,7179971.13
1950.HK,CNY,3,8.6112,62000800.0,1078963.52
1951.HK,CNY,20,28.2804,764996247.0,222905844.88
1952.HK,CNY,20,45.3858,160588955.0,576597647.88
1953.HK,MYR,2,75.0,945000000.0,118170218.25
1955.HK,HKD,4,84.0,420000000.0,27766981.34
1956.HK,CNY,20,79.0955,136915040.0,1493047116.87
1957.HK,MYR,1,66.051,414800000.0,12635450.94
1958.HK,CNY,20,40.0766,1010208060.0,224861584.21
1959.HK,CNY,5,71.682,379916000.0,159675760.71
1960.HK,MYR,1,60.0,600000000.0,10701045.6
1961.HK,CNY,1,60.9988,447914711.0,21419847.2
1962.HK,HKD,7,73.8193,459813803.0,28179169.39
1963.HK,CNY,20,81.4572,1286228882.0,1244511657.58
1965.HK,CNY,5,74.863,307511321.0,7239438.74
1966.HK,CNY,9,61.5905,2600960000.0,28289899.22
1967.HK,CNY,2,42.4751,127425000.0,6493241.72
1968.HK,HKD,1,75.0,480000000.0,6674993.28
1969.HK,CNY,19,75.2856,903427320.0,107386149.82
1970.HK,USD,20,74.7928,254210301.0,266001135.87
1971.HK,CNY,1,72.7696,301994000.0,14943856.9
1972.HK,HKD,20,87.564,5041476885.0,13233216769.35
1973.HK,CNY,6,56.8913,98568800.0,45817618.2
1975.HK,HKD,3,80.0,384000000.0,17610639.74
1977.HK,HKD,11,75.4961,1056945139.0,124983627.92
1978.HK,HKD,3,75.0223,600178000.0,29393716.32
1979.HK,HKD,17,82.6354,851466060.0,204657181.01
1980.HK,CNY,10,86.2362,955281544.0,88162247.87
1981.HK,CNY,10,73.1388,1210401000.0,191518648.42
1982.HK,HKD,9,75.0582,1710870997.0,184757922.37
1983.HK,CNY,7,83.7034,630387000.0,174855289.21
1985.HK,HKD,8,68.4538,205361400.0,41758920.0
1986.HK,CNY,11,62.3834,603799276.0,62525791.79
1987.HK,SGD,4,59.154,591540000.0,15153517.05
1988.HK,CNY,20,43.467,3616575001.0,1722334517.44
1989.HK,,20,61.8314,28442589.0,458140082.54
1991.HK,HKD,6,62.9904,108347549.0,11419224.28
1993.HK,CNY,4,67.9634,329561504.0,29395965.7
1995.HK,CNY,20,46.4711,800509925.0,175538819.89
1996.HK,CNY,1,71.88,2400000000.0,10179556.8
1997.HK,HKD,20,59.5715,1808730467.0,5609794783.99
1999.HK,HKD,20,80.0571,3077363353.0,1243141486.18
2000.HK,HKD,6,59.3876,1258451000.0,58218924.71
2001.HK,CNY,20,60.3759,1190574106.0,162313640.73
2002.HK,CNY,11,48.7688,519457552.0,63992009.19
2003.HK,CNY,14,84.8683,415397090.0,79686564.84
2005.HK,HKD,20,81.0375,2343154649.0,714016492.9
2007.HK,CNY,20,48.5736,22550357095.0,584086305.56
2008.HK,HKD,8,76.2772,380902100.0,89628860.25
2009.HK,CNY,20,7.131,166775530.0,12374343.1
2011.HK,HKD,3,50.1856,288314824.0,52507680.0
2012.HK,CAD,13,74.8044,532123946.0,30695596.96
2013.HK,CNY,20,18.7944,776630603.0,138506905.6
2015.HK,CNY,20,51.0161,886294690.0,6720357273.31
2016.HK,CNY,20,74.962,4437911431.0,1428206288.65
2017.HK,CNY,1,73.2405,452994000.0,16040244.38
2018.HK,CNY,20,57.5369,665016419.0,3375792994.98
2019.HK,CNY,1,0.0,0.0,0.0
2020.HK,CNY,20,66.1787,1850788966.0,17795705481.43
2022.HK,USD,6,69.1527,1383054477.0,9436609.15
2023.HK,CNY,3,53.6079,263644000.0,27108877.67
2025.HK,CNY,6,71.5879,572702000.0,234553182.64
2026.HK,USD,20,32.8479,116059097.0,1491242774.42
2028.HK,CNY,2,55.4827,476227533.0,102014599.24
2030.HK,CNY,10,69.2813,463209839.0,87507741.17
2031.HK,HKD,2,70.7185,538875000.0,22031019.93
2033.HK,HKD,7,87.042,1791381569.0,74174799.68
2038.HK,USD,20,69.9916,547055538.0,1371745446.36
2039.HK,CNY,20,89.9999,2708864739.0,3311820029.63
2048.HK,CNY,5,45.3436,793088040.0,9961907.92
2050.HK,CNY,20,35.6356,169816403.0,596070130.8
2051.HK,CNY,8,49.448,805996201.0,28208470.49
2057.HK,CNY,20,39.521,222818573.0,4375026743.59
2068.HK,CNY,9,64.2201,256544000.0,83334913.25
2076.HK,CNY,20,18.0447,148020115.0,1037164032.23
2078.HK,HKD,1,75.0,900000000.0,15269334.3
2080.HK,HKD,2,75.1241,370350000.0,10380351.64
2086.HK,HKD,2,74.8329,239139669.0,12932626.9
2096.HK,CNY,20,77.4398999999999,1988803084.0,3255678632.65
2097.HK,CNY,20,76.4111,115291108.0,6033024501.38
2098.HK,CNY,12,76.6647,9506019147.0,123395556.53
2099.HK,USD,20,59.7778,236966499.0,3854860622.09
2100.HK,CNY,15,64.2163,1834386875.0,74699130.28
2101.HK,CNY,5,64.995,263893498.0,60939774.49
2102.HK,HKD,1,75.0,750000000.0,19873624.5
2105.HK,CNY,20,43.6723,196233367.0,297195199.4
2107.HK,CNY,10,75.3967,953013937.0,27619161.81
2108.HK,SGD,3,82.061,656488000.0,18583822.41
2110.HK,HKD,2,10.7776,46559000.0,547630.78
2111.HK,HKD,20,89.4942,930570062.0,382537344.41
2112.HK,USD,4,62.955,944325000.0,7039683.19
2113.HK,HKD,1,28.0,225330000.0,1158836.59
2116.HK,CNY,1,75.0,360000000.0,23598061.92
2119.HK,HKD,6,71.6269,516237715.0,37157968.69
2120.HK,CNY,7,50.6652,9929850.0,11547717.21
2121.HK,CNY,20,53.6949,296950041.0,166707574.39
2122.HK,CNY,3,74.6449,1012119820.0,33715715.2
2125.HK,CNY,5,71.4823,504694400.0,29839392.23
2126.HK,CNY,9,24.1435,100613513.0,32384728.61
2127.HK,CNY,6,30.4161,1164608000.0,3047584.24
2128.HK,CNY,20,77.0337,2389908869.0,1087637494.33
2129.HK,SGD,1,75.0,937500000.0,11950671.56
2130.HK,HKD,9,80.306,241310524.0,104209181.96
2131.HK,CNY,6,25.055,199352885.0,13459154.31
2132.HK,HKD,1,75.0,1200000000.0,20828511.6
2135.HK,CNY,2,61.3815,341941931.0,4711096.07
2136.HK,CNY,6,75.0829,1099551792.0,91834817.0
2137.HK,CNY,18,17.864,128950556.0,23320111.05
2138.HK,HKD,17,61.7656,732053409.0,64830266.97
2139.HK,CNY,9,77.541,2941752115.0,99484625.57
2142.HK,USD,20,42.9194,372684888.0,619648576.67
2145.HK,CNY,20,76.6886,158380981.0,643597153.17
2146.HK,CNY,3,59.3829,55820000.0,12328033.91
2147.HK,CNY,5,30.633,20585362.0,2021241.32
2149.HK,CNY,11,24.585,4425300.0,21261650.72
2150.HK,CNY,19,59.9265,1009354058.0,176551963.0
2152.HK,CNY,13,89.1766,23227750.0,20276005.11
2153.HK,CNY,5,77.0341,898889659.0,100377481.22
2155.HK,CNY,20,78.2799,995195810.0,997387119.82
2156.HK,CNY,20,82.5985,1163204453.0,365109119.7
2157.HK,CNY,20,63.3187,1142547177.0,727257428.09
2158.HK,CNY,20,46.6316,475601717.0,299645877.79
2159.HK,CNY,7,58.7031,164368933.0,26208212.34
2160.HK,USD,20,70.0133,891487575.0,640814731.13
2161.HK,HKD,16,73.6657,605532602.0,207713947.61
2162.HK,CNY,20,53.2532,159085482.0,1024658746.75
2163.HK,CNY,7,1.2511,3876000.0,463112.19
2165.HK,CNY,6,82.5176,235740570.0,55641869.03
2166.HK,HKD,7,66.5248,390112000.0,209011259.57
2167.HK,CNY,6,71.101,123275431.0,68648014.95
2168.HK,CNY,6,72.0226,110994012.0,21328499.6
2169.HK,CNY,13,70.9603,2838406000.0,323679081.68
2170.HK,CNY,1,7.2612,6006010.0,1435828.77
2171.HK,CNY,20,40.8491,242736251.0,549689877.1
2172.HK,CNY,20,40.762,231723954.0,324017620.11
2175.HK,CNY,5,81.6082,412543000.0,112755615.73
2176.HK,CNY,1,9.5694,20000000.0,4138657.9
2177.HK,CNY,2,73.3337,121656800.0,21930587.26
2178.HK,HKD,5,54.5133,941266212.0,9824090.91
2179.HK,CNY,19,67.4867,309150727.0,216287256.14
2180.HK,CNY,19,80.138,166290595.0,110722585.15
2181.HK,CNY,4,77.1765,3182819860.0,204543517.27
2182.HK,HKD,2,66.4567,412031580.0,17239974.74
2185.HK,CNY,12,58.1837,137140554.0,43058724.07
2186.HK,CNY,20,58.1467,2322679434.0,954719035.05
2187.HK,CNY,9,66.143,593698800.0,65583945.65
2188.HK,CNY,6,75.5831,1127718449.0,25800275.36
2189.HK,HKD,3,71.1414,711414000.0,44329837.21
2190.HK,CNY,20,79.2657,256367833.0,732069655.79
2192.HK,CNY,20,96.2186,712125721.0,828024254.17
2193.HK,HKD,5,73.8723,309964000.0,7811070.47
2195.HK,HKD,5,67.2512,113750539.0,6764606.91
2196.HK,CNY,20,36.4412,197137340.0,467728904.82
2197.HK,CNY,19,48.6307,631430239.0,172272135.33
2198.HK,CNY,14,48.7547,580180097.0,229118596.44
2199.HK,HKD,11,76.7093,939114913.0,217245332.64
2202.HK,CNY,20,21.9951,485323774.0,190357978.99
2203.HK,HKD,1,74.9573,599658000.0,16262591.24
2205.HK,CNY,2,76.8591,538014000.0,63982861.03
2208.HK,CNY,20,43.7125,336643708.0,524565917.44
2209.HK,USD,14,61.6237,257843890.0,96755531.74
2210.HK,CNY,7,78.5324,28795600.0,11776778.66
2211.HK,CNY,6,9.479,10478772.0,1552882.35
2212.HK,CNY,2,0.0,0.0,0.0
2215.HK,CNY,4,73.3437,673207564.0,18537179.03
2216.HK,USD,9,38.0807,200715539.0,58015243.54
2218.HK,CNY,8,32.3791,20609900.0,35953177.04
2219.HK,CNY,20,61.6518,434756381.0,159197060.18
2221.HK,HKD,13,37.5915,86199200.0,8396968.99
2222.HK,USD,7,70.7557,358925577.0,29986199.0
2223.HK,HKD,4,62.7538,162000000.0,15616364.38
2225.HK,SGD,5,48.6008,2575350000.0,927717278.48
2226.HK,CNY,4,77.3681,447767350.0,33059251.29
2227.HK,SGD,5,78.605,719705714.0,9866582.89
2228.HK,CNY,20,26.3207,1132705820.0,1232338617.17
2230.HK,HKD,2,73.75,1469100000.0,41743308.57
2231.HK,CNY,3,62.9999,1037087000.0,1719286.98
2232.HK,USD,20,90.1563,2571995977.0,2187677613.16
2233.HK,CNY,20,72.6045,3966037975.0,1533989820.28
2235.HK,CNY,12,58.9178,96142671.0,84542192.84
2236.HK,CNY,8,76.0615,3103173400.0,137810058.6
2237.HK,CNY,1,75.0,1200000000.0,56296029.6
2238.HK,CNY,20,33.1263,931964890.0,351153710.4
2239.HK,USD,4,68.3415,222063476.0,22816083.07
2245.HK,CNY,20,56.9897,313839967.0,782655862.26
2246.HK,CNY,4,41.6543,27500765.0,14105197.43
2249.HK,,18,57.3255,123918900.0,498926396.77
2250.HK,HKD,3,75.2204,758489000.0,33049978.84
2251.HK,CNY,20,73.8466,74608419.0,117538811.12
2252.HK,CNY,20,67.4382,695097881.0,1972542061.07
2255.HK,CNY,20,78.3364000000001,10351373824.0,576602855.09
2256.HK,CNY,20,52.2478,375088630.0,564924801.98
2257.HK,USD,15,24.1672,26516591.0,18554192.01
2258.HK,CNY,6,73.8044,609181292.0,17225542.2
2259.HK,USD,20,89.1223,2385212725.0,44393702692.93
2260.HK,CNY,2,74.4551,359947200.0,55979346.69
2262.HK,HKD,3,74.908,855000000.0,87914348.14
2263.HK,HKD,1,75.0,750000000.0,16971380.25
2265.HK,CNY,3,62.623,626230000.0,86888428.51
2266.HK,MOP,1,75.0,300000000.0,9193567.2
2268.HK,CNY,20,80.4503,1018793947.0,7900375338.62
2269.HK,CNY,20,31.6807,1312711647.0,5922414993.17
2270.HK,CNY,8,79.8791,495457595.0,240425538.98
2271.HK,CNY,1,67.9352,368796000.0,136711584.83
2272.HK,CNY,16,88.9784,87435243.0,1284680823.08
2273.HK,CNY,20,59.252,131535332.0,479004007.02
2276.HK,CNY,20,70.8174,352861397.0,2644866302.12
2279.HK,CNY,13,76.0186,399268478.0,83774853.65
2280.HK,CNY,7,50.7114,664281773.0,14327866.32
2281.HK,CNY,3,71.7512,154222000.0,14668365.02
2282.HK,HKD,20,85.1821,3237001045.0,5374207770.43
2283.HK,HKD,20,85.1961,709905276.0,230244170.5
2285.HK,USD,20,89.0667,453530902.0,1134331240.97
2286.HK,CNY,4,80.8128,484876740.0,16895437.79
2288.HK,HKD,4,53.5075,200892166.0,3495840.95
2289.HK,CNY,2,75.0,81000000.0,102210833.99
2290.HK,HKD,3,75.6521,378260500.0,121575978.4
2291.HK,CNY,20,77.9001,270119197.0,558064899.42
2293.HK,HKD,2,75.2532,302864000.0,19291437.95
2295.HK,HKD,1,75.0,300000000.0,112022456.1
2297.HK,CNY,10,71.2448,998392172.0,29117991.7
2298.HK,CNY,13,57.9724,1304063890.0,56512472.73
2299.HK,CNY,6,93.185,1966594808.0,1263829753.56
2302.HK,HKD,5,66.765,326593273.0,199827704.66
2306.HK,CNY,7,64.0662,532107000.0,141461047.42
2307.HK,HKD,5,50.0967,435800000.0,15404394.14
2309.HK,HKD,6,67.6084,623880292.0,180158578.04
2310.HK,HKD,2,74.9999,819656014.0,2955122.22
2312.HK,HKD,6,50.6138,231243940.0,13874164.21
2313.HK,CNY,20,66.946,1006090966.0,6073755768.97
2314.HK,HKD,20,77.2587,3318267833.0,1195184905.13
2315.HK,CNY,20,75.741,83907285.0,498960081.36
2317.HK,USD,11,67.7483,1031631138.0,88910822.72
2318.HK,CNY,20,33.9183,2526097995.0,16512978086.55
2319.HK,CNY,20,53.209,2059980586.0,4224434667.63
2320.HK,HKD,10,76.5726,626089991.0,5736902.94
2321.HK,MYR,2,77.3999,774115000.0,44846189.65
2322.HK,HKD,6,31.2087,1379607494.0,81517320.17
2324.HK,HKD,1,0.3055,2750000.0,41767.18
2325.HK,CNY,6,76.6096,475937346.0,54184244.68
2326.HK,HKD,3,39.1543,8255322140.0,10613958.48
2327.HK,HKD,8,69.108,2802575761.0,90406354.29
2328.HK,CNY,20,32.1679,2219360620.0,4158672547.44
2329.HK,CNY,2,76.7127,3409431570.0,55653099.34
2330.HK,CNY,6,57.3094,259523446.0,7205000.46
2331.HK,CNY,20,44.7982,1157944234.0,2552421524.86
2333.HK,CNY,20,26.0072,600076365.0,860280046.05
2335.HK,CNY,19,85.7025,240027450.0,1118628024.04
2336.HK,HKD,1,66.4794,1207207299.0,15233291.37
2337.HK,CNY,6,73.6953,275990240.0,61013414.98
2338.HK,CNY,20,47.8556,929858787.0,3337826093.36
2339.HK,HKD,8,75.5167,975875134.0,613279254.91
2340.HK,HKD,3,52.2159,399306600.0,8519580.86
2342.HK,HKD,20,41.1548,1286418705.0,392137375.53
2343.HK,USD,20,67.3783,3474871900.0,1394648681.34
2347.HK,HKD,4,72.6163,351526803.0,33575017.31
2348.HK,CNY,17,70.5925,1063398509.0,139799323.81
2349.HK,HKD,7,65.656,2053906245.0,14671309.29
2350.HK,HKD,3,31.956,279615000.0,25832728.36
2352.HK,CNY,6,75.6629,50687200.0,39154026.46
2355.HK,CNY,7,19.91,33824362.0,16877909.02
2356.HK,HKD,20,80.0305,1125029637.0,1225951899.25
2357.HK,CNY,20,62.4923,3881177688.0,1941943512.76
2358.HK,HKD,3,21.719,1188466000.0,1524803.65
2359.HK,CNY,20,51.8887,254424740.0,4247130142.68
2360.HK,HKD,8,75.9381,759380901.0,198689185.5
2361.HK,CNY,7,89.589,404736750.0,283512883.6
2362.HK,USD,20,77.5587,10185078310.0,837435849.24
2363.HK,HKD,2,29.1533,59538092.0,2869656.02
2367.HK,CNY,20,68.6478,728836648.0,2998253047.12
2368.HK,HKD,13,63.9145,366984800.0,188875280.14
2369.HK,HKD,9,47.6343,158112337.0,20448188.05
2370.HK,CNY,2,75.0,150000000.0,19712918.7
2371.HK,CNY,7,43.9764,302724528.0,10612959.29
2372.HK,CNY,3,72.75,582000000.0,17985398.17
2373.HK,CNY,20,67.7256,168037830.0,452396952.06
2376.HK,CNY,5,65.7453,21919500.0,7888461.89
2377.HK,CNY,7,73.2722,626376319.0,55728620.88
2378.HK,USD,20,37.3642,936558921.0,12851094948.62
2380.HK,CNY,20,77.0057,9525744824.0,3934912002.42
2381.HK,HKD,2,84.0045,1680090000.0,38238333.95
2382.HK,CNY,20,59.5402,642416662.0,4782183878.76
2383.HK,HKD,12,74.8362,2962396908.0,156110013.47
2385.HK,CNY,6,80.786,284366353.0,230192259.06
2386.HK,CNY,20,40.9235,673930533.0,606621460.79
2388.HK,HKD,20,73.2099,7740319900.0,39406573912.85
2389.HK,HKD,9,57.6637,3493707556.0,33921273.09
2390.HK,CNY,20,52.9764,132921762.0,142588375.1
2391.HK,USD,18,47.7685,259482920.0,571635254.95
2392.HK,CNY,13,72.5282,402429824.0,66540136.52
2393.HK,CNY,5,64.6301,1506908100.0,19561935.02
2396.HK,CNY,10,78.742,65373345.0,135867124.51
2399.HK,CNY,15,47.4651,1695170000.0,129265826.28
2400.HK,CNY,20,57.2328,280043763.0,1944470279.52
2402.HK,CNY,13,13.3587,5977451.0,13530868.34
2405.HK,USD,5,67.6125,540900000.0,90295560.64
2407.HK,CNY,16,63.2671,93564230.0,76128251.23
2408.HK,CNY,17,89.185,633825631.0,366594519.45
2409.HK,USD,4,75.0,375000000.0,211183138.41
2410.HK,CNY,20,75.3687,286451257.0,718050856.84
2411.HK,CNY,20,54.9465,1088127502.0,227865312.78
2415.HK,CNY,12,79.7377,484144155.0,54487805.07
2416.HK,CNY,12,75.1788,365689044.0,129672957.29
2418.HK,CNY,7,89.948,470785500.0,96778173.96
2419.HK,CNY,20,54.8818,84556388.0,717312598.47
2420.HK,CNY,8,71.7011,358505600.0,191225586.23
2421.HK,CNY,13,73.1652,369751500.0,30425488.41
2422.HK,CNY,7,57.3886,952651000.0,126938762.33
2423.HK,CNY,20,55.5692,1848501444.0,9225651848.34
2425.HK,CNY,20,78.5101,769907241.0,232596230.58
2427.HK,CNY,2,73.5973,699174575.0,387359280.09
2429.HK,CNY,16,40.8449,382967642.0,148946802.95
2431.HK,CNY,20,61.179,198938878.0,405076779.03
2432.HK,CNY,20,45.6295,179687549.0,772561075.53
2433.HK,CNY,5,32.2531,185777983.0,2174319.23
2436.HK,CNY,9,44.8414,155831256.0,202336200.32
2438.HK,CNY,9,65.5916,1015911993.0,73138863.29
2439.HK,CNY,3,42.6586,511903040.0,24821124.91
2440.HK,CNY,6,56.7491,236660100.0,55664689.35
2442.HK,HKD,2,64.5755,263468001.0,2370724758.66
2443.HK,CNY,17,42.3511,352640476.0,195619952.74
2450.HK,CNY,1,5.5523,3664500.0,1502481.27
2451.HK,CNY,13,64.0453,260105477.0,419450577.38
2453.HK,CNY,12,31.645,99325766.0,64187380.14
2455.HK,CNY,6,69.9666,209900044.0,16784336.77
2457.HK,CNY,1,75.0,750000000.0,27955220.25
2458.HK,CNY,5,56.9279,81241762.0,67382293.75
2459.HK,USD,20,7.6252,14777502.0,2436938.05
2460.HK,CNY,20,85.1529,2042132253.0,2631965300.76
2465.HK,CNY,14,11.6295,15699705.0,23940948.15
2469.HK,CNY,20,51.5362,1138422789.0,231550320.83
2473.HK,CNY,20,26.621,494149690.0,54284836.25
2475.HK,,20,47.5727,182428200.0,1405625617.73
2476.HK,CNY,20,25.2116,27789760.0,1165019965.17
2477.HK,CNY,17,28.6785,1375418615.0,36266831.28
2480.HK,CNY,9,82.3795,163863628.0,497047880.04
2481.HK,CNY,6,78.7411,237483000.0,78140493.21
2482.HK,CNY,3,32.4006,170890674.0,16253756.18
2483.HK,HKD,1,75.0,375000000.0,82901687.63
2486.HK,CNY,6,81.91,92728400.0,82146117.42
2487.HK,CNY,17,81.0985,302636735.0,233834294.56
2488.HK,CNY,20,58.437,205018355.0,206679377.6
2489.HK,CNY,8,67.7944,1626685000.0,223379567.64
2490.HK,CNY,8,52.6875,323864788.0,182281169.09
2493.HK,,6,31.8704,15020600.0,49755617.72
2495.HK,CNY,20,67.5821,22073489.0,381025468.13
2496.HK,CNY,14,91.1826,163653717.0,122520792.54
2497.HK,CNY,3,69.6829,348414303.0,38876440.85
2498.HK,CNY,20,37.66,177749470.0,720036452.68
2499.HK,CNY,8,66.9206,176771692.0,131795170.29
2500.HK,CNY,20,35.735,157595013.0,113575678.14
2501.HK,CNY,3,74.8196,374098000.0,42276252.98
2502.HK,CNY,1,75.0,716730000.0,39612084.56
2503.HK,CNY,11,68.894,2365026882.0,59041429.2
2505.HK,CNY,12,74.9774,347382195.0,44769126.66
2506.HK,CNY,20,88.2343,68202473.0,730845101.47
2507.HK,USD,20,82.7798,302964573.0,2159360873.28
2508.HK,CNY,20,87.1303,540604850.0,403025452.35
2509.HK,CNY,20,69.6444,155564400.0,459175270.45
2510.HK,USD,20,83.8444,1396034192.0,1430366780.7
2511.HK,CNY,15,55.8896,319311580.0,113275345.82
2512.HK,CNY,3,74.0205,354830500.0,137128256.92
2513.HK,CNY,20,33.505,156006788.0,13291252426.99
2515.HK,CNY,3,27.5175,85508895.0,12760079.99
2516.HK,CNY,9,47.7131,446593966.0,48589206.27
2517.HK,CNY,20,65.5893,1686468120.0,757073218.38
2518.HK,CNY,20,61.451,283094052.0,1227947659.52
2519.HK,CNY,10,53.5807,222246775.0,145266349.58
2520.HK,CNY,8,85.6851,320022000.0,88444411.46
2521.HK,CNY,3,55.3817,1079795000.0,88773211.76
2522.HK,CNY,20,21.1507,60997008.0,55079393.76
2525.HK,CNY,20,18.2438,189942400.0,420389510.49
2526.HK,CNY,18,90.1278,80104839.0,2024321083.59
2528.HK,HKD,1,75.0,300000000.0,8498255.4
2529.HK,CNY,1,23.02,9208000.0,3641535.16
2530.HK,CNY,1,75.0,750000000.0,59766333.0
2531.HK,CNY,11,80.0769,293561640.0,244038112.0
2533.HK,CNY,20,37.2668,265559921.0,553280491.92
2535.HK,HKD,3,44.234,884680000.0,103732967.95
2536.HK,HKD,2,71.6637,578034579.0,222955557.93
2539.HK,CNY,8,64.3263,14940420.0,72510090.77
2540.HK,CNY,1,59.375,356250000.0,39530323.29
2543.HK,CNY,2,16.7647,1515700.0,5658516.86
2545.HK,CNY,3,67.6536,432983068.0,22260481.75
2546.HK,CNY,5,85.1959,415590659.0,784808834.25
2549.HK,CNY,9,75.9555,418363806.0,252777627.74
2550.HK,CNY,17,38.2478,171924736.0,104739468.66
2551.HK,CNY,11,51.545,130999828.0,42983143.56
2552.HK,CNY,20,35.8632,378930855.0,146764293.08
2553.HK,CNY,18,84.9932,226548803.0,1508302725.25
2555.HK,CNY,20,86.1237,1272593700.0,1076051803.03
2556.HK,CNY,20,74.8883,200503700.0,931165837.18
2558.HK,CNY,9,55.8623,542228150.0,100296552.79
2559.HK,CNY,9,66.9997,687606358.0,213762542.19
2560.HK,CNY,12,76.4773,141766800.0,24938112.72
2561.HK,CNY,3,71.913,81803428.0,344864907.29
2562.HK,SGD,20,26.6458,124271253.0,121531055.72
2563.HK,CNY,16,63.9167,249011267.0,380118209.52
2565.HK,CNY,11,37.9288,146406480.0,112262526.44
2566.HK,CNY,14,84.8394,203860400.0,155199193.44
2567.HK,CNY,10,73.4879,1472348733.0,81432181.34
2569.HK,CNY,2,75.0,750000000.0,94469364.75
2570.HK,CNY,20,44.3594,39365468.0,164433865.41
2571.HK,CNY,4,57.6689,19223000.0,33040037.21
2573.HK,CNY,18,92.266,88788634.0,70764714.25
2575.HK,CNY,10,80.8321,418668378.0,900556369.59
2576.HK,CNY,10,60.3623,118191045.0,63802661.63
2577.HK,CNY,20,74.7372,672174594.0,5017561324.85
2579.HK,CNY,20,43.0691,44889078.0,174542312.56
2580.HK,CNY,20,87.6711,1392423421.0,2559655185.1
2581.HK,CNY,8,87.1682,271916885.0,143642069.98
2582.HK,CNY,20,60.848,61729645.0,319900797.97
2583.HK,CNY,10,72.4406,42613233.0,957160240.23
2585.HK,CNY,11,77.2015,210778000.0,502301693.2
2586.HK,CNY,20,65.4045,566453773.0,524551537.03
2587.HK,CNY,20,61.5125,537786235.0,272507732.09
2588.HK,USD,20,78.3712,543903775.0,5133087061.87
2589.HK,CNY,18,59.4759,56313525.0,938532796.41
2590.HK,CNY,20,43.8488,441096882.0,995671125.69
2591.HK,CNY,20,83.2587,349924451.0,1997105263.41
2592.HK,USD,10,52.928,467350609.0,195746816.84
2593.HK,HKD,2,74.9999,100000000.0,35795681.3
2595.HK,CNY,20,34.8415,122513232.0,512953475.7
2596.HK,CNY,11,86.0759,592547000.0,200300581.09
2597.HK,CNY,1,31.3945,9556500.0,18620945.21
2598.HK,CNY,20,38.1631,163716145.0,176868894.46
2600.HK,CNY,20,34.6575,1366877734.0,1653799522.28
2601.HK,CNY,20,40.0823,1112402905.0,4402660718.67
2602.HK,CNY,20,81.6577,939870829.0,2205933966.47
2603.HK,CNY,4,22.3061,17238500.0,21377645.76
2605.HK,CNY,18,81.8361,126675337.0,75583145.18
2607.HK,CNY,20,52.3532,481165143.0,700138342.06
2608.HK,CNY,6,52.6467,1342917353.0,2349884.61
2609.HK,CNY,20,87.9598,1159719823.0,542326650.18
2610.HK,USD,20,86.4544,536392896.0,2911640873.64
2611.HK,CNY,20,47.2309,1655800878.0,3313306563.9
2613.HK,CNY,12,89.4411,35776400.0,139904344.67
2616.HK,CNY,20,35.2223,563817730.0,608357298.06
2617.HK,CNY,20,61.2015,190930790.0,946802577.31
2618.HK,CNY,20,77.2589,5117401095.0,8289316578.97
2619.HK,CNY,4,50.0133,34119000.0,11796474.45
2621.HK,CNY,10,81.6317,184144400.0,82377962.36
2623.HK,CNY,5,55.5897,292084363.0,235771147.51
2625.HK,CNY,9,52.5679,123870859.0,67953664.91
2627.HK,CNY,20,82.8322,245482524.0,1606396110.24
2628.HK,CNY,20,40.3251,3000636648.0,10678080132.83
2629.HK,USD,20,74.9318,223469084.0,632720658.77
2630.HK,CNY,20,86.9606,145135212.0,1196237526.91
2631.HK,CNY,20,32.4167,17799100.0,124181622.45
2632.HK,CNY,20,78.5732,85673706.0,492057123.68
2633.HK,HKD,14,81.4109,1628400750.0,257427000.78
2635.HK,CNY,20,83.0632,252799550.0,1053478453.53
2637.HK,CNY,14,87.3456,68747320.0,1268695432.54
2638.HK,HKD,20,75.3211,6655512927.0,5389223388.43
2643.HK,CNY,20,83.6047,485961167.0,1329530180.52
2648.HK,CNY,20,40.1127,16043000.0,144128048.24
2649.HK,CNY,15,78.9863,69234375.0,34462108.05
2650.HK,CNY,7,66.8694,212691115.0,298128353.2
2651.HK,CNY,5,43.3605,7902940.0,18261380.26
2652.HK,CNY,20,72.4209,217861681.0,784900732.91
2655.HK,CNY,13,87.7419,346308100.0,2606528298.32
2656.HK,CNY,13,54.1106,187893800.0,416090299.66
2657.HK,CNY,18,71.0839,76142652.0,494037115.61
2658.HK,CNY,2,23.7327,14000000.0,86371990.8
2659.HK,CNY,20,72.064,110062290.0,902268694.38
2660.HK,CNY,20,67.7307,701823661.0,204507683.49
2661.HK,CNY,11,76.1449,153807671.0,746550413.8
2663.HK,HKD,3,72.8996,406000000.0,18008948.5
2665.HK,HKD,14,42.8323,560267042.0,485400474.66
2666.HK,CNY,20,65.4294,1317884522.0,989274659.17
2667.HK,CNY,10,72.8231,158967524.0,60320082.53
2668.HK,HKD,6,34.4372,1938810000.0,88014572.22
2669.HK,CNY,20,70.0191,2299399487.0,1465778790.02
2670.HK,CNY,20,77.0337,47909054.0,698285204.9
2671.HK,CNY,5,72.5335,87439105.0,80917388.26
2672.HK,CNY,11,77.8492,117523808.0,1124199426.04
2675.HK,CNY,20,87.5287,285286571.0,2333225306.69
2676.HK,CNY,11,33.6061,6753165.0,101857260.21
2677.HK,CNY,20,93.5589,60420850.0,455679992.58
2678.HK,CNY,20,81.3875,746224402.0,522978550.26
2680.HK,HKD,2,75.0,45000000.0,47104779.42
2682.HK,HKD,2,56.0115,560114750.0,7507950.06
2683.HK,HKD,2,75.3594,307938000.0,25028849.71
2685.HK,CNY,10,78.2716,406772701.0,972047092.15
2687.HK,CNY,20,88.2419,54668340.0,1127688150.9
2688.HK,CNY,20,60.6191,686109628.0,3920635309.91
2689.HK,CNY,20,72.3419,3394445013.0,2383151917.39
2691.HK,CNY,6,65.206,70200189.0,63262107.23
2692.HK,CNY,20,42.0613,11250680.0,84125910.61
2693.HK,CNY,4,42.9671,10441000.0,6106004.9
2696.HK,CNY,20,89.6305,311722682.0,2540191147.35
2697.HK,CNY,20,84.9834,30293986.0,1545079424.2
2698.HK,USD,20,67.249,417492245.0,1380123367.48
2699.HK,CNY,4,3.1213,117277.0,531916.14
2700.HK,HKD,3,59.891,395217730.0,20609966.34
2701.HK,,5,13.6446,12962400.0,21225969.3
2706.HK,CNY,20,82.4875,330305510.0,2787596518.57
2714.HK,CNY,20,56.9516,176677867.0,859337091.98
2715.HK,CNY,8,35.2665,34130847.0,49084512.77
2718.HK,CNY,15,44.0829,60854562.0,1257418213.24
2720.HK,CNY,5,86.098,110381995.0,353025976.24
2722.HK,CNY,20,17.8549,196440378.0,49823743.72
2723.HK,CNY,12,89.5066,81163686.0,4610631161.88
2726.HK,CNY,20,91.3759,108667490.0,1312037440.98
2727.HK,CNY,20,17.359,507656849.0,240238469.62
2728.HK,HKD,5,60.0434,2674944455.0,8954621.19
2729.HK,CNY,20,81.9639,350710660.0,1343739583.7
2738.HK,CNY,3,75.0,450000000.0,3963648.91
2768.HK,CNY,8,29.5639,13126416.0,61905825.5
2772.HK,CNY,5,70.5668,3156917412.0,13113698.77
2777.HK,CNY,20,54.0717,2028963810.0,309587898.3
2779.HK,CNY,7,71.8285,1155420879.0,107100284.85
2788.HK,CNY,20,78.7203,1633447216.0,4281076835.71
2789.HK,CNY,4,71.4303,4434919768.0,69006336.05
2798.HK,CNY,12,54.2697,868315000.0,128081577.84
2799.HK,CNY,20,68.1704,24106620361.0,2535845467.43
2858.HK,CNY,20,66.5348,4528230691.0,1457145431.17
2863.HK,HKD,5,47.7475,329224000.0,31441349.84
2865.HK,CNY,15,22.8151,18734490.0,66632588.05
2866.HK,CNY,20,12.5449,432249846.0,54273791.18
2869.HK,CNY,20,73.4886,2293396884.0,1370134072.79
2877.HK,CNY,20,70.7227,584876947.0,642957445.01
2878.HK,USD,10,29.5257,737478108.0,40156214.89
2880.HK,CNY,13,83.3848,4301591786.0,442215719.72
2881.HK,CNY,3,67.1903,62688552.0,46816837.04
2882.HK,HKD,19,84.3226,227394226.0,14472582.25
2883.HK,CNY,20,37.363,676688174.0,659649165.62
2885.HK,HKD,1,75.0,300000000.0,32381588.7
2886.HK,CNY,6,72.3243,987860272.0,138750079.4
2888.HK,USD,20,50.1462,1098727331.0,24386313038.21
2889.HK,CNY,20,69.3513,57438907.0,1157128345.18
2892.HK,CNY,2,75.0,562500000.0,24219824.63
2898.HK,CNY,5,75.0,117500000.0,56886805.79
2899.HK,CNY,20,27.4433,1643545985.0,6369445472.5
2940.HK,CNY,9,0.0148,592000.0,107820.74
2945.HK,HKD,18,0.003,84884.0,40898.23
2969.HK,HKD,1,0.0002,4000.0,168.36
2979.HK,CNY,2,0.0102,80000.0,0.0
3200.HK,CNY,20,56.288,32658020.0,551327200.52
3268.HK,CNY,8,39.4717,15887400.0,45218187.39
3277.HK,CNY,20,79.48,239182000.0,2646222007.0
3288.HK,CNY,20,55.0449,160304429.0,663264352.17
3296.HK,CNY,20,61.0987,57593022.0,479098412.78
3300.HK,CNY,9,44.4027,815328717.0,45431270.43
3301.HK,CNY,3,65.1917,1097456829.0,52986159.79
3302.HK,SGD,7,68.735,632631493.0,31773230.13
3303.HK,CNY,10,54.1784,1348411263.0,76446285.45
3306.HK,CNY,20,72.8119,388296656.0,952683126.29
3309.HK,HKD,20,60.6474,733213796.0,159770515.13
3310.HK,CNY,20,72.4724,315768202.0,1301995624.61
3311.HK,CNY,20,82.1203999999999,4337772991.0,5068666582.62
3313.HK,CNY,4,29.7838,42355750.0,8653805.36
3315.HK,CNY,19,64.8465,522533194.0,56404322.35
3316.HK,CNY,20,74.3523,205514860.0,626619591.24
3317.HK,CNY,20,88.531,242980819.0,2072076163.96
3318.HK,CNY,5,68.9428,730042226.0,162378983.49
3319.HK,CNY,20,49.5624,703064678.0,147971046.71
3320.HK,CNY,20,74.7819,4698167845.0,2684708173.47
3321.HK,MOP,9,37.9659,29487900.0,2063729.24
3322.HK,HKD,4,58.249,748149967.0,16184663.15
3323.HK,CNY,20,24.1579,897805938.0,574798069.18
3328.HK,CNY,20,83.3448,29180597080.0,24235743674.08
3329.HK,HKD,8,73.2155,2002001316.0,90069561.21
3330.HK,CNY,20,47.653,570047992.0,1101353213.78
3332.HK,CNY,8,78.1898,739908391.0,36863797.44
3336.HK,HKD,14,60.183,722199642.0,235635212.96
3337.HK,CNY,20,41.5538,1247319863.0,127528806.51
3339.HK,CNY,20,67.3061,2880777941.0,964950549.91
3347.HK,CNY,20,79.397,97757119.0,462500662.47
3348.HK,CNY,3,83.374,416870273.0,63613156.25
3355.HK,CNY,17,84.8484,344209197.0,1890968136.62
3360.HK,CNY,20,65.1167,3137393204.0,2886379037.56
3363.HK,CNY,6,84.8456,424228000.0,19629330.36
3366.HK,CNY,3,71.074,531894000.0,16300010.77
3368.HK,CNY,5,76.8171,2023773346.0,44219562.96
3369.HK,CNY,20,50.6596,420400035.0,142807039.45
3377.HK,CNY,20,37.7932,4786906958.0,44648281.37
3378.HK,CNY,8,78.3074,104979365.0,217273200.55
3380.HK,CNY,20,75.3062,4281458984.0,590471161.8
3382.HK,HKD,13,75.0081,4619013572.0,383808403.02
3383.HK,CNY,20,57.1724,2884947460.0,76504986.2
3388.HK,CNY,20,86.1399,411622957.0,1332047503.74
3389.HK,CNY,9,80.6894,3553576752.0,72730692.12
3390.HK,HKD,6,69.802,624029326.0,20933435.65
3393.HK,CNY,20,65.7906,687021132.0,1623490808.0
3395.HK,CAD,8,78.7579,684635383.0,25247919.54
3396.HK,CNY,20,60.7919,773183201.0,934426560.83
3398.HK,HKD,3,71.0941,1492848000.0,27487640.04
3399.HK,CNY,3,35.5364,73560247.0,12313240.7
3600.HK,HKD,20,71.88,671971331.0,472927666.74
3601.HK,CNY,3,51.5606,138697876.0,15180097.91
3603.HK,CNY,9,58.2212,869211000.0,5661830.72
3606.HK,CNY,20,41.7497,253318688.0,1715740039.89
3613.HK,HKD,20,74.7317,625578863.0,699815579.310001
3616.HK,CNY,5,75.026,900311753.0,30139018.44
3618.HK,CNY,20,37.7938,949886040.0,722954707.88
3623.HK,CNY,4,48.8292,307948000.0,30577387.5
3625.HK,CNY,20,79.2904,87925000.0,897342671.66
3626.HK,HKD,2,53.2837,98042000.0,27283951.21
3628.HK,HKD,2,74.7264,600800000.0,9283184.9
3633.HK,HKD,20,74.5512,2010996296.0,712710171.87
3636.HK,CNY,10,56.5929,23779200.0,74386395.79
3638.HK,HKD,3,64.4994,49631511.0,51061334.3
3639.HK,CNY,4,75.8787,1960685750.0,11340290.71
3650.HK,CNY,20,72.2607,360038382.0,145840724.47
3658.HK,CNY,7,71.8281,584771111.0,144217761.44
3660.HK,CNY,20,27.1439,66819322.0,607120138.01
3661.HK,,20,67.7812,36602700.0,524974235.2
3662.HK,CNY,6,53.0801,385494032.0,19511614.3
3666.HK,CNY,6,29.3391,779139431.0,2481430.52
3668.HK,AUD,20,76.7922,1013993907.0,4206951769.74
3669.HK,CNY,20,42.5016,808448409.0,99196339.52
3677.HK,CNY,20,62.1653,923335558.0,985039353.22
3678.HK,CNY,5,6.4126,16012280.0,6022488.12
3680.HK,CNY,9,35.2647,317100840.0,72910700.39
3681.HK,CNY,11,37.0389,513595199.0,130062652.62
3683.HK,USD,6,76.5024,728772500.0,4408946.66
3686.HK,CNY,1,72.889,740370000.0,71369677.15
3688.HK,HKD,6,74.4781,1052175150.0,67062398.1
3689.HK,CNY,7,62.171,52468566.0,14849138.88
3690.HK,CNY,20,26.1937,1465704623.0,15112074108.1
3692.HK,CNY,20,87.5159,5307099672.0,21021721438.27
3696.HK,USD,20,63.6351,368377465.0,1811905286.14
3698.HK,CNY,20,86.2346,2999893491.0,1254574398.67
3699.HK,CNY,1,74.9887,331000000.0,16591905.26
3700.HK,CNY,20,42.4439,986792054.0,130570193.1
3708.HK,HKD,5,46.9464,341431500.0,8796526.1
3709.HK,CNY,20,65.2542,462423118.0,445831794.29
3718.HK,CNY,11,68.7185,2444092777.0,132586509.99
3728.HK,HKD,1,71.7473,726800000.0,3737817.57
3737.HK,CNY,7,75.7646,654303400.0,47095766.64
3738.HK,HKD,20,36.918,957233653.0,411916140.17
3750.HK,CNY,20,27.9385,60989924.0,5026694344.38
3752.HK,CNY,20,89.433,223395620.0,1475860894.97
3759.HK,CNY,20,36.5158,130767445.0,348273666.38
3768.HK,CNY,4,62.1469,211314000.0,21728108.26
3773.HK,CNY,5,67.4795,280040000.0,57511847.54
3774.HK,HKD,1,56.9286,466200000.0,366529080.56
3778.HK,CNY,2,59.0236,73918220.0,29881107.5
3788.HK,CNY,20,69.5016,1699070684.0,517530403.3
3789.HK,HKD,4,72.585,871020000.0,23814968.76
3798.HK,CNY,16,75.4679,952201246.0,160074889.19
3800.HK,CNY,20,46.3285,14898275201.0,1734223876.31
3808.HK,CNY,20,76.8404,2121556654.0,8435014892.94
3813.HK,CNY,20,67.5315,3589650354.0,180846752.0
3816.HK,HKD,1,74.9998,449999012.0,19376066.01
3818.HK,CNY,18,47.3354,2790456910.0,165997504.5
3822.HK,HKD,1,71.4286,60000000.0,5014271.4
3828.HK,HKD,10,53.2127,390720248.0,45968380.95
3830.HK,HKD,1,75.0,750000000.0,4349955.75
3833.HK,CNY,13,17.8658,169829162.0,47109234.3
3836.HK,CNY,17,55.6951,848383708.0,110784413.5
3838.HK,CNY,11,62.9192,3752800714.0,86754375.84
3839.HK,USD,8,73.3607,176592885.0,34439536.16
3848.HK,CNY,4,65.764,514330000.0,148307072.96
3858.HK,HKD,20,86.2495,392919700.0,3513187896.36
3860.HK,HKD,1,64.3854,375000000.0,23866003.13
3866.HK,CNY,20,116.4956,2670015845.0,1318494933.35
3868.HK,CNY,20,89.8473,7654728705.0,1221987970.79
3869.HK,CNY,2,76.7307,106037200.0,80410714.2
3877.HK,HKD,20,83.6277,5188801669.0,1222135863.33
3878.HK,HKD,1,33.1747,159106000.0,4628833.47
3880.HK,CNY,8,84.2884,119520875.0,331023597.28
3881.HK,CNY,8,57.6121,244527510.0,727090871.68
3882.HK,HKD,2,42.4557,428203557.0,51277943.32
3883.HK,CNY,20,28.7439,1351724909.0,23106817.79
3886.HK,HKD,9,67.0783,4543566928.0,148085667.82
3887.HK,HKD,20,91.9801,2544227330.0,1083120693.71
3888.HK,CNY,20,61.718,852826695.0,2695952996.03
3889.HK,HKD,4,72.5969,1402118286.0,16399465.71
3893.HK,HKD,2,46.7272,492881818.0,71034021.64
3896.HK,CNY,20,53.6913,2433165935.0,1788373175.89
3898.HK,CNY,20,47.5838,219740129.0,1035497953.22
3899.HK,CNY,20,74.0418,1563016108.0,2168459834.26
3900.HK,CNY,20,73.2074,1859173059.0,2005579882.43
3908.HK,CNY,20,32.8444,625260764.0,1618761550.58
3913.HK,CNY,15,53.0839,1075402639.0,29988487.94
3918.HK,USD,20,78.8558,3487777031.0,2026603622.23
3919.HK,HKD,6,51.5675,20049500.0,3197896.54
3928.HK,SGD,2,72.5806,360000000.0,557272692.36
3931.HK,CNY,20,44.5103,338945908.0,1106314974.71
3933.HK,CNY,20,61.2095,1205999193.0,2065952263.87
3938.HK,HKD,6,61.154,299942188.0,57163523.46
3939.HK,CNY,20,75.1398,3308655055.0,4287611557.88
3952.HK,CNY,19,90.102,93164187.0,867174015.45
3958.HK,CNY,20,47.515,488058402.0,391077579.84
3963.HK,HKD,4,65.8029,399294290.0,8208021.84
3968.HK,CNY,20,60.2327,2765222234.0,16836171845.62
3969.HK,CNY,20,42.4044,834859520.0,350843118.69
3978.HK,CNY,20,60.4138,511838378.0,257348931.06
3983.HK,CNY,20,49.6999,892612682.0,297628408.41
3986.HK,CNY,20,46.8833,15590089.0,755491235.34
3988.HK,CNY,20,43.1939,36119838665.0,21511945454.6
3989.HK,CNY,4,67.0911,9590491808.0,85099671.07
3990.HK,CNY,20,84.7534,1216558787.0,632869007.66
3991.HK,HKD,5,76.1809,1108164738.0,84711103.37
3993.HK,CNY,20,28.6143,1125535283.0,2420219812.32
3996.HK,CNY,20,57.4476,5321055920.0,738559009.65
3997.HK,HKD,5,74.5103,95628000.0,6762246.41
3998.HK,CNY,20,71.2351,8324373426.0,4969536658.2
3999.HK,CNY,7,73.767,749610806.0,53954481.37
4335.HK,USD,20,50.1,2527045940.0,121269672803.48
4621.HK,CNY,7,7.0589,6000000.0,596350000.0
6030.HK,CNY,20,64.2646,1683775146.0,5785452886.76
6031.HK,CNY,20,48.9645,352843980.0,904787388.6
6033.HK,HKD,7,74.9811,302739000.0,26857197.33
6036.HK,HKD,1,69.7603,750000000.0,66634047.0
6038.HK,HKD,1,74.7757,750000000.0,22110792.0
6049.HK,CNY,20,87.0727,302142533.0,1226107087.48
6051.HK,CNY,20,24.4404,394221296.0,137765445.96
6055.HK,HKD,20,74.8866,517974871.0,2335191497.27
6058.HK,HKD,11,73.7302,2949203591.0,219298081.96
6060.HK,CNY,20,59.6313,974861114.0,1948066931.77
6063.HK,HKD,1,75.0,1500000000.0,34328473.5
6066.HK,CNY,20,47.4096,597846779.0,969649911.24
6067.HK,,12,47.9243,71658000.0,86898721.6
6068.HK,CNY,3,69.2171,1507656000.0,24761338.08
6069.HK,CNY,20,58.8647,627352252.0,711540041.86
6078.HK,CNY,20,73.6072,445950143.0,565518874.65
6080.HK,HKD,2,60.2491,675000000.0,14128516.39
6082.HK,CNY,20,56.6481,766929324.0,3476505897.68
6083.HK,HKD,5,65.1607,327004000.0,39198126.11
6086.HK,CNY,20,67.466,934703637.0,84249542.77
6088.HK,USD,20,83.9946,6134745436.0,4131248846.89
6090.HK,CNY,14,83.3498,73976155.0,368926952.34
6093.HK,CNY,1,51.15,286439934.0,51266563.09
6098.HK,CNY,20,52.6463,1715394139.0,1206028327.86
6099.HK,CNY,20,68.1166,868161331.0,1567053287.28
6100.HK,CNY,20,52.9683,267440004.0,126772087.86
6106.HK,CNY,17,93.2913,103084400.0,1335804481.9
6108.HK,HKD,4,35.2824,70782400.0,2772330.34
6110.HK,CNY,20,69.7454,4325057365.0,1801073940.52
6113.HK,MYR,5,75.0,300000000.0,73647545.7
6117.HK,CNY,4,56.4049,462520000.0,39829877.88
6118.HK,CNY,3,73.5394,376950000.0,42150881.09
6119.HK,CNY,3,80.231,481386000.0,18336174.06
6122.HK,CNY,1,9.7988,94705750.0,4992331.69
6123.HK,HKD,6,64.0947,269319408.0,38422716.43
6127.HK,CNY,20,47.8107,56892528.0,124489901.16
6128.HK,HKD,6,30.1523,283828000.0,7681679.06
6132.HK,CNY,20,87.8724,64673593.0,295961803.05
6133.HK,CNY,3,67.3176,572200000.0,11346303.71
6136.HK,CNY,15,70.1398,1618132112.0,134598144.95
6138.HK,CNY,6,45.9542,1389457998.0,61808800.36
6158.HK,CNY,4,51.2711,2239398000.0,18812223.03
6160.HK,USD,20,33.1397,472689217.0,10416443573.77
6162.HK,CNY,1,23.3333,560000000.0,18229166.48
6163.HK,USD,4,35.4917,98136125.0,3576041.9
6166.HK,CNY,20,23.7547,22011667.0,305780810.08
6168.HK,CNY,16,74.5955,194051825.0,720308562.08
6169.HK,CNY,19,48.4421,2077932670.0,135467916.45
6178.HK,CNY,20,64.3005,452732106.0,504889572.36
6181.HK,CNY,20,72.9775,104752878.0,7011877901.04
6182.HK,HKD,4,75.0,600000000.0,70409039.43
6185.HK,CNY,20,41.8817,55564551.0,303389372.12
6186.HK,CNY,20,71.4262,6290980002.0,3200575964.24
6188.HK,CNY,4,95.3162,523057912.0,45864652.58
6190.HK,CNY,8,82.8094,399444800.0,270023717.74
6193.HK,CNY,2,67.5915,270366000.0,6614416.05
6196.HK,CNY,20,51.0641,1031730692.0,136173663.26
6198.HK,CNY,20,52.9727,582184097.0,502064754.91
6199.HK,CNY,7,58.732,1292106000.0,197984386.43
6228.HK,USD,11,7.5995,44779800.0,142783623.49
6600.HK,CNY,12,67.9433,153114375.0,1581127246.05
6601.HK,CNY,20,77.5217,1033624444.0,241633128.61
6603.HK,USD,20,69.6613,184448400.0,370815952.93
6606.HK,CNY,4,0.3218,1443562.0,2600474.8
6608.HK,CNY,20,49.0048,184845235.0,216157726.44
6609.HK,CNY,14,55.284,16913307.0,101471095.75
6610.HK,CNY,4,25.7567,33491095.0,5509890.58
6611.HK,CNY,1,0.0,0.0,0.0
6613.HK,CNY,20,48.2768,145600160.0,420224661.95
6616.HK,CNY,20,47.5464,593587978.0,562792761.64
6618.HK,CNY,20,80.7315,2574962394.0,12914430789.09
6622.HK,CNY,11,41.9807,230368581.0,85222847.82
6623.HK,CNY,4,71.8506,1245442175.0,1733094083.96
6626.HK,CNY,20,76.4498000000001,1148436696.0,421293621.97
6628.HK,CNY,12,42.5269,192586784.0,62485223.21
6633.HK,CNY,7,72.4876,501127870.0,173927243.63
6636.HK,CNY,20,85.7371,96327437.0,885192973.17
6639.HK,CNY,20,62.8941,353524128.0,86866719.34
6651.HK,CNY,20,81.7518,327324153.0,2115818428.55
6655.HK,CNY,20,70.0386,514586587.0,1176655804.49
6656.HK,CNY,20,89.7179,127191681.0,8697338488.68
6657.HK,CNY,13,93.0844,210284238.0,554073213.25
6658.HK,,9,89.7514,70734208.0,1533679658.17
6660.HK,CNY,20,44.2067,224426393.0,163455079.87
6661.HK,CNY,4,55.9618,29500000.0,20245805.6
6663.HK,HKD,1,70.0,560000000.0,31319910.72
6666.HK,CNY,20,54.7165,5915329165.0,851498013.14
6667.HK,CNY,8,57.0713,127686351.0,118162740.48
6668.HK,CNY,9,73.7962,748674000.0,116536440.4
6669.HK,CNY,11,83.9561,263109489.0,456521245.48
6675.HK,CNY,20,77.9191,297571060.0,1155396772.26
6676.HK,CNY,15,63.1237,555969037.0,102568454.96
6677.HK,CNY,3,65.0198,769833500.0,38978901.22
6680.HK,CNY,20,32.3908,76042200.0,226083174.97
6681.HK,CNY,20,84.0717,1141930000.0,516841695.33
6682.HK,CNY,20,24.4416,87542303.0,327979855.61
6683.HK,CNY,20,66.388,631841998.0,484834902.52
6686.HK,CNY,8,52.3035,179520680.0,415775559.71
6687.HK,CNY,20,79.9206,337905020.0,1037820243.72
6690.HK,CNY,20,48.6816,1389170284.0,3886430619.65
6693.HK,CNY,20,47.3233,111919614.0,409150019.01
6696.HK,CNY,9,23.6533,158950533.0,31286319.15
6698.HK,CNY,11,74.2801,295322640.0,34953868.44
6699.HK,USD,20,73.4359,125499222.0,999353178.23
6715.HK,CNY,20,80.4288,87575500.0,1272980861.14
6745.HK,CNY,4,14.699,51759000.0,18953051.25
6805.HK,CNY,5,74.0627,819822000.0,261221227.38
6806.HK,CNY,20,50.0192,1252479583.0,470434378.88
6808.HK,CNY,20,89.4388,8532909110.0,1968598135.02
6809.HK,,20,52.9339,40109992.0,1381563025.32
6810.HK,CNY,15,89.769,272936524.0,2786132693.53
6811.HK,HKD,15,61.0305,592861409.0,83688127.99
6812.HK,HKD,1,72.0,432000000.0,6776209.01
6816.HK,HKD,2,69.9,559200000.0,7344346.59
6818.HK,CNY,20,80.9472,10263083635.0,4768849764.78
6820.HK,CNY,9,59.5215,1298075094.0,74258006.97
6821.HK,CNY,20,44.9282,12505589.0,170851512.75
6822.HK,HKD,2,75.0,525000000.0,27666028.43
6823.HK,HKD,20,63.0407,4780012954.0,7084275413.11
6826.HK,CNY,20,9.5757,3330519.0,9290181.64
6828.HK,CNY,3,66.3748,15091044326.0,62068740.94
6829.HK,HKD,2,67.2751,193752326.0,47872140.73
6830.HK,CNY,11,74.6611,1320900000.0,42273960.76
6831.HK,CNY,20,86.6097,570283896.0,521526780.66
6833.HK,CNY,2,52.3235,1063680000.0,26981311.13
6838.HK,HKD,8,79.2175,475304921.0,21975989.6
6839.HK,CNY,1,2.323,8449000.0,248042.44
6855.HK,CNY,20,37.0317,138334454.0,818181508.99
6858.HK,JPY,12,81.1222,491309985.0,223995447.97
6860.HK,CNY,4,67.9972,1304245500.0,20656194.17
6862.HK,CNY,20,78.4043,4370250198.0,7349953827.34
6865.HK,CNY,20,68.4461,294300311.0,310879465.25
6866.HK,CNY,3,44.7073,134122000.0,5008121.75
6868.HK,CNY,9,79.0676,856010377.0,297383091.23
6869.HK,CNY,20,42.2221,177993357.0,2868549035.74
6871.HK,CNY,20,79.3946,194480196.0,794445245.03
6872.HK,CNY,20,72.6949,38040359.0,988691928.68
6877.HK,HKD,4,79.4235,1614910001.0,30511904.47
6878.HK,CNY,3,0.0,0.0,0.0
6880.HK,,20,67.1432,138451524.0,5135710486.92
6881.HK,CNY,20,24.9073,919329888.0,938665429.2
6882.HK,HKD,7,68.8825,346100000.0,25063327.04
6883.HK,CNY,8,74.3127,1009166000.0,263554177.94
6885.HK,CNY,8,75.6055,404807276.0,53929180.04
6886.HK,CNY,20,49.6626,853722937.0,1956479309.07
6887.HK,CNY,20,71.6129,228463109.0,1068473844.63
6888.HK,HKD,5,62.4338,673661127.0,15404586.53
6889.HK,JPY,13,67.6447,467724419.0,206547889.54
6890.HK,CNY,2,70.7164,428720000.0,21214760.33
6893.HK,HKD,3,74.9087,817850000.0,19859680.66
6896.HK,CNY,9,70.3107,519808042.0,203805246.13
6898.HK,HKD,2,71.6893,660546000.0,65261294.16
6899.HK,CNY,7,61.6882,664874498.0,21469291.33
6908.HK,CNY,11,38.8431,455184981.0,25844807.28
6909.HK,CNY,2,72.8507,453496000.0,16211138.47
6911.HK,CNY,9,70.5301,39144200.0,10401030.36
6913.HK,CNY,5,74.9625,1000000000.0,39916048.01
6915.HK,CNY,10,85.7678,263384259.0,328445312.48
6918.HK,CNY,3,34.8466,304694667.0,6120931.58
6919.HK,CNY,10,56.907,89945957.0,39858839.31
6922.HK,CNY,17,76.0205,113296103.0,100612723.49
6928.HK,SGD,3,56.9215,435450000.0,12724007.94
6929.HK,USD,9,75.4151,624411794.0,290733937.22
6933.HK,CNY,6,43.1002,184470000.0,42350105.16
6936.HK,CNY,20,62.7118,288211804.0,1129565145.08
6938.HK,CNY,20,62.8032,106756286.0,938879486.51
6939.HK,CNY,4,70.5722,439312500.0,102893653.42
6951.HK,,16,56.821,40549900.0,523236905.41
6955.HK,CNY,20,69.9222,435149124.0,497674723.4
6958.HK,CNY,3,68.8251,714061000.0,14453183.08
6959.HK,CNY,4,69.2521,140000000.0,114083004.56
6960.HK,CNY,20,87.5084,299812300.0,627824142.54
6963.HK,CNY,20,42.8631,1491107536.0,726839350.9
6966.HK,CNY,2,78.765,787650000.0,50618228.01
6968.HK,CNY,4,55.8793,906248000.0,14352845.89
6969.HK,CNY,20,75.0837,4651904533.0,6991325924.6
6978.HK,CNY,9,78.082,482158071.0,170776946.1
6979.HK,CNY,20,81.8119,2772292431.0,3275389590.4
6980.HK,CNY,13,66.4899,56362400.0,166550887.31
6988.HK,HKD,3,33.2139,787809400.0,11056902.57
6989.HK,CNY,15,75.7825,924810340.0,150876297.52
6990.HK,CNY,20,78.8386,139404133.0,8936752599.56
6993.HK,HKD,20,89.1931,5172242129.0,1934686476.83
6996.HK,CNY,20,52.3952,354935688.0,153581183.64
6998.HK,CNY,11,72.3001,1437886487.0,422716025.98
6999.HK,CNY,3,74.2578,762587250.0,16201652.66
7489.HK,CNY,20,26.6353,235825032.0,91969248.85
7618.HK,CNY,19,82.2231,2231060082.0,4213009424.32
7630.HK,,20,75.8778,214326219.0,1043230709.54
7656.HK,CNY,20,89.1464,244018101.0,735836254.32
7666.HK,CNY,20,79.7629,863920401.0,1651642726.11
7687.HK,CNY,20,77.2216,114187269.0,1293971921.32
7688.HK,CNY,20,78.2798,298458927.0,1086835655.08
80011.HK,HKD,20,101.3946,1899054210.0,37547819774.82
80016.HK,HKD,20,62.9916,1825356058.0,28970284638.28
80020.HK,CNY,20,39.644,16534188196.0,4032204771.29
8003.HK,HKD,4,30.9448,102820000.0,1903959.58
8005.HK,HKD,6,45.3737,1128761756.0,12331754.92
8006.HK,HKD,2,6.3165,23298684.0,305710.25
8007.HK,HKD,1,0.7175,1623750.0,102559.17
8013.HK,HKD,2,75.0,1200000000.0,7390680.0
8017.HK,HKD,11,51.0441,364347906.0,53486143.19
80175.HK,CNY,20,52.7879,5693218298.0,14775201912.09
8018.HK,HKD,2,41.3027,208262000.0,910107.23
8020.HK,HKD,5,51.4816,1345190000.0,3283860.35
8023.HK,HKD,1,65.7611,392886000.0,16658192.74
8026.HK,HKD,3,57.798,886892724.0,45580436.07
8027.HK,SGD,2,17.1527,40617600.0,476046.11
8028.HK,HKD,6,54.8338,277421618.0,13759883.41
8029.HK,HKD,3,56.1745,157334404.0,24381057.71
80291.HK,CNY,20,67.5106,2190159586.0,7171880759.13
8030.HK,CNY,3,52.4427,183206928.0,252662359.53
8031.HK,HKD,3,59.2073,210035000.0,8572310.52
8033.HK,HKD,4,62.3911,384400500.0,6324083.22
8035.HK,HKD,3,50.7606,304564000.0,1996422.2
8036.HK,HKD,7,71.0433,873833340.0,3113604.11
8037.HK,HKD,2,64.54,629737546.0,60458336.44
80388.HK,HKD,20,26.6551,337942065.0,16903715240.02
8039.HK,HKD,1,53.928,265865000.0,6738379.8
8040.HK,HKD,9,73.122,248615000.0,11719853.0
8041.HK,HKD,5,59.4621,487313583.0,43521424.54
8042.HK,HKD,2,75.0,600000000.0,4627071.0
8043.HK,EUR,1,75.0,300000000.0,6979165.2
8047.HK,HKD,2,12.3499,874824857.0,3376529.13
8048.HK,HKD,6,66.3518,1292326588.0,2989842.8
8049.HK,CNY,2,25.2266,43516000.0,11586083.74
8050.HK,HKD,4,75.2621,204148454.0,46919172.35
8051.HK,HKD,3,56.0469,14593924.0,5945182.29
8052.HK,HKD,3,54.4159,298338000.0,1368226.69
8057.HK,HKD,7,33.3472,51948741.0,4185903.11
8059.HK,HKD,3,59.5802,602120000.0,1702587.03
8060.HK,HKD,5,70.5721,230334140.0,2781849.07
8062.HK,HKD,1,74.5271,357730000.0,11639804.79
8063.HK,HKD,3,33.4722,170974042.0,640096.97
8065.HK,HKD,4,72.859,295050000.0,4359541.96
8066.HK,HKD,5,32.0308,212619012.0,11614343.93
8067.HK,CNY,1,75.0,135000000.0,5986273.01
8069.HK,HKD,5,30.2578,12355950.0,1178259.45
8070.HK,HKD,2,70.13,140260000.0,7147279.45
80700.HK,CNY,20,43.8669,3988570570.0,286222946915.62
8071.HK,HKD,4,36.7115,34406380.0,2826808.89
8072.HK,HKD,3,55.6505,93687120.0,3550988.71
8073.HK,CNY,4,75.1734,390901531.0,11602998.41
80737.HK,CNY,11,91.8498,3060151415.0,718051933.74
8076.HK,CNY,5,28.378,373807500.0,1095273.91
8079.HK,HKD,5,45.916,16822343.0,1408319.04
8080.HK,HKD,3,76.702,348617463.0,19932259.91
8081.HK,HKD,2,17.108,882090000.0,1716265.85
8082.HK,HKD,10,42.7791,1139539428.0,7663542.42
8083.HK,CNY,20,24.4404,394221296.0,137765445.96
8087.HK,CNY,2,18.9868,123034525.0,24714929.37
80883.HK,CNY,20,68.8791,30678769906.0,83987027723.75
8091.HK,HKD,3,71.19,512568000.0,2304978.83
8092.HK,HKD,4,44.3368,410340602.0,1950714.08
8093.HK,HKD,8,52.4246,25938913.0,8668197.07
80941.HK,CNY,20,72.8324,15135278409.0,158843009055.42
8095.HK,CNY,2,13.3872,109034000.0,9836066.27
8096.HK,HKD,1,4.8831,9400000.0,159440.78
8098.HK,HKD,1,68.1818,1500000000.0,8479911.0
80992.HK,USD,20,58.9692,7314930189.0,21831421147.04
8100.HK,HKD,1,75.0,333336177.0,14995265.26
81024.HK,CNY,20,37.5054,1378799470.0,8114485355.74
8103.HK,HKD,4,26.8413,34745500.0,760392.01
8106.HK,CNY,9,53.3157,167625000.0,6635741.56
8107.HK,HKD,2,70.864,973065000.0,24227855.29
8111.HK,CNY,7,50.5431,232992047.0,4400538.49
8112.HK,HKD,2,26.0206,59696000.0,836325.62
8113.HK,HKD,8,82.4806,161758992.0,9113695.14
8115.HK,CNY,7,42.7047,35684000.0,31185448.81
8117.HK,HKD,5,70.3358,720229710.0,7868530.46
8118.HK,HKD,3,50.1648,250824000.0,3664346.9
8120.HK,HKD,4,17.1148,27833394.0,9977043.61
8121.HK,HKD,3,26.3043,7893400.0,943179.72
81211.HK,CNY,20,27.0675,997002325.0,10419252342.2
8123.HK,HKD,3,27.4723,35480367.0,2711944.69
8125.HK,HKD,8,37.9241,74350400.0,5609243.43
8126.HK,HKD,2,8.3754,39892000.0,236281.35
8128.HK,HKD,7,52.4086,2351076157.0,10671131.82
81299.HK,USD,20,29.9601,3099878082.0,30134798734.13
8130.HK,HKD,3,35.6278,1297075895.0,1668758.18
8131.HK,HKD,2,26.3765,189702190.0,2018064.86
8132.HK,HKD,4,70.9436,1911549090.0,21121818.41
8133.HK,HKD,4,38.3449,14641602.0,606204.13
8136.HK,HKD,2,51.0,510000000.0,2752116.57
8137.HK,HKD,6,74.4063,10829507864.0,738392464.16
8139.HK,CNY,4,60.664,23295000.0,4341445.7
8140.HK,HKD,6,56.7456,453964148.0,7841750.57
8143.HK,HKD,5,70.2627,950487286.0,14068715.51
8146.HK,CNY,4,78.3616,637080000.0,49430321.88
8147.HK,HKD,8,59.6903,123695950.0,10075220.71
8148.HK,HKD,2,38.3097,175516345.0,42921313.74
8149.HK,HKD,5,76.3784,637500000.0,9705171.34
8152.HK,HKD,3,66.27,397620000.0,3679631.94
8153.HK,HKD,1,0.0,0.0,0.0
8156.HK,HKD,4,79.3429,502790694.0,18662287.68
8158.HK,HKD,7,63.2284,192373772.0,11395824.62
8159.HK,HKD,5,72.4923,583418000.0,6727433.8
8160.HK,HKD,2,43.646,88720000.0,5993032.19
8161.HK,HKD,2,75.0,31200000.0,2284950.72
8162.HK,HKD,5,43.1202,429168882.0,25667810.93
8163.HK,HKD,2,38.5545,395281666.0,1664450.06
8168.HK,HKD,10,40.5294,601697640.0,7886828.02
8169.HK,HKD,2,59.8647,388845200.0,1801761.67
8172.HK,HKD,3,65.4302,275404208.0,6725550.32
8173.HK,HKD,1,73.8664,159068639.0,3310906.83
8176.HK,HKD,5,50.9722,364706259.0,4454740.78
8178.HK,HKD,3,28.2115,32369849.0,1143855.01
8179.HK,HKD,2,31.3602,598288800.0,934627.29
8181.HK,HKD,1,65.999,745119950.0,5839873.14
81810.HK,CNY,20,38.5666,8252090526.0,31193601284.23
8186.HK,HKD,5,74.5414,84879308.0,8263399.65
8187.HK,HKD,3,23.26,35281689.0,2256256.13
8188.HK,HKD,5,69.1143,329620000.0,50028416.67
8191.HK,HKD,8,22.3152,79004637.0,1051993.2
8193.HK,HKD,4,24.9437,69795700.0,1392598.95
8195.HK,HKD,6,21.1054,96803760.0,16791113.9
8196.HK,CNY,2,8.0196,5100000.0,432631.13
8198.HK,HKD,7,44.9806,322763345.0,108610284.88
8200.HK,HKD,1,19.1763,15119000.0,1068398.2
8201.HK,HKD,2,76.1052,410968031.0,3908799.55
82020.HK,CNY,20,66.1787,1850788966.0,17795705481.43
8203.HK,HKD,4,44.057,257035298.0,7531258.38
8206.HK,HKD,7,54.9922,1042487256.0,6027409.03
8208.HK,SGD,3,54.65,393480000.0,9472670.28
8210.HK,HKD,6,67.85,542800000.0,4050122.02
8213.HK,HKD,2,54.4389,302167066.0,12811750.04
8217.HK,HKD,3,0.7752,2340000.0,78169.38
8218.HK,HKD,6,80.329,535330386.0,10317168.78
8219.HK,HKD,1,51.0,126225000.0,2878361.56
8220.HK,HKD,5,62.3883,112368317.0,74184931.85
8221.HK,HKD,3,63.0251,30000000.0,4047230.55
8222.HK,HKD,2,54.6413,246452000.0,1139940.56
8223.HK,CNY,4,53.1628,274320000.0,17198037.68
8225.HK,CNY,5,70.9784,706485078.0,14760282.95
8226.HK,HKD,1,10.443,43600086.0,533844.55
8227.HK,CNY,5,33.9551,219270000.0,6731985.88
8229.HK,HKD,4,51.0547,283599077.0,19200526.89
82318.HK,CNY,20,33.9183,2526097995.0,16512978086.55
8232.HK,HKD,4,70.4783,39291625.0,12827362.36
82331.HK,CNY,20,44.7982,1157944234.0,2552421524.86
82333.HK,CNY,20,26.0072,600076365.0,860280046.05
8237.HK,HKD,3,68.512,137725600.0,2772162.64
8238.HK,HKD,2,1.1402,3971930.0,99680.27
82388.HK,HKD,20,73.2099,7740319900.0,39406573912.85
8239.HK,HKD,7,37.742,36900000.0,86802467.31
8241.HK,HKD,3,79.7276,288335000.0,4296779.76
8245.HK,HKD,4,25.2431,73089272.0,853688.25
8246.HK,CNY,8,51.6397,305812000.0,31877674.92
8247.HK,CNY,4,57.7764,37142143.0,11589950.72
8249.HK,CNY,3,14.2085,18471000.0,284888.75
8250.HK,HKD,2,47.6959,164173000.0,2636411.48
8257.HK,TWD,8,77.0385,770385000.0,7880995.72
8262.HK,HKD,3,44.1194,407350000.0,2513116.5
8267.HK,CNY,5,48.1176,177790749.0,11502694.95
8268.HK,HKD,4,32.7935,94445000.0,4975196.28
8269.HK,HKD,3,27.0038,240528750.0,9282908.82
8270.HK,CNY,5,75.5932,295153752.0,15445315.9
8271.HK,HKD,3,54.0409,812402223.0,6805179.46
8275.HK,HKD,2,9.5705,91875000.0,1393423.11
8277.HK,HKD,2,57.5373,151020120.0,2580678.18
8279.HK,HKD,5,79.4558,9274357217.0,750996296.29
8280.HK,CNY,6,76.1944,480278000.0,3994969.37
8281.HK,CNY,2,70.05,700500000.0,9003508.98
8282.HK,HKD,2,53.5743,30537379.0,2433476.22
8283.HK,SGD,3,5.0787,17551800.0,1823588.75
8285.HK,CNY,2,75.0,420000000.0,1997352.42
8286.HK,CNY,1,3.5409,3895000.0,47058.6
8290.HK,HKD,1,75.0,1500000000.0,4434276.0
8292.HK,MYR,4,53.996,582250000.0,46888022.6
8293.HK,SGD,1,9.7656,21000000.0,190860.22
8295.HK,CNY,5,75.9908,3629345381.0,18652439.89
8296.HK,CNY,2,38.9777,36833900.0,1538631.85
8297.HK,HKD,3,10.6265,137470000.0,688842.51
8299.HK,HKD,8,57.028,5440944754.0,213853842.55
8300.HK,HKD,1,71.1042,1879540000.0,30965611.33
8305.HK,HKD,5,43.3792,703610000.0,25936850.81
8307.HK,HKD,1,69.2817,274865400.0,4520405.86
8308.HK,CNY,11,92.253,1281212000.0,11212952.26
8309.HK,HKD,4,62.5167,375100000.0,2891650.03
8310.HK,HKD,2,74.967,965575000.0,29412911.14
8311.HK,HKD,2,62.4099,925967151.0,4246636.28
8313.HK,SGD,4,73.974,1479480000.0,3581044.35
8315.HK,HKD,2,74.5656,433555955.0,7185918.12
8316.HK,HKD,2,23.6453,225428000.0,4775519.76
8317.HK,HKD,3,75.9887,759741976.0,6907903.35
8319.HK,HKD,8,71.242,572272952.0,8310568.79
8320.HK,HKD,6,65.3737,479312800.0,6067564.17
8321.HK,HKD,1,29.8285,160000000.0,28997715.36
8326.HK,HKD,3,70.1273,860461515.0,18351732.47
8328.HK,HKD,13,73.5077,577428669.0,47811709.86
8331.HK,CNY,6,79.3667,126283890.0,3795772.74
8333.HK,HKD,1,55.6391,53413500.0,2600529.13
8337.HK,HKD,5,77.1823,189000000.0,3154133.29
8340.HK,HKD,2,12.4923,8327400.0,712234.22
8341.HK,HKD,1,13.25,31800000.0,539516.48
8347.HK,HKD,1,50.1,68897616.0,1079969.3
8348.HK,CNY,5,80.8584,286068800.0,14339656.88
8349.HK,CNY,3,40.65,162600000.0,49714001.88
8350.HK,HKD,3,74.9079,711672000.0,13875177.01
8356.HK,HKD,3,63.2347,47368011.0,2071863.9
8357.HK,SGD,2,61.3534,382845000.0,5095239.53
8360.HK,HKD,3,24.0713,86722800.0,4750602.48
8362.HK,HKD,4,75.0,1050000000.0,7287636.3
8365.HK,HKD,3,64.4603,128114523.0,36300014.16
8366.HK,HKD,1,50.2156,792000000.0,2752371.86
8367.HK,HKD,4,30.7085,25441984.0,730984.76
8368.HK,CNY,10,57.837,334181358.0,9615535.05
83690.HK,CNY,20,26.1937,1465704623.0,15112074108.1
8370.HK,CNY,4,47.6314,74490040.0,55659548.87
8371.HK,HKD,6,68.3238,261423085.0,63377203.23
8372.HK,HKD,3,72.9786,583828001.0,8166251.86
8373.HK,SGD,1,51.29,20516000.0,1698841.99
8375.HK,HKD,3,54.4416,188150000.0,47489493.87
8377.HK,HKD,4,38.3672,188360466.0,2885059.81
8379.HK,HKD,4,64.0981,512785000.0,8549879.33
8385.HK,HKD,1,40.1866,41950000.0,353164.0
8391.HK,HKD,12,57.0815,599137504.0,42662199.42
8392.HK,HKD,2,69.75,697500000.0,3495072.76
8395.HK,HKD,9,42.423,671980000.0,73335022.2
8400.HK,HKD,3,73.9641,739640000.0,3612497.92
8401.HK,HKD,3,7.5,50826000.0,376243.84
8402.HK,SGD,2,23.3344,112007500.0,1943499.92
8403.HK,CNY,6,44.8182,75832500.0,28905869.15
8406.HK,CNY,4,62.8101,1030977722.0,6972287.89
8411.HK,HKD,1,75.0,750000000.0,8772155.25
8412.HK,HKD,6,73.1754,89455261.0,4139690.42
8413.HK,HKD,1,51.8761,602800000.0,7202836.7
8416.HK,HKD,3,71.3655,300745000.0,4706567.46
8417.HK,HKD,3,80.5381,1409740000.0,3260309.93
8418.HK,SGD,5,38.3747,326185400.0,25573961.53
8419.HK,HKD,1,72.5,290000000.0,2733862.48
8420.HK,HKD,2,30.7162,272686500.0,1121546.48
8422.HK,HKD,1,2.4997,8999000.0,121417.47
8423.HK,HKD,2,71.8175,574540000.0,3533365.84
8425.HK,HKD,2,65.9926,248132000.0,2199780.0
8426.HK,HKD,2,74.9562,599649500.0,29287663.52
8427.HK,MYR,4,53.392,8845782.0,30060855.75
8428.HK,HKD,3,51.3166,57460000.0,4987847.25
8429.HK,HKD,4,75.5469,362625000.0,1709253.25
8430.HK,SGD,1,6.2767,10471750.0,153413.66
8431.HK,HKD,7,54.0466,127854550.0,17128385.06
8432.HK,HKD,5,55.0168,483742738.0,2303744.48
8436.HK,HKD,1,75.0,300000000.0,7981697.4
8437.HK,SGD,3,26.2529,17484400.0,356383.56
8439.HK,HKD,6,64.0953,97099112.0,15603821.28
8445.HK,HKD,4,58.2821,161080000.0,3207899.18
8446.HK,HKD,6,51.8244,583079470.0,16669260.23
8447.HK,HKD,2,75.0,750000000.0,3854505.0
8448.HK,HKD,4,65.5776,65446466.0,10435236.84
8450.HK,HKD,3,65.2,652000000.0,19309640.48
8451.HK,SGD,1,69.0,552000000.0,4015775.16
8452.HK,CNY,2,20.8438,18726000.0,697985.94
8455.HK,HKD,3,50.6302,486050000.0,3122470.25
8456.HK,HKD,1,0.0378,50000.0,3340.57
8460.HK,HKD,8,28.8339,76585000.0,18638255.28
8462.HK,SGD,2,48.2892,289735000.0,3090884.0
8471.HK,CNY,3,18.8398,13858500.0,1391218.51
8472.HK,HKD,4,29.7052,34220500.0,2474588.22
8473.HK,HKD,3,74.4223,833530000.0,15101151.36
8475.HK,HKD,7,36.8244,25099620.0,701666.6
8480.HK,MYR,5,80.0087,738737600.0,13007248.31
8481.HK,CNY,2,79.7591,323160000.0,17829730.8
8482.HK,HKD,4,35.3932,63597200.0,1110712.82
8483.HK,HKD,3,75.0001,600000000.0,9177024.0
8487.HK,CNY,6,26.5882,278280000.0,1701378.71
8489.HK,HKD,3,74.876,230300000.0,7936210.08
8490.HK,HKD,4,74.5642,526050000.0,12061691.48
8491.HK,SGD,5,33.8028,134740000.0,10470642.18
8493.HK,HKD,2,28.5715,82944000.0,554653.7
8495.HK,HKD,3,71.7641,275574000.0,6310895.02
8496.HK,SGD,1,49.5351,131850000.0,949012.26
8500.HK,CNY,6,56.1845,242717000.0,15305669.7
8501.HK,HKD,2,75.0,150000000.0,7709010.6
8502.HK,CNY,1,75.0,600000000.0,23900696.4
8507.HK,HKD,2,59.3915,475132000.0,37585240.36
8509.HK,HKD,1,70.0,280000000.0,25182767.68
8510.HK,HKD,4,67.5739,161419520.0,3630761.81
8511.HK,HKD,1,9.8454,3061545.0,343774.35
8512.HK,HKD,1,70.0599,643500000.0,27707479.37
8513.HK,SGD,3,18.0996,14813800.0,2528789.57
8516.HK,HKD,6,34.1899,19675743.0,3004856.07
8519.HK,HKD,1,75.0,108729375.0,7701283.36
8521.HK,HKD,6,60.2623,385075000.0,61372055.14
8525.HK,CNY,5,70.5292,190429092.0,20804432.76
8526.HK,HKD,1,51.1941,83062500.0,1782892.37
8527.HK,SGD,2,46.644,233220000.0,5201620.92
8529.HK,HKD,5,73.6926,378835000.0,9649991.77
8532.HK,HKD,2,30.8691,26200000.0,211479.82
8535.HK,HKD,3,75.0,900000000.0,17460909.01
8536.HK,CNY,3,42.3508,89997500.0,2845569.58
8537.HK,HKD,2,46.1111,166000000.0,4692458.96
8540.HK,HKD,5,57.3681,122117840.0,69762039.32
8545.HK,HKD,2,24.6144,293480000.0,1510379.3
8547.HK,HKD,3,20.774,184210000.0,2580970.27
8549.HK,HKD,2,75.0,300000000.0,19692893.7
8601.HK,HKD,3,79.9775,639820000.0,20468710.59
8603.HK,HKD,1,56.9286,466200000.0,366529080.56
8606.HK,HKD,3,46.1708,667560000.0,5577085.97
8610.HK,MYR,4,85.7248,428624000.0,36244950.79
8611.HK,MYR,6,52.6538,273800000.0,25485355.74
8612.HK,HKD,2,1.9351,8025500.0,86902.53
8613.HK,HKD,5,55.6672,1073106667.0,7774341.95
8616.HK,HKD,1,75.0,750000000.0,4529043.75
8619.HK,HKD,3,33.4724,145148243.0,1343706.15
8620.HK,HKD,4,56.0358,352300000.0,6176696.93
8621.HK,CNY,1,62.5,600000000.0,1927946.4
8622.HK,CNY,7,51.8934,267496000.0,14955819.06
8623.HK,CNY,4,36.77,68824500.0,1857659.08
8627.HK,CNY,2,62.625,501000000.0,5344652.47
8629.HK,CNY,8,70.7043,7197000.0,8732269.95
8631.HK,HKD,2,58.3667,28016000.0,3410019.21
8635.HK,HKD,5,39.9183,191608000.0,12873635.26
8637.HK,SGD,11,66.4509,99611183.0,40598282.89
8645.HK,HKD,1,55.0379,416364000.0,33714550.7
8646.HK,CNY,2,53.5767,419500000.0,13221449.46
8657.HK,HKD,9,90.8634,554433902.0,23906476.51
8659.HK,CNY,4,27.9548,230161036.0,3777624.99
86618.HK,CNY,20,80.7315,2574962394.0,12914430789.09
8668.HK,HKD,1,75.0,900000000.0,8255092.5
89618.HK,CNY,20,20.7934,519107105.0,6915088743.71
89888.HK,CNY,20,24.4132,536602769.0,7853570406.66
89988.HK,CNY,20,21.8458,4189209701.0,57795122319.44
9600.HK,CNY,6,61.4336,613024000.0,13551691.58
9606.HK,CNY,20,54.6869,49515800.0,1513635122.68
9608.HK,CNY,3,75.1872,2887190000.0,79984915.85
9609.HK,CNY,14,69.9606,46337738.0,64156119.92
9611.HK,CNY,7,31.1793,16294013.0,61746933.49
9616.HK,CNY,15,83.0384,536610776.0,165220114.24
9618.HK,CNY,20,20.7934,519107105.0,6915088743.71
9626.HK,CNY,20,48.4521,164158676.0,3118022933.94
9630.HK,,20,59.1212,8728900.0,517056191.96
9633.HK,CNY,20,69.7315,3510738258.0,18583246939.8
9636.HK,CNY,20,79.9593,370882635.0,2269500551.13
9637.HK,CNY,20,74.1087,168317221.0,933475022.39
9638.HK,EUR,20,74.6269,252599471.0,950007948.23
9639.HK,HKD,4,79.7935,797935000.0,44815005.91
9658.HK,USD,20,70.9184,461182806.0,749818590.44
9660.HK,CNY,20,44.3766,5528854651.0,4956767673.8
9663.HK,CNY,18,56.9409,219711973.0,338593504.31
9668.HK,CNY,20,60.3422,3741555060.0,425654370.44
9669.HK,CNY,20,67.4612,490061545.0,413299350.56
9676.HK,CNY,20,77.0064,813766569.0,775652587.89
9677.HK,CNY,11,96.9048,1122991000.0,415887036.52
9678.HK,CNY,20,89.8736,40541921.0,896354352.41
9680.HK,CNY,6,62.5163,127604465.0,151206597.77
9686.HK,CNY,9,85.0219,715780305.0,82965897.86
9688.HK,USD,20,34.8002,395964951.0,717212037.43
9689.HK,CNY,2,51.6312,480170000.0,25303990.8
9690.HK,CNY,20,64.9286,493861243.0,979419210.7
9696.HK,CNY,20,30.8255,72793481.0,468898926.53
9698.HK,CNY,20,35.3676,568511269.0,2642958426.84
9699.HK,CNY,20,70.0702,520263996.0,648178842.73
9857.HK,CNY,10,78.4276,283875220.0,101976041.61
9858.HK,CNY,20,74.5452,3347997592.0,1307682920.82
9860.HK,CNY,20,66.7818,484596723.0,268195654.01
9863.HK,CNY,20,55.7744,630835151.0,3384940782.97
9866.HK,CNY,20,29.0562,675777993.0,3644902054.49
9868.HK,CNY,20,26.9389,422251431.0,3437196257.83
9869.HK,CNY,20,59.7986,756451661.0,89168927.56
9876.HK,HKD,1,73.5,205800000.0,72232645.5
9877.HK,CNY,20,59.3202,184074038.0,192329095.79
9878.HK,CNY,20,64.395,340404770.0,333698609.03
9879.HK,CNY,2,74.2756,675121000.0,672278299.58
9880.HK,CNY,20,42.3726,185672296.0,2239203706.23
9881.HK,HKD,14,88.0448,83407494.0,141601052.03
9882.HK,HKD,2,75.1813,601450000.0,47958287.96
9885.HK,CNY,20,50.3911,348599486.0,194267658.19
9886.HK,CNY,17,67.7296,839390329.0,99680312.67
9887.HK,CNY,20,46.9728,92851373.0,593720948.54
9888.HK,CNY,20,24.4132,536602769.0,7853570406.66
9889.HK,CNY,10,50.0548,574674282.0,251081593.28
9890.HK,CNY,20,67.0395,347447370.0,459257666.57
9893.HK,CNY,11,76.9071,2736912520.0,494722610.3
9896.HK,CNY,20,70.2857,870812690.0,2663333177.98
9898.HK,USD,20,42.6478,67267288.0,568760379.05
9899.HK,CNY,20,79.8427,167935150.0,2396322579.02
9900.HK,HKD,11,54.5463,1623292000.0,523779226.93
9901.HK,USD,20,36.7168,629407479.0,3195443160.14
9903.HK,CNY,20,75.9496,197438006.0,9669734801.69
9906.HK,CNY,6,81.0129,486077500.0,119528987.41
9908.HK,CNY,10,87.7023,33190500.0,35051148.44
9909.HK,CNY,6,68.7542,442021000.0,137004468.12
9911.HK,CNY,20,66.3675,931137342.0,1132108532.14
9913.HK,HKD,6,75.3096,753096000.0,241087560.72
9916.HK,CNY,3,57.1325,228530000.0,9399328.99
9918.HK,HKD,3,75.0,75000000.0,9928923.07
9919.HK,CNY,14,78.2493,582755903.0,78849530.46
9922.HK,CNY,20,50.192,671359929.0,121694342.01
9923.HK,CNY,20,57.9824,267006497.0,201043242.83
9926.HK,CNY,20,43.5456,401118299.0,5304051795.33
9927.HK,CNY,20,19.3593,21027845.0,273989217.22
9928.HK,CNY,8,55.7421,549435495.0,31324080.82
9929.HK,HKD,6,73.041,1460820000.0,236354672.47
9930.HK,CNY,20,51.5099,1646900759.0,223571824.09
9933.HK,CNY,12,71.7472,724288250.0,166865814.97
9936.HK,CNY,7,64.2102,265894000.0,760140917.08
9938.HK,HKD,1,75.0,750000000.0,8871403.5
9939.HK,CNY,8,26.8936,134107510.0,32698739.05
9955.HK,CNY,15,23.8414,153947935.0,22506537.41
9958.HK,CNY,5,26.5326,132662851.0,3439479.04
9959.HK,CNY,20,50.1692,946341488.0,220860624.74
9960.HK,CNY,14,56.6178,584820991.0,81811317.22
9961.HK,CNY,20,26.6089,173826961.0,9073396341.92
9963.HK,HKD,1,56.1405,195000000.0,179291480.16
9966.HK,CNY,20,53.5972,519123702.0,388456711.95
9968.HK,CNY,4,75.7897,3981990000.0,7690903.09
9969.HK,CNY,20,49.365,737414223.0,1227780853.59
9971.HK,,20,76.8883,221080725.0,1093156937.61
9973.HK,CNY,20,68.7032,1617799696.0,6153738688.42
9978.HK,CNY,6,62.719,250876000.0,1979512.55
9979.HK,CNY,20,76.9012,1538020918.0,541319530.15
9980.HK,CNY,20,54.4133,31659082.0,651414423.96
9981.HK,CNY,20,41.5524,58168867.0,139509404.74
9982.HK,CNY,10,39.7611,1537016226.0,21292111.14
9983.HK,CNY,11,75.7807,984496593.0,67051173.51
9985.HK,CNY,20,82.5216,2005553928.0,2881470280.36
9986.HK,CNY,5,62.487,562382800.0,135891889.2
9987.HK,USD,20,41.8579,146146413.0,7074081533.24
9988.HK,CNY,20,21.8458,4189209701.0,57795122319.44
9989.HK,CNY,20,20.9539,46118442.0,24175140.2
9990.HK,CNY,18,71.5103,572340322.0,132613460.37
9991.HK,CNY,16,27.181,43794554.0,38561086.36
9992.HK,CNY,20,66.0966,880258992.0,19199409324.55
9993.HK,CNY,19,84.274,3409075000.0,1279724764.46
9995.HK,CNY,20,35.0719,73153764.0,732069925.34
9996.HK,CNY,20,43.3519,292511422.0,180011426.96
9997.HK,CNY,20,17.9431,216750992.0,175024997.99
9998.HK,SGD,1,75.0,600000000.0,14675719.8
9999.HK,CNY,20,58.8829,1884987932.0,48552709933.91
